quality,index,id,baseline,height,pixels,delta
estimated,3,35115152,12.0,10.8,4,-1.2
estimated,5,39514795,22.7,8.5,640,-14.2
estimated,8,39598464,25.3,11.3,53,-14.0
estimated,10,39598469,25.3,24.3,312,-1.0
estimated,12,39598471,23.35,9.5,185,-13.9
estimated,13,39598473,24.65,15.4,51,-9.2
estimated,16,39598490,22.7,20.2,100,-2.5
estimated,18,39598492,17.0,6.9,34,-10.1
estimated,19,39598493,24.65,24.8,194,0.2
estimated,20,39598494,25.3,18.7,65,-6.6
estimated,23,39598512,17.0,26.5,17,9.5
estimated,26,39622167,12.0,9.7,5,-2.3
estimated,27,39622168,12.65,5.2,9,-7.4
estimated,29,39622174,18.3,12.4,14,-5.9
estimated,32,39622178,12.65,10.7,8,-2.0
estimated,33,39622179,13.3,11.8,4,-1.5
estimated,34,39622180,10.7,7.6,7,-3.1
estimated,35,39622181,11.35,11.7,7,0.3
estimated,38,39622186,11.35,7.2,7,-4.1
estimated,41,39622196,16.35,18.0,32,1.6
estimated,42,39622198,17.65,24.0,18,6.3
estimated,44,39622206,11.35,9.4,5,-2.0
estimated,45,39622207,12.0,16.0,10,4.0
estimated,46,39622208,12.65,12.5,4,-0.1
estimated,47,39622209,13.3,15.3,4,2.0
estimated,49,39622212,12.0,17.5,7,5.5
estimated,50,39622222,12.0,14.0,9,2.0
estimated,51,39622223,12.65,11.6,7,-1.1
estimated,53,39622225,15.7,21.4,12,5.7
estimated,54,39622237,17.0,14.0,10,-3.0
estimated,57,39622244,13.3,10.9,5,-2.4
estimated,58,39622248,12.65,13.7,4,1.1
estimated,59,39622253,24.65,18.7,66,-6.0
estimated,60,39622255,10.7,12.9,6,2.2
estimated,61,39622264,18.3,19.6,25,1.3
estimated,62,39622267,12.0,12.1,5,0.1
estimated,64,39622274,13.3,9.5,5,-3.8
estimated,66,39622283,17.65,18.0,28,0.3
estimated,69,39622304,25.3,22.5,54,-2.8
estimated,70,39622305,10.7,11.0,4,0.3
estimated,71,39622314,13.3,8.1,7,-5.2
estimated,72,39622317,12.0,7.2,8,-4.8
estimated,75,39622323,12.65,11.5,5,-1.2
estimated,78,39622343,12.65,9.4,4,-3.2
estimated,79,39622360,10.7,9.0,8,-1.7
estimated,81,39622371,11.35,13.7,5,2.3
estimated,83,39622378,17.65,16.8,11,-0.8
estimated,84,39622379,13.3,21.4,5,8.1
estimated,85,39622385,10.7,15.5,5,4.8
estimated,87,39622390,15.7,16.5,28,0.8
estimated,88,39622391,16.35,17.4,20,1.0
estimated,89,39622392,12.0,14.9,10,2.9
estimated,90,39622393,17.65,20.0,21,2.4
estimated,91,39622394,18.3,14.9,27,-3.4
estimated,92,39622398,12.65,15.5,5,2.8
estimated,93,39622401,16.35,18.7,22,2.4
estimated,97,39622405,22.7,40.8,33,18.1
estimated,98,39622406,11.35,8.3,6,-3.0
estimated,100,39622411,11.35,13.7,4,2.4
estimated,102,39622414,18.3,25.5,13,7.2
estimated,105,39622420,10.7,13.3,6,2.6
estimated,106,39622422,17.0,9.3,11,-7.7
estimated,110,39622434,13.3,7.9,6,-5.4
estimated,111,39622439,8.8,8.7,5,-0.1
estimated,112,39622443,12.65,12.9,8,0.2
estimated,114,39622449,13.3,12.8,4,-0.5
estimated,115,39622450,10.7,7.1,5,-3.6
estimated,119,39622465,15.7,17.6,21,1.9
estimated,120,39622466,16.35,13.7,19,-2.6
estimated,122,39622471,11.35,8.8,6,-2.6
estimated,123,39622472,12.0,12.4,4,0.4
estimated,125,39622491,11.35,12.5,9,1.1
estimated,127,39622497,24.0,53.3,72,29.3
estimated,128,39622499,25.3,14.3,65,-11.0
estimated,129,39622500,10.7,4.7,4,-6.0
estimated,130,39622503,12.65,9.4,4,-3.2
estimated,131,39622505,15.7,14.3,22,-1.4
estimated,133,39622511,11.35,10.7,4,-0.7
estimated,134,39622513,17.65,23.9,11,6.3
estimated,135,39622521,11.35,16.6,5,5.3
estimated,136,39622522,17.0,28.4,28,11.4
estimated,138,39622524,18.3,14.7,10,-3.6
estimated,140,39622530,10.7,16.7,5,6.0
estimated,141,39622533,24.65,24.6,62,-0.1
estimated,142,57889614,25.3,14.5,141,-10.8
estimated,144,60118189,25.3,9.1,62,-16.2
estimated,145,60118190,15.7,6.5,28,-9.2
estimated,149,79345731,23.35,9.6,265,-13.7
estimated,150,112176431,23.35,15.0,143,-8.4
estimated,151,136495081,16.35,21.8,19,5.5
estimated,152,136495084,25.3,53.9,79,28.6
estimated,153,136495869,25.3,12.7,79,-12.6
estimated,154,136499573,17.65,8.0,16,-9.6
estimated,155,136505818,24.65,84.8,91,60.2
estimated,156,136505819,25.3,78.9,92,53.6
estimated,160,155103522,24.0,46.9,39,22.9
estimated,161,155103527,17.0,11.1,21,-5.9
estimated,163,155103538,17.65,8.8,17,-8.8
estimated,164,165377269,25.3,26.7,245,1.4
estimated,166,165395837,24.0,9.5,121,-14.5
estimated,167,165395843,24.65,19.5,46,-5.1
estimated,169,165395845,22.7,7.6,36,-15.1
estimated,170,165400089,25.3,69.3,72,44.0
estimated,172,165420597,24.0,30.2,79,6.2
estimated,174,165420604,25.3,9.6,59,-15.7
estimated,176,165479611,16.35,8.6,21,-7.8
estimated,177,165479612,24.0,13.6,52,-10.4
estimated,180,165479624,18.3,13.4,13,-4.9
estimated,182,165479634,18.3,23.4,11,5.1
estimated,185,165491089,18.3,10.2,31,-8.1
estimated,187,165518950,15.7,9.1,22,-6.6
estimated,190,165518954,25.3,12.7,48,-12.6
estimated,191,165518956,23.35,10.7,35,-12.7
estimated,192,165518958,24.65,5.4,77,-19.3
estimated,193,165518959,18.3,42.7,13,24.4
estimated,194,165518961,16.35,11.7,14,-4.7
estimated,196,165567722,24.0,10.9,71,-13.1
estimated,197,165567723,24.65,11.8,66,-12.9
estimated,201,165567741,16.35,4.7,22,-11.7
estimated,206,165567752,17.0,7.2,13,-9.8
estimated,207,165582254,18.3,15.0,15,-3.3
estimated,208,165582261,16.35,18.6,11,2.3
estimated,210,165582265,15.7,20.0,23,4.3
estimated,211,165582270,15.7,13.5,42,-2.2
estimated,212,165582272,17.0,15.9,34,-1.1
estimated,213,165627078,24.65,44.5,37,19.8
estimated,214,165627079,25.3,55.3,82,30.0
estimated,215,165790760,22.7,32.1,64,9.4
estimated,216,165790762,24.0,12.6,53,-11.4
estimated,218,165887821,23.35,73.8,58,50.5
estimated,219,165887824,18.3,6.5,16,-11.8
estimated,221,165887836,23.35,13.7,61,-9.6
estimated,222,165887838,24.65,8.1,36,-16.6
estimated,223,165887841,23.35,11.8,42,-11.5
estimated,227,166142071,16.35,6.5,26,-9.9
estimated,228,166142074,25.3,9.5,437,-15.8
estimated,229,166142082,24.0,12.3,43,-11.7
estimated,230,166142083,17.65,16.3,38,-1.4
estimated,231,166142092,24.0,30.4,48,6.4
estimated,233,166264563,17.65,6.4,19,-11.2
estimated,234,166264576,23.35,49.7,47,26.3
estimated,235,166264577,24.0,10.0,43,-14.0
estimated,236,166344426,23.35,15.1,115,-8.3
estimated,237,166344427,24.0,14.8,43,-9.2
estimated,238,166344430,22.7,14.4,58,-8.3
estimated,239,166344435,22.7,17.5,89,-5.2
estimated,240,166344436,23.35,12.0,106,-11.3
estimated,241,166344439,18.3,12.3,33,-6.0
estimated,242,166435536,23.35,5.3,39,-18.0
estimated,244,166499244,25.3,17.1,181,-8.2
estimated,245,166499255,15.7,9.3,28,-6.4
estimated,247,166499265,22.7,10.3,96,-12.4
estimated,248,166499266,16.35,6.0,23,-10.4
estimated,249,166499268,17.65,8.0,22,-9.7
estimated,250,166499270,15.7,9.5,32,-6.2
estimated,251,166499271,23.35,12.2,105,-11.1
estimated,252,166552359,25.3,20.7,84,-4.6
estimated,255,166552368,17.65,8.9,27,-8.7
estimated,256,166552371,23.35,24.2,78,0.9
estimated,257,166552374,25.3,9.5,41,-15.8
estimated,258,166552376,23.35,10.0,52,-13.3
estimated,259,166552378,24.65,7.7,74,-17.0
estimated,262,166552381,23.35,10.1,50,-13.2
estimated,263,166552383,24.65,13.5,92,-11.1
estimated,265,186249223,24.65,10.3,72,-14.4
estimated,267,186252166,16.35,22.6,10,6.3
estimated,269,186274981,23.35,13.7,64,-9.7
estimated,272,186274989,25.3,23.5,58,-1.8
estimated,273,186274991,16.35,9.6,16,-6.7
estimated,276,186275000,22.7,7.8,35,-14.9
estimated,278,186276885,15.7,7.5,27,-8.2
estimated,279,186276889,25.3,12.0,43,-13.3
estimated,284,186545017,24.0,13.0,69,-11.0
estimated,286,187895150,22.7,21.1,46,-1.6
estimated,287,187895151,23.35,21.4,36,-2.0
estimated,288,187895152,24.0,73.2,39,49.2
estimated,291,187895168,24.65,25.1,36,0.4
estimated,292,187895170,15.7,9.4,18,-6.3
estimated,294,187895175,22.7,38.9,35,16.2
estimated,295,187895183,24.65,31.1,41,6.5
estimated,296,187895186,23.35,13.4,60,-10.0
estimated,298,187895197,17.0,13.6,28,-3.4
estimated,299,187949829,25.3,4.5,91,-20.8
estimated,301,187949831,16.35,24.8,24,8.4
estimated,302,187949832,17.0,12.8,41,-4.2
estimated,304,187949835,22.7,6.8,64,-15.9
estimated,305,187949836,23.35,6.9,104,-16.5
estimated,306,187949837,24.0,4.9,106,-19.1
estimated,307,187949838,24.65,12.5,43,-12.1
estimated,309,187949842,17.0,5.9,20,-11.1
estimated,310,187949849,25.3,7.4,48,-17.9
estimated,311,187949851,16.35,7.6,31,-8.7
estimated,312,187949852,17.0,12.2,36,-4.8
estimated,313,188114087,24.0,8.1,61,-15.9
estimated,314,188114096,23.35,18.6,92,-4.8
estimated,315,188114098,24.65,8.4,53,-16.3
estimated,316,188114105,22.7,35.3,46,12.6
estimated,318,188114208,17.65,9.0,16,-8.6
estimated,319,188114224,18.3,6.0,7,-12.3
estimated,320,188114247,24.0,5.8,42,-18.2
estimated,321,188114255,15.7,8.1,34,-7.6
estimated,322,188114265,15.7,5.2,14,-10.5
estimated,324,189165786,11.35,15.9,6,4.6
estimated,326,189193714,18.3,29.9,16,11.6
estimated,328,189193719,25.3,41.6,52,16.3
estimated,329,189196735,15.7,10.8,9,-4.9
estimated,332,192512315,15.7,4.7,19,-11.0
estimated,337,192512388,24.65,11.7,77,-12.9
estimated,338,192512401,23.35,7.1,45,-16.3
estimated,348,193142022,24.0,34.4,35,10.4
estimated,350,193142031,16.35,6.2,30,-10.1
estimated,351,193142034,25.3,27.2,56,1.9
estimated,353,193142042,24.0,56.6,42,32.6
estimated,354,193142046,23.35,77.9,65,54.6
estimated,356,193268178,17.65,7.6,11,-10.1
estimated,357,193268179,18.3,53.6,26,35.3
estimated,358,193268182,24.0,5.4,43,-18.6
estimated,359,193268184,25.3,22.9,84,-2.4
estimated,360,193268186,16.35,34.1,15,17.7
estimated,361,193268190,22.7,55.3,42,32.6
estimated,365,193427280,22.7,48.7,57,26.0
estimated,366,193427292,24.0,74.9,88,50.9
estimated,368,193824715,15.7,7.0,23,-8.7
estimated,369,193824716,11.35,10.1,8,-1.3
estimated,370,193824719,25.3,11.5,46,-13.8
estimated,371,193824722,24.0,22.6,41,-1.4
estimated,372,193824724,18.3,17.1,28,-1.2
estimated,375,193940330,22.7,85.5,107,62.8
estimated,376,198123901,23.35,14.8,56,-8.5
estimated,377,198123902,24.0,10.5,40,-13.5
estimated,378,198123903,24.65,13.2,43,-11.4
estimated,380,198123909,25.3,20.1,131,-5.2
estimated,381,198123910,22.7,9.5,54,-13.2
estimated,382,198123911,16.35,13.8,44,-2.5
estimated,383,198123914,25.3,16.6,53,-8.7
estimated,384,198265258,17.65,37.2,9,19.5
estimated,385,198265261,16.35,13.5,8,-2.9
estimated,386,198265264,18.3,6.7,27,-11.6
estimated,389,198265280,15.7,34.7,15,19.0
estimated,390,205311564,25.3,56.7,32,31.4
estimated,391,205311565,15.7,8.8,16,-6.9
estimated,392,205798432,17.0,7.6,19,-9.4
estimated,393,205798433,17.65,8.3,23,-9.4
estimated,394,205798434,25.3,7.8,203,-17.5
estimated,395,205798435,22.7,7.1,102,-15.6
estimated,396,205798436,23.35,15.4,2753,-7.9
estimated,398,206345036,23.35,9.0,36,-14.4
estimated,399,206345037,17.0,13.2,17,-3.8
estimated,400,206677409,25.3,10.0,92,-15.3
estimated,401,220559660,15.7,8.5,30,-7.2
estimated,402,220686186,23.35,12.3,64,-11.0
estimated,403,221286932,24.0,7.2,78,-16.8
estimated,404,230802597,17.0,26.8,11,9.8
estimated,405,256678152,24.0,8.3,63,-15.7
estimated,407,258273816,16.35,6.4,22,-10.0
estimated,409,258866011,23.35,8.4,118,-15.0
estimated,414,262169461,16.35,46.5,27,30.1
estimated,415,262966604,25.3,77.3,44,52.0
estimated,417,262966606,16.35,35.5,28,19.2
estimated,418,262966607,17.0,8.1,18,-8.9
estimated,419,262966608,17.65,11.6,17,-6.1
estimated,420,262966611,23.35,21.2,52,-2.1
estimated,421,262966612,17.0,69.3,29,52.3
estimated,423,262966615,15.7,8.6,15,-7.1
estimated,424,262966616,23.35,34.7,38,11.3
estimated,426,263170657,17.0,11.3,20,-5.7
estimated,427,263170658,12.65,10.2,6,-2.4
estimated,428,263170665,22.7,8.6,31,-14.1
estimated,430,263170676,23.35,17.2,68,-6.2
estimated,431,263170677,24.0,14.0,57,-10.0
estimated,432,263170678,17.65,8.9,13,-8.8
estimated,433,263170680,15.7,13.9,27,-1.8
estimated,434,263170681,23.35,15.0,78,-8.3
estimated,435,263170682,17.0,7.4,21,-9.6
estimated,436,263170683,17.65,8.6,28,-9.1
estimated,437,263170684,18.3,13.4,41,-4.9
estimated,438,263307601,23.35,43.8,64,20.4
estimated,439,263307602,17.0,37.0,32,20.0
estimated,440,263307603,17.65,45.1,33,27.4
estimated,441,263311724,25.3,9.7,47,-15.6
estimated,443,263311730,22.7,13.1,41,-9.6
estimated,445,263311733,24.65,5.7,51,-18.9
estimated,446,263311734,18.3,4.4,12,-13.9
estimated,448,263311738,24.65,13.7,56,-11.0
estimated,449,263311746,23.35,13.5,46,-9.8
estimated,450,263311747,24.0,19.6,49,-4.4
estimated,451,263311748,17.65,27.4,27,9.7
estimated,452,263313892,24.0,36.8,75,12.8
estimated,457,263445266,23.35,13.9,39,-9.5
estimated,458,263453589,18.3,22.1,13,3.8
estimated,459,263453590,22.7,36.7,133,14.0
estimated,460,263453591,16.35,17.5,35,1.2
estimated,461,263502844,13.3,5.9,4,-7.4
estimated,464,263502849,25.3,16.1,39,-9.2
estimated,465,263502866,23.35,27.4,60,4.1
estimated,467,263502870,15.7,8.4,13,-7.3
estimated,468,263502872,24.0,18.1,98,-5.9
estimated,471,263502876,16.35,81.4,20,65.1
estimated,472,263505858,17.65,10.6,13,-7.1
estimated,473,263506126,23.35,20.0,70,-3.4
estimated,475,263506611,23.35,21.2,61,-2.1
estimated,477,263506617,17.0,47.3,29,30.3
estimated,478,263506623,17.65,9.9,37,-7.8
estimated,479,263506630,22.7,17.6,30,-5.1
estimated,480,263506639,18.3,6.9,33,-11.4
estimated,481,263506644,25.3,38.4,168,13.1
estimated,482,263506645,15.7,11.8,20,-3.9
estimated,483,263602752,24.0,12.7,52,-11.3
estimated,484,263602754,18.3,7.6,21,-10.7
estimated,485,263602755,22.7,50.8,41,28.1
estimated,486,263602757,17.0,7.3,10,-9.7
estimated,487,263602758,17.65,10.7,17,-6.9
estimated,488,263602759,18.3,6.7,11,-11.6
estimated,492,263640380,22.7,30.5,94,7.8
estimated,493,263640381,16.35,55.0,23,38.6
estimated,495,263640383,17.65,32.6,31,15.0
estimated,496,263640384,18.3,21.6,23,3.3
estimated,497,263640385,15.7,21.4,18,5.7
estimated,498,263640386,16.35,23.9,22,7.6
estimated,499,263640387,24.0,30.8,64,6.8
estimated,501,264548275,22.7,28.3,72,5.6
estimated,502,282215535,15.7,60.3,21,44.6
estimated,503,285738020,15.7,25.9,26,10.2
estimated,504,285863110,22.7,10.9,152,-11.8
estimated,506,287478465,22.7,33.7,118,11.0
estimated,507,289041911,23.35,7.3,38,-16.1
estimated,509,289041924,25.3,7.5,94,-17.8
estimated,510,289041927,17.0,8.0,27,-9.0
estimated,511,289041930,22.7,7.4,61,-15.3
estimated,512,289041936,16.35,6.4,20,-10.0
estimated,516,289041945,10.7,10.0,10,-0.7
estimated,517,289041948,17.65,11.1,43,-6.6
estimated,521,289041957,17.0,10.6,28,-6.4
estimated,522,289041959,18.3,5.9,8,-12.4
estimated,523,289041961,16.35,9.6,19,-6.8
estimated,524,289041965,15.7,9.9,41,-5.8
estimated,525,289041968,17.65,10.7,36,-7.0
estimated,526,289041970,15.7,32.7,20,17.0
estimated,528,289041975,22.7,9.3,30,-13.4
estimated,529,289041978,17.65,16.1,18,-1.6
estimated,530,289041980,15.7,8.0,33,-7.7
estimated,531,289041983,12.65,5.5,4,-7.1
estimated,532,289041985,15.7,43.9,22,28.2
estimated,533,289041986,16.35,12.7,35,-3.6
estimated,534,289041988,12.65,15.0,5,2.4
estimated,537,289041996,11.35,8.2,9,-3.2
estimated,538,289041997,24.0,9.0,61,-15.0
estimated,540,289042001,16.35,8.1,19,-8.3
estimated,541,289042006,16.35,16.7,27,0.3
estimated,543,289042011,16.35,10.0,18,-6.4
estimated,544,289042014,18.3,10.5,11,-7.8
estimated,545,289042018,24.65,13.9,126,-10.8
estimated,546,289042021,16.35,14.8,17,-1.6
estimated,547,289042024,18.3,18.4,20,0.1
estimated,549,289042030,15.7,9.2,29,-6.5
estimated,550,289042033,24.65,5.5,60,-19.2
estimated,552,289042040,10.7,10.5,5,-0.2
estimated,553,289042043,17.65,9.2,30,-8.5
estimated,554,289042048,24.65,10.7,41,-13.9
estimated,555,289042050,15.7,8.8,27,-6.9
estimated,556,289734321,16.35,56.5,14,40.2
estimated,557,289777843,17.65,24.8,10,7.2
estimated,558,289777844,18.3,23.0,22,4.7
estimated,562,289968643,17.65,11.9,15,-5.7
estimated,563,290222664,25.3,10.5,34,-14.8
estimated,564,290222666,11.35,9.0,10,-2.4
estimated,566,290409209,25.3,14.4,151,-10.9
estimated,568,292072953,24.65,11.5,43,-13.1
estimated,570,292074914,18.3,15.4,11,-2.9
estimated,571,292074915,22.7,8.2,66,-14.5
estimated,572,292074917,24.0,9.0,53,-15.0
estimated,573,292075521,23.35,7.0,184,-16.4
estimated,574,292076575,22.7,78.3,32,55.6
estimated,575,292987402,24.0,10.3,46,-13.7
estimated,576,293824484,18.3,10.1,30,-8.2
estimated,577,293824485,22.7,10.8,101,-11.9
estimated,578,293824486,23.35,9.5,58,-13.8
estimated,580,293824488,17.65,9.5,25,-8.1
estimated,581,293824489,18.3,23.5,25,5.2
estimated,582,302293098,24.65,26.5,42,1.8
estimated,583,302293099,18.3,11.6,23,-6.7
estimated,584,302293100,22.7,22.8,73,0.1
estimated,585,302293101,16.35,9.3,24,-7.0
estimated,586,302293102,24.0,20.7,85,-3.3
estimated,590,302293109,18.3,11.2,12,-7.1
estimated,591,302293110,15.7,16.9,14,1.2
estimated,593,302293114,25.3,26.3,77,1.0
estimated,594,302293116,23.35,13.9,55,-9.5
estimated,596,304558494,13.3,5.4,10,-7.9
estimated,597,304558498,17.65,6.7,14,-10.9
estimated,599,304558501,16.35,5.9,13,-10.4
estimated,600,304558502,17.0,6.8,13,-10.2
estimated,601,304558504,18.3,5.7,12,-12.6
estimated,602,304558506,16.35,5.3,14,-11.0
estimated,604,304558517,17.0,8.4,23,-8.6
estimated,605,304558518,17.65,6.2,17,-11.5
estimated,606,304558520,15.7,5.6,17,-10.1
estimated,607,304558524,18.3,5.6,17,-12.7
estimated,608,304558530,15.7,6.0,11,-9.7
estimated,609,304558532,17.0,5.5,15,-11.5
estimated,610,304558540,10.7,6.3,11,-4.4
estimated,611,304558541,11.35,4.8,9,-6.6
estimated,612,304558551,23.35,15.5,43,-7.8
estimated,613,304558566,23.35,17.2,44,-6.2
estimated,614,304558570,15.7,6.1,12,-9.6
estimated,615,304558592,12.0,6.5,9,-5.5
estimated,616,304558599,18.3,6.5,12,-11.8
estimated,617,304558607,12.0,6.2,8,-5.8
estimated,618,304558609,13.3,5.2,4,-8.1
estimated,619,304558611,23.35,14.3,43,-9.1
estimated,620,304558625,15.7,6.2,15,-9.5
estimated,621,304558643,17.65,6.0,17,-11.7
estimated,622,304558666,16.35,5.1,13,-11.3
estimated,623,304558670,10.7,6.0,9,-4.7
estimated,625,304558675,15.7,6.2,14,-9.5
estimated,626,304558677,12.0,5.0,9,-7.0
estimated,627,304558682,12.0,5.6,11,-6.4
estimated,628,304558683,17.65,6.1,16,-11.5
estimated,629,304558684,18.3,5.7,13,-12.6
estimated,630,304558685,15.7,4.9,11,-10.8
estimated,631,304558687,17.0,5.7,14,-11.3
estimated,632,304558689,18.3,7.1,16,-11.2
estimated,633,304558690,15.7,5.8,13,-9.9
estimated,634,304558692,17.0,7.1,13,-9.9
estimated,635,304558693,12.65,5.1,9,-7.6
estimated,636,304558695,15.7,6.3,13,-9.4
estimated,637,304558699,13.3,5.1,10,-8.2
estimated,639,304558704,18.3,5.6,15,-12.7
estimated,640,304558706,16.35,5.9,14,-10.4
estimated,641,304558713,17.65,4.8,14,-12.8
estimated,642,304558717,17.0,6.2,14,-10.8
estimated,643,304558719,18.3,5.8,9,-12.5
estimated,644,304558722,17.0,6.6,13,-10.4
estimated,645,304558723,17.65,5.5,14,-12.2
estimated,646,304558725,22.7,68.9,45,46.2
estimated,647,304558730,10.7,5.6,10,-5.1
estimated,648,304558732,17.0,5.1,12,-11.9
estimated,649,304558736,16.35,5.8,12,-10.5
estimated,650,304558738,17.65,6.1,11,-11.5
estimated,651,304558740,15.7,5.4,11,-10.3
estimated,652,304558741,11.35,5.9,12,-5.5
estimated,653,304558744,18.3,5.9,12,-12.4
estimated,654,304558748,17.65,5.0,10,-12.6
estimated,655,304558753,17.65,6.0,11,-11.6
estimated,656,304558760,15.7,7.2,13,-8.5
estimated,657,304558762,17.0,5.8,11,-11.2
estimated,658,304558766,11.35,6.2,11,-5.2
estimated,659,305383982,12.0,5.9,7,-6.1
estimated,660,305383983,12.65,4.0,6,-8.7
estimated,661,305523044,25.3,8.9,182,-16.4
estimated,662,305523045,22.7,8.7,194,-14.0
estimated,664,307358224,18.3,22.8,23,4.5
estimated,667,312265938,17.65,50.2,20,32.5
estimated,669,315021261,16.35,12.1,40,-4.2
estimated,674,326338830,22.7,58.1,68,35.4
estimated,675,326846285,22.7,12.4,33,-10.3
estimated,676,326846290,22.7,22.1,65,-0.6
estimated,677,327090289,18.3,31.6,14,13.3
estimated,678,327969756,23.35,7.4,32,-16.0
estimated,679,327969767,24.0,25.9,54,1.9
estimated,680,327969769,18.3,29.9,23,11.6
estimated,681,327969773,17.65,8.7,14,-9.0
estimated,683,327969777,24.0,14.5,101,-9.5
estimated,685,330261065,22.7,10.8,26,-11.9
estimated,688,339346398,17.65,5.0,12,-12.7
estimated,689,339346722,12.0,6.1,9,-5.9
estimated,690,339346755,15.7,6.1,17,-9.6
estimated,691,339347647,12.0,5.6,8,-6.4
estimated,693,341504329,18.3,4.9,11,-13.4
estimated,694,341504335,15.7,12.2,27,-3.5
estimated,698,343886342,24.0,8.8,51,-15.2
estimated,699,343886343,17.65,9.9,17,-7.8
estimated,700,343887625,22.7,13.8,84,-8.9
estimated,701,358140103,17.65,39.4,28,21.7
estimated,702,358149203,24.65,44.1,150,19.5
estimated,703,358155187,24.0,37.1,117,13.1
estimated,705,359010998,17.65,20.3,17,2.7
estimated,707,365560646,16.35,38.2,34,21.9
estimated,709,366105826,23.35,6.2,41,-17.2
estimated,710,366105827,24.0,47.4,110,23.4
estimated,711,366105831,16.35,9.8,18,-6.6
estimated,712,366105832,17.0,10.4,28,-6.6
estimated,714,372139571,16.35,10.5,23,-5.8
estimated,715,372685238,12.65,5.6,7,-7.0
estimated,716,372685242,17.0,5.2,9,-11.8
estimated,717,372685243,17.65,3.1,8,-14.6
estimated,719,372685245,15.7,6.1,12,-9.6
estimated,722,374046060,10.7,6.2,8,-4.5
estimated,723,377269809,25.3,7.5,66,-17.8
estimated,724,377269872,24.0,19.2,63,-4.8
estimated,725,377269876,23.35,18.1,67,-5.3
estimated,726,377308572,17.0,14.7,36,-2.3
estimated,727,377308587,17.0,6.0,10,-11.0
estimated,728,377422765,15.7,10.6,12,-5.1
estimated,729,377422973,17.65,6.4,18,-11.2
estimated,730,377938100,22.7,7.9,105,-14.8
estimated,733,393652058,24.65,19.9,39,-4.7
estimated,738,402644457,17.0,60.5,7,43.5
estimated,739,402644461,16.35,55.5,7,39.2
estimated,742,402644465,15.7,24.4,14,8.7
estimated,743,402644467,17.0,17.0,24,0.0
estimated,745,402661003,17.65,5.6,16,-12.1
estimated,746,402661005,15.7,8.2,22,-7.5
estimated,747,402661006,16.35,6.1,20,-10.3
estimated,748,402661008,24.65,8.6,420,-16.1
estimated,749,402661009,25.3,5.0,297,-20.3
estimated,750,402661011,23.35,15.4,62,-8.0
estimated,751,402661012,24.0,7.0,82,-17.0
estimated,752,402661014,25.3,8.8,117,-16.5
estimated,753,402661015,22.7,9.3,122,-13.4
estimated,754,402661017,17.0,5.3,18,-11.7
estimated,755,402661018,24.65,9.1,149,-15.5
estimated,757,402661021,16.35,4.8,13,-11.5
estimated,759,402661023,24.65,10.1,162,-14.5
estimated,762,402661029,18.3,6.0,15,-12.3
estimated,763,402661030,22.7,9.4,189,-13.3
estimated,764,402661031,23.35,9.4,177,-13.9
estimated,765,402661032,24.0,9.1,37,-14.9
estimated,767,402661035,15.7,5.7,21,-10.0
estimated,769,402661038,17.65,8.9,22,-8.8
estimated,770,402661039,25.3,7.2,106,-18.1
estimated,771,402661040,15.7,6.4,25,-9.3
estimated,772,402661043,17.65,9.1,29,-8.5
estimated,774,402661046,16.35,8.1,27,-8.3
estimated,776,402661048,24.65,9.8,54,-14.9
estimated,777,402661050,15.7,6.2,33,-9.5
estimated,778,402661051,16.35,8.7,18,-7.7
estimated,780,402661055,22.7,9.1,200,-13.6
estimated,783,402661062,24.0,6.0,100,-18.0
estimated,784,402661064,25.3,7.4,77,-17.9
estimated,787,405089850,22.7,43.2,62,20.5
estimated,788,405091296,23.35,13.2,46,-10.1
estimated,789,405092259,25.3,75.5,57,50.2
estimated,790,405092620,15.7,44.7,11,29.0
estimated,791,405092961,16.35,30.0,22,13.6
estimated,792,405094120,10.7,22.8,8,12.1
estimated,793,405105228,17.65,8.6,25,-9.1
estimated,794,405105229,25.3,8.6,55,-16.7
estimated,797,409004248,17.65,17.1,16,-0.6
estimated,798,409004249,18.3,62.7,21,44.4
estimated,803,410390689,18.3,8.7,24,-9.6
estimated,804,411212019,25.3,53.1,40,27.8
estimated,805,418085091,23.35,8.5,128,-14.8
estimated,806,418085092,24.0,9.9,48,-14.1
estimated,808,418085094,25.3,10.3,179,-15.0
estimated,809,418085095,22.7,9.6,188,-13.1
estimated,810,418085096,23.35,10.4,118,-12.9
estimated,811,418085097,24.0,9.8,186,-14.2
estimated,812,418085098,24.65,8.8,291,-15.8
estimated,815,420032412,17.0,5.3,19,-11.7
estimated,816,420032413,17.65,5.6,16,-12.0
estimated,817,425307124,18.3,8.2,24,-10.1
estimated,818,425307130,15.7,8.5,22,-7.2
estimated,819,425307136,23.35,7.4,37,-16.0
estimated,820,425307137,17.0,5.9,15,-11.1
estimated,821,425307139,25.3,8.9,38,-16.4
estimated,822,425307141,23.35,5.8,66,-17.5
estimated,823,461455823,17.65,58.2,20,40.5
estimated,824,464018324,25.3,15.5,34,-9.8
estimated,825,464308410,15.7,40.4,11,24.7
estimated,826,464315782,24.0,10.6,41,-13.4
estimated,827,464328065,15.7,16.8,26,1.1
estimated,828,464328072,24.0,13.4,46,-10.6
estimated,830,465285624,25.3,14.4,59,-10.9
estimated,831,465285625,22.7,13.7,48,-9.0
estimated,832,465295975,22.7,7.9,51,-14.8
estimated,833,465297303,24.65,65.7,59,41.0
estimated,834,465305105,15.7,6.9,13,-8.8
estimated,835,465340135,15.7,13.8,15,-1.9
estimated,836,465392426,23.35,75.9,48,52.6
estimated,837,465392993,24.65,43.5,48,18.8
estimated,838,465393995,22.7,8.1,33,-14.6
estimated,839,465533795,22.7,9.3,66,-13.4
estimated,840,465576316,16.35,9.7,12,-6.6
estimated,842,465580666,16.35,9.8,32,-6.6
estimated,843,465580667,24.0,9.3,31,-14.7
estimated,844,465580668,17.65,10.6,24,-7.0
estimated,845,465838943,24.65,6.7,89,-17.9
estimated,846,465974931,23.35,7.7,80,-15.6
estimated,847,466316397,17.0,7.8,15,-9.2
estimated,848,466321736,23.35,9.8,63,-13.6
estimated,849,466527489,25.3,8.3,64,-17.0
estimated,850,467053213,17.65,7.4,9,-10.3
estimated,854,469832005,22.7,8.5,93,-14.2
estimated,855,469843070,15.7,12.5,35,-3.2
estimated,856,469843452,24.0,13.1,38,-10.9
estimated,866,494693841,16.35,14.9,18,-1.5
estimated,868,494789243,24.65,28.0,38,3.4
estimated,870,494789245,15.7,14.8,33,-0.9
estimated,871,494789246,11.35,11.4,8,0.0
estimated,877,499497194,25.3,16.0,237,-9.3
estimated,878,502398245,15.7,28.6,21,12.9
estimated,879,502398248,24.65,11.4,78,-13.3
estimated,884,503146854,25.3,13.3,38,-12.0
estimated,890,505295888,24.65,22.4,56,-2.3
estimated,891,505295907,24.0,10.7,53,-13.3
estimated,892,505295915,22.7,11.0,144,-11.7
estimated,893,505295938,17.65,19.4,13,1.8
estimated,897,507531212,17.0,12.2,25,-4.8
estimated,900,512175691,16.35,5.2,13,-11.2
estimated,902,526087516,23.35,18.8,52,-4.6
estimated,903,526387258,24.65,19.8,50,-4.8
estimated,904,529015846,23.35,7.4,69,-15.9
estimated,905,537233649,25.3,15.4,56,-9.9
estimated,907,541350800,22.7,8.6,42,-14.1
estimated,908,541351469,13.3,9.9,5,-3.4
estimated,925,550959073,17.65,13.9,25,-3.7
estimated,926,550959074,25.3,9.7,57,-15.6
estimated,927,554447739,18.3,7.2,30,-11.1
estimated,928,554447740,15.7,10.5,14,-5.2
estimated,929,554447741,23.35,29.7,51,6.4
estimated,930,554450135,22.7,16.9,60,-5.8
estimated,931,554450136,23.35,7.9,59,-15.5
estimated,932,554450137,17.0,8.9,25,-8.1
estimated,933,554450143,24.65,29.9,80,5.3
estimated,939,581208041,11.35,9.7,7,-1.6
estimated,940,587505130,15.7,20.0,26,4.3
estimated,941,587505131,16.35,11.8,31,-4.5
estimated,942,587505132,24.0,73.5,107,49.5
estimated,943,597466819,25.3,13.7,37,-11.6
estimated,952,606957395,22.7,10.4,61,-12.3
estimated,953,606957396,16.35,11.6,19,-4.7
estimated,954,606957397,24.0,10.4,99,-13.6
estimated,966,608504317,24.0,32.8,195,8.8
estimated,971,612178010,22.7,14.5,52,-8.2
estimated,973,612797621,23.35,14.6,68,-8.8
estimated,974,612797622,17.0,13.7,29,-3.3
estimated,975,612797623,24.65,16.8,51,-7.9
estimated,976,614327211,23.35,27.5,37,4.1
estimated,978,616464935,15.7,4.8,16,-10.9
estimated,979,619649984,18.3,29.5,18,11.2
estimated,980,620913924,25.3,77.7,51,52.4
estimated,981,620913926,23.35,15.7,72,-7.7
estimated,984,640353733,17.65,32.7,26,15.0
estimated,985,640353734,25.3,22.4,40,-2.9
estimated,986,648662983,17.65,7.6,17,-10.0
estimated,988,663397399,25.3,36.0,126,10.7
estimated,989,663397402,24.0,12.4,40,-11.6
estimated,990,680569909,18.3,8.7,19,-9.6
estimated,991,680569913,17.65,11.1,28,-6.5
estimated,992,682199565,10.7,5.0,6,-5.7
estimated,993,682199566,11.35,4.7,5,-6.6
estimated,994,682199567,17.0,5.1,10,-11.9
estimated,995,682199568,17.65,8.7,17,-9.0
estimated,1000,682199574,18.3,8.7,16,-9.6
estimated,1002,682199577,24.0,8.3,48,-15.7
estimated,1006,682199583,17.65,7.0,32,-10.6
estimated,1007,682199588,24.65,61.1,52,36.4
estimated,1008,682199589,25.3,75.7,153,50.4
estimated,1010,682250554,25.3,7.4,41,-17.9
estimated,1011,682250556,16.35,5.7,12,-10.6
estimated,1012,682250557,24.0,6.8,77,-17.2
estimated,1013,682250558,17.65,7.5,16,-10.2
estimated,1014,682250560,22.7,7.1,87,-15.6
estimated,1015,682250561,16.35,6.2,29,-10.2
estimated,1017,682250563,17.65,6.1,11,-11.5
estimated,1018,682250564,18.3,6.4,15,-11.9
estimated,1019,682250566,16.35,5.3,8,-11.0
estimated,1023,682250578,17.65,8.0,15,-9.6
estimated,1024,682250582,17.0,13.7,11,-3.3
estimated,1025,682250584,18.3,5.8,10,-12.5
estimated,1027,682250587,17.0,12.5,18,-4.5
estimated,1028,682250589,18.3,9.1,24,-9.2
estimated,1029,682250590,22.7,10.6,74,-12.1
estimated,1030,682250593,24.65,12.1,170,-12.6
estimated,1031,682250594,18.3,7.6,12,-10.7
estimated,1032,682250595,15.7,7.6,8,-8.1
estimated,1034,682250597,12.0,6.7,4,-5.3
estimated,1037,682412577,12.0,7.3,10,-4.7
estimated,1038,682412578,17.65,13.4,22,-4.2
estimated,1039,682412579,25.3,12.6,39,-12.7
estimated,1040,682412594,18.3,6.5,11,-11.8
estimated,1041,682412595,15.7,9.2,29,-6.5
estimated,1042,682412596,16.35,5.4,10,-10.9
estimated,1043,682412598,17.65,7.3,16,-10.3
estimated,1044,682412599,13.3,5.8,6,-7.5
estimated,1045,682412603,12.65,9.3,6,-3.3
estimated,1046,682412604,18.3,8.3,29,-10.0
estimated,1047,682412606,16.35,7.7,24,-8.6
estimated,1049,682412609,18.3,14.5,18,-3.8
estimated,1051,682412611,11.35,6.1,6,-5.3
estimated,1052,682412613,24.65,14.0,42,-10.6
estimated,1054,682415582,17.0,6.8,19,-10.2
estimated,1055,682415583,17.65,4.9,20,-12.8
estimated,1056,682415584,25.3,7.4,57,-17.9
estimated,1057,682415585,22.7,6.6,88,-16.1
estimated,1058,682415586,23.35,11.2,49,-12.1
estimated,1059,682415587,24.0,14.1,89,-9.9
estimated,1062,682421440,22.7,9.1,144,-13.6
estimated,1063,682421443,24.65,7.2,99,-17.5
estimated,1064,682421445,22.7,5.6,66,-17.1
estimated,1065,682421447,24.0,5.4,91,-18.6
estimated,1068,682421458,24.65,89.5,60,64.8
estimated,1069,682421459,25.3,6.2,92,-19.1
estimated,1070,682421462,24.0,5.5,99,-18.5
estimated,1071,682689433,24.65,10.1,119,-14.6
estimated,1072,682689434,18.3,13.0,32,-5.3
estimated,1073,682689435,15.7,15.2,26,-0.5
estimated,1074,682689436,16.35,9.9,22,-6.4
estimated,1075,682689437,17.0,6.6,24,-10.4
estimated,1076,682689439,18.3,9.2,19,-9.1
estimated,1077,682689440,15.7,19.8,16,4.1
estimated,1078,682689441,23.35,85.3,37,61.9
estimated,1079,682689442,24.0,59.2,77,35.2
estimated,1081,682689446,11.35,13.9,4,2.6
estimated,1082,682689448,17.65,11.1,11,-6.5
estimated,1083,682689449,13.3,13.0,9,-0.3
estimated,1084,682689450,15.7,11.3,11,-4.4
estimated,1085,682689451,16.35,9.5,11,-6.9
estimated,1086,682689452,12.0,11.0,6,-1.0
estimated,1087,682689453,12.65,12.4,9,-0.3
estimated,1088,682689454,13.3,13.5,5,0.2
estimated,1089,682689455,15.7,12.0,11,-3.7
estimated,1090,682689456,23.35,5.3,58,-18.0
estimated,1091,682689457,17.0,4.4,29,-12.6
estimated,1092,682689461,11.35,3.8,7,-7.5
estimated,1095,682689472,24.0,7.6,88,-16.4
estimated,1096,682689473,24.65,6.1,74,-18.5
estimated,1099,682692496,16.35,20.3,22,4.0
estimated,1102,682692502,17.0,57.3,19,40.3
estimated,1104,683034973,17.65,8.2,23,-9.5
estimated,1105,683058357,12.0,8.0,4,-4.0
estimated,1106,683058360,15.7,41.6,14,25.9
estimated,1107,683058362,24.0,48.5,71,24.5
estimated,1110,683113616,23.35,8.1,50,-15.2
estimated,1111,683113617,24.0,13.5,40,-10.5
estimated,1113,683113620,15.7,7.1,17,-8.6
estimated,1114,683113621,23.35,7.0,56,-16.3
estimated,1115,683113622,24.0,6.4,57,-17.6
estimated,1116,683113623,17.65,10.8,13,-6.9
estimated,1117,683113624,13.3,15.1,5,1.8
estimated,1118,683113625,15.7,8.0,18,-7.7
estimated,1119,683113626,16.35,6.0,13,-10.4
estimated,1121,683113629,13.3,8.9,10,-4.4
estimated,1122,683697151,11.35,14.1,6,2.8
estimated,1124,683697154,18.3,5.0,11,-13.3
estimated,1128,683697158,17.65,18.6,9,1.0
estimated,1129,683697159,13.3,23.7,4,10.4
estimated,1130,683697160,10.7,24.3,4,13.6
estimated,1131,683697161,16.35,14.8,24,-1.6
estimated,1132,683697162,12.0,31.2,8,19.2
estimated,1133,683697164,18.3,29.1,14,10.8
estimated,1134,683697166,16.35,13.2,14,-3.2
estimated,1135,683697167,17.0,20.2,16,3.2
estimated,1137,683697169,18.3,14.3,7,-4.0
estimated,1139,683697172,12.0,15.4,6,3.4
estimated,1141,683697190,15.7,7.0,8,-8.7
estimated,1142,683697191,11.35,8.6,6,-2.7
estimated,1143,683697192,17.0,13.6,12,-3.4
estimated,1144,683697193,12.65,10.4,6,-2.2
estimated,1145,683697194,18.3,18.1,18,-0.2
estimated,1147,683697203,17.65,11.9,17,-5.8
estimated,1148,683910619,18.3,9.4,11,-8.9
estimated,1149,683910620,10.7,8.3,7,-2.4
estimated,1150,683910621,23.35,8.6,118,-14.8
estimated,1151,683910623,12.65,8.1,8,-4.5
estimated,1152,683910624,13.3,5.5,9,-7.8
estimated,1153,683910636,16.35,9.9,34,-6.5
estimated,1154,683910637,17.0,10.4,34,-6.6
estimated,1155,683910645,15.7,13.3,29,-2.4
estimated,1156,683910646,23.35,12.7,48,-10.6
estimated,1157,683910647,17.0,8.4,32,-8.6
estimated,1158,683910648,17.65,9.4,23,-8.3
estimated,1159,683910649,25.3,9.7,118,-15.6
estimated,1161,683910651,16.35,13.1,36,-3.3
estimated,1162,683910652,24.0,8.2,78,-15.8
estimated,1163,683910653,17.65,5.7,15,-12.0
estimated,1164,683910654,13.3,7.9,6,-5.4
estimated,1165,683910657,24.0,17.0,38,-7.0
estimated,1167,683910661,16.35,7.9,13,-8.5
estimated,1170,683910664,13.3,14.0,6,0.7
estimated,1171,683910665,10.7,7.2,7,-3.5
estimated,1172,683917132,24.0,63.5,97,39.5
estimated,1176,683917148,17.65,11.5,13,-6.2
estimated,1177,684156654,25.3,10.4,46,-14.9
estimated,1178,684156655,22.7,10.0,41,-12.7
estimated,1180,684156667,24.0,15.5,86,-8.5
estimated,1181,684291658,17.65,6.9,7,-10.7
estimated,1182,690085500,15.7,5.5,17,-10.2
estimated,1184,692131235,15.7,17.0,11,1.3
estimated,1189,695895007,12.0,11.6,6,-0.4
estimated,1190,695895012,12.0,7.7,11,-4.3
estimated,1191,695895013,17.65,10.9,18,-6.8
estimated,1194,695900409,25.3,26.1,80,0.8
estimated,1198,709834916,16.35,20.7,16,4.4
estimated,1199,710713842,24.0,8.9,42,-15.1
estimated,1200,710713843,17.65,9.6,11,-8.0
estimated,1202,710713846,11.35,11.3,4,-0.1
estimated,1203,710713847,17.0,14.7,18,-2.3
estimated,1206,710713850,15.7,14.6,14,-1.1
estimated,1207,718492440,15.7,5.3,21,-10.4
estimated,1208,720028367,17.0,5.4,10,-11.6
estimated,1209,720357123,12.65,5.2,7,-7.4
estimated,1210,722606316,11.35,6.4,6,-4.9
estimated,1214,723893755,15.7,18.0,21,2.3
estimated,1217,730783225,22.7,23.6,46,0.9
estimated,1221,732223036,23.35,31.8,204,8.4
estimated,1226,732489092,24.0,20.3,40,-3.7
estimated,1227,732989418,24.65,59.4,85,34.8
estimated,1228,732989419,25.3,9.1,57,-16.2
estimated,1229,732989420,22.7,32.6,40,9.9
estimated,1230,732989421,23.35,73.4,80,50.0
estimated,1231,732989422,24.0,61.1,26,37.1
estimated,1232,732989423,17.65,45.4,23,27.8
estimated,1233,732989428,24.65,49.2,103,24.6
estimated,1235,732989430,22.7,15.6,30,-7.1
estimated,1236,732989431,16.35,15.1,15,-1.2
estimated,1237,732989432,24.0,56.5,70,32.5
estimated,1238,732989433,24.65,66.8,55,42.1
estimated,1239,732989434,18.3,15.7,18,-2.6
estimated,1242,741070416,16.35,10.5,17,-5.8
estimated,1244,741090699,18.3,37.6,14,19.3
estimated,1245,741090705,22.7,92.6,61,69.9
estimated,1249,741090731,16.35,37.4,16,21.0
estimated,1250,741090740,15.7,12.5,27,-3.2
estimated,1254,741094460,22.7,24.9,41,2.2
estimated,1263,748630923,24.65,88.4,57,63.7
estimated,1264,750511344,25.3,59.4,153,34.1
estimated,1266,750565562,24.0,25.0,62,1.0
estimated,1267,750565565,22.7,25.3,30,2.6
estimated,1271,750565569,18.3,9.7,30,-8.6
estimated,1272,750565571,11.35,15.6,6,4.3
estimated,1274,750622142,12.0,11.4,7,-0.6
estimated,1275,750622244,18.3,61.3,32,43.0
estimated,1276,752685430,15.7,13.0,8,-2.7
estimated,1278,761078080,15.7,8.3,20,-7.4
estimated,1279,762947994,18.3,8.2,9,-10.1
estimated,1280,771397970,10.7,6.9,6,-3.8
estimated,1281,771449013,17.65,5.8,29,-11.8
estimated,1282,771691984,13.3,6.0,9,-7.3
estimated,1288,781573559,25.3,32.7,170,7.4
estimated,1291,794386871,16.35,5.5,15,-10.8
estimated,1292,794386873,12.65,5.7,8,-7.0
estimated,1293,794386874,13.3,6.4,6,-6.9
estimated,1295,801710771,23.35,23.7,46,0.4
estimated,1297,801710774,25.3,9.4,79,-15.9
estimated,1298,801710775,22.7,19.7,95,-3.0
estimated,1300,801848921,16.35,10.9,18,-5.4
estimated,1301,801848922,17.0,9.1,20,-7.9
estimated,1302,801848923,17.65,4.7,13,-13.0
estimated,1304,801887653,12.65,8.2,11,-4.4
estimated,1305,801887654,18.3,7.8,10,-10.5
estimated,1306,801887655,15.7,6.8,14,-8.9
estimated,1307,801887658,12.65,5.2,8,-7.5
estimated,1311,801887662,24.0,10.2,43,-13.8
estimated,1312,801887663,24.65,9.1,40,-15.6
estimated,1313,801902445,15.7,22.7,13,7.0
estimated,1314,801902446,23.35,12.6,53,-10.8
estimated,1316,801902449,25.3,26.3,73,1.0
estimated,1317,801902452,24.0,77.8,35,53.8
estimated,1318,801902453,17.65,11.3,27,-6.4
estimated,1319,801902454,13.3,6.2,7,-7.1
estimated,1320,801902455,15.7,7.2,24,-8.5
estimated,1323,801902458,17.65,7.0,10,-10.6
estimated,1324,801902459,13.3,5.2,5,-8.1
estimated,1326,801902462,17.0,10.5,10,-6.5
estimated,1328,801950671,16.35,9.4,17,-6.9
estimated,1329,801950673,12.65,6.7,5,-6.0
estimated,1330,801950674,13.3,8.1,8,-5.2
estimated,1331,801950675,15.7,13.9,20,-1.8
estimated,1332,801950681,23.35,6.4,55,-17.0
estimated,1333,801950682,12.0,6.7,6,-5.3
estimated,1334,801950683,17.65,7.1,15,-10.6
estimated,1335,801950684,18.3,10.1,24,-8.2
estimated,1336,801950685,15.7,6.0,17,-9.7
estimated,1337,801950686,23.35,10.7,96,-12.6
estimated,1338,801950687,17.0,17.0,25,0.0
estimated,1339,801950690,15.7,36.4,15,20.7
estimated,1340,801950691,11.35,9.1,7,-2.3
estimated,1341,801950692,17.0,18.1,24,1.1
estimated,1342,801950693,17.65,14.6,23,-3.1
estimated,1343,801950694,25.3,12.8,39,-12.5
estimated,1344,801950698,24.65,10.0,38,-14.6
estimated,1345,801950699,25.3,11.2,47,-14.1
estimated,1346,801950700,15.7,6.5,11,-9.2
estimated,1348,801950702,17.0,7.9,9,-9.1
estimated,1349,801950703,24.65,9.2,35,-15.4
estimated,1350,801950704,18.3,17.1,7,-1.2
estimated,1351,801950705,15.7,26.7,10,11.0
estimated,1352,801950706,16.35,9.5,20,-6.8
estimated,1353,801950708,24.65,12.2,34,-12.4
estimated,1354,801950709,18.3,11.1,18,-7.2
estimated,1355,801950710,15.7,7.8,29,-7.9
estimated,1356,801950712,24.0,10.7,38,-13.3
estimated,1357,801950713,17.65,7.5,21,-10.1
estimated,1359,801950715,22.7,6.6,48,-16.1
estimated,1360,801950717,17.0,6.9,16,-10.1
estimated,1361,801950718,17.65,8.0,11,-9.7
estimated,1363,801950720,22.7,8.8,49,-13.9
estimated,1365,801950723,17.65,8.2,22,-9.4
estimated,1368,801950754,25.3,13.5,181,-11.8
estimated,1370,801950757,24.0,12.8,110,-11.2
estimated,1371,801950766,23.35,29.2,143,5.9
estimated,1372,801958367,17.0,25.0,15,8.0
estimated,1373,801958368,17.65,32.8,24,15.2
estimated,1374,801958369,25.3,42.8,30,17.5
estimated,1376,801958373,17.65,6.8,21,-10.8
estimated,1377,801958374,25.3,5.3,32,-20.0
estimated,1378,801958375,22.7,8.6,40,-14.1
estimated,1379,801958378,24.65,7.4,47,-17.3
estimated,1380,801958379,18.3,13.0,16,-5.3
estimated,1381,801958380,22.7,8.1,88,-14.6
estimated,1382,801958381,23.35,6.0,58,-17.3
estimated,1383,801958382,17.0,6.6,35,-10.4
estimated,1384,801958383,24.65,26.9,157,2.2
estimated,1385,801958384,18.3,5.0,10,-13.3
estimated,1387,801958386,16.35,8.4,23,-8.0
estimated,1388,801958387,17.0,10.4,15,-6.6
estimated,1389,801958388,17.65,7.9,19,-9.7
estimated,1390,801958389,13.3,5.5,8,-7.8
estimated,1391,801958390,15.7,7.4,16,-8.3
estimated,1392,801958391,16.35,8.6,39,-7.7
estimated,1393,801958392,17.0,7.9,26,-9.1
estimated,1394,801958394,25.3,6.2,67,-19.1
estimated,1395,801958395,22.7,7.3,97,-15.4
estimated,1396,801958396,23.35,7.3,79,-16.0
estimated,1397,801958397,24.0,7.0,97,-17.0
estimated,1398,801958398,24.65,13.4,263,-11.2
estimated,1399,802069347,24.0,29.6,50,5.6
estimated,1400,802069349,13.3,11.0,5,-2.3
estimated,1401,802069350,15.7,15.1,39,-0.6
estimated,1403,802069352,17.0,10.7,12,-6.3
estimated,1405,802069354,18.3,8.1,17,-10.2
estimated,1406,802069356,16.35,16.0,20,-0.3
estimated,1407,802069358,17.65,35.3,17,17.7
estimated,1411,802069376,16.35,45.2,11,28.9
estimated,1412,802069377,24.0,67.6,36,43.6
estimated,1414,802069380,15.7,6.1,14,-9.6
estimated,1415,802069381,16.35,6.3,14,-10.0
estimated,1417,802069383,17.65,9.9,10,-7.8
estimated,1418,802069384,18.3,18.9,17,0.6
estimated,1419,802069385,15.7,14.7,14,-1.0
estimated,1420,802069386,11.35,13.0,7,1.6
estimated,1421,802069387,17.0,10.9,7,-6.1
estimated,1423,802069392,17.0,8.9,36,-8.1
estimated,1425,802069396,16.35,9.4,10,-6.9
estimated,1426,802069397,17.0,23.7,29,6.7
estimated,1427,802069400,10.7,10.4,6,-0.3
estimated,1428,802069401,16.35,9.3,15,-7.0
estimated,1429,802069403,12.65,5.8,5,-6.8
estimated,1430,802069404,18.3,7.6,12,-10.7
estimated,1431,802069408,17.65,6.0,23,-11.7
estimated,1432,802069409,25.3,10.5,43,-14.8
estimated,1433,802069410,15.7,18.5,10,2.8
estimated,1437,802104998,17.65,20.0,8,2.3
estimated,1438,802104999,13.3,16.0,6,2.7
estimated,1440,802105001,16.35,14.9,9,-1.5
estimated,1443,802105004,13.3,16.8,4,3.5
estimated,1444,802105005,10.7,14.2,5,3.5
estimated,1445,802105006,16.35,13.7,9,-2.6
estimated,1447,802105008,12.65,19.3,7,6.7
estimated,1448,802105009,18.3,9.9,25,-8.4
estimated,1449,802105010,15.7,12.1,28,-3.6
estimated,1450,802105014,18.3,7.9,29,-10.4
estimated,1451,802105034,25.3,16.0,47,-9.3
estimated,1452,802105036,16.35,5.7,10,-10.7
estimated,1453,802105037,17.0,10.3,8,-6.7
estimated,1455,802105046,11.35,5.0,7,-6.4
estimated,1456,802105047,12.0,6.8,6,-5.2
estimated,1461,802105068,12.65,6.4,5,-6.3
estimated,1463,802105070,10.7,6.1,11,-4.6
estimated,1464,802105071,23.35,10.4,91,-13.0
estimated,1476,802157387,17.0,6.5,12,-10.5
estimated,1477,802157393,17.65,11.4,15,-6.2
estimated,1478,802157397,17.0,10.8,12,-6.2
estimated,1484,802157408,24.65,18.0,54,-6.7
estimated,1485,802157415,22.7,18.2,30,-4.5
estimated,1486,802157417,17.0,12.9,24,-4.1
estimated,1487,802157419,18.3,11.8,16,-6.5
estimated,1488,802157422,17.0,28.0,15,11.0
estimated,1489,802157423,12.65,7.6,6,-5.1
estimated,1496,802157442,17.0,30.1,21,13.1
estimated,1498,803149502,17.0,8.7,16,-8.3
estimated,1499,803149503,17.65,7.8,14,-9.9
estimated,1500,803149504,13.3,10.0,6,-3.3
estimated,1501,803149505,15.7,8.6,18,-7.1
estimated,1505,804047525,15.7,17.6,14,1.9
estimated,1506,804073935,15.7,20.5,27,4.8
estimated,1514,804161893,24.65,7.5,62,-17.2
estimated,1515,804925961,11.35,3.8,7,-7.6
estimated,1516,804925963,17.65,6.3,10,-11.3
estimated,1517,804925965,15.7,16.0,26,0.3
estimated,1518,804925966,23.35,6.7,38,-16.6
estimated,1519,804925969,25.3,9.6,76,-15.7
estimated,1520,804925970,22.7,17.3,68,-5.4
estimated,1521,804925971,16.35,11.0,13,-5.4
estimated,1522,804925973,24.65,6.6,51,-18.1
estimated,1523,804925974,18.3,10.3,23,-8.0
estimated,1524,804925975,15.7,6.5,20,-9.2
estimated,1525,804925976,11.35,5.6,6,-5.8
estimated,1526,804925978,17.65,9.1,17,-8.6
estimated,1527,804925979,18.3,9.5,31,-8.8
estimated,1528,804925980,15.7,23.6,16,7.9
estimated,1530,804925984,25.3,13.6,46,-11.7
estimated,1532,804925987,17.0,32.0,12,15.0
estimated,1533,804925988,17.65,43.8,11,26.2
estimated,1534,804925990,22.7,45.8,132,23.1
estimated,1535,804925993,17.65,6.3,15,-11.4
estimated,1536,804925994,25.3,73.6,31,48.3
estimated,1543,804926011,11.35,27.0,4,15.6
estimated,1544,804926012,17.0,20.6,13,3.6
estimated,1545,804926013,12.65,24.9,7,12.3
estimated,1546,804926014,13.3,20.9,5,7.6
estimated,1547,804926015,15.7,35.4,14,19.7
estimated,1548,804926016,11.35,31.7,7,20.3
estimated,1549,804926017,12.0,63.3,7,51.3
estimated,1552,804926026,16.35,6.5,20,-9.8
estimated,1554,804926028,17.65,11.2,7,-6.4
estimated,1555,804926029,18.3,11.7,14,-6.6
estimated,1557,804926041,23.35,9.8,46,-13.6
estimated,1559,804926046,23.35,8.9,45,-14.5
estimated,1563,804926056,11.35,5.8,4,-5.5
estimated,1568,804926061,16.35,8.4,11,-7.9
estimated,1570,804959539,13.3,10.3,5,-3.0
estimated,1571,804959540,15.7,18.9,13,3.2
estimated,1572,804959541,11.35,15.9,4,4.6
estimated,1573,804959542,12.0,17.7,4,5.7
estimated,1574,804959543,12.65,17.4,4,4.8
estimated,1575,804959544,13.3,15.9,4,2.6
estimated,1578,804959547,12.0,13.8,4,1.8
estimated,1579,804959548,12.65,16.9,4,4.3
estimated,1580,804959549,13.3,25.1,4,11.8
estimated,1581,804959550,10.7,26.0,4,15.3
estimated,1582,804959551,16.35,17.6,12,1.2
estimated,1583,804959552,12.0,15.9,9,3.9
estimated,1584,804959553,12.65,10.1,6,-2.6
estimated,1588,804959557,12.0,11.2,8,-0.8
estimated,1589,804959558,12.65,12.0,4,-0.7
estimated,1590,804959559,13.3,11.3,4,-2.0
estimated,1591,804959560,10.7,11.1,4,0.4
estimated,1601,804959570,10.7,18.2,6,7.5
estimated,1602,804959571,11.35,12.9,8,1.5
estimated,1608,804959577,12.0,10.9,4,-1.1
estimated,1609,804959579,13.3,13.0,7,-0.3
estimated,1629,804959599,13.3,9.2,4,-4.1
estimated,1630,804959600,10.7,10.5,4,-0.2
estimated,1632,804959602,12.0,9.5,4,-2.5
estimated,1633,804959603,12.65,12.6,4,-0.1
estimated,1634,804959604,13.3,12.8,5,-0.5
estimated,1635,804959605,10.7,11.9,4,1.2
estimated,1636,804959606,11.35,9.9,4,-1.4
estimated,1637,804959607,12.0,10.8,4,-1.2
estimated,1638,804959608,12.65,10.4,4,-2.3
estimated,1640,804959610,15.7,11.7,19,-4.0
estimated,1641,804959611,6.85,10.6,4,3.7
estimated,1644,804959614,8.8,11.8,4,3.0
estimated,1646,804959616,6.85,15.5,4,8.7
estimated,1653,804959623,17.65,14.1,19,-3.5
estimated,1654,804959624,18.3,20.3,7,2.0
estimated,1656,804959626,11.35,17.8,5,6.4
estimated,1657,804959627,12.0,18.0,7,6.0
estimated,1658,804959628,12.65,14.9,5,2.2
estimated,1659,804959629,13.3,14.7,5,1.4
estimated,1660,804959630,10.7,12.3,6,1.6
estimated,1661,804959631,11.35,11.9,6,0.6
estimated,1663,804959633,12.65,10.2,5,-2.5
estimated,1664,804959634,13.3,12.5,6,-0.8
estimated,1665,804959635,10.7,10.7,6,-0.0
estimated,1666,804959636,11.35,11.2,5,-0.1
estimated,1667,804959637,12.0,11.6,7,-0.4
estimated,1668,804959638,12.65,10.5,6,-2.2
estimated,1669,804959639,13.3,8.9,6,-4.4
estimated,1670,804959640,10.7,8.5,6,-2.2
estimated,1671,804959641,11.35,10.4,6,-0.9
estimated,1672,804959642,12.0,9.3,7,-2.7
estimated,1673,804959643,12.65,8.2,6,-4.5
estimated,1674,804959644,13.3,7.2,7,-6.1
estimated,1675,804959645,10.7,7.8,6,-2.9
estimated,1676,804959646,11.35,6.7,4,-4.6
estimated,1677,804959647,12.0,8.5,7,-3.5
estimated,1678,805287590,10.7,7.5,8,-3.2
estimated,1679,805287591,16.35,5.7,24,-10.7
estimated,1680,805287593,17.65,8.4,31,-9.2
estimated,1681,805287594,18.3,10.5,8,-7.8
estimated,1683,805287597,24.0,7.0,67,-17.0
estimated,1684,806359773,12.65,6.4,8,-6.2
estimated,1685,806359775,10.7,7.1,11,-3.6
estimated,1686,806359777,17.0,8.3,32,-8.7
estimated,1687,806860801,23.35,7.2,43,-16.2
estimated,1688,806860802,17.0,12.5,13,-4.5
estimated,1689,806860803,17.65,17.2,34,-0.5
estimated,1690,806860804,13.3,8.5,5,-4.8
estimated,1691,806860808,17.65,5.5,19,-12.2
estimated,1692,806860809,18.3,6.8,30,-11.5
estimated,1694,806860812,24.0,8.0,36,-16.0
estimated,1695,806860813,17.65,6.1,28,-11.5
estimated,1696,806860814,18.3,5.0,18,-13.3
estimated,1697,806860815,10.7,11.3,5,0.6
estimated,1698,806860816,11.35,15.3,5,4.0
estimated,1700,806860820,15.7,21.3,23,5.6
estimated,1701,806860821,11.35,10.4,9,-0.9
estimated,1702,806860822,17.0,12.2,11,-4.8
estimated,1704,806860824,13.3,9.1,5,-4.2
estimated,1705,806860825,10.7,12.4,10,1.7
estimated,1708,806860829,25.3,13.4,54,-11.9
estimated,1709,806860830,10.7,17.7,4,7.0
estimated,1711,806860832,12.0,11.0,6,-1.0
estimated,1712,806860833,12.65,10.3,7,-2.4
estimated,1713,806860834,13.3,9.2,5,-4.1
estimated,1714,806860836,16.35,7.0,18,-9.3
estimated,1715,806860837,17.0,13.3,23,-3.7
estimated,1716,806860839,18.3,7.5,12,-10.8
estimated,1717,806860840,15.7,26.9,8,11.2
estimated,1718,807062684,25.3,13.3,53,-12.0
estimated,1719,807138066,11.35,11.8,7,0.4
estimated,1720,807138069,18.3,16.3,39,-2.0
estimated,1721,807138074,13.3,11.4,7,-1.9
estimated,1723,807138076,11.35,15.4,4,4.1
estimated,1724,807138077,12.0,18.8,6,6.8
estimated,1725,807138079,18.3,33.3,16,15.0
estimated,1726,807297543,17.65,5.8,33,-11.8
estimated,1731,807430269,25.3,6.5,73,-18.8
estimated,1732,807430270,22.7,5.4,73,-17.3
estimated,1733,807430271,23.35,4.8,109,-18.5
estimated,1734,807430272,24.0,5.6,105,-18.4
estimated,1735,807577729,25.3,24.4,32,-0.9
estimated,1736,807577730,15.7,31.7,23,16.0
estimated,1737,807577732,24.0,36.0,72,12.0
estimated,1738,807577733,24.65,56.0,35,31.4
estimated,1739,807577734,25.3,74.1,65,48.8
estimated,1740,807577735,15.7,26.2,26,10.5
estimated,1741,807577737,17.0,12.9,13,-4.1
estimated,1742,807577738,17.65,19.7,19,2.1
estimated,1743,807577739,25.3,24.7,68,-0.6
estimated,1744,807577742,24.0,13.7,47,-10.3
estimated,1747,808022719,18.3,6.4,32,-11.9
estimated,1748,808022726,23.35,8.8,44,-14.5
estimated,1750,808022728,12.65,5.8,4,-6.8
estimated,1752,808241903,17.65,47.4,25,29.8
estimated,1753,808241904,25.3,84.6,69,59.3
estimated,1754,808241907,17.0,25.3,28,8.3
estimated,1755,808241909,18.3,5.9,14,-12.4
estimated,1756,808241910,10.7,4.8,6,-5.9
estimated,1758,808241912,12.0,12.1,9,0.1
estimated,1759,808241919,18.3,7.6,21,-10.7
estimated,1762,808255152,17.0,15.0,12,-2.0
estimated,1768,808255158,12.65,19.1,6,6.4
estimated,1769,808255159,13.3,17.5,6,4.2
estimated,1770,808255163,24.65,42.9,28,18.2
estimated,1771,808255164,25.3,6.7,29,-18.6
estimated,1772,808255167,24.0,6.6,31,-17.4
estimated,1774,808255176,16.35,5.7,10,-10.6
estimated,1775,808255177,24.0,6.5,109,-17.5
estimated,1776,808255178,24.65,6.2,98,-18.4
estimated,1777,808255179,18.3,19.1,30,0.8
estimated,1778,808321427,12.0,22.3,5,10.3
estimated,1779,808321428,17.65,25.2,11,7.5
estimated,1780,808321429,13.3,21.8,5,8.5
estimated,1782,808321432,12.0,19.9,6,7.9
estimated,1783,808321433,12.65,16.9,4,4.3
estimated,1784,808321434,13.3,15.1,9,1.8
estimated,1788,808321438,24.65,9.5,34,-15.2
estimated,1792,808321454,18.3,16.0,16,-2.3
estimated,1793,808321455,15.7,13.6,14,-2.1
estimated,1794,808321456,11.35,13.9,5,2.6
estimated,1795,808321457,12.0,11.0,6,-1.0
estimated,1796,808321458,17.65,16.3,10,-1.4
estimated,1797,808321459,25.3,22.2,84,-3.1
estimated,1798,808420620,22.7,22.5,65,-0.2
estimated,1799,808465075,10.7,8.9,10,-1.8
estimated,1800,809033563,17.65,8.6,40,-9.0
estimated,1801,809033564,18.3,9.6,37,-8.7
estimated,1802,809048387,12.0,14.0,4,2.0
estimated,1803,809048388,12.65,13.9,4,1.3
estimated,1804,809048389,13.3,14.1,5,0.8
estimated,1809,809048394,13.3,13.0,4,-0.3
estimated,1810,809048395,10.7,11.2,4,0.5
estimated,1811,809048396,16.35,13.4,16,-3.0
estimated,1812,809048397,17.0,15.5,8,-1.5
estimated,1814,809048399,13.3,10.7,8,-2.6
estimated,1816,809048401,11.35,15.2,4,3.8
estimated,1818,809048403,12.65,14.2,6,1.5
estimated,1819,809048404,13.3,13.1,5,-0.2
estimated,1820,809048405,10.7,8.4,5,-2.3
estimated,1821,809048406,11.35,11.2,4,-0.1
estimated,1822,809048407,12.0,13.2,5,1.2
estimated,1824,809048409,13.3,11.2,7,-2.1
estimated,1825,809048410,15.7,13.8,7,-1.9
estimated,1826,809048411,11.35,12.4,6,1.0
estimated,1827,809048412,12.0,14.4,8,2.4
estimated,1828,809048413,12.65,16.0,6,3.3
estimated,1829,809048414,13.3,15.3,5,2.0
estimated,1831,809048416,16.35,16.1,8,-0.2
estimated,1832,809048417,17.0,14.1,8,-2.9
estimated,1835,809049732,12.0,10.7,6,-1.3
estimated,1836,809049733,12.65,14.1,5,1.5
estimated,1837,809049734,13.3,15.3,5,2.0
estimated,1838,809049735,15.7,14.4,11,-1.3
estimated,1839,809049736,11.35,13.5,4,2.2
estimated,1840,809049737,17.0,16.0,9,-1.0
estimated,1842,814133781,23.35,7.2,35,-16.2
estimated,1843,814133782,17.0,10.6,20,-6.4
estimated,1844,814133783,17.65,8.5,19,-9.1
estimated,1845,814133784,25.3,6.1,44,-19.2
estimated,1846,818502187,12.0,7.0,7,-5.0
estimated,1852,825928787,17.0,27.7,22,10.7
estimated,1854,842687021,11.35,5.5,5,-5.8
estimated,1855,842687022,12.0,7.5,4,-4.5
estimated,1857,842687024,13.3,11.2,4,-2.1
estimated,1858,842687025,10.7,10.4,4,-0.3
estimated,1859,842687026,11.35,8.2,5,-3.2
estimated,1860,842687027,12.0,7.0,9,-5.0
estimated,1861,843083107,24.0,20.1,327,-3.9
estimated,1862,843883886,11.35,17.3,4,6.0
estimated,1863,844161012,12.0,10.2,6,-1.8
estimated,1867,844161016,11.35,13.2,4,1.8
estimated,1868,844161017,12.0,11.1,4,-0.9
estimated,1869,844161018,12.65,8.3,4,-4.3
estimated,1871,846871544,13.3,6.0,4,-7.3
estimated,1872,846871852,17.0,66.7,34,49.7
estimated,1874,846920747,24.0,78.8,52,54.8
estimated,1875,847237372,17.0,57.0,24,40.0
estimated,1876,847509917,17.0,53.6,25,36.6
estimated,1880,849135661,16.35,7.2,11,-9.1
estimated,1883,850451058,24.65,32.0,33,7.4
estimated,1884,854573857,17.0,28.3,30,11.3
estimated,1885,854573858,24.65,58.1,60,33.5
estimated,1886,854573860,22.7,9.3,72,-13.4
estimated,1887,854573863,24.65,8.6,72,-16.1
estimated,1888,854573865,22.7,18.3,251,-4.4
estimated,1889,854573866,23.35,9.0,92,-14.3
estimated,1890,854573867,17.0,17.5,25,0.5
estimated,1891,854573868,24.65,13.2,186,-11.5
estimated,1892,854573870,22.7,8.8,71,-13.9
estimated,1893,854573872,24.0,12.5,53,-11.5
estimated,1895,862121575,15.7,29.1,27,13.4
estimated,1896,862121576,11.35,23.5,8,12.1
estimated,1897,862121577,17.0,19.8,18,2.8
estimated,1898,862121578,17.65,10.4,16,-7.2
estimated,1900,862121580,10.7,7.9,6,-2.8
estimated,1901,862121581,16.35,6.8,20,-9.6
estimated,1902,862121582,12.0,16.7,6,4.7
estimated,1906,862121586,16.35,15.9,37,-0.5
estimated,1908,862121588,17.65,59.6,24,42.0
estimated,1909,862121589,25.3,44.2,70,18.9
estimated,1910,862121597,17.0,4.6,19,-12.4
estimated,1911,862121598,24.65,5.0,54,-19.6
estimated,1914,862121602,12.0,7.2,7,-4.8
estimated,1915,862121604,18.3,6.7,9,-11.6
estimated,1916,862121605,15.7,14.3,32,-1.4
estimated,1917,862121606,16.35,12.6,29,-3.7
estimated,1918,862121607,17.0,24.6,14,7.6
estimated,1919,862121608,17.65,15.9,20,-1.8
estimated,1921,862121610,15.7,11.3,15,-4.4
estimated,1922,862121611,23.35,10.0,45,-13.4
estimated,1923,862121612,17.0,9.3,34,-7.7
estimated,1924,862121613,17.65,10.4,32,-7.2
estimated,1925,862121614,18.3,14.3,27,-4.0
estimated,1926,862121615,15.7,12.1,14,-3.6
estimated,1927,862121617,24.0,9.5,39,-14.5
estimated,1928,862121618,24.65,8.9,51,-15.7
estimated,1930,862121620,15.7,5.6,14,-10.1
estimated,1931,862121621,16.35,8.9,18,-7.4
estimated,1932,862121622,17.0,10.0,38,-7.0
estimated,1934,862121624,13.3,55.0,10,41.7
estimated,1935,862121630,15.7,24.6,6,8.9
estimated,1936,862121633,12.65,29.5,7,16.9
estimated,1941,862121638,12.65,22.5,5,9.9
estimated,1942,862121639,18.3,24.8,10,6.5
estimated,1943,862121640,10.7,11.4,10,0.7
estimated,1944,862121641,23.35,70.2,51,46.8
estimated,1945,862121642,17.0,13.5,28,-3.5
estimated,1946,862121644,13.3,6.5,8,-6.8
estimated,1947,862121645,15.7,34.4,27,18.7
estimated,1949,862121647,12.0,37.6,7,25.6
estimated,1951,862121649,13.3,40.5,6,27.2
estimated,1953,864942977,12.0,8.8,4,-3.2
estimated,1954,875447293,24.65,16.7,46,-8.0
estimated,1956,875450332,17.0,7.1,19,-9.9
estimated,1957,875450333,24.65,19.8,51,-4.9
estimated,1958,875450334,18.3,41.5,20,23.2
estimated,1959,875450335,15.7,11.5,15,-4.2
estimated,1960,875450336,16.35,13.2,15,-3.1
estimated,1961,875450337,17.0,16.1,21,-0.9
estimated,1962,875450338,17.65,34.0,35,16.3
estimated,1963,875450339,25.3,17.4,46,-7.9
estimated,1967,875450351,16.35,28.4,20,12.0
estimated,1968,875450352,12.0,8.1,6,-3.9
estimated,1969,875450353,17.65,14.2,12,-3.4
estimated,1970,875450354,18.3,12.0,25,-6.3
estimated,1971,875450355,15.7,24.0,9,8.3
estimated,1972,875450356,23.35,28.0,29,4.7
estimated,1973,875450357,12.0,26.4,9,14.4
estimated,1974,875450358,17.65,34.0,34,16.3
estimated,1975,875450359,25.3,38.6,36,13.3
estimated,1976,889424137,12.0,5.5,4,-6.5
estimated,1978,889424144,18.3,5.2,9,-13.1
estimated,1982,889448201,16.35,11.7,9,-4.7
estimated,1983,889448202,17.0,14.8,9,-2.2
estimated,1985,889448204,18.3,11.4,8,-6.9
estimated,1986,889448205,15.7,12.8,10,-2.9
estimated,1987,889448206,16.35,15.2,8,-1.1
estimated,1991,889448210,15.7,12.3,7,-3.4
estimated,1994,889448213,17.65,19.5,10,1.8
estimated,1998,889448217,17.0,12.7,10,-4.3
estimated,1999,889448218,17.65,13.6,8,-4.0
estimated,2000,889448219,18.3,13.2,8,-5.1
estimated,2001,889448220,15.7,14.2,7,-1.5
estimated,2003,889448222,17.0,13.5,7,-3.5
estimated,2005,889448224,18.3,14.4,12,-3.9
estimated,2006,889448225,15.7,14.8,9,-0.9
estimated,2007,889448226,16.35,14.4,8,-2.0
estimated,2009,889448228,17.65,12.7,8,-5.0
estimated,2011,889448230,15.7,12.8,8,-2.9
estimated,2012,889448231,16.35,16.6,8,0.2
estimated,2013,889448232,17.0,14.9,8,-2.1
estimated,2014,889448233,17.65,12.8,8,-4.8
estimated,2015,889448234,18.3,13.1,8,-5.2
estimated,2016,889448235,15.7,12.2,9,-3.5
estimated,2017,889448236,16.35,12.4,9,-4.0
estimated,2018,889448237,17.0,12.6,8,-4.4
estimated,2019,889448238,17.65,13.1,9,-4.5
estimated,2020,889448239,18.3,11.8,8,-6.5
estimated,2021,889448240,15.7,14.0,9,-1.7
estimated,2022,889448241,16.35,13.9,9,-2.5
estimated,2023,889448242,17.0,13.2,9,-3.8
estimated,2024,889448243,17.65,13.1,8,-4.5
estimated,2025,889448244,18.3,14.3,11,-4.0
estimated,2026,889448245,15.7,15.0,11,-0.7
estimated,2027,889448246,16.35,14.2,10,-2.2
estimated,2028,889448247,17.0,13.2,8,-3.8
estimated,2029,889448248,17.65,14.8,9,-2.9
estimated,2030,889448249,18.3,14.6,8,-3.7
estimated,2031,889448250,15.7,16.7,7,1.0
estimated,2032,889448251,16.35,11.4,9,-4.9
estimated,2042,891520974,18.3,21.5,19,3.2
estimated,2044,891520976,16.35,13.8,12,-2.5
estimated,2045,900287988,17.65,9.3,9,-8.4
estimated,2046,900287989,18.3,6.8,13,-11.5
estimated,2047,900287990,15.7,5.7,13,-10.0
estimated,2048,900287992,12.0,6.8,10,-5.2
estimated,2049,900287993,12.65,9.7,6,-2.9
estimated,2050,900287994,18.3,10.5,13,-7.8
estimated,2051,900287995,15.7,5.7,9,-10.0
estimated,2052,900287996,16.35,6.3,17,-10.1
estimated,2053,900802285,10.7,13.4,6,2.7
estimated,2054,907280318,24.65,7.7,45,-17.0
estimated,2055,907280319,18.3,6.3,24,-12.0
estimated,2056,907280822,24.0,17.3,43,-6.7
estimated,2057,907285040,15.7,5.4,21,-10.3
estimated,2058,907749117,17.0,16.6,26,-0.4
estimated,2059,907749161,11.35,9.7,5,-1.6
estimated,2060,907749170,10.7,5.5,8,-5.2
estimated,2061,907923127,17.0,17.8,27,0.8
estimated,2062,907923129,18.3,11.7,30,-6.6
estimated,2063,907923131,16.35,11.5,17,-4.8
estimated,2084,952517299,13.3,8.8,7,-4.5
estimated,2086,960137654,13.3,10.9,4,-2.4
estimated,2087,987255741,16.35,8.3,10,-8.1
estimated,2088,987255769,18.3,16.7,19,-1.6
estimated,2089,987255770,15.7,36.0,23,20.3
estimated,2091,1003660713,12.65,6.0,7,-6.6
estimated,2092,1007850435,22.7,8.0,39,-14.7
estimated,2094,1016426032,17.0,17.5,12,0.5
estimated,2095,1019040791,23.35,8.8,56,-14.6
estimated,2096,1019040792,17.0,11.4,13,-5.6
estimated,2097,1019040793,17.65,17.6,8,-0.1
estimated,2103,1023619542,17.0,10.4,17,-6.6
estimated,2107,1040430702,17.0,6.9,9,-10.1
estimated,2109,1040431167,12.0,8.1,6,-3.9
estimated,2111,1040432877,12.0,9.9,7,-2.1
estimated,2112,1040432992,12.0,17.1,6,5.1
estimated,2115,1040801372,12.0,8.3,4,-3.7
estimated,2116,1040801373,17.65,9.7,15,-7.9
estimated,2118,1040801375,15.7,11.1,21,-4.6
estimated,2120,1040801380,15.7,10.7,24,-5.0
estimated,2121,1040801381,16.35,9.4,27,-7.0
estimated,2122,1040801389,18.3,10.9,8,-7.4
estimated,2124,1041007878,12.65,4.9,5,-7.8
estimated,2129,1041007883,17.65,5.5,19,-12.1
estimated,2133,1041007923,17.65,7.1,17,-10.5
estimated,2134,1041007927,12.0,10.8,4,-1.2
estimated,2138,1041007931,11.35,6.7,4,-4.6
estimated,2158,1041007951,11.35,8.3,4,-3.1
estimated,2164,1041007957,12.0,6.3,5,-5.7
estimated,2170,1041007963,8.15,6.6,4,-1.6
estimated,2179,1041007972,12.0,6.7,5,-5.3
estimated,2181,1041007974,13.3,10.8,5,-2.5
estimated,2182,1041007975,10.7,11.9,5,1.2
estimated,2183,1041007976,11.35,6.9,5,-4.5
estimated,2184,1041007977,12.0,4.8,5,-7.2
estimated,2185,1041007978,12.65,4.1,6,-8.5
estimated,2186,1041007979,13.3,3.5,6,-9.8
estimated,2187,1041007980,10.7,9.7,5,-1.0
estimated,2188,1041007981,11.35,9.4,5,-2.0
estimated,2193,1041007986,11.35,7.0,4,-4.4
estimated,2195,1041007988,17.65,7.2,10,-10.4
estimated,2208,1041008001,11.35,5.6,5,-5.8
estimated,2210,1041008003,12.65,5.5,5,-7.2
estimated,2211,1041008004,13.3,8.3,5,-5.0
estimated,2212,1041008005,10.7,6.6,9,-4.1
estimated,2217,1041008010,10.7,6.7,5,-4.0
estimated,2223,1041008016,6.85,7.4,4,0.6
estimated,2225,1041008018,12.65,8.2,8,-4.5
estimated,2226,1041008053,17.65,7.4,8,-10.2
estimated,2227,1041008054,18.3,7.0,12,-11.3
estimated,2233,1041008060,10.7,12.8,4,2.1
estimated,2234,1041008061,11.35,14.7,4,3.4
estimated,2235,1041008062,12.0,10.9,5,-1.1
estimated,2236,1041008063,12.65,9.7,4,-3.0
estimated,2238,1041008065,10.7,16.5,8,5.8
estimated,2244,1041008071,11.35,10.7,6,-0.7
estimated,2252,1041008079,18.3,5.3,12,-13.0
estimated,2254,1041008082,12.0,8.5,10,-3.5
estimated,2262,1041008090,10.7,11.4,5,0.7
estimated,2264,1041008092,17.0,9.8,7,-7.2
estimated,2265,1041008093,8.15,8.3,4,0.2
estimated,2267,1041008095,15.7,9.8,15,-5.9
estimated,2292,1041008196,11.35,39.1,5,27.8
estimated,2293,1041008197,12.0,43.9,5,31.9
estimated,2296,1041008200,10.7,54.1,4,43.4
estimated,2297,1041008201,11.35,51.7,4,40.3
estimated,2300,1041008204,13.3,55.7,8,42.4
estimated,2306,1041008210,10.7,23.0,4,12.3
estimated,2307,1041008211,16.35,11.3,12,-5.0
estimated,2308,1041008212,12.0,10.1,8,-1.9
estimated,2310,1041008214,13.3,9.7,6,-3.6
estimated,2311,1041008215,15.7,9.6,15,-6.1
estimated,2313,1041008218,12.65,17.0,9,4.3
estimated,2314,1041008219,13.3,20.9,5,7.6
estimated,2317,1041008222,17.0,4.8,21,-12.2
estimated,2319,1041008224,18.3,4.9,15,-13.4
estimated,2322,1041008227,12.0,5.3,7,-6.7
estimated,2323,1041008228,12.65,6.1,7,-6.6
estimated,2324,1041008229,18.3,6.4,15,-11.9
estimated,2325,1041008231,16.35,15.1,23,-1.3
estimated,2327,1041008236,16.35,11.9,26,-4.5
estimated,2328,1041008237,17.0,12.5,22,-4.5
estimated,2329,1041008238,12.65,9.5,6,-3.1
estimated,2331,1041008300,22.7,8.3,48,-14.4
estimated,2334,1041009955,10.7,5.1,4,-5.6
estimated,2336,1041009957,17.0,10.9,21,-6.1
estimated,2338,1041009959,13.3,6.3,8,-7.0
estimated,2339,1041009960,10.7,5.1,4,-5.6
estimated,2344,1041009965,10.7,6.1,7,-4.6
estimated,2346,1041009967,17.0,10.2,12,-6.8
estimated,2348,1041009969,13.3,6.1,4,-7.2
estimated,2349,1041009970,15.7,7.2,18,-8.5
estimated,2350,1041009972,24.0,9.1,53,-14.9
estimated,2351,1041009973,24.65,10.0,59,-14.7
estimated,2352,1041009974,18.3,8.4,35,-9.9
estimated,2353,1041009975,10.7,14.7,6,4.0
estimated,2365,1041010647,12.0,5.8,4,-6.2
estimated,2366,1041010648,12.65,4.6,5,-8.0
estimated,2368,1041010713,17.65,6.6,29,-11.1
estimated,2369,1041010714,18.3,8.0,26,-10.3
estimated,2370,1041010715,15.7,7.0,28,-8.7
estimated,2371,1041011628,17.65,5.4,15,-12.2
estimated,2376,1041012110,15.7,7.2,14,-8.5
estimated,2377,1041012615,15.7,4.7,30,-11.0
estimated,2404,1041012955,10.7,5.7,4,-5.0
estimated,2423,1041015761,11.35,7.8,9,-3.5
estimated,2424,1041016577,12.0,5.1,8,-6.9
estimated,2425,1041016578,17.65,8.5,10,-9.1
estimated,2426,1041016625,10.7,8.6,11,-2.1
estimated,2427,1041017443,17.65,9.4,14,-8.2
estimated,2428,1041017444,13.3,8.5,6,-4.8
estimated,2429,1041017539,13.3,8.6,8,-4.7
estimated,2430,1041017577,7.5,6.8,4,-0.7
estimated,2431,1041018087,12.0,7.9,4,-4.1
estimated,2432,1041018088,17.65,9.0,7,-8.7
estimated,2435,1041018123,17.65,6.8,21,-10.8
estimated,2437,1041018237,12.0,6.4,6,-5.6
estimated,2438,1041018238,12.65,6.3,8,-6.3
estimated,2439,1041019296,11.35,7.6,4,-3.8
estimated,2440,1041019643,12.65,4.3,4,-8.3
estimated,2442,1041019670,15.7,6.5,14,-9.2
estimated,2445,1041019814,13.3,6.5,8,-6.8
estimated,2446,1041019815,10.7,6.4,11,-4.3
estimated,2448,1041019817,12.0,6.2,5,-5.8
estimated,2449,1041020214,13.3,4.5,9,-8.8
estimated,2450,1041021773,12.65,3.5,5,-9.2
estimated,2451,1041021774,13.3,4.7,6,-8.6
estimated,2452,1041025305,10.7,7.1,4,-3.6
estimated,2453,1041025306,11.35,15.5,4,4.2
estimated,2454,1041025307,12.0,19.5,7,7.5
estimated,2455,1041025308,12.65,10.7,10,-2.0
estimated,2456,1041025309,13.3,4.6,7,-8.7
estimated,2459,1041027592,17.0,5.8,12,-11.2
estimated,2460,1041027593,17.65,6.1,11,-11.5
estimated,2461,1041027594,13.3,5.7,7,-7.6
estimated,2462,1041027595,10.7,5.5,6,-5.2
estimated,2463,1041027596,16.35,5.3,32,-11.1
estimated,2464,1041027597,12.0,9.8,8,-2.2
estimated,2465,1041027598,17.65,7.6,13,-10.0
estimated,2466,1041027599,18.3,8.0,19,-10.3
estimated,2467,1041027600,10.7,5.8,5,-4.9
estimated,2468,1041027601,11.35,6.2,5,-5.2
estimated,2469,1041027602,17.0,5.2,10,-11.8
estimated,2471,1041027604,13.3,8.6,5,-4.7
estimated,2474,1041027607,12.0,8.1,4,-3.9
estimated,2475,1041027608,12.65,8.7,7,-4.0
estimated,2476,1041027609,13.3,7.9,6,-5.4
estimated,2477,1041027610,10.7,8.2,4,-2.5
estimated,2478,1041027611,11.35,12.5,5,1.2
estimated,2481,1041027614,13.3,8.6,9,-4.7
estimated,2482,1041027615,10.7,11.4,8,0.7
estimated,2485,1041027618,12.65,16.1,4,3.5
estimated,2486,1041027619,13.3,13.5,4,0.2
estimated,2487,1041027620,10.7,10.5,9,-0.2
estimated,2488,1041027621,16.35,8.4,11,-8.0
estimated,2489,1041027622,17.0,14.6,34,-2.4
estimated,2490,1041027623,12.65,8.8,9,-3.8
estimated,2491,1041027624,18.3,19.5,34,1.2
estimated,2493,1041027626,16.35,15.2,14,-1.2
estimated,2494,1041027627,24.0,13.4,49,-10.6
estimated,2495,1041027628,17.65,14.8,15,-2.9
estimated,2497,1041027630,15.7,12.2,19,-3.5
estimated,2498,1041027631,16.35,16.0,27,-0.3
estimated,2501,1041027634,18.3,8.7,9,-9.6
estimated,2505,1041027639,13.3,12.3,5,-1.0
estimated,2507,1041027641,6.85,8.6,4,1.8
estimated,2511,1041027645,15.7,9.5,15,-6.2
estimated,2512,1041027646,11.35,8.0,7,-3.4
estimated,2515,1041027649,18.3,9.0,18,-9.3
estimated,2525,1041027659,13.3,6.1,4,-7.2
estimated,2527,1041027661,11.35,6.8,9,-4.6
estimated,2532,1041027666,11.35,5.2,5,-6.2
estimated,2550,1041027684,13.3,9.4,4,-3.9
estimated,2551,1041027685,6.2,6.9,4,0.7
estimated,2557,1041027691,11.35,6.2,4,-5.2
estimated,2560,1041027694,13.3,8.1,11,-5.2
estimated,2561,1041027695,10.7,5.5,4,-5.2
estimated,2562,1041027696,11.35,5.8,5,-5.6
estimated,2563,1041027697,12.0,4.5,6,-7.5
estimated,2566,1041027700,10.7,5.7,4,-5.0
estimated,2586,1041027720,15.7,11.4,12,-4.3
estimated,2588,1041027722,12.0,7.6,5,-4.4
estimated,2591,1041027725,10.7,7.2,5,-3.5
estimated,2594,1041027728,12.65,9.1,10,-3.6
estimated,2595,1041027729,13.3,9.3,4,-4.0
estimated,2599,1041027733,12.65,13.5,6,0.9
estimated,2604,1041027738,12.65,4.8,5,-7.9
estimated,2605,1041027739,18.3,7.6,10,-10.7
estimated,2606,1041027740,10.7,5.1,5,-5.6
estimated,2607,1041027741,11.35,6.7,9,-4.7
estimated,2609,1041027743,17.65,10.3,9,-7.4
estimated,2611,1041027745,10.7,5.4,6,-5.3
estimated,2612,1041027746,16.35,9.7,7,-6.6
estimated,2613,1041027747,17.0,8.7,7,-8.3
estimated,2619,1041027753,12.65,8.8,4,-3.9
estimated,2623,1041027757,12.0,7.1,5,-4.9
estimated,2624,1041027758,12.65,7.7,8,-4.9
estimated,2626,1041027760,10.7,9.8,5,-0.9
estimated,2627,1041027761,11.35,9.7,6,-1.7
estimated,2628,1041027762,12.0,10.4,5,-1.6
estimated,2629,1041027763,17.65,9.9,22,-7.7
estimated,2630,1041027764,18.3,9.9,14,-8.4
estimated,2634,1041027768,12.65,6.6,4,-6.1
estimated,2638,1041027772,17.0,8.2,7,-8.8
estimated,2640,1041027774,18.3,8.8,11,-9.5
estimated,2641,1041027775,10.7,9.3,4,-1.4
estimated,2642,1041027776,11.35,9.6,10,-1.8
estimated,2644,1041027778,12.65,9.2,4,-3.5
estimated,2646,1041027780,15.7,7.4,7,-8.3
estimated,2648,1041027782,12.0,5.8,8,-6.2
estimated,2649,1041027783,12.65,6.7,8,-5.9
estimated,2650,1041027784,13.3,8.6,10,-4.7
estimated,2651,1041027785,10.7,9.5,8,-1.2
estimated,2652,1041027786,6.85,11.7,6,4.9
estimated,2654,1041027788,12.65,6.1,6,-6.6
estimated,2655,1041027789,18.3,6.8,13,-11.5
estimated,2656,1041027790,15.7,8.2,11,-7.5
estimated,2658,1041027792,12.0,5.6,6,-6.4
estimated,2661,1041027795,10.7,6.0,8,-4.7
estimated,2662,1041027796,11.35,4.9,5,-6.4
estimated,2663,1041027797,17.0,6.8,15,-10.2
estimated,2666,1041027800,10.7,6.9,7,-3.8
estimated,2667,1041027801,11.35,7.0,6,-4.4
estimated,2668,1041027802,17.0,6.9,20,-10.1
estimated,2669,1041027803,12.65,5.2,7,-7.5
estimated,2670,1041027804,13.3,6.2,9,-7.1
estimated,2671,1041027805,10.7,4.8,8,-5.9
estimated,2674,1041027808,12.65,4.8,4,-7.8
estimated,2675,1041027809,13.3,5.1,6,-8.2
estimated,2681,1041027815,10.7,8.3,4,-2.4
estimated,2682,1041027816,16.35,8.0,10,-8.4
estimated,2683,1041027817,12.0,10.6,5,-1.4
estimated,2684,1041027818,12.65,14.2,4,1.5
estimated,2686,1041027820,15.7,8.7,11,-7.0
estimated,2688,1041027823,12.65,4.9,4,-7.8
estimated,2691,1041027826,16.35,6.3,11,-10.0
estimated,2692,1041027827,17.0,5.4,13,-11.6
estimated,2694,1041027829,13.3,6.2,7,-7.1
estimated,2699,1041027834,13.3,7.1,5,-6.2
estimated,2700,1041027835,10.7,6.2,5,-4.5
estimated,2701,1041027836,16.35,7.7,23,-8.6
estimated,2702,1041027837,12.0,5.1,4,-6.9
estimated,2704,1041027839,13.3,4.9,5,-8.4
estimated,2706,1041027841,16.35,7.2,23,-9.2
estimated,2707,1041027842,12.0,4.9,4,-7.1
estimated,2708,1041027843,17.65,5.0,16,-12.7
estimated,2709,1041027844,18.3,5.3,20,-13.0
estimated,2712,1041028145,15.7,7.7,11,-8.0
estimated,2718,1041028151,16.35,6.1,6,-10.3
estimated,2719,1041028152,12.0,17.4,4,5.4
estimated,2720,1041028153,12.65,13.8,6,1.2
estimated,2721,1041028154,18.3,7.8,14,-10.5
estimated,2722,1041028155,6.2,9.9,5,3.7
estimated,2723,1041028156,11.35,14.7,4,3.4
estimated,2725,1041028158,12.65,10.0,5,-2.7
estimated,2726,1041028159,13.3,11.4,6,-1.9
estimated,2730,1041028163,8.15,5.4,4,-2.7
estimated,2731,1041028164,13.3,6.5,6,-6.8
estimated,2733,1041028166,11.35,7.1,5,-4.3
estimated,2735,1041028168,12.65,5.6,6,-7.1
estimated,2736,1041028169,13.3,5.4,6,-7.9
estimated,2737,1041028170,10.7,7.3,4,-3.4
estimated,2739,1041028172,12.0,8.8,6,-3.2
estimated,2742,1041031895,10.7,14.1,7,3.4
estimated,2746,1041082222,12.0,9.8,6,-2.2
estimated,2747,1041082223,12.65,11.0,5,-1.7
estimated,2748,1041082224,18.3,11.8,17,-6.5
estimated,2749,1041082225,22.7,11.4,52,-11.3
estimated,2752,1041082228,17.65,7.3,11,-10.3
estimated,2753,1041082229,13.3,7.3,5,-6.0
estimated,2754,1041082230,10.7,11.3,5,0.6
estimated,2758,1041082234,18.3,12.3,28,-6.0
estimated,2759,1041082235,15.7,11.7,10,-4.0
estimated,2760,1041082236,16.35,8.5,12,-7.8
estimated,2761,1041082237,12.0,10.2,7,-1.8
estimated,2762,1041082238,12.65,8.4,9,-4.3
estimated,2763,1041082239,13.3,10.6,5,-2.7
estimated,2765,1041082241,11.35,12.5,4,1.1
estimated,2769,1041082245,15.7,11.4,28,-4.3
estimated,2773,1041082249,13.3,12.2,6,-1.1
estimated,2777,1041082253,12.65,10.8,7,-1.8
estimated,2779,1041082255,15.7,8.7,10,-7.0
estimated,2780,1041082256,16.35,10.5,11,-5.9
estimated,2781,1041082257,12.0,8.0,9,-4.0
estimated,2782,1041082258,12.65,9.6,7,-3.0
estimated,2783,1041082259,13.3,6.5,5,-6.8
estimated,2784,1041082260,15.7,5.8,19,-9.9
estimated,2791,1041082267,17.0,7.7,17,-9.3
estimated,2792,1041082268,12.65,11.4,6,-1.2
estimated,2793,1041082269,18.3,7.5,6,-10.8
estimated,2794,1041082270,15.7,8.2,16,-7.5
estimated,2796,1041082272,17.0,7.2,10,-9.8
estimated,2797,1041089256,11.35,11.4,5,0.1
estimated,2800,1041089259,18.3,10.9,10,-7.4
estimated,2801,1041089260,22.7,85.6,106,62.9
estimated,2804,1041089265,15.7,7.9,22,-7.8
estimated,2806,1041089267,12.0,8.1,5,-3.9
estimated,2807,1041089268,12.65,8.8,4,-3.8
estimated,2808,1041089269,18.3,14.7,26,-3.6
estimated,2810,1041089271,16.35,13.2,8,-3.2
estimated,2811,1041089272,17.0,10.3,16,-6.7
estimated,2812,1041089273,17.65,13.8,14,-3.8
estimated,2814,1041089275,10.7,9.0,12,-1.7
estimated,2815,1041089276,16.35,7.1,17,-9.2
estimated,2816,1041089277,17.0,5.7,20,-11.3
estimated,2817,1041089278,12.65,4.1,4,-8.5
estimated,2819,1041089280,15.7,5.8,7,-9.9
estimated,2820,1041089281,11.35,5.1,6,-6.3
estimated,2821,1041089282,17.0,9.5,14,-7.5
estimated,2824,1041089285,10.7,5.9,4,-4.8
estimated,2826,1041089287,12.0,6.0,7,-6.0
estimated,2827,1041089288,17.65,7.0,8,-10.6
estimated,2828,1041089289,13.3,6.7,8,-6.6
estimated,2829,1041089290,10.7,7.3,9,-3.4
estimated,2830,1041089291,16.35,8.6,34,-7.8
estimated,2831,1041089292,12.0,9.4,6,-2.6
estimated,2832,1041089293,17.65,8.3,36,-9.3
estimated,2836,1041089297,12.0,10.5,6,-1.5
estimated,2837,1041089298,12.65,7.6,7,-5.1
estimated,2838,1041089299,13.3,7.6,4,-5.7
estimated,2843,1041089304,18.3,8.2,17,-10.1
estimated,2845,1041089306,16.35,6.6,26,-9.8
estimated,2846,1041089307,12.0,12.7,6,0.7
estimated,2849,1041089310,10.7,7.7,4,-3.0
estimated,2850,1041089311,11.35,12.9,8,1.6
estimated,2851,1041089312,17.0,15.6,23,-1.4
estimated,2853,1041089314,13.3,12.8,6,-0.5
estimated,2857,1041089318,12.65,15.5,10,2.9
estimated,2858,1041089319,18.3,18.1,10,-0.2
estimated,2859,1041089320,15.7,19.4,18,3.7
estimated,2862,1041089323,17.65,11.4,9,-6.2
estimated,2863,1041091450,22.7,10.1,38,-12.6
estimated,2864,1041091451,16.35,13.0,42,-3.4
estimated,2865,1041091452,24.0,13.8,29,-10.2
estimated,2866,1041091453,24.65,12.6,31,-12.0
estimated,2867,1041091454,25.3,11.4,50,-13.9
estimated,2868,1041091455,22.7,10.9,41,-11.8
estimated,2869,1041091458,17.65,16.0,21,-1.6
estimated,2870,1041091459,18.3,19.0,37,0.7
estimated,2871,1041091460,22.7,12.5,43,-10.2
estimated,2872,1041091461,23.35,14.7,46,-8.7
estimated,2874,1041091463,17.65,6.5,11,-11.2
estimated,2875,1041091464,13.3,10.1,7,-3.2
estimated,2876,1041091465,15.7,10.3,11,-5.4
estimated,2877,1041091466,11.35,9.0,5,-2.3
estimated,2878,1041091467,12.0,6.5,7,-5.5
estimated,2879,1041096993,12.65,11.8,8,-0.9
estimated,2880,1041096994,13.3,7.7,7,-5.6
estimated,2881,1041096995,10.7,6.9,5,-3.8
estimated,2883,1041096998,17.65,5.9,12,-11.7
estimated,2885,1041097003,17.65,8.7,20,-8.9
estimated,2886,1041097004,18.3,15.8,25,-2.5
estimated,2887,1041110646,11.35,8.1,6,-3.2
estimated,2888,1041110651,11.35,7.8,6,-3.6
estimated,2889,1041110652,12.0,7.2,7,-4.8
estimated,2892,1041110656,16.35,6.5,11,-9.8
estimated,2893,1041110657,12.0,4.7,8,-7.3
estimated,2894,1041110658,17.65,11.0,12,-6.7
estimated,2895,1041110659,13.3,10.2,5,-3.1
estimated,2897,1041110661,16.35,5.3,10,-11.0
estimated,2898,1041110662,12.0,11.9,11,-0.1
estimated,2899,1041110663,12.65,10.5,4,-2.1
estimated,2901,1041110665,10.7,7.3,7,-3.4
estimated,2905,1041110669,18.3,8.0,9,-10.3
estimated,2910,1041110674,18.3,6.9,9,-11.4
estimated,2912,1041110676,11.35,5.5,7,-5.8
estimated,2913,1041110677,17.0,12.5,30,-4.5
estimated,2915,1041110679,13.3,6.3,5,-7.0
estimated,2920,1041110684,18.3,5.3,9,-13.0
estimated,2921,1041110685,15.7,8.3,10,-7.4
estimated,2922,1041110686,16.35,5.5,6,-10.8
estimated,2923,1041110687,12.0,3.9,9,-8.1
estimated,2924,1041110688,17.65,5.7,14,-12.0
estimated,2925,1041110689,18.3,3.2,8,-15.1
estimated,2926,1041110690,15.7,4.9,8,-10.8
estimated,2929,1041110693,17.65,7.2,11,-10.4
estimated,2930,1041110694,13.3,6.9,7,-6.4
estimated,2933,1041110697,12.0,5.5,10,-6.5
estimated,2934,1041110698,12.65,6.7,12,-6.0
estimated,2935,1041110699,13.3,6.9,6,-6.4
estimated,2936,1041110700,10.7,10.1,9,-0.6
estimated,2937,1041110701,11.35,7.2,6,-4.1
estimated,2938,1041110702,12.0,6.0,10,-6.0
estimated,2939,1041110703,17.65,5.4,8,-12.3
estimated,2940,1041110704,18.3,5.7,9,-12.6
estimated,2941,1041110705,10.7,8.3,9,-2.4
estimated,2942,1041112849,13.3,10.5,6,-2.8
estimated,2943,1041112850,10.7,7.4,7,-3.3
estimated,2944,1041112851,11.35,7.1,4,-4.3
estimated,2945,1041112852,17.0,7.8,14,-9.2
estimated,2946,1041112853,17.65,8.3,13,-9.4
estimated,2947,1041112854,13.3,8.7,6,-4.6
estimated,2948,1041112855,10.7,5.4,6,-5.3
estimated,2949,1041112856,16.35,10.3,18,-6.1
estimated,2950,1041123092,12.0,7.6,12,-4.4
estimated,2952,1041123094,18.3,3.9,12,-14.4
estimated,2956,1041123099,18.3,8.0,20,-10.3
estimated,2957,1041123100,10.7,15.2,4,4.5
estimated,2958,1041123101,16.35,5.9,13,-10.4
estimated,2960,1041123103,12.65,4.7,5,-7.9
estimated,2961,1041123104,18.3,6.8,8,-11.5
estimated,2962,1041123105,10.7,5.3,8,-5.4
estimated,2963,1041123106,16.35,5.9,11,-10.4
estimated,2964,1041123107,12.0,5.5,9,-6.5
estimated,2965,1041123108,17.65,14.5,26,-3.2
estimated,2966,1041123109,18.3,6.4,6,-11.9
estimated,2967,1041123110,15.7,6.3,8,-9.4
estimated,2968,1041123111,16.35,6.1,8,-10.2
estimated,2969,1041123112,17.0,5.0,15,-12.0
estimated,2974,1041123117,12.0,7.8,4,-4.2
estimated,2975,1041123118,17.65,4.9,7,-12.8
estimated,2976,1041125925,22.7,8.3,53,-14.4
estimated,2979,1041125931,11.35,7.9,4,-3.4
estimated,2980,1041125932,12.0,6.8,5,-5.2
estimated,2983,1041125935,10.7,9.2,5,-1.5
estimated,2986,1041125938,12.65,8.4,4,-4.2
estimated,2987,1041125939,13.3,8.5,6,-4.8
estimated,2988,1041125940,10.7,9.1,4,-1.6
estimated,2989,1041125941,11.35,7.2,6,-4.2
estimated,2990,1041125942,12.0,8.4,6,-3.6
estimated,2991,1041125943,12.65,9.3,7,-3.3
estimated,2992,1041125944,13.3,9.8,6,-3.5
estimated,2993,1041125945,10.7,7.1,6,-3.6
estimated,2994,1041125946,11.35,8.2,6,-3.2
estimated,2995,1041125947,12.0,9.5,6,-2.5
estimated,2996,1041125948,12.65,8.8,5,-3.8
estimated,2998,1041125950,10.7,7.0,5,-3.7
estimated,3000,1041125952,12.0,7.4,4,-4.6
estimated,3001,1041125953,12.65,8.4,4,-4.3
estimated,3002,1041125954,13.3,8.6,5,-4.7
estimated,3003,1041125955,10.7,6.0,4,-4.7
estimated,3004,1041125956,11.35,6.9,4,-4.4
estimated,3005,1041125957,12.0,6.9,4,-5.1
estimated,3006,1041125958,12.65,7.2,4,-5.5
estimated,3007,1041125959,13.3,7.5,5,-5.8
estimated,3009,1041125961,16.35,6.7,13,-9.6
estimated,3010,1041125962,17.0,7.6,17,-9.4
estimated,3011,1041125963,12.65,5.9,5,-6.7
estimated,3012,1041125964,18.3,6.8,7,-11.5
estimated,3013,1041125968,12.65,12.5,7,-0.2
estimated,3014,1041125969,13.3,5.1,7,-8.2
estimated,3015,1041125970,15.7,6.4,27,-9.3
estimated,3016,1041125971,16.35,13.4,18,-2.9
estimated,3017,1041125972,17.0,9.5,9,-7.5
estimated,3019,1041125974,13.3,6.2,4,-7.1
estimated,3020,1041125975,10.7,4.5,7,-6.2
estimated,3021,1041125976,16.35,13.0,21,-3.3
estimated,3022,1041125977,12.0,9.8,6,-2.2
estimated,3023,1041127272,17.0,6.4,8,-10.6
estimated,3024,1041127273,17.65,7.2,8,-10.4
estimated,3029,1041128804,18.3,16.8,11,-1.5
estimated,3030,1041128805,15.7,5.9,16,-9.8
estimated,3031,1041128806,11.35,6.1,8,-5.2
estimated,3032,1041128807,17.0,5.7,12,-11.3
estimated,3034,1041128809,13.3,7.9,4,-5.4
estimated,3035,1041144687,24.0,35.5,43,11.5
estimated,3048,1042098084,13.3,9.0,4,-4.3
estimated,3051,1042098087,12.0,11.2,4,-0.8
estimated,3056,1042098092,12.0,7.5,4,-4.5
estimated,3058,1042098094,13.3,7.2,4,-6.1
estimated,3060,1042098499,13.3,5.9,4,-7.4
estimated,3064,1042098503,12.65,7.1,7,-5.5
estimated,3065,1042100390,10.7,10.8,6,0.1
estimated,3068,1042100393,17.65,32.6,12,15.0
estimated,3069,1042100394,18.3,22.6,17,4.3
estimated,3071,1042100396,11.35,8.4,4,-2.9
estimated,3072,1042100397,12.0,8.1,4,-3.9
estimated,3073,1042105097,12.0,12.8,9,0.8
estimated,3075,1042105099,18.3,9.2,24,-9.1
estimated,3076,1042105100,15.7,9.5,18,-6.2
estimated,3081,1042106366,11.35,6.6,8,-4.8
estimated,3082,1042106367,12.0,11.7,9,-0.3
estimated,3083,1042106368,12.65,9.1,8,-3.5
estimated,3084,1042106369,18.3,7.4,7,-10.9
estimated,3085,1042106370,15.7,19.3,8,3.6
estimated,3087,1042106372,12.0,14.1,8,2.1
estimated,3091,1042106376,16.35,8.2,16,-8.2
estimated,3093,1042106378,24.65,9.4,77,-15.3
estimated,3095,1042106558,12.65,7.4,7,-5.2
estimated,3096,1042106559,13.3,7.7,5,-5.6
estimated,3097,1042106560,10.7,6.3,10,-4.4
estimated,3098,1042106561,11.35,9.2,8,-2.2
estimated,3099,1042106562,12.0,6.4,8,-5.6
estimated,3107,1042111674,18.3,9.3,18,-9.0
estimated,3108,1042111675,15.7,7.1,31,-8.6
estimated,3109,1042111954,18.3,6.3,32,-12.0
estimated,3113,1042111958,12.65,6.9,4,-5.8
estimated,3116,1042113415,15.7,24.0,13,8.3
estimated,3119,1042113418,12.65,11.9,4,-0.8
estimated,3120,1042113419,13.3,7.5,4,-5.8
estimated,3124,1042126275,15.7,20.2,12,4.5
estimated,3127,1042126279,13.3,7.1,4,-6.2
estimated,3129,1042131223,17.65,9.8,7,-7.8
estimated,3131,1042131225,15.7,12.3,10,-3.4
estimated,3133,1042131227,24.0,12.0,77,-12.0
estimated,3134,1042131228,24.65,14.8,45,-9.8
estimated,3138,1042131232,12.0,14.1,5,2.1
estimated,3141,1042131235,10.7,6.4,7,-4.3
estimated,3142,1042131236,11.35,8.3,6,-3.1
estimated,3144,1042131238,12.65,15.6,4,2.9
estimated,3146,1042131240,15.7,16.5,8,0.8
estimated,3147,1042131241,11.35,10.5,5,-0.9
estimated,3149,1042131243,12.65,8.5,5,-4.1
estimated,3150,1042131244,18.3,10.0,10,-8.3
estimated,3151,1042131245,15.7,6.3,22,-9.4
estimated,3154,1042131248,17.65,12.1,15,-5.6
estimated,3158,1042131254,18.3,13.9,15,-4.4
estimated,3160,1042131256,11.35,6.5,5,-4.8
estimated,3161,1042131257,12.0,13.0,10,1.0
estimated,3164,1042131260,10.7,5.7,4,-5.0
estimated,3165,1042131261,11.35,5.5,4,-5.8
estimated,3166,1042131262,12.0,6.1,8,-5.9
estimated,3169,1042131265,10.7,11.0,5,0.3
estimated,3170,1042131266,16.35,17.2,9,0.9
estimated,3171,1042131267,17.0,14.8,18,-2.2
estimated,3174,1042131270,15.7,9.2,18,-6.5
estimated,3178,1042131274,13.3,4.7,4,-8.6
estimated,3180,1042131276,11.35,4.4,7,-7.0
estimated,3187,1042131283,12.65,5.2,5,-7.4
estimated,3188,1042131284,13.3,5.3,11,-8.0
estimated,3189,1042131285,10.7,4.6,5,-6.1
estimated,3191,1042131287,7.5,4.0,4,-3.5
estimated,3193,1042131289,13.3,3.8,8,-9.5
estimated,3198,1042131294,13.3,5.1,8,-8.2
estimated,3199,1042131295,10.7,5.7,8,-5.0
estimated,3200,1042131296,11.35,5.4,5,-6.0
estimated,3201,1042131297,17.0,6.2,10,-10.8
estimated,3202,1042131298,12.65,7.4,8,-5.2
estimated,3204,1042131300,10.7,11.4,5,0.7
estimated,3207,1042131303,12.65,13.6,5,1.0
estimated,3209,1042131305,15.7,11.3,9,-4.4
estimated,3210,1042131306,16.35,16.6,29,0.3
estimated,3211,1042131307,17.0,14.4,21,-2.6
estimated,3213,1042131309,18.3,10.5,11,-7.8
estimated,3214,1042131310,15.7,12.0,8,-3.7
estimated,3216,1042131312,17.0,14.2,14,-2.8
estimated,3217,1042131313,17.65,13.7,7,-4.0
estimated,3221,1042131317,12.0,20.2,4,8.2
estimated,3223,1042131319,13.3,11.8,10,-1.5
estimated,3226,1042131322,12.0,7.7,9,-4.3
estimated,3230,1042131326,16.35,11.1,19,-5.2
estimated,3231,1042139173,17.65,6.2,8,-11.5
estimated,3234,1042139176,16.35,8.2,13,-8.2
estimated,3238,1042139180,15.7,6.4,7,-9.3
estimated,3243,1042139185,10.7,4.9,4,-5.8
estimated,3246,1042139188,12.65,7.7,9,-4.9
estimated,3248,1042139190,10.7,6.3,5,-4.4
estimated,3249,1042139191,11.35,5.5,5,-5.9
estimated,3255,1042139197,12.0,10.5,5,-1.5
estimated,3257,1042139199,13.3,5.8,6,-7.5
estimated,3258,1042139200,10.7,6.1,4,-4.6
estimated,3259,1042139201,11.35,5.4,4,-6.0
estimated,3260,1042139202,12.0,6.4,5,-5.6
estimated,3261,1042140510,10.7,4.0,6,-6.7
estimated,3262,1042140511,16.35,6.8,12,-9.5
estimated,3264,1042140514,18.3,8.0,7,-10.3
estimated,3265,1042140515,15.7,6.4,19,-9.3
estimated,3266,1042140516,11.35,5.8,4,-5.6
estimated,3267,1042140517,12.0,4.8,10,-7.2
estimated,3268,1042140518,12.65,6.9,9,-5.7
estimated,3269,1042140519,18.3,5.4,14,-12.9
estimated,3270,1042140520,15.7,4.2,21,-11.5
estimated,3280,1042144033,12.65,24.3,4,11.7
estimated,3284,1042144037,12.0,9.6,6,-2.4
estimated,3286,1042144039,13.3,6.8,6,-6.5
estimated,3287,1042144040,10.7,7.9,6,-2.8
estimated,3289,1042144042,12.0,7.5,4,-4.5
estimated,3292,1042144045,10.7,15.9,8,5.2
estimated,3296,1042144049,18.3,6.4,17,-11.9
estimated,3297,1042144050,15.7,6.5,15,-9.2
estimated,3298,1042144051,11.35,7.9,9,-3.4
estimated,3299,1042144052,17.0,6.8,14,-10.2
estimated,3301,1042144054,13.3,7.6,4,-5.7
estimated,3302,1042144055,10.7,6.3,4,-4.4
estimated,3304,1042144057,17.0,15.5,9,-1.5
estimated,3305,1042144058,12.65,23.7,5,11.1
estimated,3307,1042144060,10.7,7.1,11,-3.6
estimated,3314,1042144067,7.5,8.1,4,0.6
estimated,3315,1042144068,12.65,7.5,8,-5.2
estimated,3316,1042144069,18.3,5.5,8,-12.8
estimated,3317,1042144070,15.7,12.9,19,-2.8
estimated,3320,1042144073,12.65,10.0,5,-2.7
estimated,3323,1042144076,16.35,12.4,9,-3.9
estimated,3324,1042144077,12.0,11.0,4,-1.0
estimated,3328,1042144081,11.35,8.4,6,-2.9
estimated,3333,1042144086,11.35,7.4,6,-3.9
estimated,3334,1042144087,12.0,8.9,6,-3.1
estimated,3338,1042144091,11.35,8.2,6,-3.1
estimated,3339,1042144092,17.0,8.6,7,-8.4
estimated,3344,1042144097,12.0,13.8,7,1.8
estimated,3350,1042144103,12.65,10.5,6,-2.2
estimated,3351,1042144104,13.3,13.3,6,0.0
estimated,3354,1042144107,12.0,13.5,5,1.5
estimated,3356,1042144109,18.3,9.7,10,-8.6
estimated,3360,1042144113,12.65,7.7,5,-4.9
estimated,3361,1042144114,13.3,6.3,5,-7.0
estimated,3362,1042144115,10.7,9.4,4,-1.3
estimated,3363,1042144116,11.35,9.1,9,-2.3
estimated,3364,1042144117,12.0,10.9,4,-1.1
estimated,3365,1042144118,12.65,12.3,5,-0.3
estimated,3367,1042144120,10.7,11.2,5,0.5
estimated,3369,1042144122,12.0,10.3,4,-1.7
estimated,3370,1042144123,12.65,4.8,4,-7.8
estimated,3371,1042144124,13.3,9.7,7,-3.6
estimated,3372,1042145407,17.0,6.7,9,-10.3
estimated,3374,1042145409,13.3,5.4,4,-7.9
estimated,3375,1042145410,10.7,5.8,6,-4.9
estimated,3376,1042145411,11.35,6.7,6,-4.7
estimated,3377,1042145412,17.0,8.1,10,-8.9
estimated,3379,1042145414,13.3,5.7,4,-7.6
estimated,3380,1042145415,10.7,6.8,8,-3.9
estimated,3381,1042145416,11.35,7.1,7,-4.3
estimated,3382,1042145417,12.0,6.3,8,-5.7
estimated,3383,1042145418,12.65,5.6,7,-7.1
estimated,3384,1042145419,13.3,5.4,4,-7.9
estimated,3385,1042145420,10.7,5.4,5,-5.3
estimated,3386,1042145421,11.35,5.0,5,-6.4
estimated,3387,1042145422,12.0,6.0,7,-6.0
estimated,3389,1042145424,18.3,7.1,14,-11.2
estimated,3390,1042145425,10.7,7.6,7,-3.1
estimated,3391,1042145426,11.35,5.8,7,-5.5
estimated,3392,1042145427,12.0,6.0,10,-6.0
estimated,3393,1042145428,12.65,7.0,7,-5.7
estimated,3394,1042145429,13.3,7.0,8,-6.3
estimated,3395,1042145430,10.7,7.9,9,-2.8
estimated,3396,1042145431,11.35,7.0,9,-4.4
estimated,3397,1042145432,12.0,7.0,8,-5.0
estimated,3398,1042145433,12.65,7.8,6,-4.9
estimated,3399,1042145434,13.3,6.2,8,-7.1
estimated,3400,1042145435,10.7,5.1,5,-5.6
estimated,3401,1042145436,11.35,6.8,9,-4.6
estimated,3402,1042145437,12.0,7.8,6,-4.2
estimated,3403,1042145438,12.65,7.4,6,-5.3
estimated,3404,1042145439,13.3,7.0,7,-6.3
estimated,3405,1042145440,10.7,6.3,6,-4.4
estimated,3406,1042145441,11.35,7.1,7,-4.3
estimated,3407,1042145442,12.0,9.2,6,-2.8
estimated,3408,1042145443,12.65,7.1,7,-5.6
estimated,3409,1042145444,13.3,6.7,6,-6.6
estimated,3410,1042145445,10.7,6.7,6,-4.0
estimated,3411,1042145446,11.35,6.7,6,-4.6
estimated,3412,1042145447,12.0,6.6,4,-5.4
estimated,3413,1042145448,12.65,7.0,5,-5.6
estimated,3415,1042145451,16.35,5.9,22,-10.4
estimated,3416,1042145455,10.7,5.1,8,-5.6
estimated,3417,1042145456,16.35,5.9,9,-10.4
estimated,3418,1042161644,13.3,6.0,5,-7.3
estimated,3419,1042161656,16.35,6.2,6,-10.2
estimated,3421,1042161658,12.65,5.6,11,-7.0
estimated,3424,1042161661,11.35,4.9,6,-6.4
estimated,3425,1042161662,12.0,7.6,9,-4.4
estimated,3426,1042161663,17.65,5.2,7,-12.4
estimated,3428,1042161869,18.3,6.0,12,-12.3
estimated,3431,1042161911,16.35,4.7,9,-11.7
estimated,3432,1042161913,12.65,5.9,7,-6.8
estimated,3436,1042161917,12.0,5.2,8,-6.8
estimated,3437,1042161918,12.65,4.3,7,-8.3
estimated,3440,1042161921,16.35,7.6,10,-8.8
estimated,3441,1042165258,17.65,5.1,31,-12.5
estimated,3442,1042165259,13.3,6.1,7,-7.2
estimated,3443,1042165260,15.7,6.1,15,-9.6
estimated,3445,1042165262,12.0,8.0,5,-4.0
estimated,3449,1042165268,12.65,9.4,4,-3.2
estimated,3450,1042165269,13.3,6.5,4,-6.8
estimated,3453,1042165272,17.0,6.6,9,-10.4
estimated,3454,1042165273,17.65,7.7,16,-10.0
estimated,3456,1042165275,15.7,6.0,9,-9.7
estimated,3457,1042165276,16.35,7.5,10,-8.8
estimated,3458,1042165277,17.0,7.0,11,-10.0
estimated,3459,1042165278,12.65,7.5,5,-5.2
estimated,3460,1042165279,18.3,10.8,15,-7.5
estimated,3461,1042166337,17.0,8.1,15,-8.9
estimated,3463,1042166339,13.3,8.1,9,-5.2
estimated,3464,1042166340,10.7,8.2,6,-2.5
estimated,3471,1042166347,12.0,7.7,4,-4.3
estimated,3473,1042166349,13.3,4.6,6,-8.7
estimated,3474,1042166350,10.7,4.3,4,-6.4
estimated,3479,1042166355,15.7,6.8,11,-8.9
estimated,3480,1042166356,11.35,7.6,6,-3.8
estimated,3481,1042166357,12.0,7.0,6,-5.0
estimated,3482,1042166358,12.65,7.4,10,-5.3
estimated,3483,1042166359,13.3,7.7,11,-5.6
estimated,3486,1042166362,17.0,6.3,18,-10.7
estimated,3488,1042166364,13.3,7.3,4,-6.0
estimated,3489,1042166365,15.7,13.0,17,-2.7
estimated,3491,1042166367,17.0,9.0,13,-8.0
estimated,3494,1042166370,6.2,7.0,4,0.8
estimated,3497,1042166373,17.65,7.9,18,-9.7
estimated,3499,1042166375,10.7,7.9,7,-2.8
estimated,3500,1042166376,16.35,9.7,12,-6.7
estimated,3504,1042166380,10.7,10.5,10,-0.2
estimated,3505,1042166381,11.35,9.5,7,-1.9
estimated,3506,1042166382,17.0,10.8,17,-6.2
estimated,3508,1042166384,13.3,13.9,8,0.6
estimated,3509,1042166385,10.7,15.2,7,4.5
estimated,3511,1042166387,12.0,13.5,5,1.5
estimated,3512,1042166388,12.65,7.2,6,-5.4
estimated,3513,1042166389,8.8,5.8,4,-3.0
estimated,3514,1042166390,10.7,5.7,4,-5.0
estimated,3517,1042166393,12.65,6.9,7,-5.8
estimated,3518,1042166394,13.3,6.4,5,-6.9
estimated,3520,1042166396,11.35,5.9,5,-5.5
estimated,3528,1042166404,13.3,7.1,6,-6.2
estimated,3529,1042166405,10.7,6.6,5,-4.1
estimated,3532,1042166408,12.65,5.8,4,-6.8
estimated,3536,1042166412,12.0,7.5,5,-4.5
estimated,3537,1042166413,12.65,5.9,8,-6.7
estimated,3547,1042166423,12.65,10.8,8,-1.9
estimated,3548,1042166424,13.3,9.2,6,-4.1
estimated,3552,1042166428,12.65,6.0,5,-6.7
estimated,3553,1042166429,18.3,6.1,15,-12.2
estimated,3555,1042166431,11.35,7.5,5,-3.9
estimated,3556,1042166432,12.0,9.0,7,-3.0
estimated,3559,1042166435,10.7,7.2,4,-3.5
estimated,3560,1042166436,11.35,5.7,9,-5.6
estimated,3568,1042166444,8.8,7.8,4,-1.0
estimated,3570,1042166446,11.35,8.5,7,-2.8
estimated,3571,1042166447,17.0,10.9,8,-6.1
estimated,3572,1042166448,12.65,10.6,5,-2.0
estimated,3575,1042166451,11.35,5.1,5,-6.2
estimated,3576,1042166452,12.0,13.2,9,1.2
estimated,3577,1042166453,17.65,12.4,12,-5.3
estimated,3579,1042166455,10.7,9.3,4,-1.4
estimated,3589,1042166465,10.7,8.2,6,-2.5
estimated,3591,1042166467,12.0,10.6,6,-1.4
estimated,3594,1042166470,15.7,11.7,12,-4.0
estimated,3597,1042170842,17.0,7.5,7,-9.5
estimated,3602,1042171609,18.3,5.8,10,-12.5
estimated,3606,1042171613,17.65,7.9,11,-9.8
estimated,3609,1042171617,12.0,5.9,4,-6.1
estimated,3610,1042171618,17.65,9.7,21,-7.9
estimated,3611,1042171619,18.3,7.1,15,-11.2
estimated,3612,1042171620,10.7,6.0,6,-4.7
estimated,3613,1042171621,11.35,9.2,6,-2.2
estimated,3615,1042172125,15.7,5.1,12,-10.6
estimated,3616,1042172126,11.35,7.1,6,-4.3
estimated,3618,1042172133,12.65,9.7,7,-2.9
estimated,3620,1042172135,15.7,4.8,12,-10.9
estimated,3621,1042172136,11.35,5.8,7,-5.5
estimated,3622,1042172137,17.0,6.1,18,-10.9
estimated,3625,1042172140,10.7,5.0,4,-5.7
estimated,3626,1042172141,11.35,9.3,5,-2.1
estimated,3627,1042172142,17.0,9.8,10,-7.2
estimated,3628,1042172143,12.65,12.3,4,-0.4
estimated,3629,1042172144,13.3,10.4,5,-2.9
estimated,3630,1042178402,12.0,7.1,6,-4.9
estimated,3631,1042178403,17.65,6.9,9,-10.7
estimated,3633,1042178405,15.7,8.3,10,-7.4
estimated,3636,1042178408,17.65,6.2,25,-11.5
estimated,3638,1042178410,15.7,7.6,22,-8.1
estimated,3640,1042178412,17.0,9.6,13,-7.4
estimated,3641,1042178413,17.65,9.0,15,-8.7
estimated,3643,1042178415,10.7,7.3,6,-3.4
estimated,3644,1042178416,11.35,4.6,5,-6.8
estimated,3645,1042178417,17.0,4.4,7,-12.6
estimated,3649,1042178421,11.35,7.8,7,-3.5
estimated,3650,1042178422,12.0,7.2,4,-4.8
estimated,3651,1042178423,12.65,5.9,6,-6.7
estimated,3652,1042178424,13.3,7.6,8,-5.7
estimated,3654,1042178426,16.35,6.4,13,-10.0
estimated,3655,1042178427,17.0,6.0,30,-11.0
estimated,3656,1042179319,13.3,3.7,5,-9.6
estimated,3659,1042179322,12.0,7.4,4,-4.6
estimated,3660,1042179323,12.65,7.0,4,-5.7
estimated,3662,1042181657,12.0,5.0,4,-7.0
estimated,3665,1042181660,10.7,6.7,6,-4.0
estimated,3666,1042181661,11.35,4.5,6,-6.9
estimated,3667,1042184113,12.65,8.3,6,-4.3
estimated,3670,1042184116,16.35,8.6,12,-7.8
estimated,3674,1042184120,15.7,4.7,10,-11.0
estimated,3675,1042184121,11.35,8.9,5,-2.4
estimated,3676,1042184122,12.0,7.6,7,-4.4
estimated,3677,1042184123,12.65,8.8,11,-3.8
estimated,3678,1042184124,18.3,8.2,11,-10.1
estimated,3681,1042184127,12.0,9.7,4,-2.3
estimated,3682,1042184128,12.65,6.4,4,-6.2
estimated,3684,1042184130,10.7,16.7,4,6.0
estimated,3685,1042184131,11.35,13.3,8,1.9
estimated,3687,1042184133,12.65,6.7,4,-5.9
estimated,3689,1042184135,6.2,7.2,4,1.0
estimated,3692,1042184138,12.65,7.7,5,-5.0
estimated,3693,1042184368,17.65,8.2,7,-9.4
estimated,3694,1042184369,18.3,6.6,22,-11.7
estimated,3695,1042184370,10.7,8.7,5,-2.0
estimated,3696,1042184371,11.35,4.6,5,-6.8
estimated,3697,1042184372,17.0,4.7,7,-12.3
estimated,3698,1042184373,17.65,12.4,17,-5.2
estimated,3701,1042202413,17.65,6.2,15,-11.4
estimated,3702,1042202414,18.3,6.8,11,-11.5
estimated,3704,1042202416,11.35,11.4,7,0.1
estimated,3706,1042202418,17.65,31.4,19,13.7
estimated,3707,1042202419,18.3,7.8,13,-10.5
estimated,3708,1042202420,10.7,18.9,5,8.2
estimated,3709,1042202421,11.35,17.0,6,5.6
estimated,3711,1042202423,12.65,26.6,5,13.9
estimated,3712,1042202424,18.3,19.3,26,1.0
estimated,3715,1042202427,17.0,33.3,30,16.3
estimated,3716,1042202430,15.7,8.9,13,-6.8
estimated,3717,1042202431,11.35,7.3,4,-4.1
estimated,3718,1042202432,12.0,5.7,5,-6.3
estimated,3720,1042202434,13.3,4.4,6,-8.9
estimated,3722,1042202436,16.35,9.1,7,-7.2
estimated,3723,1042202439,13.3,6.1,7,-7.2
estimated,3724,1042202440,10.7,5.7,10,-5.0
estimated,3725,1042202441,16.35,7.0,7,-9.4
estimated,3726,1042202442,17.0,9.0,21,-8.0
estimated,3728,1042202445,15.7,8.5,42,-7.2
estimated,3729,1042202446,16.35,16.2,10,-0.1
estimated,3730,1042202453,12.65,7.3,6,-5.4
estimated,3731,1042202454,13.3,7.0,9,-6.3
estimated,3732,1042202455,15.7,8.5,12,-7.2
estimated,3733,1042202456,11.35,10.1,6,-1.2
estimated,3738,1042202461,11.35,7.3,5,-4.0
estimated,3740,1042202463,12.65,9.5,8,-3.1
estimated,3742,1042202466,11.35,12.3,4,1.0
estimated,3743,1042202467,12.0,9.9,7,-2.1
estimated,3744,1042202468,17.65,12.1,11,-5.6
estimated,3745,1042202469,18.3,9.5,8,-8.8
estimated,3746,1042202470,15.7,8.7,12,-7.0
estimated,3749,1042212190,6.2,7.5,6,1.3
estimated,3750,1042212191,6.85,6.2,6,-0.7
estimated,3752,1042212193,12.65,12.0,5,-0.6
estimated,3753,1042212194,13.3,12.8,4,-0.5
estimated,3759,1042212200,10.7,6.7,4,-4.0
estimated,3761,1042212202,12.0,10.2,5,-1.8
estimated,3764,1042212205,10.7,4.5,4,-6.2
estimated,3771,1042212212,12.0,18.7,4,6.7
estimated,3777,1042212218,12.65,9.4,4,-3.3
estimated,3780,1042212221,16.35,8.7,10,-7.7
estimated,3783,1042212224,13.3,12.1,4,-1.2
estimated,3796,1042212237,12.0,15.4,4,3.4
estimated,3798,1042212239,13.3,7.6,5,-5.7
estimated,3800,1042212241,11.35,10.5,4,-0.8
estimated,3803,1042220091,11.35,5.3,7,-6.0
estimated,3805,1042220095,10.7,3.7,5,-7.0
estimated,3806,1042220096,16.35,21.5,12,5.2
estimated,3810,1042220100,10.7,7.4,8,-3.3
estimated,3814,1042223798,12.65,8.4,6,-4.2
estimated,3815,1042223800,10.7,7.4,4,-3.3
estimated,3820,1042223805,10.7,5.0,5,-5.7
estimated,3824,1042223809,13.3,6.4,8,-6.9
estimated,3825,1042223810,10.7,6.1,5,-4.6
estimated,3826,1042223811,11.35,7.0,4,-4.4
estimated,3827,1042223812,12.0,6.2,7,-5.8
estimated,3828,1042223813,12.65,5.3,4,-7.4
estimated,3829,1042223814,13.3,4.9,4,-8.4
estimated,3835,1042223821,16.35,8.9,11,-7.5
estimated,3836,1042223822,12.0,5.5,6,-6.5
estimated,3838,1042223824,18.3,8.4,15,-9.9
estimated,3839,1042223825,10.7,6.6,6,-4.1
estimated,3841,1042223827,7.5,8.8,4,1.3
estimated,3842,1042223828,17.65,6.3,26,-11.4
estimated,3843,1042223829,18.3,5.5,12,-12.8
estimated,3845,1042223831,16.35,5.3,12,-11.0
estimated,3846,1042223832,24.0,7.2,40,-16.8
estimated,3850,1042223836,16.35,6.6,12,-9.8
estimated,3851,1042223837,17.0,5.9,8,-11.1
estimated,3852,1042223838,12.65,5.7,4,-6.9
estimated,3853,1042223839,13.3,8.1,10,-5.2
estimated,3855,1042223841,11.35,9.5,4,-1.8
estimated,3857,1042223843,17.65,7.0,13,-10.6
estimated,3858,1042223844,18.3,6.8,14,-11.5
estimated,3860,1042223846,16.35,7.0,15,-9.3
estimated,3861,1042223847,17.0,6.4,15,-10.6
estimated,3862,1042223848,12.65,5.7,7,-6.9
estimated,3863,1042223849,13.3,8.8,7,-4.5
estimated,3865,1042223851,11.35,7.6,5,-3.8
estimated,3866,1042223852,17.0,5.4,8,-11.6
estimated,3867,1042223853,17.65,6.3,10,-11.3
estimated,3868,1042223854,18.3,4.4,10,-13.9
estimated,3869,1042223855,15.7,6.9,11,-8.8
estimated,3871,1042223857,17.0,6.1,10,-10.9
estimated,3875,1042223861,11.35,5.6,8,-5.8
estimated,3876,1042223862,17.0,5.1,9,-11.9
estimated,3877,1042223863,17.65,4.0,17,-13.6
estimated,3878,1042223865,15.7,7.5,15,-8.2
estimated,3879,1042223866,16.35,4.7,14,-11.7
estimated,3881,1042223871,11.35,10.3,7,-1.1
estimated,3882,1042223872,12.0,6.5,7,-5.5
estimated,3883,1042223873,12.65,5.4,5,-7.2
estimated,3884,1042223874,13.3,5.5,10,-7.8
estimated,3885,1042223875,15.7,5.5,19,-10.2
estimated,3887,1042223877,12.0,9.4,6,-2.6
estimated,3888,1042223878,17.65,16.6,18,-1.1
estimated,3889,1042223879,18.3,7.4,14,-10.9
estimated,3890,1042223880,10.7,9.7,6,-1.0
estimated,3891,1042223881,16.35,5.9,8,-10.4
estimated,3892,1042223882,12.0,6.1,4,-5.9
estimated,3894,1042223884,13.3,5.5,5,-7.8
estimated,3895,1042223885,10.7,4.2,4,-6.5
estimated,3896,1042223886,11.35,4.6,4,-6.8
estimated,3898,1042223888,17.65,6.3,9,-11.3
estimated,3900,1042223890,15.7,8.1,9,-7.6
estimated,3901,1042223891,16.35,5.3,7,-11.1
estimated,3903,1042223893,17.65,6.0,9,-11.7
estimated,3904,1042223894,13.3,4.7,4,-8.6
estimated,3905,1042223895,10.7,6.6,4,-4.1
estimated,3909,1042223899,13.3,8.2,5,-5.1
estimated,3916,1042223907,12.0,9.9,8,-2.1
estimated,3917,1042223908,17.65,3.1,13,-14.6
estimated,3918,1042223909,13.3,4.3,5,-9.0
estimated,3923,1042223914,13.3,4.9,6,-8.4
estimated,3928,1042223919,13.3,5.0,6,-8.3
estimated,3930,1042223922,12.0,4.3,8,-7.7
estimated,3932,1042223924,18.3,4.9,13,-13.4
estimated,3933,1042223925,10.7,4.6,4,-6.1
estimated,3934,1042223926,16.35,3.4,11,-13.0
estimated,3936,1042225147,12.0,7.5,7,-4.5
estimated,3937,1042225148,17.65,11.4,17,-6.3
estimated,3938,1042225149,18.3,5.6,8,-12.7
estimated,3940,1042225617,17.0,5.5,10,-11.5
estimated,3941,1042225618,17.65,5.4,12,-12.3
estimated,3942,1042225625,10.7,11.1,10,0.4
estimated,3944,1042225627,12.0,6.6,7,-5.4
estimated,3945,1042225628,12.65,10.3,9,-2.3
estimated,3949,1042226147,12.0,5.9,4,-6.1
estimated,3950,1042226148,17.65,7.6,12,-10.1
estimated,3956,1042229870,10.7,4.8,6,-5.9
estimated,3960,1042229874,13.3,12.9,7,-0.4
estimated,3961,1042229875,10.7,5.3,11,-5.4
estimated,3969,1042229883,12.65,6.4,8,-6.3
estimated,3970,1042229886,11.35,3.7,4,-7.7
estimated,3979,1042229895,10.7,11.1,5,0.4
estimated,3980,1042229896,16.35,15.6,8,-0.7
estimated,3981,1042229897,12.0,8.1,5,-3.9
estimated,3983,1042229901,11.35,5.6,7,-5.8
estimated,3984,1042229902,17.0,6.6,16,-10.4
estimated,3989,1042229908,12.65,7.8,5,-4.9
estimated,3993,1042229912,17.0,5.1,16,-11.9
estimated,4000,1042229919,18.3,5.7,10,-12.6
estimated,4001,1042229920,15.7,5.5,17,-10.2
estimated,4002,1042229921,16.35,5.2,20,-11.2
estimated,4003,1042229922,12.0,5.0,6,-7.0
estimated,4007,1042229926,11.35,5.0,6,-6.3
estimated,4008,1042229927,12.0,6.3,6,-5.7
estimated,4012,1042231873,17.65,7.7,11,-9.9
estimated,4013,1042231874,18.3,5.3,10,-13.0
estimated,4017,1042233126,6.85,6.6,4,-0.2
estimated,4019,1042233128,12.65,6.0,7,-6.6
estimated,4025,1042526145,10.7,8.7,6,-2.0
estimated,4037,1042526157,17.0,8.1,12,-8.9
estimated,4039,1042526159,13.3,8.3,7,-5.0
estimated,4041,1042526161,11.35,9.1,9,-2.2
estimated,4046,1042526166,16.35,5.1,14,-11.3
estimated,4047,1042526167,12.0,5.0,8,-7.0
estimated,4052,1042526172,12.0,5.1,4,-6.9
estimated,4053,1042526173,8.15,4.3,4,-3.8
estimated,4055,1042526175,10.7,6.0,6,-4.7
estimated,4059,1042526179,13.3,7.4,4,-5.9
estimated,4062,1042526244,13.3,5.7,5,-7.6
estimated,4063,1042526245,10.7,5.1,4,-5.6
estimated,4064,1042526246,16.35,67.9,14,51.6
estimated,4066,1042526248,12.65,4.8,4,-7.8
estimated,4068,1042526250,10.7,6.8,7,-3.9
estimated,4069,1042526251,11.35,5.2,9,-6.2
estimated,4071,1042526253,12.65,9.8,5,-2.8
estimated,4072,1042526254,18.3,12.4,10,-5.9
estimated,4074,1042526256,11.35,6.2,7,-5.2
estimated,4075,1042526257,12.0,7.2,5,-4.8
estimated,4076,1042526258,12.65,7.6,10,-5.1
estimated,4077,1042526259,13.3,3.2,6,-10.1
estimated,4080,1042526262,17.0,8.1,10,-8.9
estimated,4081,1042526263,12.65,9.2,6,-3.5
estimated,4083,1042527359,13.3,3.9,4,-9.4
estimated,4084,1042527360,15.7,7.2,12,-8.5
estimated,4096,1042535330,15.7,8.2,12,-7.5
estimated,4099,1042535334,13.3,7.8,5,-5.5
estimated,4103,1042536963,12.65,6.2,8,-6.5
estimated,4104,1042536964,25.3,6.5,135,-18.8
estimated,4109,1042536975,10.7,4.5,9,-6.2
estimated,4111,1042536977,12.0,5.9,4,-6.1
estimated,4112,1042536978,17.65,5.1,17,-12.5
estimated,4113,1042536979,13.3,4.3,5,-9.0
estimated,4115,1042536981,11.35,8.8,5,-2.6
estimated,4124,1042536990,10.7,6.8,4,-3.9
estimated,4127,1042536993,12.65,6.0,7,-6.6
estimated,4136,1042537234,18.3,8.0,14,-10.3
estimated,4138,1042537236,16.35,20.2,15,3.9
estimated,4139,1042537237,17.0,8.8,11,-8.2
estimated,4147,1042543940,10.7,6.7,8,-4.0
estimated,4155,1042543948,8.15,11.6,4,3.5
estimated,4160,1042543953,17.65,8.1,32,-9.6
estimated,4162,1042543955,10.7,13.6,4,2.9
estimated,4164,1042543957,12.0,10.9,4,-1.1
estimated,4166,1042543959,8.8,15.8,4,7.0
estimated,4169,1042543962,12.0,5.9,12,-6.1
estimated,4172,1042543965,10.7,5.3,7,-5.4
estimated,4173,1042543966,11.35,9.9,6,-1.5
estimated,4175,1042543968,17.65,7.2,18,-10.5
estimated,4189,1042553894,18.3,15.7,11,-2.6
estimated,4196,1042553901,11.35,6.7,5,-4.7
estimated,4209,1042553914,13.3,8.9,4,-4.4
estimated,4215,1042553920,10.7,12.4,4,1.7
estimated,4223,1042553928,12.65,7.9,6,-4.8
estimated,4224,1042553929,13.3,6.0,4,-7.3
estimated,4225,1042553930,10.7,6.7,4,-4.0
estimated,4226,1042553931,11.35,7.9,8,-3.5
estimated,4227,1042553932,12.0,5.7,5,-6.3
estimated,4229,1042553934,13.3,10.2,5,-3.1
estimated,4234,1042553939,13.3,13.6,4,0.3
estimated,4237,1042553942,12.0,14.6,4,2.6
estimated,4239,1042553944,18.3,12.8,16,-5.5
estimated,4240,1042553945,15.7,13.3,25,-2.4
estimated,4241,1042553946,11.35,10.9,4,-0.4
estimated,4242,1042553947,12.0,10.2,4,-1.8
estimated,4257,1042553962,12.0,10.5,4,-1.5
estimated,4259,1042553966,11.35,5.4,4,-5.9
estimated,4267,1042554018,12.65,7.2,4,-5.4
estimated,4268,1042554019,13.3,7.7,7,-5.6
estimated,4269,1042554020,6.2,15.8,4,9.6
estimated,4271,1042554022,12.0,12.9,6,0.9
estimated,4272,1042554023,12.65,9.3,5,-3.4
estimated,4277,1042554053,12.65,12.7,6,0.0
estimated,4278,1042554054,13.3,12.4,5,-0.9
estimated,4280,1042554056,11.35,8.3,4,-3.1
estimated,4281,1042554057,12.0,13.0,5,1.0
estimated,4282,1042554058,12.65,12.6,6,-0.1
estimated,4283,1042554059,13.3,13.5,6,0.2
estimated,4285,1042554071,11.35,4.7,8,-6.6
estimated,4286,1042554077,17.0,12.8,13,-4.2
estimated,4287,1042554078,17.65,11.4,8,-6.2
estimated,4289,1042554081,11.35,8.2,5,-3.2
estimated,4290,1042554082,12.0,7.2,5,-4.8
estimated,4291,1042554083,17.65,6.7,16,-10.9
estimated,4292,1042554084,8.8,8.8,4,-0.0
estimated,4293,1042554085,10.7,6.9,4,-3.8
estimated,4297,1042554089,13.3,6.1,4,-7.2
estimated,4298,1042554090,10.7,7.0,4,-3.7
estimated,4300,1042554092,17.0,8.7,20,-8.3
estimated,4306,1042554098,12.65,9.6,7,-3.0
estimated,4307,1042554099,13.3,11.0,6,-2.3
estimated,4310,1042554150,10.7,3.5,4,-7.2
estimated,4322,1042554162,17.0,5.2,16,-11.8
estimated,4323,1042554163,12.65,5.1,5,-7.6
estimated,4324,1042554245,10.7,6.0,11,-4.7
estimated,4326,1042554247,12.0,7.2,6,-4.8
estimated,4328,1042554249,25.3,7.0,47,-18.3
estimated,4329,1042554250,22.7,6.3,51,-16.4
estimated,4330,1042554251,23.35,7.7,40,-15.7
estimated,4331,1042554252,24.0,7.8,82,-16.2
estimated,4332,1042554253,12.65,8.4,4,-4.2
estimated,4333,1042554254,25.3,8.5,81,-16.8
estimated,4334,1042554255,15.7,6.1,26,-9.6
estimated,4336,1042554257,17.0,5.3,22,-11.7
estimated,4339,1042554260,15.7,5.7,21,-10.0
estimated,4340,1042554261,11.35,5.0,5,-6.3
estimated,4348,1042554269,13.3,4.8,10,-8.5
estimated,4349,1042554270,10.7,4.9,6,-5.8
estimated,4352,1042554273,12.65,5.7,8,-6.9
estimated,4353,1042554274,25.3,7.1,47,-18.2
estimated,4354,1042554275,10.7,7.0,8,-3.7
estimated,4355,1042554276,11.35,6.4,8,-4.9
estimated,4356,1042554277,17.0,5.5,11,-11.5
estimated,4357,1042554278,12.65,5.5,7,-7.1
estimated,4359,1042554280,15.7,5.9,22,-9.8
estimated,4360,1042554281,23.35,7.1,97,-16.3
estimated,4361,1042554282,17.0,7.1,14,-9.9
estimated,4364,1042556561,11.35,5.8,4,-5.6
estimated,4366,1042556563,12.65,6.8,6,-5.9
estimated,4368,1042556565,15.7,8.8,11,-6.9
estimated,4371,1042556568,12.65,7.6,6,-5.1
estimated,4372,1042556569,18.3,11.2,8,-7.1
estimated,4376,1042556573,12.65,10.7,4,-1.9
estimated,4377,1042556574,18.3,11.1,13,-7.2
estimated,4378,1042556575,10.7,7.0,7,-3.7
estimated,4381,1042556578,12.65,5.4,4,-7.3
estimated,4382,1042556579,13.3,7.9,7,-5.4
estimated,4383,1042556580,10.7,11.8,9,1.1
estimated,4396,1042556593,8.15,5.9,4,-2.3
estimated,4402,1042556599,13.3,6.7,6,-6.6
estimated,4404,1042556601,11.35,8.4,4,-3.0
estimated,4405,1042556602,7.5,5.1,4,-2.4
estimated,4406,1042556603,12.65,6.6,5,-6.1
estimated,4409,1042556606,11.35,5.7,7,-5.7
estimated,4412,1042556609,18.3,6.4,13,-11.9
estimated,4413,1042556610,10.7,6.4,5,-4.3
estimated,4414,1042556611,6.85,7.6,4,0.8
estimated,4416,1042556613,12.65,6.2,6,-6.4
estimated,4419,1042556616,6.85,5.2,4,-1.6
estimated,4420,1042556617,12.0,7.3,4,-4.7
estimated,4421,1042556618,12.65,8.0,5,-4.7
estimated,4425,1042556622,12.0,5.5,8,-6.5
estimated,4427,1042556624,13.3,13.7,8,0.4
estimated,4429,1042556626,11.35,5.0,5,-6.4
estimated,4432,1042556629,13.3,6.0,7,-7.3
estimated,4433,1042556630,15.7,7.5,12,-8.2
estimated,4434,1042556631,11.35,5.6,7,-5.8
estimated,4441,1042557732,12.0,5.2,7,-6.8
estimated,4443,1042557734,13.3,6.9,5,-6.4
estimated,4445,1042557736,11.35,6.1,5,-5.3
estimated,4446,1042557737,24.0,18.4,183,-5.6
estimated,4450,1042557741,11.35,3.7,5,-7.7
estimated,4457,1042557748,12.65,4.5,6,-8.1
estimated,4463,1042557754,13.3,10.4,4,-2.9
estimated,4465,1042557756,11.35,5.9,5,-5.5
estimated,4466,1042557757,12.0,6.0,4,-6.0
estimated,4470,1042557761,11.35,6.4,9,-4.9
estimated,4482,1042557773,12.65,4.3,5,-8.4
estimated,4483,1042560643,12.65,8.1,4,-4.6
estimated,4486,1042560646,16.35,12.1,15,-4.2
estimated,4492,1042560652,12.0,10.1,6,-1.9
estimated,4511,1042560671,11.35,8.6,4,-2.7
estimated,4514,1042560674,18.3,6.4,11,-11.9
estimated,4515,1042560675,15.7,9.8,14,-5.9
estimated,4520,1042560680,6.2,7.6,4,1.4
estimated,4539,1042566577,12.0,7.4,4,-4.6
estimated,4540,1042566578,12.65,5.0,4,-7.7
estimated,4542,1042566580,6.2,8.6,4,2.4
estimated,4544,1042566582,7.5,4.9,5,-2.6
estimated,4545,1042566583,12.65,6.4,4,-6.3
estimated,4546,1042566584,13.3,6.0,5,-7.3
estimated,4551,1042569420,10.7,6.2,7,-4.5
estimated,4553,1042569422,12.0,7.8,4,-4.2
estimated,4556,1042569426,11.35,7.7,4,-3.7
estimated,4566,1042569436,11.35,7.0,4,-4.4
estimated,4579,1042569449,13.3,6.0,4,-7.3
estimated,4580,1042569450,22.7,10.1,68,-12.6
estimated,4581,1042569451,11.35,6.8,4,-4.5
estimated,4597,1042569467,12.0,6.0,4,-6.0
estimated,4603,1042569473,12.65,8.6,5,-4.0
estimated,4609,1042569479,13.3,4.4,8,-8.9
estimated,4610,1042569480,10.7,5.2,9,-5.5
estimated,4612,1042569482,17.0,5.7,15,-11.3
estimated,4628,1042569498,12.65,14.0,5,1.4
estimated,4644,1042569514,13.3,10.0,4,-3.3
estimated,4651,1042574116,16.35,7.5,11,-8.8
estimated,4653,1042574118,12.65,7.3,7,-5.3
estimated,4654,1042574119,18.3,8.1,7,-10.2
estimated,4658,1042574123,12.65,5.1,4,-7.6
estimated,4661,1042574126,16.35,13.5,15,-2.8
estimated,4666,1042574131,11.35,6.4,4,-5.0
estimated,4673,1042574138,12.65,8.2,4,-4.4
estimated,4675,1042574140,15.7,10.0,11,-5.7
estimated,4677,1042574142,12.0,4.2,4,-7.8
estimated,4680,1042574145,10.7,9.8,8,-0.9
estimated,4681,1042574146,16.35,6.8,11,-9.6
estimated,4688,1042577623,8.15,7.0,4,-1.2
estimated,4692,1042586747,12.0,13.4,7,1.4
estimated,4696,1042586752,17.0,9.6,13,-7.4
estimated,4698,1042586757,17.0,3.9,13,-13.1
estimated,4699,1042586759,25.3,12.1,42,-13.2
estimated,4700,1042586760,22.7,19.5,40,-3.2
estimated,4703,1042586770,15.7,9.3,9,-6.4
estimated,4707,1042617603,12.65,8.0,10,-4.7
estimated,4708,1042617605,15.7,10.9,25,-4.8
estimated,4710,1042617607,24.0,20.1,39,-3.9
estimated,4711,1042617608,17.65,16.1,32,-1.6
estimated,4712,1042617609,25.3,13.4,34,-11.9
estimated,4714,1042617611,16.35,6.7,15,-9.6
estimated,4715,1042617612,12.0,5.9,11,-6.1
estimated,4716,1042619991,11.35,14.6,4,3.3
estimated,4717,1042619992,17.0,13.5,10,-3.5
estimated,4718,1042619993,17.65,11.0,11,-6.6
estimated,4719,1042619994,18.3,11.0,27,-7.3
estimated,4720,1042619995,10.7,3.9,6,-6.8
estimated,4721,1042619996,11.35,8.0,6,-3.3
estimated,4723,1042619998,12.65,5.4,7,-7.2
estimated,4724,1042619999,18.3,8.6,10,-9.7
estimated,4725,1042621717,12.0,9.5,4,-2.5
estimated,4726,1042621718,17.65,10.7,19,-6.9
estimated,4727,1042621719,18.3,10.4,14,-7.9
estimated,4728,1042621720,15.7,10.0,16,-5.7
estimated,4731,1042625725,15.7,6.6,14,-9.1
estimated,4732,1042625730,15.7,8.0,13,-7.7
estimated,4733,1042625731,16.35,7.7,19,-8.6
estimated,4735,1042650941,16.35,10.1,36,-6.2
estimated,4736,1042650942,12.0,5.1,6,-6.9
estimated,4737,1042650943,12.65,5.4,10,-7.3
estimated,4738,1042650944,18.3,5.3,10,-13.0
estimated,4741,1042650949,25.3,11.2,59,-14.1
estimated,4745,1042779277,12.0,32.1,8,20.1
estimated,4746,1042779278,12.65,23.4,7,10.7
estimated,4772,1042779310,15.7,12.5,16,-3.2
estimated,4784,1042779322,7.5,15.9,4,8.4
estimated,4785,1042779323,12.65,19.1,5,6.5
estimated,4791,1042779329,13.3,19.8,4,6.5
estimated,4792,1042779330,10.7,9.2,5,-1.5
estimated,4793,1042779331,11.35,7.8,6,-3.6
estimated,4794,1042779332,7.5,10.3,4,2.8
estimated,4795,1042779333,12.65,9.2,4,-3.5
estimated,4797,1042779335,10.7,6.4,4,-4.3
estimated,4800,1042779338,12.65,9.8,7,-2.8
estimated,4801,1042779339,18.3,9.3,12,-9.0
estimated,4803,1042779341,16.35,14.2,19,-2.2
estimated,4804,1042779342,17.0,27.2,16,10.2
estimated,4805,1042779343,17.65,19.1,7,1.4
estimated,4808,1042779346,16.35,12.4,23,-4.0
estimated,4809,1042779347,24.0,15.1,49,-8.9
estimated,4813,1042784337,12.0,5.5,4,-6.5
estimated,4815,1042784339,18.3,9.2,19,-9.1
estimated,4820,1042784349,13.3,4.4,6,-8.9
estimated,4824,1042784353,12.65,9.2,4,-3.5
estimated,4825,1042784354,13.3,9.7,4,-3.6
estimated,4826,1042784355,10.7,8.7,4,-2.0
estimated,4828,1042784357,12.0,10.0,4,-2.0
estimated,4837,1042784366,11.35,19.7,9,8.3
estimated,4838,1042784367,12.0,9.8,7,-2.2
estimated,4852,1042789355,15.7,20.8,12,5.1
estimated,4855,1042789359,8.8,7.2,4,-1.6
estimated,4874,1042789379,13.3,10.1,6,-3.2
estimated,4879,1042789384,13.3,9.3,8,-4.0
estimated,4884,1042804517,17.0,12.2,13,-4.8
estimated,4889,1042804522,17.0,8.9,9,-8.1
estimated,4891,1042804524,13.3,8.8,9,-4.5
estimated,4893,1042804526,11.35,9.0,9,-2.4
estimated,4894,1042804527,12.0,8.6,5,-3.4
estimated,4895,1042804528,12.65,9.2,8,-3.4
estimated,4896,1042804529,18.3,9.3,22,-9.0
estimated,4897,1042804530,15.7,7.3,17,-8.4
estimated,4898,1042804998,12.65,5.8,7,-6.8
estimated,4900,1042805000,10.7,11.0,8,0.3
estimated,4901,1042805001,11.35,6.3,10,-5.1
estimated,4903,1042805006,16.35,9.8,16,-6.6
estimated,4904,1042805008,17.65,8.5,26,-9.2
estimated,4906,1042805014,18.3,14.6,32,-3.7
estimated,4907,1042805015,15.7,9.9,24,-5.8
estimated,4908,1042805016,16.35,23.3,16,7.0
estimated,4909,1042805017,12.0,8.8,10,-3.2
estimated,4911,1042805019,18.3,13.5,21,-4.8
estimated,4912,1042805020,15.7,5.6,15,-10.1
estimated,4914,1042805022,17.0,7.4,9,-9.6
estimated,4915,1042805023,17.65,8.3,9,-9.3
estimated,4916,1042805024,18.3,8.2,12,-10.1
estimated,4918,1042805026,16.35,6.2,13,-10.1
estimated,4919,1042805027,17.0,7.6,12,-9.4
estimated,4920,1042805028,12.65,10.9,9,-1.7
estimated,4924,1042807702,17.0,33.5,19,16.5
estimated,4925,1042807706,23.35,9.0,64,-14.4
estimated,4926,1042810610,15.7,9.6,16,-6.1
estimated,4927,1042810611,16.35,16.2,24,-0.1
estimated,4930,1042810614,13.3,17.7,4,4.4
estimated,4931,1042810615,10.7,7.2,8,-3.5
estimated,4932,1042810616,11.35,7.3,4,-4.1
estimated,4933,1042810617,12.0,7.4,5,-4.6
estimated,4934,1042810618,12.65,5.1,8,-7.5
estimated,4937,1042810622,17.0,28.4,13,11.4
estimated,4940,1042810625,15.7,7.2,16,-8.5
estimated,4941,1042810626,16.35,6.7,14,-9.7
estimated,4942,1042810627,7.5,6.1,4,-1.4
estimated,4944,1042810629,13.3,5.5,5,-7.8
estimated,4945,1042810630,15.7,6.1,15,-9.6
estimated,4946,1042810631,16.35,14.4,25,-2.0
estimated,4947,1042810632,17.0,7.9,13,-9.1
estimated,4948,1042810633,17.65,6.3,14,-11.4
estimated,4950,1042810635,22.7,10.4,37,-12.3
estimated,4952,1042810637,12.0,8.0,5,-4.0
estimated,4953,1042810638,12.65,6.5,6,-6.2
estimated,4954,1042810639,18.3,6.8,15,-11.5
estimated,4961,1042810647,12.0,9.9,7,-2.1
estimated,4962,1042810648,12.65,6.6,4,-6.1
estimated,4964,1042813711,16.35,8.6,10,-7.7
estimated,4965,1042813712,17.0,25.1,14,8.1
estimated,4966,1042813713,12.65,5.4,5,-7.2
estimated,4967,1042813714,13.3,7.3,6,-6.0
estimated,4968,1042813715,15.7,9.0,12,-6.7
estimated,4970,1042813717,12.0,5.9,4,-6.1
estimated,4971,1042813718,12.65,8.7,4,-4.0
estimated,4972,1042813719,13.3,9.1,6,-4.2
estimated,4974,1042813721,16.35,39.3,10,22.9
estimated,4975,1042813722,17.0,9.5,8,-7.5
estimated,4976,1042813723,17.65,4.8,11,-12.8
estimated,4979,1042813726,16.35,7.5,9,-8.8
estimated,4982,1042813731,11.35,13.4,6,2.1
estimated,4985,1042816694,13.3,7.8,5,-5.5
estimated,4986,1042816908,12.65,12.0,9,-0.6
estimated,4987,1042816909,13.3,17.9,8,4.6
estimated,4988,1042816910,10.7,8.2,4,-2.5
estimated,4989,1042816911,11.35,8.8,4,-2.6
estimated,4991,1042816914,18.3,29.4,18,11.1
estimated,4993,1042817935,10.7,11.8,9,1.1
estimated,4994,1042817936,11.35,4.9,6,-6.5
estimated,4997,1042817939,13.3,9.2,9,-4.1
estimated,4998,1042817940,10.7,4.6,7,-6.1
estimated,5000,1042817942,17.0,16.2,11,-0.8
estimated,5004,1042821994,25.3,10.9,92,-14.4
estimated,5005,1042821995,22.7,10.4,111,-12.3
estimated,5006,1042823929,13.3,9.7,4,-3.6
estimated,5007,1042823930,15.7,7.3,12,-8.4
estimated,5008,1042823931,11.35,6.6,9,-4.8
estimated,5009,1042823933,12.65,8.6,4,-4.1
estimated,5010,1042823934,13.3,8.6,8,-4.7
estimated,5011,1042823935,15.7,6.9,9,-8.8
estimated,5012,1042823936,16.35,8.4,24,-7.9
estimated,5014,1042823938,17.65,10.3,13,-7.3
estimated,5015,1042823940,15.7,10.2,29,-5.5
estimated,5016,1042823941,16.35,12.8,21,-3.5
estimated,5017,1042823942,17.0,8.8,18,-8.2
estimated,5018,1042823943,24.65,47.1,36,22.5
estimated,5019,1042823944,18.3,9.5,10,-8.8
estimated,5021,1042824108,12.65,6.4,4,-6.2
estimated,5024,1042824111,16.35,8.5,27,-7.8
estimated,5025,1042824117,17.0,9.6,17,-7.4
estimated,5031,1042824123,17.65,17.5,28,-0.2
estimated,5034,1042825526,11.35,7.5,10,-3.8
estimated,5036,1042825530,15.7,16.0,17,0.3
estimated,5037,1042825531,23.35,16.4,32,-6.9
estimated,5039,1042825533,17.65,12.5,12,-5.2
estimated,5040,1042825534,18.3,13.4,8,-4.9
estimated,5041,1042825535,15.7,16.4,20,0.7
estimated,5043,1042825539,18.3,11.7,16,-6.6
estimated,5048,1042825545,10.7,6.6,4,-4.1
estimated,5049,1042825546,16.35,6.7,13,-9.6
estimated,5055,1042825560,15.7,8.9,28,-6.8
estimated,5057,1042829442,12.0,5.5,5,-6.5
estimated,5058,1042829443,17.65,7.2,10,-10.4
estimated,5060,1042829445,10.7,6.5,13,-4.2
estimated,5061,1042830851,11.35,6.2,5,-5.1
estimated,5062,1042830852,12.0,6.5,8,-5.5
estimated,5064,1042830854,13.3,13.1,5,-0.2
estimated,5067,1042830857,7.5,13.1,4,5.6
estimated,5071,1042830861,11.35,7.5,5,-3.8
estimated,5072,1042830862,12.0,21.2,8,9.2
estimated,5073,1042830863,12.65,7.2,11,-5.4
estimated,5074,1042830864,18.3,8.4,11,-9.9
estimated,5076,1042830866,11.35,9.5,6,-1.9
estimated,5077,1042830867,12.0,5.7,8,-6.3
estimated,5078,1042830868,12.65,8.0,9,-4.6
estimated,5079,1042830869,18.3,13.1,17,-5.2
estimated,5080,1042830873,17.65,30.5,23,12.8
estimated,5081,1042830874,18.3,12.8,18,-5.5
estimated,5082,1042830875,15.7,46.5,31,30.8
estimated,5083,1042830877,17.0,10.8,11,-6.2
estimated,5084,1042830878,17.65,18.2,15,0.6
estimated,5085,1042830879,18.3,18.1,16,-0.2
estimated,5086,1042830880,15.7,8.6,16,-7.1
estimated,5091,1042831542,17.0,7.3,15,-9.7
estimated,5092,1042831543,12.65,7.6,5,-5.0
estimated,5093,1042831544,18.3,25.2,18,6.9
estimated,5097,1042831548,12.65,8.3,4,-4.4
estimated,5098,1042831549,13.3,10.4,7,-2.9
estimated,5100,1042831552,12.0,8.9,5,-3.1
estimated,5101,1042831553,24.65,7.3,33,-17.4
estimated,5102,1042831554,13.3,10.4,4,-2.9
estimated,5103,1042831555,15.7,43.3,27,27.6
estimated,5107,1042831559,18.3,6.7,13,-11.6
estimated,5116,1042831900,10.7,16.8,6,6.1
estimated,5117,1042831901,11.35,8.3,10,-3.1
estimated,5120,1042831904,13.3,7.1,8,-6.2
estimated,5121,1042831905,10.7,9.7,8,-1.0
estimated,5122,1042831906,11.35,8.7,6,-2.7
estimated,5123,1042831907,12.0,7.9,6,-4.1
estimated,5125,1042831909,13.3,13.4,8,0.1
estimated,5126,1042831910,10.7,12.9,4,2.2
estimated,5127,1042831911,11.35,18.7,5,7.3
estimated,5128,1042831912,17.0,19.3,9,2.3
estimated,5129,1042831913,12.65,10.4,4,-2.2
estimated,5132,1042831916,6.85,10.0,4,3.1
estimated,5134,1042831918,8.15,6.5,4,-1.7
estimated,5143,1042831929,18.3,18.1,8,-0.2
estimated,5145,1042831931,11.35,11.9,6,0.5
estimated,5168,1042831954,13.3,6.0,6,-7.3
estimated,5170,1042831956,16.35,7.0,32,-9.4
estimated,5171,1042831957,12.0,7.0,5,-5.0
estimated,5172,1042831958,12.65,9.6,6,-3.1
estimated,5173,1042831959,18.3,8.3,14,-10.0
estimated,5174,1042831960,15.7,8.2,7,-7.5
estimated,5180,1042831966,16.35,6.7,15,-9.7
estimated,5196,1042831982,17.0,7.6,15,-9.4
estimated,5197,1042831983,17.65,7.4,23,-10.2
estimated,5214,1042832000,10.7,19.2,7,8.5
estimated,5215,1042832001,11.35,13.2,4,1.8
estimated,5216,1042832002,12.0,16.8,11,4.8
estimated,5222,1042832008,12.65,17.2,4,4.5
estimated,5224,1042832010,15.7,8.5,14,-7.2
estimated,5225,1042832011,16.35,8.1,15,-8.3
estimated,5226,1042832012,12.0,12.1,5,0.1
estimated,5227,1042832013,17.65,10.8,11,-6.9
estimated,5228,1042832014,13.3,12.6,4,-0.7
estimated,5229,1042832015,10.7,23.4,5,12.7
estimated,5230,1042832016,11.35,8.7,8,-2.7
estimated,5239,1042832025,10.7,6.3,6,-4.4
estimated,5240,1042832026,11.35,8.2,4,-3.2
estimated,5241,1042832027,12.0,16.9,6,4.9
estimated,5243,1042832029,18.3,7.0,31,-11.3
estimated,5249,1042832035,10.7,5.3,4,-5.4
estimated,5252,1042832038,12.65,4.5,6,-8.1
estimated,5255,1042832041,11.35,4.8,4,-6.5
estimated,5258,1042832044,13.3,9.7,8,-3.6
estimated,5259,1042832045,10.7,9.7,6,-1.0
estimated,5263,1042832049,13.3,7.8,6,-5.5
estimated,5264,1042832050,10.7,6.6,8,-4.1
estimated,5265,1042832051,16.35,12.2,18,-4.1
estimated,5266,1042832053,12.65,8.9,6,-3.7
estimated,5278,1042832066,11.35,6.2,6,-5.1
estimated,5292,1042832081,11.35,7.2,8,-4.2
estimated,5295,1042832084,13.3,6.7,4,-6.6
estimated,5296,1042832086,11.35,7.1,4,-4.3
estimated,5297,1042832087,12.0,6.2,10,-5.8
estimated,5299,1042832089,25.3,12.5,43,-12.8
estimated,5300,1042832090,10.7,6.9,4,-3.8
estimated,5302,1042832092,12.0,8.4,9,-3.6
estimated,5303,1042832093,12.65,11.5,4,-1.1
estimated,5304,1042832094,13.3,12.6,5,-0.7
estimated,5306,1042832096,11.35,7.8,6,-3.5
estimated,5310,1042832106,16.35,11.0,7,-5.4
estimated,5311,1042832107,17.0,6.8,13,-10.2
estimated,5312,1042832108,17.65,18.6,24,0.9
estimated,5313,1042832110,15.7,8.7,21,-7.0
estimated,5315,1042832370,15.7,8.5,15,-7.2
estimated,5316,1042832371,11.35,9.1,4,-2.2
estimated,5317,1042832372,17.0,9.0,15,-8.0
estimated,5318,1042834104,18.3,11.7,15,-6.6
estimated,5322,1042834108,17.65,13.1,22,-4.6
estimated,5323,1042834112,24.0,27.8,38,3.8
estimated,5325,1042834541,16.35,8.0,18,-8.4
estimated,5326,1042834542,17.0,8.5,21,-8.5
estimated,5328,1042834933,12.65,5.5,7,-7.2
estimated,5329,1042834934,13.3,7.4,7,-5.9
estimated,5330,1042834935,10.7,6.4,9,-4.3
estimated,5331,1042834938,17.65,25.0,21,7.4
estimated,5339,1042837383,12.65,9.4,4,-3.2
estimated,5342,1042837386,23.35,7.2,53,-16.1
estimated,5352,1042838318,12.65,8.1,5,-4.6
estimated,5353,1042838319,13.3,28.1,6,14.8
estimated,5362,1042838329,25.3,6.3,36,-19.0
estimated,5370,1042838337,17.0,14.4,7,-2.6
estimated,5371,1042838338,12.65,14.2,4,1.6
estimated,5372,1042838339,13.3,7.7,6,-5.6
estimated,5373,1042838340,10.7,8.7,5,-2.0
estimated,5391,1042838452,17.0,11.3,17,-5.7
estimated,5392,1042838453,12.65,5.4,8,-7.2
estimated,5393,1042838454,13.3,6.7,4,-6.6
estimated,5394,1042838455,10.7,13.4,8,2.7
estimated,5396,1042838457,12.0,7.2,4,-4.8
estimated,5399,1042840937,17.0,9.9,12,-7.1
estimated,5400,1042840938,17.65,10.6,9,-7.0
estimated,5401,1042840939,18.3,7.0,7,-11.3
estimated,5406,1042843032,12.0,6.0,6,-6.0
estimated,5408,1042845421,11.35,5.8,8,-5.6
estimated,5409,1042845422,17.0,8.8,19,-8.2
estimated,5410,1042845423,17.65,10.3,18,-7.3
estimated,5414,1042845427,17.0,12.0,9,-5.0
estimated,5419,1042866378,12.65,6.2,6,-6.5
estimated,5420,1042866379,13.3,20.2,10,6.9
estimated,5422,1042866381,11.35,7.9,4,-3.4
estimated,5427,1042866387,7.5,15.9,4,8.4
estimated,5429,1042866389,13.3,10.9,5,-2.4
estimated,5434,1042866394,18.3,5.8,18,-12.5
estimated,5444,1042866409,18.3,23.8,25,5.5
estimated,5445,1042866418,17.65,6.7,11,-11.0
estimated,5446,1042866419,13.3,7.6,9,-5.7
estimated,5447,1042866420,10.7,6.5,5,-4.2
estimated,5451,1042866424,13.3,13.2,5,-0.1
estimated,5452,1042866425,10.7,9.9,7,-0.8
estimated,5454,1042866427,12.0,10.0,5,-2.0
estimated,5457,1042866430,15.7,6.1,34,-9.6
estimated,5458,1042866431,16.35,6.6,11,-9.7
estimated,5461,1042866434,13.3,6.4,6,-6.9
estimated,5464,1042866774,13.3,7.0,7,-6.3
estimated,5465,1042866775,10.7,5.9,5,-4.8
estimated,5468,1042877498,12.65,15.2,6,2.6
estimated,5479,1042877511,6.85,7.0,4,0.2
estimated,5481,1042877513,12.65,9.1,7,-3.6
estimated,5483,1042877515,10.7,7.3,4,-3.4
estimated,5484,1042877516,11.35,5.8,7,-5.6
estimated,5486,1042877518,8.15,9.2,4,1.0
estimated,5489,1042877521,16.35,11.2,28,-5.2
estimated,5494,1042877527,12.0,7.3,5,-4.7
estimated,5495,1042877528,12.65,8.4,4,-4.2
estimated,5496,1042877529,13.3,12.0,11,-1.3
estimated,5500,1042877533,12.65,12.3,7,-0.3
estimated,5501,1042877534,13.3,5.6,6,-7.7
estimated,5502,1042878090,10.7,11.8,7,1.1
estimated,5503,1042878091,11.35,11.1,6,-0.2
estimated,5504,1042878092,12.0,17.4,5,5.4
estimated,5505,1042878093,12.65,6.3,5,-6.4
estimated,5506,1042878094,13.3,9.1,5,-4.2
estimated,5507,1042878095,10.7,7.2,9,-3.5
estimated,5510,1042878098,12.65,9.0,5,-3.7
estimated,5511,1042878099,13.3,13.8,5,0.5
estimated,5512,1042878100,10.7,7.3,4,-3.4
estimated,5513,1042878101,11.35,11.7,6,0.3
estimated,5516,1042878111,23.35,24.0,48,0.6
estimated,5517,1042880908,24.65,6.9,61,-17.7
estimated,5518,1042880909,25.3,8.7,102,-16.6
estimated,5520,1042880911,16.35,13.8,11,-2.6
estimated,5522,1042880913,12.65,9.0,9,-3.7
estimated,5526,1042880917,12.0,9.5,8,-2.5
estimated,5528,1042880919,18.3,13.1,9,-5.2
estimated,5530,1042880978,12.65,6.6,6,-6.0
estimated,5532,1042880986,23.35,11.9,102,-11.5
estimated,5535,1042880990,10.7,13.9,6,3.2
estimated,5537,1042880993,12.65,7.6,5,-5.1
estimated,5538,1042880994,18.3,11.8,18,-6.5
estimated,5539,1042881000,15.7,29.6,21,13.9
estimated,5541,1042881002,12.0,4.1,12,-7.9
estimated,5542,1042881003,12.65,18.8,8,6.2
estimated,5543,1042881007,17.0,26.2,17,9.2
estimated,5544,1042881008,24.65,30.4,46,5.7
estimated,5545,1042881009,18.3,7.8,26,-10.5
estimated,5546,1042881010,10.7,20.4,5,9.7
estimated,5547,1042881015,10.7,5.5,12,-5.2
estimated,5549,1042881017,12.0,23.9,5,11.9
estimated,5550,1042881018,17.65,9.2,12,-8.5
estimated,5552,1042881021,11.35,7.3,9,-4.1
estimated,5553,1042881022,17.0,17.2,30,0.2
estimated,5554,1042881023,24.65,14.8,49,-9.8
estimated,5555,1042881024,25.3,51.2,57,25.9
estimated,5556,1042881026,16.35,41.6,15,25.3
estimated,5557,1042881028,17.65,10.5,23,-7.2
estimated,5558,1042881029,18.3,6.6,12,-11.7
estimated,5559,1042881032,17.0,25.4,21,8.4
estimated,5560,1042881033,17.65,17.8,15,0.1
estimated,5561,1042881040,10.7,6.0,10,-4.7
estimated,5566,1042881738,12.65,5.2,8,-7.4
estimated,5567,1042881739,13.3,4.7,4,-8.6
estimated,5573,1042881747,12.0,9.6,7,-2.4
estimated,5574,1042882331,11.35,8.9,8,-2.5
estimated,5576,1042882333,12.65,8.7,5,-3.9
estimated,5577,1042882334,13.3,9.7,11,-3.6
estimated,5578,1042882335,10.7,9.0,7,-1.7
estimated,5579,1042882336,11.35,9.7,4,-1.6
estimated,5581,1042882338,12.65,9.7,10,-2.9
estimated,5582,1042882339,13.3,9.6,9,-3.7
estimated,5583,1042882684,25.3,21.9,50,-3.4
estimated,5584,1042882685,22.7,25.1,100,2.4
estimated,5585,1042882686,11.35,10.2,12,-1.1
estimated,5586,1042882687,12.0,8.3,8,-3.7
estimated,5589,1042882690,10.7,8.3,7,-2.4
estimated,5591,1042882692,12.0,5.8,8,-6.2
estimated,5592,1042887842,12.0,10.9,6,-1.1
estimated,5593,1042887843,12.65,9.7,7,-3.0
estimated,5594,1042887844,13.3,11.4,5,-1.9
estimated,5595,1042887845,10.7,9.5,4,-1.2
estimated,5596,1042887846,11.35,11.0,4,-0.3
estimated,5597,1042887847,12.0,9.0,8,-3.0
estimated,5598,1042889098,12.65,9.0,8,-3.7
estimated,5599,1042889099,8.8,7.3,4,-1.5
estimated,5600,1042889114,13.3,10.9,6,-2.4
estimated,5601,1042889115,10.7,10.1,4,-0.6
estimated,5602,1042889116,11.35,10.7,4,-0.7
estimated,5606,1042889120,6.2,6.5,4,0.3
estimated,5607,1042890601,11.35,7.4,6,-3.9
estimated,5612,1042892702,17.0,16.2,12,-0.8
estimated,5615,1042908937,12.0,10.0,4,-2.0
estimated,5621,1042908943,12.65,11.8,7,-0.8
estimated,5623,1042908945,10.7,13.7,4,3.0
estimated,5624,1042908946,11.35,12.6,5,1.3
estimated,5625,1042908947,12.0,14.0,5,2.0
estimated,5627,1042908949,8.8,9.5,4,0.7
estimated,5633,1042908955,10.7,6.0,7,-4.7
estimated,5646,1042908968,12.65,14.3,8,1.6
estimated,5650,1042908972,12.0,21.9,5,9.9
estimated,5651,1042908973,12.65,16.6,6,4.0
estimated,5652,1042908974,13.3,16.1,4,2.8
estimated,5655,1042908977,7.5,9.2,4,1.7
estimated,5666,1042908988,12.65,5.6,4,-7.1
estimated,5669,1042908991,23.35,7.5,50,-15.9
estimated,5672,1042908994,13.3,8.3,4,-5.0
estimated,5675,1042908997,17.0,6.0,25,-11.0
estimated,5684,1042909006,11.35,5.0,5,-6.4
estimated,5685,1042909007,12.0,5.7,9,-6.3
estimated,5688,1042909010,10.7,7.2,9,-3.5
estimated,5703,1042909025,10.7,6.8,7,-3.9
estimated,5705,1042909027,12.0,6.4,5,-5.6
estimated,5718,1042909040,10.7,9.4,5,-1.3
estimated,5722,1042909044,8.8,4.6,4,-4.2
estimated,5741,1042924255,6.2,5.2,4,-1.0
estimated,5786,1042924300,10.7,14.9,5,4.2
estimated,5792,1042924306,11.35,8.2,8,-3.2
estimated,5794,1042924308,12.65,9.6,5,-3.1
estimated,5799,1042924313,12.65,9.7,5,-2.9
estimated,5811,1042924326,11.35,7.4,4,-3.9
estimated,5814,1042924329,13.3,7.1,5,-6.2
estimated,5830,1042924346,11.35,5.4,12,-5.9
estimated,5831,1042924347,12.0,17.1,11,5.1
estimated,5838,1042931154,13.3,10.9,8,-2.4
estimated,5839,1042931155,10.7,9.7,5,-1.0
estimated,5841,1042931157,12.0,11.6,5,-0.4
estimated,5842,1042931158,12.65,9.7,6,-3.0
estimated,5848,1042931164,13.3,10.0,4,-3.3
estimated,5883,1042932377,12.0,7.8,5,-4.2
estimated,5886,1042932380,10.7,5.9,5,-4.8
estimated,5889,1042932384,18.3,8.3,7,-10.0
estimated,5890,1042932385,10.7,6.2,6,-4.5
estimated,5891,1042932386,16.35,12.2,19,-4.1
estimated,5894,1042932390,10.7,11.8,7,1.1
estimated,5895,1042932391,16.35,5.2,27,-11.1
estimated,5896,1042932393,17.65,11.0,14,-6.7
estimated,5898,1042932396,11.35,7.2,4,-4.2
estimated,5901,1042932401,11.35,7.8,5,-3.6
estimated,5903,1042932403,12.65,16.5,5,3.8
estimated,5904,1042932404,25.3,15.7,29,-9.6
estimated,5905,1043313900,10.7,7.1,5,-3.6
estimated,5910,1043324395,10.7,8.5,7,-2.2
estimated,5911,1043324396,11.35,8.2,5,-3.1
estimated,5912,1043324397,12.0,6.4,5,-5.6
estimated,5914,1043324399,18.3,5.9,7,-12.4
estimated,5918,1043324403,12.65,7.0,5,-5.7
estimated,5923,1043324408,12.65,6.2,5,-6.5
estimated,5927,1043324412,12.0,5.4,5,-6.6
estimated,5940,1043324425,15.7,5.8,11,-9.9
estimated,5941,1043329605,10.7,10.6,6,-0.1
estimated,5946,1043329648,12.65,5.0,7,-7.7
estimated,5955,1043332136,16.35,7.2,21,-9.2
estimated,5961,1043332143,8.15,9.5,4,1.4
estimated,5972,1043334597,7.5,5.4,4,-2.1
estimated,5977,1043334765,10.7,6.0,4,-4.7
estimated,5978,1043334766,11.35,7.5,4,-3.9
estimated,5989,1043335437,17.0,5.0,23,-12.0
estimated,5999,1043335447,12.0,11.2,4,-0.8
estimated,6003,1043335451,6.85,11.6,4,4.7
estimated,6004,1043335452,12.0,11.7,4,-0.3
estimated,6027,1043335477,12.0,14.0,5,2.0
estimated,6035,1043335485,6.2,6.4,4,0.2
estimated,6037,1043335487,12.0,5.2,4,-6.8
estimated,6041,1043335491,11.35,6.9,4,-4.5
estimated,6044,1043335494,13.3,13.6,9,0.3
estimated,6048,1043335498,12.65,9.8,4,-2.9
estimated,6079,1043335556,16.35,4.9,21,-11.4
estimated,6080,1043335557,17.0,4.2,22,-12.8
estimated,6081,1043335558,17.65,4.5,26,-13.2
estimated,6082,1043335559,13.3,5.2,4,-8.1
estimated,6083,1043335560,10.7,6.0,9,-4.7
estimated,6084,1043335561,11.35,14.1,6,2.7
estimated,6086,1043336190,22.7,7.1,76,-15.6
estimated,6087,1043336297,24.0,6.5,77,-17.5
estimated,6088,1043336780,10.7,15.8,5,5.1
estimated,6090,1043336803,12.65,5.1,4,-7.5
estimated,6097,1043338030,10.7,5.4,7,-5.3
estimated,6102,1043338146,11.35,6.0,4,-5.3
estimated,6103,1043338147,12.0,5.6,6,-6.4
estimated,6104,1043338148,12.65,5.6,5,-7.0
estimated,6106,1043338379,25.3,8.8,40,-16.5
estimated,6109,1043339145,10.7,6.1,4,-4.6
estimated,6110,1043339487,12.0,5.7,5,-6.3
estimated,6112,1043341397,12.0,11.4,4,-0.6
estimated,6114,1043341399,13.3,6.3,6,-7.0
estimated,6116,1043341401,11.35,6.9,4,-4.5
estimated,6117,1043341402,17.0,15.2,27,-1.8
estimated,6118,1043341403,24.65,7.1,52,-17.5
estimated,6119,1043341411,16.35,5.3,12,-11.1
estimated,6120,1043341412,17.0,3.7,14,-13.3
estimated,6139,1043344966,11.35,17.4,4,6.1
estimated,6191,1043345021,11.35,10.6,5,-0.7
estimated,6233,1043347728,12.65,30.9,4,18.2
estimated,6242,1043350638,12.65,11.1,5,-1.6
estimated,6245,1043350641,11.35,10.0,7,-1.4
estimated,6278,1043355065,10.7,17.7,5,7.0
estimated,6279,1043355066,16.35,18.6,26,2.3
estimated,6280,1043355068,17.65,6.7,12,-11.0
estimated,6282,1043355070,10.7,6.4,4,-4.3
estimated,6283,1043355071,16.35,12.5,19,-3.8
estimated,6284,1043355072,17.0,19.5,14,2.5
estimated,6285,1043355073,17.65,19.6,23,1.9
estimated,6286,1043355074,18.3,17.4,22,-0.9
estimated,6287,1043355075,10.7,5.7,7,-5.0
estimated,6288,1043355083,12.65,5.1,5,-7.6
estimated,6292,1043360416,11.35,14.4,7,3.0
estimated,6294,1043360418,17.65,11.8,35,-5.8
estimated,6297,1043360423,12.65,9.0,6,-3.7
estimated,6299,1043360425,10.7,8.6,6,-2.1
estimated,6300,1043360426,16.35,8.9,12,-7.4
estimated,6301,1043360427,17.0,38.2,8,21.2
estimated,6302,1043360428,17.65,10.4,13,-7.3
estimated,6303,1043360429,13.3,11.1,5,-2.2
estimated,6305,1043361202,12.0,6.4,4,-5.6
estimated,6312,1043361209,13.3,7.9,8,-5.4
estimated,6313,1043361210,10.7,15.4,4,4.7
estimated,6351,1043361368,8.15,5.7,4,-2.5
estimated,6362,1043361379,8.8,6.4,4,-2.4
estimated,6370,1043364435,22.7,15.2,32,-7.5
estimated,6371,1043364436,16.35,7.1,9,-9.2
estimated,6376,1043364441,16.35,8.0,11,-8.3
estimated,6377,1043364442,17.0,9.1,37,-7.9
estimated,6378,1043364443,17.65,8.5,13,-9.1
estimated,6382,1043366148,12.65,6.0,8,-6.7
estimated,6385,1043367297,12.0,12.2,8,0.2
estimated,6386,1043367298,17.65,9.8,13,-7.8
estimated,6387,1043367299,18.3,10.0,15,-8.3
estimated,6391,1043368139,13.3,11.8,6,-1.5
estimated,6395,1043368143,12.65,9.6,4,-3.0
estimated,6396,1043368144,13.3,6.4,4,-6.9
estimated,6398,1043368146,16.35,14.3,13,-2.1
estimated,6400,1043368148,12.65,11.0,7,-1.6
estimated,6408,1043368156,11.35,5.8,4,-5.5
estimated,6462,1043377687,12.0,7.5,9,-4.5
estimated,6465,1043380285,10.7,9.9,4,-0.8
estimated,6467,1043380287,12.0,5.8,5,-6.2
estimated,6468,1043380288,17.65,7.3,23,-10.3
estimated,6470,1043380290,22.7,7.8,54,-14.9
estimated,6472,1043380292,12.0,16.0,8,4.0
estimated,6475,1043380295,10.7,7.3,8,-3.4
estimated,6538,1043381849,13.3,5.9,4,-7.4
estimated,6539,1043381850,15.7,6.9,9,-8.8
estimated,6543,1043381861,16.35,15.4,12,-1.0
estimated,6544,1043381862,17.0,9.5,7,-7.5
estimated,6545,1043381863,17.65,9.6,17,-8.0
estimated,6546,1043381864,18.3,14.2,13,-4.1
estimated,6548,1043381866,16.35,9.2,12,-7.2
estimated,6549,1043381867,17.0,6.9,9,-10.1
estimated,6551,1043382349,8.8,7.2,4,-1.6
estimated,6552,1043382350,15.7,7.7,17,-8.0
estimated,6553,1043382351,11.35,6.0,4,-5.3
estimated,6563,1043384685,10.7,5.9,4,-4.8
estimated,6566,1043384688,8.15,5.8,4,-2.4
estimated,6625,1043398638,12.65,9.3,4,-3.3
estimated,6626,1043398640,10.7,12.3,5,1.6
estimated,6631,1043398645,10.7,10.4,4,-0.3
estimated,6632,1043398646,11.35,9.1,10,-2.2
estimated,6633,1043398647,17.0,9.0,13,-8.0
estimated,6637,1043398651,11.35,11.9,5,0.5
estimated,6646,1043401600,10.7,8.0,8,-2.7
estimated,6647,1043401601,11.35,9.2,5,-2.2
estimated,6650,1043401604,13.3,7.8,5,-5.5
estimated,6665,1043401619,8.8,7.4,4,-1.4
estimated,6666,1043634569,13.3,9.0,6,-4.3
estimated,6671,1043634574,13.3,5.8,5,-7.5
estimated,6672,1043634575,10.7,7.8,6,-2.9
estimated,6674,1043634577,12.0,5.0,4,-7.0
estimated,6677,1043634580,10.7,13.6,4,2.9
estimated,6678,1043634581,11.35,6.6,9,-4.7
estimated,6679,1043634582,12.0,6.9,5,-5.1
estimated,6681,1043634584,13.3,8.3,10,-5.0
estimated,6682,1043634585,10.7,8.0,12,-2.7
estimated,6683,1043634586,23.35,11.1,54,-12.2
estimated,6684,1043634587,17.0,7.6,13,-9.4
estimated,6685,1043635472,17.0,6.7,19,-10.3
estimated,6686,1043635473,17.65,88.5,28,70.8
estimated,6687,1043636327,12.0,8.6,5,-3.4
estimated,6689,1043636538,12.65,5.4,5,-7.2
estimated,6690,1043636539,13.3,6.7,4,-6.6
estimated,6691,1043636540,10.7,6.0,4,-4.7
estimated,6694,1043636543,12.65,18.6,9,6.0
estimated,6697,1043641902,12.0,7.1,5,-4.9
estimated,6706,1043641912,12.0,8.9,6,-3.1
estimated,6709,1043641915,10.7,5.8,8,-4.9
estimated,6711,1043641917,12.0,7.1,6,-4.9
estimated,6712,1043641919,8.8,6.3,4,-2.5
estimated,6715,1043641922,17.0,11.7,30,-5.3
estimated,6716,1043641923,12.65,18.2,10,5.5
estimated,6717,1043641924,13.3,18.6,8,5.3
estimated,6718,1043641925,10.7,17.0,9,6.3
estimated,6719,1043641926,11.35,14.9,4,3.6
estimated,6721,1043641929,8.8,8.2,4,-0.6
estimated,6722,1043641930,10.7,5.7,8,-5.0
estimated,6723,1043641932,12.0,4.8,12,-7.2
estimated,6724,1043641933,12.65,6.6,7,-6.0
estimated,6725,1043641934,18.3,17.3,25,-1.0
estimated,6726,1043641935,15.7,16.9,16,1.2
estimated,6727,1043641936,16.35,15.2,18,-1.2
estimated,6728,1043641937,12.0,12.4,7,0.4
estimated,6730,1043641939,13.3,5.9,9,-7.4
estimated,6731,1043641940,10.7,7.4,6,-3.3
estimated,6732,1043641941,11.35,6.2,4,-5.2
estimated,6733,1043641942,12.0,6.2,6,-5.8
estimated,6734,1043641943,17.65,9.9,26,-7.7
estimated,6736,1043641945,15.7,7.0,26,-8.7
estimated,6737,1043642208,12.65,12.3,10,-0.4
estimated,6742,1043653199,13.3,8.4,5,-4.9
estimated,6745,1043653202,12.0,6.8,4,-5.2
estimated,6752,1043653209,13.3,7.5,5,-5.8
estimated,6753,1043653210,10.7,7.6,6,-3.1
estimated,6755,1043653212,17.0,11.3,15,-5.7
estimated,6758,1043653253,12.65,11.8,7,-0.8
estimated,6760,1043653255,10.7,5.4,4,-5.3
estimated,6764,1043653259,13.3,12.3,4,-1.0
estimated,6765,1043653260,10.7,10.8,5,0.1
estimated,6766,1043653261,11.35,11.4,6,0.0
estimated,6767,1043653262,12.0,6.6,4,-5.4
estimated,6768,1043653263,12.65,6.0,5,-6.6
estimated,6770,1043653265,10.7,5.9,6,-4.8
estimated,6771,1043653266,11.35,8.4,5,-2.9
estimated,6772,1043653267,12.0,6.8,6,-5.2
estimated,6773,1043653268,12.65,9.0,11,-3.7
estimated,6775,1043653270,10.7,6.1,4,-4.6
estimated,6776,1043653271,11.35,5.8,7,-5.6
estimated,6777,1043653272,12.0,6.5,10,-5.5
estimated,6778,1043653273,17.65,8.8,10,-8.9
estimated,6780,1043653275,10.7,8.7,5,-2.0
estimated,6784,1043653279,13.3,6.2,4,-7.1
estimated,6785,1043653280,10.7,5.8,5,-4.9
estimated,6786,1043653281,23.35,7.6,39,-15.8
estimated,6790,1043680872,12.0,7.9,6,-4.1
estimated,6793,1043680875,10.7,5.5,6,-5.2
estimated,6796,1043681554,13.3,4.9,5,-8.4
estimated,6800,1043681752,12.0,7.1,5,-4.9
estimated,6802,1043681754,13.3,8.0,6,-5.3
estimated,6803,1043681755,10.7,5.1,10,-5.6
estimated,6804,1043681756,11.35,5.8,5,-5.5
estimated,6805,1043681757,12.0,6.5,11,-5.5
estimated,6806,1043681758,17.65,6.4,14,-11.2
estimated,6807,1043681759,18.3,4.0,8,-14.3
estimated,6808,1043682468,8.15,8.3,4,0.2
estimated,6813,1043682945,22.7,5.9,59,-16.8
estimated,6826,1043685678,24.65,8.9,65,-15.7
estimated,6828,1043685680,10.7,5.4,4,-5.3
estimated,6830,1043685750,15.7,3.8,12,-11.9
estimated,6831,1043687283,12.65,9.7,5,-3.0
estimated,6833,1043687285,6.2,5.4,4,-0.8
estimated,6835,1043687939,8.8,3.9,4,-4.9
estimated,6837,1043688009,18.3,6.8,12,-11.5
estimated,6838,1043688390,10.7,5.8,6,-4.9
estimated,6840,1043689453,17.65,6.4,15,-11.3
estimated,6842,1043689924,13.3,4.8,5,-8.5
estimated,6846,1043690275,10.7,4.8,4,-5.9
estimated,6852,1043690921,16.35,6.4,27,-9.9
estimated,6853,1043690922,17.0,4.6,11,-12.4
estimated,6854,1043690923,17.65,7.6,16,-10.1
estimated,6855,1043690924,18.3,6.6,16,-11.7
estimated,6874,1043695059,13.3,5.5,4,-7.8
estimated,6880,1043697247,12.0,5.8,4,-6.2
estimated,6899,1043700000,10.7,6.1,5,-4.6
estimated,6935,1043710001,6.85,6.1,4,-0.8
estimated,6949,1043715309,13.3,11.0,8,-2.3
estimated,6950,1043715310,10.7,5.7,5,-5.0
estimated,6951,1043715311,11.35,9.9,9,-1.5
estimated,6952,1043715312,12.0,7.7,5,-4.3
estimated,6953,1043715313,12.65,5.8,5,-6.8
estimated,6954,1043715314,13.3,5.7,4,-7.6
estimated,6955,1043715315,10.7,7.6,4,-3.1
estimated,6960,1043715322,7.5,8.4,4,0.9
estimated,6962,1043715335,10.7,10.5,4,-0.2
estimated,6964,1043715339,8.8,11.2,4,2.4
estimated,6965,1043715340,10.7,7.2,7,-3.5
estimated,6998,1043757843,8.15,11.9,4,3.8
estimated,7004,1043757849,13.3,7.0,5,-6.3
estimated,7012,1043759332,12.0,6.5,5,-5.5
estimated,7020,1043762822,12.0,5.6,6,-6.4
estimated,7028,1044662144,13.3,8.4,4,-4.9
estimated,7029,1044662145,10.7,12.3,5,1.6
estimated,7031,1044662147,12.0,11.7,5,-0.3
estimated,7035,1044662151,6.85,13.1,5,6.3
estimated,7036,1044662152,12.0,10.7,4,-1.3
estimated,7037,1044662153,12.65,7.1,4,-5.6
estimated,7038,1044662154,13.3,10.4,4,-2.9
estimated,7040,1044662156,11.35,8.8,5,-2.5
estimated,7041,1044662157,12.0,9.6,6,-2.4
estimated,7042,1044662158,8.15,13.1,4,5.0
estimated,7043,1044662159,13.3,8.8,5,-4.5
estimated,7047,1044662163,12.65,11.0,7,-1.6
estimated,7050,1044662166,11.35,11.1,4,-0.2
estimated,7052,1044662168,12.65,10.6,6,-2.1
estimated,7053,1044662169,13.3,10.0,7,-3.3
estimated,7056,1044662172,12.0,12.7,6,0.7
estimated,7058,1044662174,13.3,13.9,6,0.6
estimated,7061,1044662177,12.0,13.0,10,1.0
estimated,7068,1044662185,10.7,5.4,4,-5.3
estimated,7069,1044662186,11.35,11.7,7,0.4
estimated,7071,1044662188,12.65,10.3,5,-2.3
estimated,7072,1044662189,13.3,9.2,6,-4.1
estimated,7074,1044662191,11.35,16.5,4,5.2
estimated,7076,1044662193,17.65,13.9,22,-3.8
estimated,7078,1044662197,17.0,9.0,33,-8.0
estimated,7079,1044662198,12.65,10.6,5,-2.0
estimated,7080,1044662204,13.3,11.6,4,-1.7
estimated,7083,1044662207,12.0,7.0,5,-5.0
estimated,7084,1044662208,12.65,12.9,9,0.3
estimated,7085,1044662209,13.3,6.8,5,-6.5
estimated,7086,1044662210,10.7,7.8,5,-2.9
estimated,7090,1044662214,13.3,15.7,4,2.4
estimated,7091,1044662215,10.7,7.1,10,-3.6
estimated,7092,1044662216,11.35,9.5,8,-1.8
estimated,7099,1044662223,12.65,7.2,4,-5.5
estimated,7104,1044662228,12.65,8.4,4,-4.3
estimated,7107,1044662231,6.85,7.2,4,0.4
estimated,7110,1044662234,13.3,9.8,5,-3.5
estimated,7113,1044662237,12.0,11.7,6,-0.3
estimated,7115,1044662239,13.3,9.0,5,-4.3
estimated,7117,1044663990,6.2,6.1,4,-0.1
estimated,7120,1044663993,8.15,7.1,4,-1.1
estimated,7123,1044663996,6.85,5.0,4,-1.8
estimated,7131,1044664004,13.3,11.0,4,-2.3
estimated,7136,1044664009,13.3,5.9,5,-7.4
estimated,7138,1044664011,6.85,8.1,4,1.3
estimated,7140,1044664013,17.65,11.4,15,-6.3
estimated,7144,1044664017,12.0,6.4,6,-5.6
estimated,7146,1044664019,13.3,4.2,4,-9.1
estimated,7147,1044664020,15.7,6.3,16,-9.4
estimated,7158,1044664167,12.0,5.3,6,-6.7
estimated,7160,1044664169,13.3,4.6,4,-8.7
estimated,7161,1044664170,10.7,4.7,6,-6.0
estimated,7163,1044664172,17.0,6.0,11,-11.0
estimated,7164,1044664173,12.65,10.4,4,-2.3
estimated,7165,1044664174,13.3,5.6,8,-7.7
estimated,7166,1044664175,10.7,7.5,12,-3.2
estimated,7167,1044664176,16.35,5.3,11,-11.0
estimated,7168,1044664177,17.0,8.9,21,-8.1
estimated,7178,1044664187,12.0,6.4,7,-5.6
estimated,7181,1044664190,10.7,9.2,4,-1.5
estimated,7182,1044664191,11.35,5.4,7,-6.0
estimated,7183,1044664192,12.0,8.8,9,-3.2
estimated,7184,1044664193,12.65,7.3,4,-5.4
estimated,7186,1044664195,10.7,8.2,7,-2.5
estimated,7189,1044664198,12.65,11.5,5,-1.2
estimated,7192,1044664201,11.35,7.0,4,-4.4
estimated,7193,1044664202,12.0,6.7,13,-5.3
estimated,7194,1044664203,12.65,9.2,6,-3.4
estimated,7197,1044664206,16.35,8.4,13,-7.9
estimated,7203,1044664212,12.0,7.3,4,-4.7
estimated,7208,1044664231,11.35,20.8,7,9.4
estimated,7217,1044666830,10.7,5.1,4,-5.6
estimated,7220,1044666833,8.15,7.9,4,-0.3
estimated,7227,1044666840,10.7,12.0,5,1.3
estimated,7228,1044666841,11.35,9.9,7,-1.5
estimated,7229,1044666842,12.0,5.9,5,-6.1
estimated,7230,1044666843,12.65,3.6,4,-9.0
estimated,7232,1044666845,6.2,5.0,4,-1.2
estimated,7247,1044666860,10.7,5.9,5,-4.8
estimated,7249,1044666862,12.0,9.1,7,-2.9
estimated,7251,1044668600,10.7,7.8,4,-2.9
estimated,7256,1044668605,15.7,23.6,28,7.9
estimated,7257,1044668606,16.35,32.8,21,16.4
estimated,7258,1044668607,17.0,28.0,8,11.0
estimated,7260,1044675826,11.35,10.1,7,-1.2
estimated,7263,1044675830,6.2,11.3,4,5.1
estimated,7264,1044675831,11.35,9.2,5,-2.2
estimated,7266,1044675833,12.65,7.4,4,-5.2
estimated,7268,1044675835,10.7,7.8,7,-2.9
estimated,7272,1044675839,13.3,10.1,4,-3.2
estimated,7273,1044675840,10.7,9.7,4,-1.0
estimated,7275,1044675842,12.0,9.1,7,-2.9
estimated,7277,1044675844,8.8,13.3,4,4.5
estimated,7278,1044675845,10.7,15.4,7,4.7
estimated,7280,1044675847,12.0,8.2,4,-3.8
estimated,7281,1044675848,8.15,5.0,4,-3.1
estimated,7283,1044675850,10.7,12.1,4,1.4
estimated,7284,1044675851,11.35,7.9,5,-3.4
estimated,7287,1044675855,10.7,10.9,6,0.2
estimated,7290,1044681690,10.7,7.5,6,-3.2
estimated,7295,1044681695,10.7,9.5,4,-1.2
estimated,7298,1044681698,12.65,16.3,7,3.6
estimated,7299,1044681699,13.3,19.8,4,6.5
estimated,7300,1044681700,15.7,10.4,18,-5.3
estimated,7301,1044681701,16.35,11.1,24,-5.2
estimated,7302,1044681702,12.0,8.7,5,-3.3
estimated,7303,1044681703,17.65,10.6,15,-7.1
estimated,7305,1044681711,16.35,10.8,11,-5.5
estimated,7307,1044681713,12.65,12.1,10,-0.6
estimated,7309,1044681718,12.65,18.6,10,5.9
estimated,7310,1044682601,6.85,12.1,5,5.3
estimated,7311,1044682602,12.0,10.4,8,-1.6
estimated,7312,1044682603,12.65,8.9,5,-3.8
estimated,7315,1044682606,11.35,7.1,5,-4.3
estimated,7317,1044682608,12.65,8.6,7,-4.0
estimated,7321,1044682612,12.0,6.9,6,-5.1
estimated,7322,1044682613,12.65,10.7,8,-1.9
estimated,7323,1044682614,13.3,8.1,8,-5.2
estimated,7324,1044682615,10.7,9.4,5,-1.3
estimated,7325,1044682616,16.35,9.7,7,-6.7
estimated,7326,1044682617,17.0,46.3,21,29.3
estimated,7328,1044682619,18.3,32.6,30,14.3
estimated,7331,1044682622,12.0,4.1,4,-7.9
estimated,7335,1044682626,11.35,8.1,6,-3.3
estimated,7340,1044682631,11.35,10.5,4,-0.9
estimated,7341,1044682632,12.0,7.3,5,-4.7
estimated,7343,1044682634,13.3,7.2,4,-6.1
estimated,7346,1044684761,11.35,7.1,9,-4.3
estimated,7348,1044684763,17.65,8.2,11,-9.5
estimated,7349,1044684764,13.3,6.3,6,-7.0
estimated,7351,1044684766,11.35,6.9,4,-4.4
estimated,7352,1044684767,12.0,9.2,5,-2.8
estimated,7355,1044684773,12.65,16.0,4,3.3
estimated,7356,1044684774,18.3,12.8,13,-5.5
estimated,7357,1044684775,10.7,7.1,7,-3.6
estimated,7360,1044684780,6.2,5.1,4,-1.1
estimated,7361,1044684781,11.35,5.1,6,-6.2
estimated,7362,1044684782,17.0,20.6,11,3.6
estimated,7363,1044684783,17.65,13.4,15,-4.3
estimated,7364,1044684784,13.3,8.9,6,-4.4
estimated,7365,1044684785,15.7,7.4,11,-8.3
estimated,7366,1044684786,16.35,8.1,14,-8.3
estimated,7367,1044684787,17.0,7.9,41,-9.1
estimated,7368,1044684788,17.65,7.5,27,-10.1
estimated,7370,1044686735,6.2,8.3,4,2.1
estimated,7371,1044686736,16.35,13.9,26,-2.4
estimated,7372,1044686737,12.0,12.2,4,0.2
estimated,7373,1044686738,17.65,10.0,24,-7.7
estimated,7374,1044686739,18.3,8.7,18,-9.6
estimated,7376,1044686741,11.35,10.3,4,-1.1
estimated,7377,1044686742,12.0,11.1,10,-0.9
estimated,7379,1044686744,13.3,10.1,8,-3.2
estimated,7380,1044686745,10.7,9.8,5,-0.9
estimated,7382,1044686747,12.0,7.9,9,-4.1
estimated,7383,1044686748,24.65,6.1,42,-18.6
estimated,7389,1044686754,13.3,6.9,6,-6.4
estimated,7391,1044686756,11.35,5.5,5,-5.9
estimated,7392,1044686757,12.0,5.9,6,-6.1
estimated,7400,1044686765,10.7,4.6,5,-6.1
estimated,7402,1044686767,12.0,5.8,5,-6.2
estimated,7403,1044686768,12.65,6.8,6,-5.8
estimated,7407,1044686772,17.0,6.6,27,-10.4
estimated,7408,1044686773,17.65,27.8,25,10.1
estimated,7413,1044686778,12.65,8.7,8,-3.9
estimated,7414,1044686779,13.3,9.7,4,-3.6
estimated,7417,1044686782,17.0,35.8,30,18.8
estimated,7419,1044686784,18.3,37.0,22,18.7
estimated,7421,1044686786,16.35,44.8,38,28.5
estimated,7423,1044686788,24.65,35.5,39,10.8
estimated,7425,1044692027,17.0,7.0,11,-10.0
estimated,7427,1044692029,8.8,5.6,4,-3.2
estimated,7429,1044692031,6.85,6.4,4,-0.4
estimated,7430,1044692032,17.0,5.1,11,-11.9
estimated,7434,1044694557,17.0,14.9,24,-2.1
estimated,7436,1044700100,15.7,5.2,13,-10.5
estimated,7437,1044700101,11.35,4.7,6,-6.7
estimated,7438,1044700102,17.0,5.5,18,-11.5
estimated,7440,1044700106,16.35,7.8,7,-8.6
estimated,7441,1044700107,7.5,7.8,5,0.3
estimated,7442,1044700108,8.15,9.2,5,1.1
estimated,7444,1044700110,10.7,8.4,5,-2.3
estimated,7445,1044700111,16.35,6.9,15,-9.5
estimated,7446,1044700112,12.0,14.0,4,2.0
estimated,7448,1044700114,13.3,6.0,6,-7.3
estimated,7450,1044700116,16.35,7.2,9,-9.2
estimated,7453,1044700119,13.3,6.9,5,-6.4
estimated,7454,1044700120,15.7,6.1,14,-9.6
estimated,7455,1044700121,16.35,5.6,13,-10.8
estimated,7456,1044700122,17.0,5.5,12,-11.5
estimated,7457,1044701012,12.0,6.3,8,-5.7
estimated,7459,1044701014,13.3,7.2,11,-6.1
estimated,7460,1044701015,15.7,7.4,10,-8.3
estimated,7462,1044701017,12.0,6.1,4,-5.9
estimated,7464,1044701019,13.3,5.9,7,-7.4
estimated,7467,1044705243,12.65,8.7,4,-3.9
estimated,7469,1044705245,10.7,12.7,6,2.0
estimated,7470,1044705246,16.35,12.8,8,-3.5
estimated,7473,1044705249,18.3,4.4,8,-13.9
estimated,7474,1044705250,15.7,5.5,10,-10.2
estimated,7475,1044705251,16.35,4.2,8,-12.1
estimated,7476,1044705252,17.0,7.4,22,-9.6
estimated,7477,1044705253,24.65,10.7,58,-14.0
estimated,7478,1044705254,18.3,10.6,36,-7.7
estimated,7480,1044705256,16.35,9.1,23,-7.3
estimated,7481,1044705257,7.5,6.0,6,-1.5
estimated,7483,1044705259,13.3,10.3,12,-3.0
estimated,7484,1044705260,10.7,9.9,8,-0.8
estimated,7486,1044705262,17.0,6.8,12,-10.2
estimated,7487,1044705263,17.65,6.0,27,-11.7
estimated,7488,1044705264,13.3,9.8,8,-3.5
estimated,7489,1044705265,22.7,5.8,135,-16.9
estimated,7490,1044705266,11.35,4.9,6,-6.4
estimated,7491,1044705267,12.0,5.2,9,-6.8
estimated,7492,1044705268,17.65,9.9,13,-7.8
estimated,7495,1044705393,12.65,5.2,4,-7.4
estimated,7498,1044705396,11.35,4.6,4,-6.7
estimated,7499,1044705397,7.5,4.8,4,-2.7
estimated,7500,1044705807,12.0,8.6,7,-3.4
estimated,7509,1044706684,13.3,7.6,6,-5.7
estimated,7513,1044706688,12.65,7.4,6,-5.2
estimated,7514,1044706689,13.3,6.4,9,-6.9
estimated,7516,1044706691,11.35,10.2,4,-1.2
estimated,7522,1044706697,12.0,9.1,9,-2.9
estimated,7523,1044706698,12.65,11.2,8,-1.4
estimated,7524,1044706699,18.3,7.7,12,-10.6
estimated,7527,1044706702,12.0,11.0,5,-1.0
estimated,7534,1044706709,13.3,4.8,8,-8.5
estimated,7536,1044706711,11.35,6.9,6,-4.5
estimated,7547,1044706722,24.0,12.7,26,-11.3
estimated,7550,1044706725,6.2,8.2,4,2.0
estimated,7553,1044706728,17.65,8.4,15,-9.2
estimated,7554,1044706729,13.3,7.5,7,-5.8
estimated,7556,1044707194,13.3,12.8,5,-0.5
estimated,7557,1044707195,10.7,13.5,4,2.8
estimated,7560,1044708788,24.65,42.9,29,18.3
estimated,7566,1044708837,12.0,5.5,5,-6.5
estimated,7567,1044708838,24.65,6.0,58,-18.6
estimated,7570,1044708841,11.35,5.8,4,-5.5
estimated,7571,1044708842,12.0,5.6,5,-6.4
estimated,7574,1044708845,10.7,5.9,5,-4.8
estimated,7576,1044708847,12.0,6.0,4,-6.0
estimated,7580,1044708851,11.35,6.4,6,-5.0
estimated,7581,1044708852,24.0,27.9,69,3.9
estimated,7582,1044708853,12.65,7.9,4,-4.8
estimated,7583,1044708854,13.3,8.4,4,-4.9
estimated,7585,1044708856,11.35,6.4,6,-4.9
estimated,7587,1044708858,24.65,31.8,91,7.1
estimated,7588,1044708859,25.3,8.3,165,-17.0
estimated,7589,1044714530,10.7,30.1,6,19.4
estimated,7591,1044714532,17.0,12.9,18,-4.1
estimated,7592,1044714533,12.65,15.6,4,3.0
estimated,7593,1044714534,25.3,14.5,58,-10.8
estimated,7595,1044714536,16.35,8.6,17,-7.7
estimated,7596,1044714537,17.0,9.4,18,-7.6
estimated,7614,1044718667,24.0,16.0,50,-8.0
estimated,7618,1044719440,6.2,6.3,4,0.1
estimated,7619,1044719441,16.35,6.3,39,-10.0
estimated,7620,1044719442,17.0,6.2,40,-10.8
estimated,7621,1044719443,24.65,6.2,47,-18.4
estimated,7625,1044719447,12.0,5.5,10,-6.5
estimated,7626,1044719448,17.65,5.9,33,-11.7
estimated,7627,1044719449,18.3,6.2,40,-12.1
estimated,7628,1044719450,22.7,5.9,40,-16.8
estimated,7629,1044719451,16.35,5.6,16,-10.7
estimated,7630,1044719452,17.0,5.9,40,-11.1
estimated,7631,1044719453,24.65,5.8,43,-18.8
estimated,7632,1044719454,18.3,6.1,41,-12.2
estimated,7633,1044719455,15.7,5.7,32,-10.0
estimated,7634,1044719456,16.35,6.0,41,-10.4
estimated,7635,1044719457,17.0,5.7,34,-11.3
estimated,7636,1044720368,12.65,12.8,4,0.1
estimated,7638,1044720370,10.7,12.7,4,2.0
estimated,7639,1044720371,11.35,10.9,5,-0.4
estimated,7640,1044720372,7.5,9.5,4,2.0
estimated,7643,1044720375,10.7,10.2,6,-0.5
estimated,7650,1044720382,12.0,12.8,8,0.8
estimated,7652,1044720384,13.3,13.7,6,0.4
estimated,7654,1044720386,16.35,7.1,13,-9.3
estimated,7655,1044720387,12.0,9.7,6,-2.3
estimated,7656,1044720388,12.65,16.3,4,3.7
estimated,7658,1044720390,10.7,11.8,8,1.1
estimated,7659,1044720391,11.35,15.9,10,4.5
estimated,7661,1044720393,17.65,26.5,19,8.9
estimated,7665,1044721874,13.3,7.5,4,-5.8
estimated,7667,1044721876,11.35,7.3,6,-4.0
estimated,7668,1044721877,17.0,6.9,10,-10.1
estimated,7669,1044721878,17.65,7.8,13,-9.9
estimated,7671,1044721880,10.7,6.6,4,-4.1
estimated,7672,1044721881,16.35,9.6,15,-6.8
estimated,7673,1044721882,12.0,7.6,7,-4.4
estimated,7675,1044721884,13.3,5.8,6,-7.5
estimated,7676,1044721885,10.7,6.4,4,-4.3
estimated,7681,1044721891,11.35,5.3,5,-6.0
estimated,7686,1044722101,11.35,12.8,4,1.5
estimated,7687,1044722102,12.0,7.5,6,-4.5
estimated,7689,1044722107,17.0,9.0,14,-8.0
estimated,7698,1044724997,7.5,6.7,4,-0.8
estimated,7699,1044724998,12.65,6.2,7,-6.5
estimated,7700,1044724999,13.3,6.6,5,-6.7
estimated,7701,1044725000,10.7,7.8,5,-2.9
estimated,7702,1044726435,10.7,3.9,4,-6.8
estimated,7703,1044726436,11.35,9.7,7,-1.7
estimated,7705,1044726438,17.65,9.7,22,-8.0
estimated,7713,1044747598,17.65,5.8,10,-11.8
estimated,7714,1044747599,18.3,8.1,11,-10.2
estimated,7715,1044747600,15.7,20.3,11,4.6
estimated,7716,1044747601,16.35,16.8,12,0.4
estimated,7717,1044747602,17.0,9.6,12,-7.4
estimated,7720,1044747605,15.7,5.9,10,-9.8
estimated,7721,1044747606,11.35,6.8,10,-4.5
estimated,7724,1044762187,12.0,6.9,8,-5.1
estimated,7726,1044762189,13.3,11.6,4,-1.7
estimated,7728,1044762191,11.35,10.6,4,-0.8
estimated,7730,1044762193,12.65,6.8,7,-5.8
estimated,7731,1044762194,13.3,14.3,9,1.0
estimated,7732,1044762195,15.7,17.1,15,1.4
estimated,7734,1044762197,12.0,8.1,5,-3.9
estimated,7735,1044762198,12.65,11.7,9,-1.0
estimated,7736,1044762199,13.3,7.9,4,-5.4
estimated,7737,1044762200,15.7,21.3,15,5.6
estimated,7738,1044762201,16.35,13.4,26,-2.9
estimated,7739,1044762202,12.0,8.2,6,-3.8
estimated,7740,1044762203,12.65,8.8,9,-3.8
estimated,7773,1046049962,12.0,9.6,4,-2.4
estimated,7774,1046049963,12.65,9.1,5,-3.6
estimated,7780,1046049969,13.3,6.5,6,-6.8
estimated,7781,1046049970,6.2,6.5,4,0.3
estimated,7782,1046049971,11.35,14.4,4,3.1
estimated,7783,1046049972,17.0,8.2,16,-8.8
estimated,7785,1046049974,13.3,8.6,9,-4.7
estimated,7787,1046049976,6.85,7.2,4,0.3
estimated,7817,1046059291,11.35,8.3,4,-3.0
estimated,7818,1046059292,12.0,9.0,5,-3.0
estimated,7823,1046059297,12.0,6.5,4,-5.5
estimated,7836,1046059310,10.7,5.0,5,-5.7
estimated,7837,1046059311,11.35,7.5,5,-3.9
estimated,7838,1046059312,12.0,9.5,10,-2.5
estimated,7842,1046062405,15.7,16.0,15,0.3
estimated,7843,1046062408,17.65,7.9,31,-9.8
estimated,7845,1046062410,15.7,5.6,36,-10.1
estimated,7846,1046062411,11.35,7.5,7,-3.8
estimated,7847,1046062412,17.0,6.4,12,-10.6
estimated,7848,1046062413,17.65,7.3,27,-10.4
estimated,7849,1046062414,25.3,7.5,57,-17.8
estimated,7861,1046062426,16.35,14.7,26,-1.6
estimated,7862,1046062427,12.0,8.4,5,-3.6
estimated,7869,1046062434,13.3,7.7,5,-5.6
estimated,7870,1046062435,10.7,9.3,4,-1.4
estimated,7871,1046062436,11.35,8.6,6,-2.7
estimated,7877,1046063059,13.3,5.2,7,-8.1
estimated,7881,1046066047,17.0,12.4,13,-4.6
estimated,7882,1046066052,17.0,6.9,17,-10.1
estimated,7883,1046066595,15.7,7.9,8,-7.8
estimated,7888,1046066600,15.7,7.9,9,-7.8
estimated,7889,1046066601,11.35,7.7,8,-3.7
estimated,7893,1046066605,15.7,14.9,16,-0.8
estimated,7896,1046066608,17.65,4.6,9,-13.1
estimated,7897,1046066609,13.3,5.1,8,-8.2
estimated,7899,1046076449,13.3,10.8,5,-2.5
estimated,7902,1046076452,12.0,7.7,6,-4.3
estimated,7906,1046086531,16.35,9.5,11,-6.9
estimated,7907,1046086532,12.0,6.2,7,-5.8
estimated,7910,1046086535,10.7,3.5,4,-7.2
estimated,7912,1046087555,6.2,8.6,4,2.4
estimated,7914,1046087557,12.0,5.8,6,-6.2
estimated,7915,1046087558,12.65,7.3,6,-5.3
estimated,7916,1046087559,18.3,8.0,28,-10.3
estimated,7917,1046087560,10.7,5.5,8,-5.2
estimated,7918,1046087561,16.35,9.7,16,-6.6
estimated,7920,1046133367,12.0,7.4,6,-4.6
estimated,7924,1046144117,12.0,7.3,10,-4.7
estimated,7925,1046154855,10.7,8.3,12,-2.4
estimated,7926,1046156555,6.2,4.2,5,-2.0
estimated,7927,1046156556,16.35,5.3,10,-11.1
estimated,7929,1046163739,8.8,10.4,5,1.6
estimated,7933,1046166790,6.2,7.7,4,1.5
estimated,7936,1046197472,12.0,4.6,4,-7.4
estimated,7938,1046197475,22.7,7.3,50,-15.4
estimated,7939,1046197476,16.35,5.7,14,-10.7
estimated,7940,1046197477,17.0,6.1,15,-10.9
estimated,7941,1046197478,17.65,5.5,20,-12.1
estimated,7942,1046197479,18.3,4.9,8,-13.4
estimated,7943,1046197480,15.7,4.3,8,-11.4
estimated,7944,1046197481,11.35,5.5,10,-5.8
estimated,7946,1046197483,12.65,5.9,5,-6.8
estimated,7947,1046197484,18.3,5.8,11,-12.5
estimated,7948,1046197485,10.7,3.6,5,-7.1
estimated,7949,1046197486,16.35,5.3,18,-11.0
estimated,7950,1046197487,12.0,5.2,7,-6.8
estimated,7953,1046205541,23.35,9.4,125,-14.0
estimated,7960,1046388025,15.7,5.9,28,-9.8
estimated,7961,1046482302,12.0,6.7,6,-5.3
estimated,7967,1046736504,13.3,13.7,4,0.4
estimated,7968,1046736505,10.7,11.7,4,1.0
estimated,7969,1046736506,6.85,7.2,4,0.3
estimated,7970,1046736507,17.0,8.2,25,-8.8
estimated,7971,1046736508,12.65,7.0,8,-5.7
estimated,7972,1046736509,18.3,7.6,9,-10.7
estimated,7973,1046736625,10.7,6.5,6,-4.2
estimated,7974,1046736626,11.35,10.9,7,-0.4
estimated,7977,1046736896,11.35,5.3,4,-6.1
estimated,7978,1046736899,13.3,7.4,8,-5.9
estimated,7979,1046736900,10.7,11.3,5,0.6
estimated,7980,1046736901,11.35,11.7,6,0.3
estimated,7981,1046736902,17.0,14.3,9,-2.7
estimated,7983,1046737687,12.0,4.3,5,-7.7
estimated,7984,1046737688,17.65,6.0,8,-11.7
estimated,7986,1046758612,12.0,9.4,4,-2.6
estimated,7993,1054391882,12.0,6.6,7,-5.4
estimated,7994,1057874309,18.3,30.6,31,12.3
estimated,7995,1057874314,18.3,8.6,26,-9.7
estimated,7996,1057874317,24.0,9.6,44,-14.4
estimated,7997,1059566392,17.0,36.3,15,19.3
estimated,7998,1059566395,15.7,10.3,43,-5.4
estimated,7999,1059566396,16.35,8.4,22,-8.0
estimated,8000,1059566398,24.65,8.8,75,-15.8
estimated,8001,1059566399,18.3,5.8,9,-12.5
estimated,8002,1059566400,15.7,6.2,30,-9.5
estimated,8003,1059566401,11.35,6.1,11,-5.2
estimated,8006,1067585269,18.3,11.9,7,-6.4
estimated,8007,1067585270,10.7,8.4,9,-2.3
estimated,8008,1067585271,16.35,7.0,17,-9.3
estimated,8009,1067585272,17.0,7.8,12,-9.2
estimated,8010,1067585273,12.65,7.7,8,-4.9
estimated,8011,1069838846,23.35,9.3,64,-14.0
estimated,8013,1069838848,24.65,13.0,26,-11.7
estimated,8018,1082497110,22.7,76.3,104,53.6
estimated,8020,1085965819,25.3,18.4,52,-6.9
estimated,8021,1086980055,22.7,9.0,70,-13.7
estimated,8022,1086980056,16.35,8.0,15,-8.3
estimated,8023,1086980057,24.0,18.8,154,-5.2
estimated,8024,1086980058,17.65,8.9,21,-8.7
estimated,8025,1086980059,25.3,9.1,45,-16.2
estimated,8026,1086980060,15.7,5.2,17,-10.5
estimated,8027,1086980061,23.35,11.0,43,-12.4
estimated,8028,1086980062,17.0,10.6,33,-6.4
estimated,8029,1086980063,17.65,4.0,17,-13.6
estimated,8030,1086980064,18.3,15.4,24,-2.9
estimated,8031,1086980065,15.7,14.7,19,-1.0
estimated,8032,1086980066,16.35,11.5,18,-4.8
estimated,8034,1086980072,17.0,8.3,29,-8.7
estimated,8035,1086980084,25.3,56.0,177,30.7
estimated,8036,1087117534,18.3,51.0,28,32.7
estimated,8038,1087117536,16.35,27.2,26,10.8
estimated,8039,1087117542,17.0,14.5,32,-2.5
estimated,8040,1087117543,17.65,6.7,15,-10.9
estimated,8041,1087117545,22.7,56.5,70,33.8
estimated,8042,1087117546,23.35,11.1,108,-12.2
estimated,8043,1087117547,24.0,38.1,40,14.1
estimated,8044,1087117548,24.65,34.6,48,10.0
estimated,8045,1087117549,18.3,11.3,16,-7.0
estimated,8046,1087117550,22.7,13.9,39,-8.8
estimated,8047,1087117551,16.35,18.1,15,1.8
estimated,8049,1087117556,11.35,9.2,4,-2.2
estimated,8050,1087117558,17.65,11.0,30,-6.7
estimated,8051,1087124679,25.3,12.8,70,-12.5
estimated,8052,1087240205,22.7,38.4,45,15.7
estimated,8053,1087240208,17.65,16.8,19,-0.9
estimated,8054,1087240209,18.3,11.1,7,-7.2
estimated,8055,1087629858,17.65,25.3,30,7.6
estimated,8056,1087629859,25.3,19.6,50,-5.7
estimated,8057,1087651847,17.0,55.7,17,38.7
estimated,8058,1091610489,13.3,14.3,9,1.0
estimated,8059,1091610490,15.7,11.0,8,-4.7
estimated,8060,1091610492,17.0,12.2,12,-4.8
estimated,8062,1091610494,18.3,12.3,7,-6.0
estimated,8063,1091610495,15.7,7.0,11,-8.7
estimated,8066,1091610498,12.65,7.7,4,-4.9
estimated,8067,1091610499,13.3,4.5,4,-8.8
estimated,8069,1091610501,11.35,7.4,4,-3.9
estimated,8070,1091610502,17.0,8.7,14,-8.3
estimated,8073,1091610505,15.7,5.8,33,-9.9
estimated,8076,1091610508,17.65,9.5,11,-8.1
estimated,8077,1091610509,18.3,7.1,14,-11.2
estimated,8079,1091610511,16.35,7.1,12,-9.2
estimated,8080,1091610512,17.0,7.1,10,-9.9
estimated,8081,1091610513,17.65,6.9,15,-10.7
estimated,8114,1110176551,11.35,7.9,8,-3.4
estimated,8117,1118165498,24.65,18.8,185,-5.8
estimated,8118,1125121878,24.65,6.4,46,-18.3
estimated,8120,1125121880,15.7,5.7,15,-10.0
estimated,8122,1125121882,17.0,7.9,8,-9.1
estimated,8123,1133424698,12.65,7.3,5,-5.3
estimated,8132,1150237313,12.65,88.7,11,76.1
estimated,8144,1151026862,24.0,16.0,68,-8.0
estimated,8145,1151026863,24.65,13.7,75,-11.0
estimated,8147,1151026865,22.7,78.1,66,55.4
estimated,8148,1151026866,23.35,90.6,43,67.2
estimated,8151,1151026871,16.35,16.9,34,0.6
estimated,8157,1151186316,23.35,73.0,48,49.6
estimated,8158,1151186317,24.0,76.5,39,52.5
estimated,8159,1151186318,17.65,83.1,12,65.4
estimated,8164,1151188383,12.65,28.4,4,15.7
estimated,8167,1151192400,15.7,24.0,9,8.3
estimated,8177,1151317544,18.3,92.9,19,74.6
estimated,8178,1151317545,10.7,93.6,7,82.9
estimated,8179,1151327355,22.7,30.4,100,7.7
estimated,8181,1151343842,12.0,40.3,7,28.3
estimated,8188,1151414055,15.7,21.6,7,5.9
estimated,8193,1151427608,17.65,90.2,15,72.6
estimated,8197,1151598098,24.65,6.8,38,-17.8
estimated,8198,1151598099,25.3,19.0,54,-6.3
estimated,8211,1151615249,8.8,67.0,4,58.2
estimated,8220,1152074256,16.35,73.8,29,57.4
estimated,8221,1152074257,12.0,73.5,4,61.5
estimated,8222,1152074258,17.65,72.8,20,55.1
estimated,8223,1152074259,25.3,60.5,44,35.2
estimated,8224,1152074260,22.7,32.3,35,9.6
estimated,8225,1152074261,11.35,49.7,9,38.4
estimated,8226,1152074262,24.0,44.8,106,20.8
estimated,8227,1152074263,12.65,40.6,9,28.0
estimated,8235,1152739350,15.7,9.1,15,-6.6
estimated,8236,1152739351,16.35,34.8,21,18.5
estimated,8237,1152739352,17.0,40.3,16,23.3
estimated,8238,1152739353,17.65,35.4,12,17.8
estimated,8239,1152739354,18.3,36.2,11,17.9
estimated,8240,1152739355,10.7,36.2,7,25.5
estimated,8244,1152739363,17.65,38.0,14,20.3
estimated,8245,1152739364,18.3,30.0,10,11.7
estimated,8246,1152739366,16.35,32.7,13,16.4
estimated,8247,1152739367,17.0,38.0,12,21.0
estimated,8248,1152739368,12.65,29.7,4,17.1
estimated,8249,1152741964,18.3,13.9,22,-4.4
estimated,8256,1152750309,18.3,31.0,26,12.7
estimated,8258,1152750311,11.35,33.7,9,22.4
estimated,8262,1152750315,10.7,27.4,5,16.7
estimated,8263,1152750316,16.35,57.9,18,41.5
estimated,8264,1152845855,15.7,44.8,16,29.1
estimated,8272,1152845863,17.65,33.1,20,15.4
estimated,8274,1152845866,16.35,29.5,23,13.1
estimated,8283,1152847591,23.35,76.4,67,53.0
estimated,8284,1152850304,18.3,41.6,31,23.3
estimated,8285,1152850305,15.7,41.8,30,26.1
estimated,8286,1152850306,16.35,25.6,11,9.3
estimated,8287,1152850307,17.0,38.1,14,21.1
estimated,8288,1152853663,17.65,11.9,19,-5.8
estimated,8289,1152853664,8.8,11.7,4,2.9
estimated,8291,1152853666,11.35,11.4,6,0.1
estimated,8292,1152853667,12.0,12.7,7,0.7
estimated,8296,1152875486,11.35,12.7,4,1.4
estimated,8297,1152875487,12.0,11.7,5,-0.3
estimated,8308,1152888440,15.7,34.8,20,19.1
estimated,8310,1152892078,12.65,8.6,4,-4.1
estimated,8313,1152892081,11.35,8.4,7,-2.9
estimated,8314,1152892082,12.0,10.7,5,-1.3
estimated,8321,1152894037,17.0,7.9,6,-9.1
estimated,8322,1152894038,12.65,8.2,5,-4.4
estimated,8333,1152922342,12.0,4.6,4,-7.4
estimated,8334,1152922343,24.65,8.0,44,-16.6
estimated,8335,1152922344,8.8,7.1,4,-1.7
estimated,8342,1152922351,11.35,7.5,9,-3.8
estimated,8343,1152922352,12.0,6.7,4,-5.3
estimated,8344,1152922353,24.65,7.5,65,-17.1
estimated,8353,1152922362,12.0,3.8,4,-8.2
estimated,8357,1152922366,11.35,7.4,4,-3.9
estimated,8367,1152957261,16.35,19.9,14,3.6
estimated,8368,1152957262,17.0,20.6,10,3.6
estimated,8369,1152957263,17.65,20.6,15,2.9
estimated,8370,1152957265,22.7,83.7,34,61.0
estimated,8372,1152988467,17.0,16.9,16,-0.1
estimated,8373,1152988468,17.65,44.8,31,27.1
estimated,8374,1152988469,18.3,27.0,31,8.7
estimated,8375,1152988470,10.7,32.5,11,21.8
estimated,8376,1152997666,23.35,12.6,55,-10.8
estimated,8378,1152997668,12.65,12.2,5,-0.4
estimated,8379,1152997669,13.3,11.8,4,-1.5
estimated,8380,1152997670,15.7,12.3,15,-3.4
estimated,8381,1152997671,16.35,13.8,15,-2.6
estimated,8385,1152997676,16.35,5.2,12,-11.1
estimated,8391,1152997682,17.0,15.7,16,-1.3
estimated,8392,1152997683,12.65,17.2,5,4.5
estimated,8394,1152997686,16.35,16.1,17,-0.3
estimated,8404,1152997698,12.65,10.4,6,-2.2
estimated,8405,1152997699,13.3,13.1,9,-0.2
estimated,8406,1153003137,24.0,18.1,42,-5.9
estimated,8409,1153003140,15.7,18.1,21,2.4
estimated,8411,1153003142,12.0,10.5,7,-1.5
estimated,8414,1153003145,10.7,11.3,4,0.6
estimated,8415,1153003146,11.35,11.3,5,-0.1
estimated,8418,1153003149,13.3,13.7,9,0.4
estimated,8420,1153022827,24.0,63.4,40,39.4
estimated,8421,1153022829,13.3,66.2,5,52.9
estimated,8422,1153022830,15.7,22.9,27,7.2
estimated,8423,1153022831,16.35,24.5,26,8.1
estimated,8425,1153022835,15.7,14.7,11,-1.0
estimated,8427,1153022837,17.0,40.4,10,23.4
estimated,8430,1153022840,10.7,6.2,11,-4.5
estimated,8431,1153022841,16.35,17.3,12,0.9
estimated,8432,1153022843,17.65,5.0,14,-12.7
estimated,8435,1153022846,11.35,5.0,6,-6.3
estimated,8437,1153022848,12.65,15.2,9,2.5
estimated,8438,1153022849,18.3,21.8,13,3.5
estimated,8441,1153033265,10.7,7.7,6,-3.0
estimated,8442,1153033266,11.35,8.5,5,-2.8
estimated,8445,1153033271,11.35,20.7,4,9.4
estimated,8446,1153033272,17.0,9.9,27,-7.1
estimated,8447,1153033273,24.65,10.2,42,-14.5
estimated,8448,1153040544,18.3,14.5,21,-3.8
estimated,8449,1153040545,10.7,18.9,10,8.2
estimated,8450,1153040546,16.35,10.1,25,-6.2
estimated,8451,1153040548,17.65,9.5,9,-8.1
estimated,8452,1153040549,18.3,14.6,12,-3.7
estimated,8454,1153040551,23.35,6.6,41,-16.7
estimated,8455,1153040552,12.0,7.2,9,-4.8
estimated,8456,1153040553,17.65,8.8,7,-8.9
estimated,8461,1153040558,12.65,8.7,5,-3.9
estimated,8462,1153040559,13.3,8.0,8,-5.3
estimated,8471,1153040568,17.65,6.7,21,-11.0
estimated,8474,1153050927,12.0,11.9,7,-0.1
estimated,8475,1153050928,12.65,12.5,4,-0.2
estimated,8476,1153050929,13.3,9.0,7,-4.3
estimated,8479,1153050932,12.0,11.0,9,-1.0
estimated,8480,1153050933,24.65,7.5,31,-17.1
estimated,8481,1153050934,13.3,4.8,4,-8.5
estimated,8486,1153050939,18.3,6.4,15,-11.9
estimated,8488,1153154057,17.0,14.2,37,-2.8
estimated,8492,1153154062,12.0,14.9,6,2.9
estimated,8493,1153154063,12.65,14.6,6,1.9
estimated,8494,1153154065,10.7,6.8,6,-3.9
estimated,8495,1153154066,11.35,6.6,6,-4.7
estimated,8508,1153154086,11.35,23.1,4,11.8
estimated,8509,1153154087,17.0,9.1,14,-7.9
estimated,8510,1153154088,17.65,6.9,14,-10.8
estimated,8511,1153184873,12.65,80.3,11,67.6
estimated,8512,1153184874,18.3,17.9,32,-0.4
estimated,8514,1153184877,24.0,8.2,63,-15.8
estimated,8515,1153184878,17.65,7.7,15,-9.9
estimated,8516,1153184879,18.3,10.4,15,-7.9
estimated,8517,1153184880,15.7,32.4,9,16.7
estimated,8519,1153184882,17.0,29.6,10,12.6
estimated,8520,1153184883,12.65,27.3,6,14.7
estimated,8521,1153184884,13.3,38.4,6,25.1
estimated,8522,1153184885,10.7,30.6,6,19.9
estimated,8523,1153184886,11.35,19.6,5,8.3
estimated,8524,1153188324,18.3,35.9,15,17.6
estimated,8531,1153199100,15.7,11.7,12,-4.0
estimated,8532,1153199101,16.35,11.4,8,-5.0
estimated,8533,1153199102,17.0,9.3,10,-7.7
estimated,8537,1153199113,17.65,13.0,15,-4.6
estimated,8538,1153199114,13.3,8.6,10,-4.7
estimated,8541,1153199117,12.0,8.7,4,-3.3
estimated,8542,1153199118,12.65,7.4,5,-5.2
estimated,8543,1153199119,18.3,16.0,17,-2.3
estimated,8544,1153199120,15.7,19.1,13,3.4
estimated,8545,1153199121,16.35,18.6,12,2.2
estimated,8546,1153213608,17.65,10.7,14,-6.9
estimated,8547,1153213609,13.3,11.2,5,-2.1
estimated,8559,1153213621,16.35,18.9,24,2.5
estimated,8567,1153213631,16.35,14.8,11,-1.5
estimated,8569,1153219222,17.0,26.3,27,9.3
estimated,8574,1153219228,12.65,6.6,4,-6.1
estimated,8575,1153219229,13.3,7.8,5,-5.5
estimated,8584,1153219239,13.3,7.6,5,-5.7
estimated,8585,1153219240,15.7,12.4,16,-3.3
estimated,8586,1153219241,11.35,15.4,5,4.0
estimated,8587,1153219242,17.0,6.7,8,-10.3
estimated,8588,1153219243,12.65,6.9,7,-5.7
estimated,8590,1153224820,15.7,15.0,28,-0.7
estimated,8593,1153224823,17.65,14.7,13,-2.9
estimated,8594,1153224824,13.3,15.5,11,2.2
estimated,8597,1153232878,8.15,11.4,4,3.3
estimated,8600,1153232881,11.35,10.6,4,-0.7
estimated,8601,1153232882,12.0,10.0,6,-2.0
estimated,8602,1153232883,12.65,10.6,7,-2.1
estimated,8603,1153232884,13.3,9.8,6,-3.5
estimated,8606,1153232889,18.3,12.8,14,-5.5
estimated,8607,1153232890,15.7,11.4,9,-4.3
estimated,8609,1153232892,17.0,10.1,14,-6.9
estimated,8610,1153232893,17.65,9.4,10,-8.3
estimated,8612,1153232897,12.0,9.6,6,-2.4
estimated,8613,1153232898,12.65,9.6,8,-3.0
estimated,8614,1153232899,13.3,10.3,6,-3.0
estimated,8621,1153301092,12.0,11.4,5,-0.6
estimated,8625,1153301096,16.35,10.4,15,-6.0
estimated,8626,1153301097,12.0,10.5,5,-1.5
estimated,8630,1153301101,11.35,8.9,14,-2.4
estimated,8631,1153301102,12.0,6.8,8,-5.2
estimated,8635,1153301107,17.0,9.3,20,-7.7
estimated,8636,1153301108,17.65,9.4,20,-8.2
estimated,8637,1153301109,13.3,9.8,7,-3.5
estimated,8639,1153301111,11.35,9.9,8,-1.4
estimated,8640,1153301112,12.0,11.5,4,-0.5
estimated,8648,1153301120,6.2,4.9,4,-1.3
estimated,8653,1153313209,18.3,8.8,17,-9.5
estimated,8654,1153313210,15.7,9.9,17,-5.8
estimated,8658,1153313214,13.3,12.5,5,-0.8
estimated,8659,1153313217,17.0,11.2,18,-5.8
estimated,8660,1153313218,17.65,10.2,15,-7.4
estimated,8665,1153313225,15.7,11.3,44,-4.4
estimated,8666,1153313226,16.35,9.3,15,-7.1
estimated,8667,1153313228,12.65,10.1,4,-2.5
estimated,8668,1153313230,15.7,10.3,19,-5.4
estimated,8675,1153320116,23.35,48.9,44,25.6
estimated,8676,1153320117,17.0,18.3,30,1.3
estimated,8677,1153320118,17.65,24.8,12,7.2
estimated,8678,1153320119,18.3,23.0,13,4.7
estimated,8679,1153334615,22.7,50.5,40,27.8
estimated,8680,1153334616,16.35,47.7,17,31.3
estimated,8681,1153334618,17.65,48.4,18,30.8
estimated,8682,1153334622,17.0,39.1,31,22.1
estimated,8684,1153334624,18.3,36.7,12,18.4
estimated,8685,1153334625,15.7,28.6,8,12.9
estimated,8689,1153334629,13.3,6.2,4,-7.1
estimated,8693,1153340123,17.65,18.7,14,1.1
estimated,8694,1153340124,13.3,48.4,5,35.1
estimated,8695,1153340125,10.7,36.2,5,25.5
estimated,8696,1153340126,16.35,8.7,21,-7.7
estimated,8697,1153418173,12.65,48.2,5,35.5
estimated,8698,1153418175,15.7,59.1,10,43.4
estimated,8700,1153418177,24.0,88.4,57,64.4
estimated,8701,1153418178,17.65,78.5,9,60.8
estimated,8702,1153418179,18.3,88.6,12,70.3
estimated,8703,1153418180,10.7,92.6,11,81.9
estimated,8704,1153418181,16.35,31.3,16,15.0
estimated,8705,1153418182,12.0,31.8,7,19.8
estimated,8706,1153418185,15.7,19.1,15,3.4
estimated,8713,1153418194,8.8,20.0,4,11.2
estimated,8719,1153420708,17.65,23.5,13,5.8
estimated,8721,1153454196,16.35,7.6,31,-8.8
estimated,8722,1153454197,17.0,6.9,16,-10.1
estimated,8723,1153454198,17.65,4.4,15,-13.2
estimated,8724,1153459789,18.3,42.0,20,23.7
estimated,8725,1153459791,16.35,11.1,19,-5.3
estimated,8726,1153459792,12.0,10.9,4,-1.1
estimated,8731,1153459797,17.0,9.8,9,-7.2
estimated,8733,1153459800,10.7,9.2,6,-1.5
estimated,8737,1153459804,18.3,30.6,24,12.3
estimated,8738,1153459805,15.7,36.3,9,20.6
estimated,8739,1153459806,16.35,28.2,26,11.9
estimated,8741,1153461618,17.65,17.7,9,0.1
estimated,8742,1153461619,18.3,8.2,10,-10.1
estimated,8743,1153461620,15.7,17.5,11,1.8
estimated,8744,1153461621,11.35,10.2,6,-1.2
estimated,8745,1153461622,12.0,9.5,7,-2.5
estimated,8755,1153472345,10.7,7.6,5,-3.1
estimated,8757,1153472347,12.0,6.3,4,-5.7
estimated,8767,1153472357,12.0,10.8,5,-1.2
estimated,8774,1153486465,15.7,9.9,14,-5.8
estimated,8776,1153486467,17.0,8.2,9,-8.8
estimated,8787,1153505738,12.65,28.2,5,15.6
estimated,8791,1153505742,12.0,25.3,5,13.3
estimated,8792,1153505743,12.65,8.1,6,-4.5
estimated,8793,1153505744,18.3,11.5,13,-6.8
estimated,8795,1153505746,16.35,11.2,20,-5.1
estimated,8796,1153511091,23.35,77.4,38,54.0
estimated,8797,1153511092,17.0,6.2,11,-10.8
estimated,8798,1153511093,24.65,70.1,35,45.4
estimated,8799,1153511094,13.3,73.5,5,60.2
estimated,8800,1153511095,15.7,79.9,15,64.2
estimated,8802,1153511097,17.0,55.5,17,38.5
estimated,8803,1153511098,12.65,56.1,4,43.5
estimated,8804,1153511100,15.7,20.9,14,5.2
estimated,8805,1153579541,16.35,22.3,20,6.0
estimated,8806,1153579542,17.0,10.1,28,-6.9
estimated,8807,1153579543,24.65,19.6,48,-5.0
estimated,8808,1153579544,18.3,8.3,7,-10.0
estimated,8812,1153579548,17.65,29.2,12,11.6
estimated,8813,1153579549,18.3,27.6,15,9.3
estimated,8815,1153579551,16.35,27.4,19,11.0
estimated,8816,1153579552,17.0,34.4,7,17.4
estimated,8818,1153651564,18.3,7.4,18,-10.9
estimated,8822,1153751311,11.35,25.1,12,13.8
estimated,8826,1153751315,10.7,22.0,6,11.3
estimated,8827,1153751316,11.35,25.9,7,14.6
estimated,8828,1153751317,12.0,27.6,8,15.6
estimated,8830,1153751319,13.3,16.2,4,2.9
estimated,8832,1153751321,11.35,20.1,8,8.7
estimated,8834,1153818776,16.35,31.9,18,15.5
estimated,8836,1153818778,17.65,24.4,14,6.7
estimated,8837,1153858765,15.7,31.6,18,15.9
estimated,8838,1153858766,16.35,30.3,15,13.9
estimated,8839,1153858767,17.0,22.2,14,5.2
estimated,8840,1153858768,17.65,16.1,33,-1.6
estimated,8841,1153858769,18.3,13.0,19,-5.3
estimated,8842,1153863979,18.3,10.7,9,-7.6
estimated,8843,1153863980,15.7,10.5,29,-5.2
estimated,8845,1153863982,12.0,11.7,11,-0.3
estimated,8847,1153863984,13.3,13.4,5,0.1
estimated,8850,1153863987,17.0,22.3,14,5.3
estimated,8851,1153863988,12.65,28.6,4,15.9
estimated,8852,1153863989,25.3,15.3,79,-10.0
estimated,8853,1153863990,10.7,12.9,10,2.2
estimated,8855,1153863992,24.0,13.6,51,-10.4
estimated,8856,1153863993,17.65,11.9,13,-5.8
estimated,8857,1153863994,18.3,17.7,10,-0.6
estimated,8858,1153863995,15.7,5.7,15,-10.0
estimated,8859,1153863996,16.35,7.9,20,-8.4
estimated,8860,1153863997,17.0,9.7,18,-7.3
estimated,8863,1153864000,10.7,14.8,6,4.1
estimated,8864,1153864001,11.35,14.1,5,2.8
estimated,8865,1153864002,12.0,13.0,12,1.0
estimated,8866,1153864003,17.65,10.4,12,-7.3
estimated,8867,1153864004,13.3,13.9,10,0.6
estimated,8868,1154036047,24.0,47.1,62,23.1
estimated,8869,1154036048,17.65,60.0,22,42.3
estimated,8870,1154036049,18.3,21.5,11,3.2
estimated,8871,1154036050,10.7,14.4,7,3.7
estimated,8872,1154061956,16.35,8.3,18,-8.0
estimated,8875,1154061961,11.35,8.3,5,-3.0
estimated,8876,1154061962,12.0,8.8,5,-3.2
estimated,8879,1154061967,17.0,9.5,18,-7.5
estimated,8880,1154085648,17.65,33.4,13,15.7
estimated,8881,1154085650,15.7,13.1,22,-2.6
estimated,8883,1154085652,17.0,13.0,13,-4.0
estimated,8888,1154085657,17.0,11.5,13,-5.5
estimated,8889,1154085658,17.65,65.3,14,47.6
estimated,8890,1154085659,25.3,35.0,48,9.7
estimated,8891,1154085660,22.7,14.9,37,-7.8
estimated,8894,1154085663,12.65,9.7,7,-2.9
estimated,8895,1154085664,13.3,10.2,4,-3.1
estimated,8898,1154085669,18.3,8.3,22,-10.0
estimated,8900,1154085671,16.35,28.7,22,12.3
estimated,8901,1154085672,17.0,19.3,23,2.3
estimated,8905,1154085677,17.0,14.9,14,-2.1
estimated,8906,1154085678,17.65,13.6,10,-4.1
estimated,8907,1154085679,13.3,13.2,11,-0.1
estimated,8908,1154085680,15.7,10.9,12,-4.8
estimated,8909,1154085681,16.35,22.2,19,5.8
estimated,8911,1154085683,17.65,22.2,15,4.5
estimated,8912,1154088055,10.7,10.1,4,-0.6
estimated,8913,1154211785,15.7,85.7,25,70.0
estimated,8916,1154211791,23.35,43.2,70,19.9
estimated,8917,1154211792,17.0,49.2,17,32.2
estimated,8919,1154556140,15.7,5.8,34,-9.9
estimated,8920,1154557120,22.7,68.5,65,45.8
estimated,8921,1154573547,17.0,43.6,23,26.6
estimated,8923,1154685483,17.65,13.4,27,-4.3
estimated,8924,1154685484,18.3,12.6,21,-5.7
estimated,8925,1154685485,15.7,13.2,19,-2.5
estimated,8927,1154685487,17.0,13.9,7,-3.1
estimated,8928,1154685488,12.65,16.6,4,4.0
estimated,8930,1154685490,15.7,22.1,12,6.4
estimated,8931,1154685491,16.35,9.3,10,-7.0
estimated,8933,1154709514,18.3,39.2,14,20.9
estimated,8936,1154709518,24.65,23.0,102,-1.6
estimated,8937,1154829642,24.0,10.0,44,-14.0
estimated,8939,1154829644,18.3,6.0,13,-12.3
estimated,8940,1154829645,15.7,7.1,16,-8.6
estimated,8941,1154829646,11.35,13.7,7,2.3
estimated,8942,1154829647,12.0,12.2,11,0.2
estimated,8943,1154829648,12.65,11.7,4,-0.9
estimated,8945,1154829650,15.7,12.5,13,-3.2
estimated,8946,1154829651,11.35,13.3,5,2.0
estimated,8969,1161653813,17.65,58.0,16,40.4
estimated,8970,1161664599,25.3,70.5,52,45.2
estimated,8973,1161724033,17.65,25.4,27,7.7
estimated,8974,1161724035,10.7,56.8,6,46.1
estimated,8975,1169331593,24.65,30.4,48,5.8
estimated,8976,1169331594,25.3,20.6,113,-4.7
estimated,8977,1169331603,24.65,9.7,115,-15.0
estimated,8983,1181111293,24.65,17.0,144,-7.7
estimated,8984,1181357677,17.0,17.8,16,0.8
estimated,8986,1184231444,25.3,13.9,128,-11.4
estimated,8987,1184231447,17.0,13.3,31,-3.7
estimated,8988,1184231448,17.65,9.2,34,-8.4
estimated,8989,1184231449,18.3,5.5,12,-12.8
estimated,8990,1184231450,15.7,6.4,13,-9.3
estimated,8992,1186015389,18.3,10.6,25,-7.7
estimated,8995,1189338963,17.65,5.0,9,-12.6
estimated,8998,1189338966,16.35,5.6,9,-10.8
estimated,8999,1189338967,17.0,5.7,11,-11.3
estimated,9000,1189338968,17.65,5.0,11,-12.6
estimated,9003,1189338975,15.7,5.7,10,-10.0
estimated,9004,1189456933,17.65,28.3,29,10.7
estimated,9005,1189456934,18.3,28.3,15,10.0
estimated,9007,1189709053,17.65,22.7,17,5.0
estimated,9010,1190749713,17.65,17.2,21,-0.5
estimated,9011,1192821497,17.0,27.3,12,10.3
estimated,9012,1193290531,16.35,9.2,31,-7.1
estimated,9013,1193381568,17.65,4.8,26,-12.8
estimated,9014,1198217668,12.65,7.9,7,-4.7
estimated,9016,1210180656,16.35,30.4,17,14.1
estimated,9018,1215108854,25.3,20.3,31,-5.0
estimated,9020,1215108856,23.35,80.0,33,56.6
estimated,9021,1215108857,24.0,63.1,73,39.1
estimated,9022,1215108858,24.65,71.4,93,46.8
estimated,9023,1215108859,25.3,79.9,87,54.6
estimated,9024,1215108860,22.7,70.6,96,47.9
estimated,9025,1215108861,23.35,57.1,67,33.8
estimated,9026,1215108862,24.0,63.0,74,39.0
estimated,9027,1215108863,24.65,68.2,97,43.5
estimated,9028,1215108864,25.3,30.2,60,4.9
estimated,9029,1215108866,23.35,31.3,51,8.0
estimated,9030,1215108867,17.0,42.4,20,25.4
estimated,9031,1215518808,24.65,8.5,78,-16.2
estimated,9034,1215518847,17.0,14.3,15,-2.7
estimated,9037,1215518850,15.7,10.6,19,-5.1
estimated,9038,1215518851,16.35,7.9,17,-8.4
estimated,9039,1215596731,23.35,52.3,127,29.0
estimated,9040,1215596732,24.0,63.8,101,39.8
estimated,9041,1215596733,24.65,48.7,122,24.0
estimated,9043,1215704530,22.7,26.0,37,3.3
estimated,9045,1216840356,23.35,29.2,169,5.8
estimated,9046,1216840358,17.65,11.8,27,-5.8
estimated,9048,1216840360,15.7,7.0,26,-8.7
estimated,9049,1216840363,17.65,10.8,17,-6.9
estimated,9050,1216840369,25.3,12.1,155,-13.2
estimated,9055,1217129012,24.0,40.1,112,16.1
estimated,9056,1217129017,17.0,24.9,20,7.9
estimated,9057,1217129024,25.3,88.6,49,63.3
estimated,9058,1217129025,15.7,8.1,19,-7.6
estimated,9059,1217129026,16.35,6.3,14,-10.1
estimated,9068,1217789844,13.3,7.5,9,-5.8
estimated,9069,1217789862,12.0,18.3,4,6.3
estimated,9099,1219258970,22.7,9.6,51,-13.1
estimated,9120,1221514015,22.7,7.9,90,-14.8
estimated,9125,1221668668,24.65,8.4,48,-16.3
estimated,9130,1221684527,17.0,8.4,32,-8.6
estimated,9131,1222019957,24.0,9.0,53,-15.0
estimated,9132,1222019958,17.65,4.3,27,-13.3
estimated,9141,1223121499,13.3,8.9,8,-4.4
estimated,9142,1223367804,18.3,8.3,8,-10.0
estimated,9147,1228196789,18.3,10.7,18,-7.6
estimated,9148,1228196790,15.7,10.4,14,-5.3
estimated,9149,1228196791,16.35,8.7,15,-7.6
estimated,9150,1229208501,16.35,11.3,11,-5.0
estimated,9151,1229209736,16.35,55.2,21,38.8
estimated,9153,1229662226,16.35,7.5,42,-8.9
estimated,9154,1229662227,17.0,7.3,23,-9.7
estimated,9155,1229662228,24.65,7.8,57,-16.8
estimated,9156,1231789118,17.65,16.1,26,-1.6
estimated,9157,1233474631,23.35,10.7,44,-12.6
estimated,9158,1233474632,17.0,9.0,16,-8.0
estimated,9159,1233474633,17.65,16.3,13,-1.3
estimated,9160,1233474634,25.3,11.9,70,-13.4
estimated,9161,1234254072,17.0,7.3,39,-9.7
estimated,9162,1234254073,17.65,11.3,20,-6.3
estimated,9163,1234505686,16.35,4.5,14,-11.8
estimated,9164,1234505687,17.0,6.7,19,-10.3
estimated,9165,1235727052,24.0,10.7,50,-13.3
estimated,9166,1237501222,12.0,3.7,5,-8.3
estimated,9169,1237558233,17.65,37.7,35,20.1
estimated,9172,1237832370,15.7,9.8,12,-5.9
estimated,9173,1237832372,17.0,13.4,14,-3.6
estimated,9194,1237832400,10.7,13.7,6,3.0
estimated,9196,1237832402,12.0,9.5,4,-2.5
estimated,9200,1237832406,11.35,15.3,5,3.9
estimated,9201,1237832407,12.0,16.2,5,4.2
estimated,9203,1237832419,18.3,21.0,21,2.7
estimated,9204,1237832431,16.35,6.6,19,-9.8
estimated,9208,1244567325,10.7,6.4,7,-4.3
estimated,9209,1244567326,11.35,7.8,5,-3.5
estimated,9210,1244567327,12.0,11.0,5,-1.0
estimated,9211,1244567328,12.65,6.8,4,-5.9
estimated,9212,1244567329,13.3,9.4,9,-3.9
estimated,9217,1265945863,17.65,4.6,13,-13.0
estimated,9219,1267828465,15.7,5.8,22,-9.9
estimated,9220,1272622376,16.35,9.2,35,-7.1
estimated,9222,1272651080,15.7,5.0,13,-10.7
estimated,9223,1273247314,18.3,33.7,20,15.4
estimated,9224,1273247316,23.35,6.7,89,-16.7
estimated,9229,1276531155,15.7,7.8,35,-7.9
estimated,9231,1289086177,12.0,25.5,7,13.5
estimated,9232,1290273073,12.65,16.0,4,3.3
estimated,9233,1290273074,13.3,15.5,5,2.2
estimated,9234,1290273075,10.7,16.4,9,5.7
estimated,9235,1290273076,11.35,12.8,5,1.4
estimated,9239,1290273080,10.7,15.3,5,4.6
estimated,9241,1290273082,7.5,16.2,4,8.7
estimated,9249,1293362919,13.3,12.0,6,-1.3
estimated,9250,1293362921,16.35,11.1,11,-5.2
estimated,9251,1293779155,22.7,8.7,45,-14.0
estimated,9252,1293779156,23.35,13.1,36,-10.3
estimated,9254,1293779159,18.3,8.0,10,-10.3
estimated,9255,1293779160,22.7,10.5,105,-12.2
estimated,9256,1293779161,16.35,4.3,13,-12.0
estimated,9257,1295556788,17.65,7.9,28,-9.7
estimated,9260,1295556793,17.65,5.5,9,-12.1
estimated,9261,1295556796,16.35,8.0,18,-8.4
estimated,9263,1295638386,16.35,13.9,16,-2.4
estimated,9264,1295638388,24.65,8.7,38,-15.9
estimated,9267,1295638402,24.0,5.7,36,-18.3
estimated,9268,1295638403,24.65,6.5,58,-18.2
estimated,9269,1295638404,25.3,12.4,60,-12.9
estimated,9270,1295638405,15.7,24.5,23,8.8
estimated,9271,1295638406,16.35,22.4,10,6.0
estimated,9272,1295638407,17.0,6.6,13,-10.4
estimated,9273,1295638408,12.65,6.0,4,-6.6
estimated,9275,1295638410,15.7,28.4,24,12.7
estimated,9276,1295638411,16.35,4.9,25,-11.5
estimated,9277,1295735897,24.0,9.3,97,-14.7
estimated,9278,1295735898,24.65,30.4,34,5.7
estimated,9281,1295735910,15.7,14.9,12,-0.8
estimated,9282,1295735916,23.35,11.3,65,-12.0
estimated,9283,1295735918,17.65,7.3,9,-10.3
estimated,9285,1295735927,17.0,5.8,42,-11.2
estimated,9286,1295735929,25.3,8.8,172,-16.5
estimated,9287,1295735930,10.7,4.9,6,-5.8
estimated,9292,1306001941,16.35,7.6,35,-8.8
estimated,9293,1306001942,12.0,6.1,12,-5.9
estimated,9294,1306001943,17.65,6.2,11,-11.4
estimated,9295,1308462636,23.35,11.6,129,-11.7
estimated,9296,1308462637,24.0,10.9,32,-13.1
estimated,9297,1308462643,24.65,13.6,110,-11.0
estimated,9298,1308462645,15.7,17.5,12,1.8
estimated,9299,1308462646,23.35,14.1,66,-9.3
estimated,9300,1308462649,25.3,13.5,32,-11.8
estimated,9302,1308560001,23.35,20.4,38,-3.0
estimated,9306,1316478628,12.65,5.9,6,-6.7
estimated,9307,1316478629,18.3,6.1,17,-12.2
estimated,9316,1316483474,25.3,8.2,36,-17.1
estimated,9322,1316483480,15.7,8.9,43,-6.8
estimated,9324,1316483482,17.0,8.3,19,-8.7
estimated,9329,1319601744,25.3,4.9,104,-20.4
estimated,9387,1324830736,16.35,10.5,12,-5.9
estimated,9395,1332014332,12.0,14.6,7,2.6
estimated,9397,1332014334,13.3,13.0,5,-0.3
estimated,9405,1332424216,16.35,12.0,14,-4.3
estimated,9408,1332424219,8.8,15.4,4,6.6
estimated,9415,1332639627,12.0,13.4,7,1.4
estimated,9417,1334957452,12.0,10.5,8,-1.5
estimated,9420,1342693851,16.35,14.0,15,-2.4
estimated,9421,1344043010,15.7,5.3,14,-10.4
estimated,9422,1344951216,16.35,5.3,8,-11.1
estimated,9429,1356237378,17.65,13.5,16,-4.1
estimated,9430,1356345732,17.0,4.3,14,-12.7
estimated,9431,1356345733,17.65,5.5,23,-12.2
estimated,9432,1356345734,18.3,5.0,32,-13.3
estimated,9433,1356345735,15.7,4.8,20,-10.9
estimated,9434,1358531441,16.35,11.9,24,-4.5
estimated,9435,1358531442,17.0,11.1,19,-5.9
estimated,9436,1358531443,12.65,7.5,9,-5.1
estimated,9437,1358535356,11.35,9.9,9,-1.4
estimated,9438,1358535357,17.0,12.8,13,-4.2
estimated,9439,1358535358,12.65,12.0,8,-0.7
estimated,9440,1358535359,18.3,11.7,28,-6.6
estimated,9442,1359050586,16.35,14.2,25,-2.1
estimated,9443,1359561756,16.35,10.4,41,-5.9
estimated,9444,1361625331,16.35,12.9,14,-3.4
estimated,9445,1361625332,17.0,4.9,25,-12.1
estimated,9446,1361902571,23.35,13.0,43,-10.3
estimated,9449,1361970815,15.7,5.6,17,-10.1
estimated,9453,1381826602,17.0,5.7,12,-11.3
estimated,9454,1382957783,12.65,7.1,4,-5.6
estimated,9455,1383929414,25.3,70.4,42,45.1
estimated,9456,1390696072,12.0,11.6,9,-0.4
estimated,9457,1390696073,17.65,16.1,13,-1.6
estimated,9462,1410252444,18.3,5.6,27,-12.7
estimated,9468,1411078754,18.3,10.0,26,-8.3
estimated,9469,1411081937,24.0,14.7,34,-9.3
estimated,9470,1411081938,17.65,10.5,12,-7.2
estimated,9471,1411467391,16.35,4.3,8,-12.0
estimated,9472,1414094287,17.0,10.5,13,-6.5
estimated,9473,1414094288,12.65,8.7,5,-4.0
estimated,9474,1414094289,13.3,9.3,10,-4.0
estimated,9477,1419343745,15.7,8.8,8,-6.9
estimated,9478,1419343746,11.35,8.5,7,-2.8
estimated,9479,1419343747,12.0,8.5,8,-3.5
estimated,9480,1419343748,12.65,9.4,6,-3.2
estimated,9481,1419343749,13.3,9.5,8,-3.8
estimated,9482,1419343750,10.7,10.3,8,-0.4
estimated,9483,1419343751,11.35,10.4,6,-1.0
estimated,9484,1419343752,12.0,8.6,9,-3.4
estimated,9485,1419343753,12.65,9.5,7,-3.1
estimated,9486,1419343754,13.3,10.9,9,-2.4
estimated,9487,1419343755,10.7,8.4,8,-2.3
estimated,9488,1419343756,11.35,9.8,8,-1.6
estimated,9489,1419343757,12.0,8.2,8,-3.8
estimated,9490,1419343758,12.65,8.6,7,-4.1
estimated,9491,1419343759,13.3,8.9,8,-4.4
estimated,9492,1419343760,10.7,8.6,9,-2.1
estimated,9493,1419343761,11.35,8.9,9,-2.4
estimated,9494,1419343762,12.0,8.3,10,-3.7
estimated,9495,1419343763,17.65,8.7,10,-9.0
estimated,9496,1419343764,13.3,8.0,8,-5.3
estimated,9497,1419343765,10.7,8.0,8,-2.7
estimated,9498,1419343766,11.35,7.8,6,-3.6
estimated,9499,1419343767,12.0,7.9,7,-4.1
estimated,9500,1419343768,12.65,7.4,6,-5.2
estimated,9501,1419343769,13.3,7.8,6,-5.5
estimated,9502,1419343770,10.7,7.3,7,-3.4
estimated,9503,1419343771,11.35,7.7,6,-3.7
estimated,9504,1419343772,12.0,7.1,6,-4.9
estimated,9505,1419343773,12.65,7.5,7,-5.1
estimated,9506,1419343774,13.3,7.9,6,-5.4
estimated,9507,1419343775,10.7,8.0,6,-2.7
estimated,9508,1419343776,11.35,7.6,7,-3.7
estimated,9509,1419343777,12.0,7.9,6,-4.1
estimated,9510,1419343778,12.65,7.4,6,-5.3
estimated,9511,1419343779,13.3,8.0,8,-5.3
estimated,9512,1419343780,10.7,7.8,6,-2.9
estimated,9513,1419343781,11.35,8.1,7,-3.2
estimated,9514,1419343782,12.0,8.0,6,-4.0
estimated,9515,1419343783,12.65,7.8,9,-4.9
estimated,9516,1419343784,13.3,8.0,7,-5.3
estimated,9517,1419343785,10.7,8.2,8,-2.5
estimated,9518,1419343786,11.35,8.1,8,-3.3
estimated,9519,1419343787,12.0,8.4,6,-3.6
estimated,9520,1419343788,12.65,7.4,8,-5.2
estimated,9521,1419343789,13.3,8.5,7,-4.8
estimated,9522,1419343790,10.7,7.5,7,-3.2
estimated,9523,1419343791,16.35,8.6,8,-7.8
estimated,9524,1419343792,17.0,8.0,9,-9.0
estimated,9525,1419343793,17.65,9.3,9,-8.4
estimated,9526,1419343794,18.3,10.2,8,-8.1
estimated,9527,1419343795,15.7,9.4,11,-6.3
estimated,9528,1419343796,16.35,9.6,7,-6.7
estimated,9529,1419343797,17.0,10.6,9,-6.4
estimated,9530,1419343798,17.65,12.1,8,-5.5
estimated,9531,1419343799,18.3,10.5,7,-7.8
estimated,9532,1419343800,15.7,10.4,7,-5.3
estimated,9533,1419343801,16.35,10.0,7,-6.4
estimated,9534,1419343802,17.0,9.2,8,-7.8
estimated,9535,1419343803,17.65,10.3,6,-7.3
estimated,9536,1419343804,18.3,8.8,9,-9.5
estimated,9537,1419343805,15.7,10.6,8,-5.1
estimated,9538,1419343806,16.35,8.5,11,-7.9
estimated,9539,1419343807,17.0,9.3,7,-7.7
estimated,9540,1419343808,17.65,9.2,11,-8.5
estimated,9541,1419343809,18.3,8.0,10,-10.3
estimated,9542,1419343810,15.7,10.2,10,-5.5
estimated,9543,1419343811,16.35,11.8,12,-4.6
estimated,9544,1419343812,17.0,8.7,9,-8.3
estimated,9545,1419343813,17.65,9.6,8,-8.1
estimated,9546,1419343814,13.3,9.3,7,-4.0
estimated,9547,1419343815,15.7,7.9,12,-7.8
estimated,9548,1419343816,16.35,8.0,13,-8.4
estimated,9549,1419343817,17.0,8.5,10,-8.5
estimated,9550,1419343819,18.3,8.0,15,-10.3
estimated,9551,1419343820,15.7,8.8,17,-6.9
estimated,9552,1419343821,16.35,9.6,14,-6.8
estimated,9553,1419343822,17.0,11.4,16,-5.6
estimated,9554,1419343823,17.65,10.8,15,-6.9
estimated,9555,1419343824,18.3,12.1,14,-6.2
estimated,9556,1419343825,15.7,11.2,18,-4.5
estimated,9557,1419343826,16.35,10.5,15,-5.8
estimated,9558,1419343827,17.0,12.5,12,-4.5
estimated,9559,1419343828,17.65,13.5,15,-4.1
estimated,9560,1419343829,18.3,12.2,10,-6.1
estimated,9561,1419343830,15.7,12.4,12,-3.3
estimated,9562,1419343831,16.35,11.8,14,-4.5
estimated,9563,1419343832,17.0,12.8,11,-4.2
estimated,9564,1419343833,17.65,12.5,11,-5.1
estimated,9565,1419343834,18.3,13.4,12,-4.9
estimated,9566,1419343835,15.7,14.1,10,-1.6
estimated,9567,1419343836,16.35,12.0,13,-4.4
estimated,9568,1419343837,17.0,12.0,13,-5.0
estimated,9569,1419343838,17.65,12.7,9,-5.0
estimated,9570,1419343839,18.3,10.0,10,-8.3
estimated,9571,1419343840,15.7,11.7,12,-4.0
estimated,9572,1419343841,16.35,11.0,13,-5.4
estimated,9573,1419343842,17.0,14.1,12,-2.9
estimated,9574,1419343843,17.65,12.5,10,-5.2
estimated,9575,1419343844,18.3,13.3,10,-5.0
estimated,9576,1419343845,15.7,12.5,10,-3.2
estimated,9577,1419343846,16.35,11.4,15,-4.9
estimated,9578,1419343847,17.0,10.5,11,-6.5
estimated,9579,1419343848,17.65,11.1,13,-6.6
estimated,9580,1419343849,18.3,11.3,9,-7.0
estimated,9581,1419343850,15.7,11.2,12,-4.5
estimated,9582,1419343851,16.35,9.0,11,-7.4
estimated,9583,1419343852,17.0,11.7,11,-5.3
estimated,9584,1419343853,17.65,9.1,12,-8.5
estimated,9585,1419343854,18.3,9.3,11,-9.0
estimated,9586,1419343855,15.7,8.4,10,-7.3
estimated,9587,1419343856,16.35,12.3,12,-4.1
estimated,9588,1419343857,17.0,10.0,19,-7.0
estimated,9591,1421082154,18.3,10.1,19,-8.2
estimated,9592,1421082155,15.7,8.9,13,-6.8
estimated,9593,1421082156,16.35,11.8,16,-4.5
estimated,9594,1421082157,17.0,11.7,16,-5.3
estimated,9595,1421082158,17.65,11.8,13,-5.9
estimated,9596,1421082159,18.3,13.3,14,-5.0
estimated,9597,1421082160,15.7,12.6,13,-3.1
estimated,9598,1421082161,16.35,11.5,13,-4.8
estimated,9599,1421082162,17.0,13.0,12,-4.0
estimated,9600,1421082163,17.65,11.4,14,-6.3
estimated,9601,1421082164,18.3,9.4,15,-8.9
estimated,9602,1421082165,15.7,11.7,13,-4.0
estimated,9603,1421082166,16.35,11.7,13,-4.7
estimated,9604,1421082167,17.0,9.9,13,-7.1
estimated,9605,1421082168,17.65,9.2,14,-8.5
estimated,9606,1421082169,18.3,11.2,14,-7.1
estimated,9607,1421082170,15.7,8.7,16,-7.0
estimated,9608,1421082171,16.35,11.5,13,-4.9
estimated,9609,1421082172,17.0,10.0,15,-7.0
estimated,9610,1421082173,17.65,11.4,14,-6.3
estimated,9611,1421082174,18.3,10.0,16,-8.3
estimated,9612,1421082175,15.7,11.2,13,-4.5
estimated,9613,1421082176,16.35,7.8,15,-8.5
estimated,9614,1421082177,17.0,10.0,11,-7.0
estimated,9615,1421082178,17.65,8.5,12,-9.2
estimated,9616,1421082179,18.3,11.0,13,-7.3
estimated,9617,1421087877,17.0,7.3,10,-9.7
estimated,9618,1421087878,17.65,9.3,11,-8.3
estimated,9619,1421087879,18.3,9.1,12,-9.2
estimated,9620,1421087880,15.7,8.1,10,-7.6
estimated,9621,1421087881,16.35,9.6,11,-6.8
estimated,9622,1421087882,17.0,8.7,13,-8.3
estimated,9623,1421087883,17.65,10.1,12,-7.6
estimated,9624,1421087884,18.3,10.7,10,-7.6
estimated,9625,1421087885,15.7,9.9,9,-5.8
estimated,9626,1421087886,16.35,9.9,11,-6.5
estimated,9627,1421087887,17.0,10.6,12,-6.4
estimated,9628,1421087888,17.65,9.7,11,-8.0
estimated,9629,1421087889,18.3,11.3,9,-7.0
estimated,9630,1421087890,15.7,9.9,8,-5.8
estimated,9631,1421087891,16.35,10.8,10,-5.5
estimated,9632,1421087892,17.0,11.4,9,-5.6
estimated,9633,1421087893,17.65,10.1,11,-7.6
estimated,9634,1421087894,18.3,11.4,11,-6.9
estimated,9635,1421087895,15.7,11.1,9,-4.6
estimated,9636,1421087896,16.35,10.5,10,-5.8
estimated,9637,1421087897,17.0,10.1,19,-6.9
estimated,9638,1421087898,17.65,12.3,17,-5.4
estimated,9639,1421087899,18.3,11.2,10,-7.1
estimated,9640,1421087900,15.7,10.0,12,-5.7
estimated,9641,1421087901,16.35,11.7,9,-4.6
estimated,9642,1421087902,17.0,10.7,11,-6.3
estimated,9643,1421087903,17.65,12.2,12,-5.5
estimated,9644,1421087904,18.3,10.2,12,-8.1
estimated,9645,1421087905,15.7,14.8,12,-0.9
estimated,9646,1421087906,16.35,13.2,10,-3.2
estimated,9647,1421087907,17.0,10.7,10,-6.3
estimated,9648,1421087908,17.65,10.5,11,-7.2
estimated,9649,1421087909,18.3,8.8,17,-9.5
estimated,9650,1421087910,15.7,9.2,11,-6.5
estimated,9651,1421087911,16.35,10.3,10,-6.1
estimated,9652,1421087912,17.0,8.5,9,-8.5
estimated,9653,1421087913,17.65,9.6,10,-8.1
estimated,9668,1424333394,18.3,12.7,36,-5.6
estimated,9670,1424333396,16.35,21.9,32,5.5
estimated,9672,1431704824,13.3,7.4,5,-5.9
estimated,9674,1431704826,11.35,6.2,8,-5.2
estimated,9675,1431856305,15.7,13.1,40,-2.6
estimated,9688,1442966938,24.65,64.3,52,39.6
estimated,9702,1447309310,10.7,10.2,4,-0.5
estimated,9703,1450081724,13.3,14.5,4,1.2
estimated,9704,1450081725,10.7,15.5,5,4.8
estimated,9705,1450081726,11.35,13.8,6,2.5
estimated,9706,1450081727,12.0,12.0,4,-0.0
estimated,9707,1450081728,12.65,11.3,6,-1.3
estimated,9708,1450081729,13.3,10.5,4,-2.8
estimated,9709,1450081730,10.7,9.1,5,-1.6
estimated,9710,1450081731,11.35,10.4,7,-0.9
estimated,9711,1450081732,12.0,15.3,5,3.3
estimated,9713,1450081734,13.3,10.7,7,-2.6
estimated,9714,1450081735,10.7,9.9,6,-0.8
estimated,9715,1453676798,12.65,8.5,5,-4.2
estimated,9716,1453676800,15.7,5.6,8,-10.1
estimated,9718,1457808651,11.35,9.6,5,-1.7
estimated,9722,1457808658,17.65,14.6,27,-3.1
estimated,9723,1457808659,18.3,10.9,18,-7.4
estimated,9726,1457808668,24.65,20.0,49,-4.6
estimated,9727,1458444093,17.65,5.3,13,-12.4
estimated,9728,1458444094,18.3,5.8,12,-12.5
estimated,9730,1459174906,11.35,6.4,7,-5.0
estimated,9731,1459174907,17.0,18.5,13,1.5
estimated,9732,1459174908,17.65,29.1,15,11.4
estimated,9733,1459174909,25.3,9.9,47,-15.4
estimated,9735,1459467226,11.35,14.1,6,2.7
estimated,9736,1460071254,18.3,10.1,15,-8.2
estimated,9738,1460073993,12.65,8.7,6,-3.9
estimated,9740,1460409818,12.65,12.0,5,-0.7
estimated,9748,1461784859,13.3,8.4,7,-4.9
estimated,9749,1461784860,10.7,6.5,4,-4.2
estimated,9751,1461799764,13.3,8.4,4,-4.9
estimated,9753,1461799766,11.35,7.3,5,-4.0
estimated,9757,1462250453,12.65,16.5,6,3.8
estimated,9759,1462250455,10.7,11.3,4,0.6
estimated,9761,1462250457,12.0,6.9,4,-5.1
estimated,9764,1462509913,12.65,11.8,8,-0.9
estimated,9765,1462509914,13.3,12.6,7,-0.7
estimated,9766,1462509915,10.7,15.9,6,5.2
estimated,9767,1462509916,11.35,9.1,5,-2.3
estimated,9769,1462513807,12.0,8.9,10,-3.1
estimated,9770,1462513808,17.65,7.2,39,-10.4
estimated,9771,1462513809,13.3,5.6,9,-7.7
estimated,9772,1462539614,13.3,15.7,4,2.4
estimated,9773,1462539616,16.35,8.3,18,-8.0
estimated,9774,1463648304,18.3,5.9,12,-12.4
estimated,9775,1463648305,15.7,6.0,11,-9.7
estimated,9777,1468822144,13.3,6.2,8,-7.1
estimated,9779,1468822146,11.35,9.6,4,-1.7
estimated,9781,1468822149,13.3,10.2,8,-3.1
estimated,9782,1468822150,10.7,11.1,6,0.4
estimated,9786,1470789011,23.35,5.0,133,-18.3
estimated,9787,1470862827,24.0,15.3,87,-8.7
estimated,9788,1471524205,10.7,13.9,4,3.2
estimated,9789,1471524206,11.35,15.4,5,4.0
estimated,9790,1471524207,12.0,9.8,8,-2.2
estimated,9791,1471524208,12.65,12.4,4,-0.3
estimated,9794,1471524211,11.35,12.0,8,0.6
estimated,9795,1471524212,12.0,10.4,5,-1.6
estimated,9797,1471524214,13.3,13.0,5,-0.3
estimated,9799,1471524221,11.35,12.8,5,1.4
estimated,9800,1471524222,12.0,14.1,4,2.1
estimated,9804,1472755829,13.3,4.1,4,-9.2
estimated,9806,1472755833,12.65,21.3,6,8.6
estimated,9809,1473644551,16.35,5.1,9,-11.2
estimated,9813,1473644557,17.0,4.7,9,-12.3
estimated,9815,1473644560,10.7,5.5,6,-5.2
estimated,9817,1473644562,12.0,4.7,4,-7.3
estimated,9820,1473763451,11.35,7.8,4,-3.5
estimated,9822,1473763454,13.3,7.1,4,-6.2
estimated,9824,1473763469,18.3,10.7,10,-7.6
estimated,9827,1474294607,12.0,10.3,6,-1.7
estimated,9828,1474294608,17.65,10.2,14,-7.5
estimated,9829,1474294609,13.3,7.8,6,-5.5
estimated,9833,1474910966,16.35,12.8,7,-3.5
estimated,9834,1474910967,12.0,14.4,12,2.4
estimated,9837,1476089651,11.35,13.3,5,1.9
estimated,9840,1476564119,18.3,21.7,11,3.4
estimated,9841,1476564120,15.7,5.3,13,-10.4
estimated,9842,1476564121,11.35,5.6,11,-5.8
estimated,9843,1476564122,12.0,5.1,5,-6.9
estimated,9844,1476564123,17.65,6.1,13,-11.6
estimated,9845,1483716978,17.65,5.3,9,-12.3
estimated,9852,1488638561,11.35,16.2,4,4.9
estimated,9858,1488638567,7.5,14.7,5,7.2
estimated,9862,1488638571,11.35,13.3,4,2.0
estimated,9864,1488638573,12.65,13.6,4,0.9
estimated,9867,1488638576,11.35,14.2,5,2.8
estimated,9870,1488638579,13.3,12.8,5,-0.5
estimated,9876,1488638585,10.7,12.3,6,1.6
estimated,9880,1488642657,7.5,9.7,5,2.2
estimated,9885,1488645423,8.15,13.7,4,5.5
estimated,9887,1488645425,10.7,20.9,6,10.2
estimated,9889,1488645427,12.0,20.8,5,8.8
estimated,9894,1489312248,17.65,18.2,15,0.5
estimated,9896,1489501123,12.65,6.9,5,-5.7
estimated,9899,1489501126,11.35,10.0,5,-1.3
estimated,9901,1489501128,8.15,11.9,5,3.7
estimated,9903,1489501130,10.7,12.6,8,1.9
estimated,9907,1489506037,12.0,16.5,10,4.5
estimated,9908,1489506038,17.65,20.4,11,2.7
estimated,9912,1495787339,13.3,12.3,4,-1.0
estimated,9914,1495787341,11.35,6.4,8,-4.9
estimated,9915,1498696743,17.65,7.8,12,-9.8
estimated,9916,1499350363,12.65,5.3,6,-7.3
estimated,9917,1499350365,10.7,4.8,6,-5.9
estimated,9918,1501670080,22.7,25.9,60,3.2
estimated,9919,1501670081,16.35,65.6,29,49.2
estimated,9920,1501670082,17.0,21.2,21,4.2
estimated,9921,1501670083,24.65,34.9,35,10.3
estimated,9922,1501670084,25.3,31.4,59,6.1
estimated,9923,1501670085,22.7,17.5,61,-5.2
estimated,9924,1501670086,23.35,12.5,138,-10.9
estimated,9925,1503256114,13.3,29.2,7,15.9
estimated,9926,1506871307,17.0,8.3,17,-8.7
estimated,9927,1507378784,25.3,10.0,39,-15.3
estimated,9928,1507378785,10.7,6.8,8,-3.9
estimated,9929,1507378786,16.35,6.6,24,-9.7
estimated,9932,1507378790,22.7,17.0,78,-5.7
estimated,9933,1507378791,16.35,12.6,22,-3.8
estimated,9937,1512359540,15.7,11.3,16,-4.4
estimated,9938,1512359541,11.35,13.8,9,2.5
estimated,9949,1523891928,17.65,4.8,14,-12.8
estimated,9962,1523951398,12.65,9.3,5,-3.3
estimated,9963,1523951399,13.3,13.7,6,0.4
estimated,9966,1523951402,12.0,7.0,5,-5.0
estimated,9967,1523951403,17.65,7.5,29,-10.2
estimated,9968,1523951404,18.3,8.0,12,-10.3
estimated,9970,1523951406,11.35,8.4,8,-2.9
estimated,9972,1523951408,12.65,8.3,4,-4.3
estimated,9976,1523951412,7.5,6.0,5,-1.5
estimated,9980,1523951416,16.35,5.8,20,-10.5
estimated,9982,1523951418,12.65,4.8,4,-7.8
estimated,9983,1523951419,13.3,5.4,9,-7.9
estimated,9984,1523951420,10.7,4.6,6,-6.1
estimated,9985,1523951421,11.35,5.0,5,-6.4
estimated,9986,1523951422,12.0,5.7,7,-6.3
estimated,9991,1523951427,12.0,5.5,6,-6.5
estimated,10001,1523951437,12.0,7.5,6,-4.5
estimated,10005,1523951441,16.35,6.8,22,-9.6
estimated,10008,1523951444,13.3,4.9,8,-8.4
estimated,10014,1523952902,17.0,5.2,11,-11.8
estimated,10018,1523952906,16.35,4.4,11,-11.9
estimated,10022,1523952910,15.7,5.0,15,-10.7
estimated,10023,1523952911,11.35,6.4,6,-4.9
estimated,10025,1523952913,12.65,4.9,9,-7.7
estimated,10026,1523952914,13.3,5.0,8,-8.3
estimated,10028,1523952916,16.35,6.1,11,-10.2
estimated,10035,1523952923,12.65,4.8,4,-7.9
estimated,10037,1523952925,10.7,4.9,4,-5.8
estimated,10039,1523952927,17.0,8.0,15,-9.0
estimated,10041,1523952929,8.8,12.4,4,3.6
estimated,10045,1523952933,12.65,6.6,5,-6.0
estimated,10050,1523952938,12.65,11.4,5,-1.3
estimated,10055,1523952943,12.65,7.0,6,-5.7
estimated,10061,1523952949,13.3,9.0,4,-4.3
estimated,10062,1523957339,13.3,8.1,10,-5.2
estimated,10065,1523957342,12.0,7.4,4,-4.6
estimated,10071,1523957348,17.65,9.2,15,-8.5
estimated,10076,1523957353,12.65,19.1,6,6.4
estimated,10077,1523957354,18.3,17.0,12,-1.3
estimated,10079,1523957356,11.35,6.3,6,-5.0
estimated,10080,1523957357,12.0,6.1,7,-5.9
estimated,10084,1523957361,11.35,6.7,4,-4.7
estimated,10087,1523957364,13.3,5.6,5,-7.7
estimated,10091,1523957368,17.65,8.5,13,-9.1
estimated,10092,1523957369,13.3,8.7,4,-4.6
estimated,10097,1523957374,13.3,9.4,4,-3.9
estimated,10098,1523957375,10.7,9.4,5,-1.3
estimated,10099,1523957376,11.35,6.9,7,-4.5
estimated,10100,1523957377,12.0,6.8,4,-5.2
estimated,10104,1523957381,6.85,6.6,4,-0.2
estimated,10105,1523957382,12.0,6.7,8,-5.3
estimated,10107,1523957384,13.3,7.4,9,-5.9
estimated,10108,1523957385,10.7,5.9,6,-4.8
estimated,10110,1523957387,17.0,5.7,23,-11.3
estimated,10115,1523969790,10.7,8.4,6,-2.3
estimated,10116,1523969791,16.35,10.2,8,-6.1
estimated,10117,1523969792,24.0,8.4,67,-15.6
estimated,10119,1523969794,13.3,6.6,6,-6.7
estimated,10122,1523969797,12.0,6.2,10,-5.8
estimated,10123,1523969798,17.65,6.0,12,-11.7
estimated,10125,1523969800,10.7,5.8,4,-4.9
estimated,10127,1523969802,12.0,7.5,4,-4.5
estimated,10131,1523969806,23.35,10.5,47,-12.8
estimated,10133,1523969808,12.65,7.9,4,-4.7
estimated,10134,1523969809,13.3,3.7,6,-9.6
estimated,10136,1523969811,11.35,4.2,6,-7.2
estimated,10137,1523969812,12.0,5.5,6,-6.5
estimated,10138,1523969813,12.65,6.4,7,-6.2
estimated,10139,1523969814,13.3,6.9,8,-6.4
estimated,10140,1523969815,10.7,3.9,4,-6.8
estimated,10143,1523974781,11.35,8.5,5,-2.9
estimated,10145,1523974783,12.65,8.8,4,-3.8
estimated,10150,1523974788,17.65,5.9,15,-11.7
estimated,10151,1523974789,13.3,5.3,4,-8.0
estimated,10152,1523974790,10.7,6.1,6,-4.6
estimated,10154,1523974792,12.0,6.6,8,-5.4
estimated,10157,1523974795,10.7,5.7,4,-5.0
estimated,10158,1523974796,11.35,6.7,5,-4.7
estimated,10161,1523974799,18.3,5.5,23,-12.8
estimated,10165,1523974803,12.65,5.9,4,-6.8
estimated,10167,1523974805,10.7,5.8,9,-4.9
estimated,10168,1523974806,16.35,5.2,12,-11.2
estimated,10173,1523974811,11.35,6.8,6,-4.6
estimated,10177,1523981283,17.65,10.1,13,-7.6
estimated,10181,1523981287,12.0,8.7,5,-3.3
estimated,10197,1523981303,17.65,7.8,9,-9.8
estimated,10201,1523981307,12.0,12.9,5,0.9
estimated,10211,1523981317,12.0,20.0,4,8.0
estimated,10218,1523981324,13.3,5.4,5,-7.9
estimated,10219,1523981325,10.7,7.7,6,-3.0
estimated,10220,1523981326,11.35,5.9,4,-5.5
estimated,10231,1523985910,10.7,8.4,5,-2.3
estimated,10234,1523985913,12.65,5.7,11,-6.9
estimated,10240,1523985919,13.3,5.2,8,-8.1
estimated,10245,1523985924,13.3,5.3,8,-8.0
estimated,10248,1523985927,17.0,12.1,16,-4.9
estimated,10253,1523985932,12.0,8.1,6,-3.9
estimated,10254,1523985933,12.65,6.2,6,-6.5
estimated,10256,1523985935,10.7,7.3,5,-3.4
estimated,10261,1523985940,10.7,5.9,5,-4.8
estimated,10264,1523985943,12.65,6.1,9,-6.6
estimated,10265,1523985944,13.3,6.6,6,-6.7
estimated,10273,1523987554,18.3,7.0,13,-11.3
estimated,10274,1523987555,10.7,5.6,5,-5.1
estimated,10277,1523987558,12.65,6.0,7,-6.6
estimated,10278,1523987559,13.3,5.9,6,-7.4
estimated,10280,1523987561,16.35,4.7,11,-11.7
estimated,10281,1523987562,12.0,4.6,4,-7.4
estimated,10286,1523987567,7.5,4.6,5,-2.9
estimated,10287,1523987568,12.65,5.2,4,-7.5
estimated,10288,1523987569,13.3,4.8,6,-8.5
estimated,10296,1523987577,12.0,4.4,4,-7.6
estimated,10297,1523987578,12.65,4.5,6,-8.2
estimated,10298,1523987579,13.3,5.1,4,-8.2
estimated,10299,1523987580,10.7,5.2,4,-5.5
estimated,10300,1523987581,11.35,5.7,6,-5.6
estimated,10303,1523987584,13.3,5.5,6,-7.8
estimated,10308,1523987589,13.3,6.1,5,-7.2
estimated,10309,1523987590,10.7,6.0,9,-4.7
estimated,10315,1523987596,6.85,4.9,4,-1.9
estimated,10316,1523987597,12.0,4.7,7,-7.3
estimated,10339,2000000012,12,23.2,5,11.2
estimated,10340,2000000013,7.5,9.2,4,1.7
estimated,10344,2000000017,17,5.4,28,-11.6
estimated,10348,2000000022,17,5.3,23,-11.7
estimated,10351,2000000025,12,4.4,4,-7.6
estimated,10365,2000000039,17,5.4,18,-11.6
estimated,10366,2000000040,12,9.6,4,-2.4
estimated,10367,2000000041,12,5.1,8,-6.9
estimated,10373,2000000047,12,6.9,5,-5.1
estimated,10377,2000000051,12,6.2,4,-5.8
estimated,10387,2000000061,12,6.0,7,-6.0
estimated,10392,2000000066,17,8.7,16,-8.3
estimated,10394,2000000070,12,5.7,5,-6.3
estimated,10404,2000000081,17,5.8,15,-11.2
estimated,10411,2000000088,12,6.9,8,-5.1
estimated,10421,2000000098,12,6.9,5,-5.1
estimated,10422,2000000099,12,5.0,5,-7.0
estimated,10445,2000000123,12,6.0,11,-6.0
estimated,10465,2000000145,12,14.6,7,2.6
estimated,10467,2000000148,17,15.7,13,-1.3
estimated,10468,2000000149,12,12.2,7,0.2
estimated,10481,2000000163,7.5,7.3,4,-0.2
estimated,10488,2000000172,7.5,6.7,4,-0.8
estimated,10489,2000000175,17,6.3,12,-10.7
estimated,10493,2000000180,12,5.3,8,-6.7
estimated,10504,2000000199,12,10.0,5,-2.0
estimated,10508,2000000203,12,11.5,4,-0.5
estimated,10510,2000000206,12,11.0,5,-1.0
estimated,10512,2000000208,7.5,6.4,4,-1.1
estimated,10526,2000000231,12,6.4,4,-5.6
estimated,10544,2000000255,12,6.2,5,-5.8
estimated,10548,2000000259,12,10.0,7,-2.0
estimated,10554,2000000268,12,5.7,5,-6.3
estimated,10555,2000000269,7.5,5.6,4,-1.9
estimated,10564,2000000279,12,7.7,4,-4.3
estimated,10568,2000000284,7.5,7.3,4,-0.2
estimated,10573,2000000290,17,6.1,11,-10.9
estimated,10581,2000000298,17,6.5,13,-10.5
estimated,10583,2000000301,12,6.3,5,-5.7
estimated,10585,2000000303,12,5.3,10,-6.7
estimated,10586,2000000304,12,5.8,5,-6.2
estimated,10596,2000000315,12,5.2,4,-6.8
estimated,10599,2000000319,17,5.7,32,-11.3
estimated,10609,2000000334,17,4.8,9,-12.2
estimated,10612,2000000337,12,7.7,6,-4.3
estimated,10622,2000000348,12,5.1,4,-6.9
estimated,10628,2000000357,17,5.1,10,-11.9
estimated,10636,2000000365,17,6.2,16,-10.8
estimated,10637,2000000367,17,6.4,11,-10.6
estimated,10646,2000000381,12,4.7,4,-7.3
estimated,10654,2000000391,12,3.9,5,-8.1
estimated,10656,2000000393,7.5,4.7,4,-2.8
estimated,10660,2000000399,17,9.9,15,-7.1
estimated,10661,2000000400,12,7.3,4,-4.7
estimated,10664,2000000404,12,6.7,5,-5.3
estimated,10667,2000000407,17,6.4,15,-10.6
estimated,10670,2000000410,17,5.9,13,-11.1
estimated,10673,2000000415,12,7.4,9,-4.6
estimated,10675,2000000417,7.5,7.0,5,-0.5
estimated,10687,2000000434,12,4.5,4,-7.5
estimated,10689,2000000436,12,6.3,10,-5.7
estimated,10698,2000000445,12,7.0,6,-5.0
estimated,10702,2000000449,7.5,5.7,4,-1.8
estimated,10707,2000000458,12,5.3,5,-6.7
estimated,10708,2000000459,12,5.9,4,-6.1
estimated,10717,2000000469,17,7.8,12,-9.2
estimated,10728,2000000481,12,5.3,5,-6.7
estimated,10731,2000000484,17,7.3,11,-9.7
estimated,10733,2000000486,17,5.5,18,-11.5
estimated,10734,2000000487,12,5.7,6,-6.3
estimated,10740,2000000493,12,7.4,5,-4.6
estimated,10742,2000000495,7.5,5.9,4,-1.6
estimated,10744,2000000498,12,6.0,5,-6.0
estimated,10755,2000000509,7.5,8.5,4,1.0
estimated,10759,2000000513,12,8.4,5,-3.6
estimated,10760,2000000515,12,7.6,4,-4.4
estimated,10770,2000000528,7.5,6.0,5,-1.5
estimated,10771,2000000529,12,5.5,10,-6.5
estimated,10772,2000000530,17,6.4,20,-10.6
estimated,10774,2000000532,12,4.7,5,-7.3
estimated,10779,2000000537,17,4.7,17,-12.3
estimated,10782,2000000541,12,4.7,4,-7.3
estimated,10788,2000000548,12,7.8,4,-4.2
estimated,10790,2000000550,12,5.6,8,-6.4
estimated,10796,2000000557,12,11.3,4,-0.7
estimated,10809,2000000572,12,4.7,5,-7.3
estimated,10813,2000000576,12,5.8,4,-6.2
estimated,10817,2000000581,12,7.3,7,-4.7
estimated,10819,2000000583,12,6.3,5,-5.7
estimated,10825,2000000590,12,6.3,5,-5.7
estimated,10831,2000000596,17,6.9,34,-10.1
estimated,10833,2000000599,12,5.8,7,-6.2
estimated,10841,2000000611,12,7.2,7,-4.8
estimated,10855,2000000629,12,4.5,4,-7.5
estimated,10863,2000000638,17,6.0,13,-11.0
estimated,10864,2000000639,17,6.9,14,-10.1
estimated,10870,2000000645,17,5.1,9,-11.9
estimated,10871,2000000646,17,5.5,15,-11.5
estimated,10872,2000000647,12,5.1,4,-6.9
estimated,10873,2000000648,17,4.4,15,-12.6
estimated,10878,2000000653,12,5.5,5,-6.5
estimated,10882,2000000657,17,13.8,20,-3.2
estimated,10883,2000000658,17,49.0,16,32.0
estimated,10884,2000000659,17,32.0,14,15.0
estimated,10888,2000000663,12,5.4,4,-6.6
estimated,10892,2000000667,17,5.7,10,-11.3
estimated,10894,2000000669,12,4.7,5,-7.3
estimated,10900,2000000675,12,6.4,11,-5.6
estimated,10903,2000000678,7.5,5.0,4,-2.5
estimated,10904,2000000679,12,4.8,4,-7.2
estimated,10905,2000000680,12,5.9,15,-6.1
estimated,10908,2000000683,12,5.4,4,-6.6
estimated,10909,2000000684,7.5,5.5,4,-2.0
estimated,10913,2000000688,17,33.3,13,16.3
estimated,10915,2000000690,12,6.9,4,-5.1
estimated,10918,2000000693,12,13.9,5,1.9
estimated,10924,2000000699,12,10.2,4,-1.8
estimated,10928,2000000703,12,6.5,6,-5.5
estimated,10929,2000000704,12,14.7,6,2.7
estimated,10930,2000000705,17,6.9,12,-10.1
estimated,10945,2000000720,17,6.3,12,-10.7
estimated,10950,2000000725,17,5.8,6,-11.2
estimated,10952,2000000727,17,8.2,14,-8.8
estimated,10954,2000000729,12,5.1,5,-6.9
estimated,10959,2000000734,7.5,5.1,4,-2.4
estimated,10966,2000000741,7.5,4.8,4,-2.7
estimated,10968,2000000743,17,5.5,18,-11.5
estimated,10973,2000000749,17,4.7,13,-12.3
estimated,10974,2000000750,7.5,4.6,4,-2.9
estimated,10978,2000000755,7.5,5.2,4,-2.3
estimated,10979,2000000756,12,4.0,5,-8.0
estimated,10988,2000000766,12,5.0,8,-7.0
estimated,10989,2000000767,12,5.2,4,-6.8
estimated,10998,2000000776,12,8.5,9,-3.5
estimated,11005,2000000783,12,5.4,5,-6.6
estimated,11011,2000000789,17,4.6,25,-12.4
estimated,11012,2000000790,12,7.3,7,-4.7
estimated,11013,2000000791,12,5.5,4,-6.5
estimated,11017,2000000798,12,6.4,4,-5.6
estimated,11028,2000000809,12,5.0,7,-7.0
estimated,11030,2000000811,12,4.9,8,-7.1
estimated,11037,2000000820,7.5,4.9,4,-2.6
estimated,11039,2000000823,12,5.6,4,-6.4
estimated,11041,2000000825,12,7.8,4,-4.2
estimated,11042,2000000826,7.5,9.2,4,1.7
estimated,11046,2000000830,12,5.8,8,-6.2
estimated,11052,2000000839,7.5,6.6,5,-0.9
estimated,11072,2000000861,12,5.0,4,-7.0
estimated,11074,2000000863,12,5.9,6,-6.1
estimated,11076,2000000865,17,3.7,10,-13.3
estimated,11077,2000000866,12,6.1,5,-5.9
estimated,11079,2000000868,12,5.4,4,-6.6
estimated,11080,2000000869,12,6.1,5,-5.9
estimated,11081,2000000870,17,6.2,13,-10.8
estimated,11082,2000000871,17,5.6,14,-11.4
estimated,11084,2000000874,12,6.8,9,-5.2
estimated,11091,2000000884,12,6.7,5,-5.3
estimated,11096,2000000890,7.5,5.2,4,-2.3
estimated,11098,2000000892,12,5.3,6,-6.7
estimated,11100,2000000895,12,9.7,7,-2.3
estimated,11110,2000000905,12,9.2,4,-2.8
estimated,11113,2000000908,12,7.1,6,-4.9
estimated,11115,2000000911,12,9.7,5,-2.3
estimated,11116,2000000912,12,9.5,8,-2.5
estimated,11124,2000000920,12,5.4,4,-6.6
estimated,11133,2000000930,12,5.3,4,-6.7
estimated,11134,2000000931,7.5,5.6,4,-1.9
estimated,11138,2000000935,12,6.1,5,-5.9
estimated,11140,2000000937,12,7.5,4,-4.5
estimated,11156,2000000953,12,7.0,4,-5.0
estimated,11159,2000000956,12,9.4,8,-2.6
estimated,11160,2000000957,17,7.3,7,-9.7
estimated,11167,2000000965,24,7.3,42,-16.7
estimated,11168,2000000966,17,7.0,10,-10.0
estimated,11169,2000000967,7.5,6.3,5,-1.2
estimated,11170,2000000968,12,6.2,5,-5.8
estimated,11171,2000000969,12,7.7,7,-4.3
estimated,11174,2000000972,12,7.4,9,-4.6
estimated,11175,2000000974,12,18.7,9,6.7
estimated,11180,2000000980,12,10.0,5,-2.0
estimated,11184,2000000984,12,6.9,4,-5.1
estimated,11186,2000000986,12,8.3,5,-3.7
estimated,11187,2000000987,17,8.1,13,-8.9
estimated,11188,2000000988,12,6.3,7,-5.7
estimated,11189,2000000989,12,6.4,4,-5.6
estimated,11196,2000000996,12,6.5,4,-5.5
estimated,11198,2000000998,12,9.6,7,-2.4
estimated,11200,2000001000,12,5.5,6,-6.5
estimated,11209,2000001010,12,5.3,8,-6.7
estimated,11210,2000001011,12,6.1,5,-5.9
estimated,11215,2000001016,12,6.9,4,-5.1
estimated,11216,2000001017,12,4.9,5,-7.1
estimated,11218,2000001019,12,6.1,6,-5.9
estimated,11221,2000001022,12,6.1,4,-5.9
estimated,11240,2000001041,12,3.8,5,-8.2
estimated,11241,2000001042,12,5.4,9,-6.6
estimated,11252,2000001053,12,4.2,4,-7.8
estimated,11253,2000001054,12,5.8,6,-6.2
estimated,11280,2000001082,12,5.5,4,-6.5
estimated,11281,2000001083,12,5.5,5,-6.5
estimated,11282,2000001084,12,5.8,8,-6.2
estimated,11283,2000001085,12,6.1,8,-5.9
estimated,11293,2000001095,12,5.3,10,-6.7
estimated,11299,2000001101,17,4.9,22,-12.1
estimated,11300,2000001102,7.5,4.5,4,-3.0
estimated,11306,2000001108,17,6.1,8,-10.9
estimated,11308,2000001110,12,6.7,4,-5.3
estimated,11317,2000001119,12,5.1,5,-6.9
estimated,11324,2000001126,12,4.6,6,-7.4
estimated,11327,2000001130,12,4.4,4,-7.6
estimated,11329,2000001132,7.5,5.2,4,-2.3
estimated,11334,2000001137,12,7.6,4,-4.4
estimated,11336,2000001139,12,6.1,5,-5.9
estimated,11340,2000001143,12,7.9,5,-4.1
estimated,11350,2000001153,7.5,5.4,4,-2.1
estimated,11360,2000001163,12,6.8,6,-5.2
estimated,11366,2000001169,17,7.6,15,-9.4
estimated,11367,2000001170,12,5.9,5,-6.1
estimated,11369,2000001172,12,6.4,6,-5.6
estimated,11377,2000001181,17,6.4,14,-10.6
estimated,11378,2000001182,12,5.7,4,-6.3
estimated,11380,2000001184,7.5,6.4,4,-1.1
estimated,11381,2000001185,12,5.4,6,-6.6
estimated,11382,2000001186,12,5.0,7,-7.0
estimated,11388,2000001195,12,6.2,6,-5.8
estimated,11393,2000001200,12,5.8,8,-6.2
estimated,11396,2000001203,17,8.2,21,-8.8
estimated,11397,2000001204,17,10.2,8,-6.8
estimated,11400,2000001207,12,7.3,7,-4.7
estimated,11402,2000001209,7.5,8.0,4,0.5
estimated,11403,2000001210,12,9.2,8,-2.8
estimated,11406,2000001213,7.5,5.5,4,-2.0
estimated,11407,2000001214,12,6.0,4,-6.0
estimated,11409,2000001216,12,6.1,5,-5.9
estimated,11416,2000001223,7.5,5.4,4,-2.1
estimated,11417,2000001224,12,7.5,4,-4.5
estimated,11418,2000001225,12,6.4,9,-5.6
estimated,11420,2000001227,17,6.7,9,-10.3
estimated,11422,2000001229,12,6.1,6,-5.9
estimated,11424,2000001231,7.5,3.1,4,-4.4
estimated,11429,2000001236,12,5.3,8,-6.7
estimated,11430,2000001237,12,4.7,6,-7.3
estimated,11435,2000001242,7.5,5.5,4,-2.0
estimated,11437,2000001244,17,4.0,9,-13.0
estimated,11438,2000001245,12,4.6,9,-7.4
estimated,11443,2000001250,12,6.6,5,-5.4
estimated,11445,2000001252,17,5.7,17,-11.3
estimated,11446,2000001253,12,6.6,5,-5.4
estimated,11449,2000001256,7.5,6.1,4,-1.4
estimated,11452,2000001259,17,5.0,8,-12.0
estimated,11459,2000001266,12,6.0,6,-6.0
estimated,11460,2000001267,12,6.1,7,-5.9
estimated,11462,2000001269,17,6.4,13,-10.6
estimated,11464,2000001271,12,8.6,4,-3.4
estimated,11468,2000001275,12,6.0,10,-6.0
estimated,11469,2000001276,12,5.7,4,-6.3
estimated,11470,2000001277,12,6.8,6,-5.2
estimated,11475,2000001282,12,8.3,6,-3.7
estimated,11476,2000001283,12,8.4,7,-3.6
estimated,11480,2000001287,12,6.1,6,-5.9
estimated,11481,2000001288,12,5.5,4,-6.5
estimated,11484,2000001291,7.5,7.2,4,-0.3
estimated,11487,2000001294,17,4.2,8,-12.8
estimated,11489,2000001296,12,5.6,4,-6.4
estimated,11490,2000001297,12,6.4,4,-5.6
estimated,11497,2000001304,12,6.9,6,-5.1
estimated,11499,2000001306,12,7.2,8,-4.8
estimated,11501,2000001308,12,6.4,9,-5.6
estimated,11502,2000001309,12,6.3,6,-5.7
estimated,11504,2000001311,17,9.1,20,-7.9
estimated,11508,2000001315,12,8.3,4,-3.7
estimated,11520,2000001327,12,5.5,8,-6.5
estimated,11522,2000001329,12,5.1,5,-6.9
estimated,11523,2000001330,12,7.9,8,-4.1
estimated,11524,2000001331,7.5,7.4,6,-0.1
estimated,11525,2000001332,7.5,7.5,4,0.0
estimated,11526,2000001333,12,5.4,6,-6.6
estimated,11529,2000001336,12,6.4,8,-5.6
estimated,11530,2000001337,12,9.7,6,-2.3
estimated,11532,2000001339,17,17.6,14,0.6
estimated,11536,2000001343,12,6.3,4,-5.7
estimated,11543,2000001350,17,7.7,16,-9.3
estimated,11548,2000001355,12,8.3,8,-3.7
estimated,11550,2000001357,17,5.4,13,-11.6
estimated,11551,2000001358,12,5.0,7,-7.0
estimated,11557,2000001364,7.5,6.9,4,-0.6
estimated,11558,2000001365,12,5.8,6,-6.2
estimated,11560,2000001367,12,6.4,8,-5.6
estimated,11562,2000001369,17,7.4,21,-9.6
estimated,11563,2000001370,12,7.7,6,-4.3
estimated,11564,2000001371,12,7.9,6,-4.1
estimated,11566,2000001373,17,5.9,22,-11.1
estimated,11567,2000001374,17,6.2,25,-10.8
estimated,11568,2000001375,17,5.3,11,-11.7
estimated,11569,2000001376,12,6.8,5,-5.2
estimated,11570,2000001377,12,8.3,7,-3.7
estimated,11571,2000001378,12,7.5,11,-4.5
estimated,11573,2000001380,17,6.1,15,-10.9
estimated,11574,2000001381,17,5.3,15,-11.7
estimated,11575,2000001382,12,5.8,10,-6.2
estimated,11578,2000001385,17,6.7,18,-10.3
estimated,11580,2000001387,12,7.9,6,-4.1
estimated,11584,2000001391,7.5,9.5,6,2.0
estimated,11587,2000001394,12,7.5,6,-4.5
estimated,11590,2000001397,12,5.5,6,-6.5
estimated,11591,2000001398,12,6.9,4,-5.1
estimated,11594,2000001401,12,6.9,4,-5.1
estimated,11595,2000001402,17,5.5,22,-11.5
estimated,11596,2000001403,12,5.4,4,-6.6
estimated,11597,2000001404,17,6.4,12,-10.6
estimated,11598,2000001405,12,5.0,6,-7.0
estimated,11600,2000001407,17,6.1,18,-10.9
estimated,11609,2000001416,7.5,8.3,4,0.8
estimated,11611,2000001418,12,5.9,6,-6.1
estimated,11612,2000001419,17,5.2,16,-11.8
estimated,11615,2000001422,7.5,7.2,4,-0.3
estimated,11616,2000001423,12,6.0,4,-6.0
estimated,11617,2000001424,12,6.0,7,-6.0
estimated,11618,2000001425,17,4.6,13,-12.4
estimated,11619,2000001426,12,5.1,11,-6.9
estimated,11621,2000001428,12,5.6,8,-6.4
estimated,11623,2000001430,17,8.9,30,-8.1
estimated,11628,2000001435,12,4.1,4,-7.9
estimated,11642,2000001449,12,3.8,6,-8.2
estimated,11645,2000001452,7.5,8.2,4,0.7
estimated,11646,2000001453,12,7.1,6,-4.9
estimated,11647,2000001454,7.5,6.3,4,-1.2
estimated,11650,2000001457,12,6.7,5,-5.3
estimated,11655,2000001462,12,7.6,6,-4.4
estimated,11658,2000001465,12,5.4,4,-6.6
estimated,11661,2000001468,17,6.0,9,-11.0
estimated,11664,2000001471,12,5.8,8,-6.2
estimated,11666,2000001473,12,3.6,6,-8.4
estimated,11667,2000001474,12,4.7,7,-7.3
estimated,11669,2000001476,17,10.2,22,-6.8
estimated,11672,2000001479,12,8.7,6,-3.3
estimated,11673,2000001480,12,6.5,4,-5.5
estimated,11674,2000001481,12,7.8,8,-4.2
estimated,11676,2000001483,12,11.5,4,-0.5
estimated,11677,2000001484,12,7.8,4,-4.2
estimated,11680,2000001487,7.5,8.9,4,1.4
estimated,11685,2000001492,12,10.6,6,-1.4
estimated,11692,2000001499,12,6.2,6,-5.8
estimated,11696,2000001503,12,4.3,12,-7.7
estimated,11699,2000001506,12,9.0,8,-3.0
estimated,11700,2000001507,17,9.3,14,-7.7
estimated,11702,2000001509,12,7.5,13,-4.5
estimated,11705,2000001512,12,9.8,7,-2.2
estimated,11709,2000001516,12,8.0,9,-4.0
estimated,11710,2000001517,12,11.6,5,-0.4
estimated,11714,2000001521,12,5.2,6,-6.8
estimated,11718,2000001525,17,6.8,12,-10.2
estimated,11722,2000001529,12,4.9,4,-7.1
estimated,11726,2000001533,12,4.8,4,-7.2
estimated,11734,2000001542,17,6.1,13,-10.9
estimated,11736,2000001544,12,6.9,4,-5.1
estimated,11740,2000001548,7.5,5.5,4,-2.0
estimated,11742,2000001552,12,7.2,6,-4.8
estimated,11743,2000001553,12,6.9,6,-5.1
estimated,11746,2000001556,12,6.0,6,-6.0
estimated,11747,2000001557,7.5,5.6,4,-1.9
estimated,11750,2000001560,7.5,5.6,6,-1.9
estimated,11751,2000001561,12,6.2,5,-5.8
estimated,11752,2000001562,7.5,6.5,4,-1.0
estimated,11753,2000001563,12,5.3,5,-6.7
estimated,11754,2000001564,12,4.9,6,-7.1
estimated,11758,2000001568,12,6.6,8,-5.4
estimated,11759,2000001569,12,4.1,9,-7.9
estimated,11760,2000001570,12,5.0,8,-7.0
estimated,11762,2000001572,17,5.8,23,-11.2
estimated,11765,2000001575,12,5.5,10,-6.5
estimated,11768,2000001578,12,5.8,8,-6.2
estimated,11769,2000001579,12,5.0,6,-7.0
estimated,11771,2000001581,12,11.1,6,-0.9
estimated,11774,2000001584,7.5,9.1,4,1.6
estimated,11775,2000001585,12,10.4,8,-1.6
estimated,11778,2000001588,12,7.8,12,-4.2
estimated,11779,2000001589,12,6.3,4,-5.7
estimated,11780,2000001590,7.5,6.1,4,-1.4
estimated,11782,2000001592,12,5.2,4,-6.8
estimated,11784,2000001594,12,6.3,6,-5.7
estimated,11785,2000001595,12,6.9,7,-5.1
estimated,11786,2000001596,12,7.2,8,-4.8
estimated,11787,2000001597,12,7.3,5,-4.7
estimated,11788,2000001598,17,7.2,17,-9.8
estimated,11793,2000001603,12,9.0,9,-3.0
estimated,11796,2000001606,12,8.8,5,-3.2
estimated,11797,2000001607,12,9.2,9,-2.8
estimated,11798,2000001608,17,4.6,8,-12.4
estimated,11799,2000001609,12,7.1,5,-4.9
estimated,11800,2000001610,17,6.6,22,-10.4
estimated,11801,2000001611,17,6.8,13,-10.2
estimated,11804,2000001614,12,6.4,9,-5.6
estimated,11805,2000001615,12,5.1,6,-6.9
estimated,11807,2000001617,17,8.8,32,-8.2
estimated,11808,2000001618,24,7.8,93,-16.2
estimated,11809,2000001619,12,11.3,6,-0.7
estimated,11810,2000001620,17,9.1,12,-7.9
estimated,11811,2000001621,12,10.1,4,-1.9
estimated,11812,2000001622,12,9.0,5,-3.0
estimated,11813,2000001623,12,5.7,7,-6.3
estimated,11814,2000001624,17,9.1,28,-7.9
estimated,11815,2000001625,12,8.2,6,-3.8
estimated,11818,2000001628,12,8.5,10,-3.5
estimated,11819,2000001629,17,9.6,14,-7.4
estimated,11820,2000001630,12,6.1,8,-5.9
estimated,11822,2000001632,17,6.4,8,-10.6
estimated,11826,2000001638,12,5.9,7,-6.1
estimated,11832,2000001648,12,4.1,8,-7.9
estimated,11834,2000001650,7.5,4.3,4,-3.2
estimated,11836,2000001652,12,4.6,6,-7.4
estimated,11839,2000001655,12,7.0,8,-5.0
estimated,11856,2000001677,24,7.2,258,-16.8
estimated,11857,2000001679,17,3.6,10,-13.4
estimated,11861,2000001684,17,6.3,15,-10.7
estimated,11867,2000001692,12,6.5,4,-5.5
estimated,11870,2000001695,12,3.7,5,-8.3
estimated,11875,2000001705,12,9.3,6,-2.7
estimated,11877,2000001707,12,10.0,6,-2.0
estimated,11879,2000001719,12,5.5,7,-6.5
estimated,11888,2000001731,17,6.3,12,-10.7
estimated,11891,2000001737,12,10.4,6,-1.6
estimated,11893,2000001740,12,5.1,12,-6.9
estimated,11894,2000001741,24,7.3,138,-16.7
estimated,11895,2000001742,24,12.4,102,-11.6
estimated,11896,2000001743,7.5,8.5,4,1.0
estimated,11898,2000001745,12,8.5,5,-3.5
estimated,11900,2000001747,7.5,4.0,4,-3.5
estimated,11901,2000001748,12,5.7,7,-6.3
estimated,11902,2000001749,24,6.9,113,-17.1
estimated,11903,2000001750,17,8.6,24,-8.4
estimated,11904,2000001751,17,8.5,34,-8.5
estimated,11906,2000001753,12,3.3,6,-8.7
estimated,11909,2000001756,12,5.2,6,-6.8
estimated,11910,2000001757,12,5.2,11,-6.8
estimated,11911,2000001758,12,5.9,9,-6.1
estimated,11912,2000001759,17,7.4,16,-9.6
estimated,11915,2000001762,12,4.1,4,-7.9
estimated,11916,2000001763,17,8.7,15,-8.3
estimated,11918,2000001765,17,4.7,10,-12.3
estimated,11919,2000001766,12,5.4,7,-6.6
estimated,11923,2000001770,12,4.6,4,-7.4
estimated,11924,2000001771,12,5.4,6,-6.6
estimated,11927,2000001774,7.5,4.6,4,-2.9
estimated,11928,2000001775,12,5.2,4,-6.8
estimated,11930,2000001777,17,4.7,10,-12.3
estimated,11932,2000001779,12,7.6,8,-4.4
estimated,11937,2000001784,12,8.4,6,-3.6
estimated,11940,2000001787,17,9.9,11,-7.1
estimated,11941,2000001788,17,5.4,9,-11.6
estimated,11942,2000001789,17,6.0,13,-11.0
estimated,11943,2000001790,17,7.7,27,-9.3
estimated,11945,2000001792,12,8.0,6,-4.0
estimated,11946,2000001793,17,4.3,9,-12.7
estimated,11957,2000001807,17,7.4,15,-9.6
estimated,11958,2000001808,12,5.8,10,-6.2
estimated,11959,2000001809,17,9.8,39,-7.2
estimated,11963,2000001813,12,5.8,6,-6.2
estimated,11970,2000001820,24,10.6,44,-13.4
estimated,11974,2000001824,7.5,9.7,4,2.2
estimated,11975,2000001825,12,8.5,10,-3.5
estimated,11976,2000001826,12,6.8,7,-5.2
estimated,11977,2000001827,17,5.7,17,-11.3
estimated,11979,2000001829,12,3.6,4,-8.4
estimated,11981,2000001831,12,4.7,5,-7.3
estimated,11984,2000001834,12,4.9,8,-7.1
estimated,11985,2000001835,12,6.0,6,-6.0
estimated,11987,2000001837,12,6.6,7,-5.4
estimated,11989,2000001839,17,5.0,14,-12.0
estimated,11990,2000001840,12,6.0,5,-6.0
estimated,11992,2000001842,12,6.3,5,-5.7
estimated,11999,2000001849,12,4.0,6,-8.0
estimated,12000,2000001850,12,5.9,6,-6.1
estimated,12003,2000001853,12,6.3,4,-5.7
estimated,12010,2000001860,12,5.8,10,-6.2
estimated,12011,2000001861,12,8.0,10,-4.0
estimated,12014,2000001864,7.5,8.1,4,0.6
estimated,12017,2000001867,12,10.1,10,-1.9
estimated,12018,2000001868,12,6.7,9,-5.3
estimated,12021,2000001871,12,4.3,8,-7.7
estimated,12023,2000001873,12,5.3,8,-6.7
estimated,12024,2000001874,17,4.7,15,-12.3
estimated,12025,2000001875,12,5.0,7,-7.0
estimated,12027,2000001877,12,4.6,5,-7.4
estimated,12028,2000001878,12,6.3,4,-5.7
estimated,12030,2000001880,12,5.6,12,-6.4
estimated,12031,2000001881,17,6.3,14,-10.7
estimated,12032,2000001882,12,6.3,6,-5.7
estimated,12033,2000001883,12,5.8,4,-6.2
estimated,12036,2000001886,12,7.6,8,-4.4
estimated,12038,2000001888,12,7.7,6,-4.3
estimated,12040,2000001890,17,6.1,12,-10.9
estimated,12041,2000001891,17,5.8,17,-11.2
estimated,12046,2000001896,12,4.7,10,-7.3
estimated,12047,2000001897,17,4.8,20,-12.2
estimated,12048,2000001898,17,6.4,11,-10.6
estimated,12049,2000001899,17,14.2,21,-2.8
estimated,12051,2000001901,12,4.9,7,-7.1
estimated,12052,2000001902,12,4.1,5,-7.9
estimated,12053,2000001903,17,6.5,33,-10.5
estimated,12054,2000001904,12,4.8,7,-7.2
estimated,12056,2000001906,12,4.8,5,-7.2
estimated,12057,2000001907,17,4.2,16,-12.8
estimated,12058,2000001908,17,4.0,10,-13.0
estimated,12059,2000001909,12,6.3,6,-5.7
estimated,12063,2000001913,12,5.7,7,-6.3
estimated,12065,2000001915,12,6.7,5,-5.3
estimated,12066,2000001916,17,8.0,10,-9.0
estimated,12068,2000001918,12,4.2,6,-7.8
estimated,12072,2000001922,12,6.2,7,-5.8
estimated,12074,2000001924,17,5.6,14,-11.4
estimated,12076,2000001926,12,4.9,4,-7.1
estimated,12077,2000001927,12,4.4,7,-7.6
estimated,12079,2000001929,12,6.5,4,-5.5
estimated,12084,2000001934,12,5.4,12,-6.6
estimated,12085,2000001935,12,4.7,5,-7.3
estimated,12087,2000001937,17,5.3,13,-11.7
estimated,12091,2000001941,17,4.6,11,-12.4
estimated,12092,2000001942,12,5.9,8,-6.1
estimated,12094,2000001944,12,5.3,7,-6.7
estimated,12095,2000001945,12,6.8,8,-5.2
estimated,12096,2000001946,12,3.9,5,-8.1
estimated,12097,2000001947,17,5.5,13,-11.5
estimated,12098,2000001948,12,4.2,6,-7.8
estimated,12100,2000001950,12,9.0,9,-3.0
estimated,12101,2000001951,12,8.4,8,-3.6
estimated,12107,2000001959,17,4.8,22,-12.2
estimated,12108,2000001960,12,6.3,8,-5.7
estimated,12110,2000001962,17,6.6,18,-10.4
estimated,12111,2000001963,12,5.4,12,-6.6
estimated,12112,2000001964,12,5.0,4,-7.0
estimated,12115,2000001967,12,11.7,8,-0.3
estimated,12121,2000001973,12,12.4,7,0.4
estimated,12122,2000001974,17,5.3,16,-11.7
estimated,12123,2000001975,7.5,6.0,4,-1.5
estimated,12125,2000001977,12,8.8,8,-3.2
estimated,12126,2000001978,12,7.2,9,-4.8
estimated,12129,2000001981,12,7.4,4,-4.6
estimated,12130,2000001982,12,5.3,16,-6.7
estimated,12132,2000001984,12,6.2,8,-5.8
estimated,12134,2000001986,12,8.7,6,-3.3
estimated,12135,2000001987,12,6.8,8,-5.2
estimated,12138,2000001990,12,6.8,5,-5.2
estimated,12139,2000001991,12,5.0,6,-7.0
estimated,12144,2000001996,17,7.0,18,-10.0
estimated,12146,2000001998,17,4.7,13,-12.3
estimated,12147,2000001999,17,10.4,19,-6.6
estimated,12149,2000002001,12,5.3,4,-6.7
estimated,12150,2000002002,17,6.8,24,-10.2
estimated,12151,2000002003,12,7.7,5,-4.3
estimated,12153,2000002005,12,6.6,4,-5.4
estimated,12154,2000002006,12,5.6,7,-6.4
estimated,12156,2000002008,17,5.9,14,-11.1
estimated,12157,2000002009,17,5.0,15,-12.0
estimated,12160,2000002012,12,7.2,12,-4.8
estimated,12161,2000002013,12,6.0,4,-6.0
estimated,12163,2000002015,17,6.7,14,-10.3
estimated,12165,2000002017,12,6.8,6,-5.2
estimated,12166,2000002018,12,4.7,7,-7.3
estimated,12167,2000002019,12,5.5,4,-6.5
estimated,12168,2000002020,12,7.6,12,-4.4
estimated,12169,2000002021,12,6.8,6,-5.2
estimated,12170,2000002022,7.5,6.5,4,-1.0
estimated,12171,2000002023,12,5.7,7,-6.3
estimated,12175,2000002027,17,6.5,18,-10.5
estimated,12180,2000002033,12,4.1,8,-7.9
estimated,12181,2000002034,7.5,5.8,4,-1.7
estimated,12183,2000002036,12,5.6,7,-6.4
estimated,12184,2000002037,12,5.7,5,-6.3
estimated,12185,2000002038,12,6.1,6,-5.9
estimated,12186,2000002039,12,6.0,9,-6.0
estimated,12188,2000002041,7.5,7.2,4,-0.3
estimated,12190,2000002043,12,5.3,7,-6.7
estimated,12191,2000002044,12,6.0,6,-6.0
estimated,12194,2000002047,12,6.6,4,-5.4
estimated,12196,2000002049,12,8.2,6,-3.8
estimated,12197,2000002050,12,8.6,4,-3.4
estimated,12200,2000002053,12,5.9,4,-6.1
estimated,12201,2000002054,12,5.9,5,-6.1
estimated,12202,2000002055,12,4.7,6,-7.3
estimated,12204,2000002057,12,4.9,9,-7.1
estimated,12205,2000002058,12,5.6,7,-6.4
estimated,12207,2000002060,12,4.8,7,-7.2
estimated,12208,2000002061,17,5.1,15,-11.9
estimated,12213,2000002066,12,9.0,4,-3.0
estimated,12215,2000002068,12,5.7,13,-6.3
estimated,12216,2000002069,12,5.3,6,-6.7
estimated,12218,2000002071,12,5.7,13,-6.3
estimated,12219,2000002072,12,4.2,6,-7.8
estimated,12221,2000002074,7.5,4.8,4,-2.7
estimated,12222,2000002075,12,5.3,8,-6.7
estimated,12223,2000002076,17,5.3,7,-11.7
estimated,12224,2000002077,12,4.8,4,-7.2
estimated,12225,2000002078,12,8.4,6,-3.6
estimated,12226,2000002079,17,15.8,12,-1.2
estimated,12227,2000002080,12,7.3,4,-4.7
estimated,12231,2000002084,12,8.0,4,-4.0
estimated,12232,2000002085,12,8.1,6,-3.9
estimated,12233,2000002086,12,8.2,6,-3.8
estimated,12234,2000002087,7.5,8.9,4,1.4
estimated,12235,2000002088,17,7.6,12,-9.4
estimated,12236,2000002089,12,6.2,10,-5.8
estimated,12237,2000002090,12,7.1,7,-4.9
estimated,12240,2000002093,12,4.9,4,-7.1
estimated,12241,2000002094,12,20.3,6,8.3
estimated,12242,2000002095,17,7.3,11,-9.7
estimated,12243,2000002096,17,6.9,17,-10.1
estimated,12244,2000002097,17,8.7,29,-8.3
estimated,12245,2000002098,12,9.6,9,-2.4
estimated,12246,2000002099,17,9.8,16,-7.2
estimated,12252,2000002105,12,11.8,6,-0.2
estimated,12255,2000002108,12,9.4,10,-2.6
estimated,12257,2000002110,12,7.0,15,-5.0
estimated,12258,2000002111,17,13.7,17,-3.3
estimated,12259,2000002112,12,6.7,8,-5.3
estimated,12261,2000002114,12,12.9,8,0.9
estimated,12263,2000002116,24,18.9,46,-5.1
estimated,12267,2000002120,17,8.8,14,-8.2
estimated,12270,2000002123,12,6.3,4,-5.7
estimated,12272,2000002125,17,10.7,39,-6.3
estimated,12275,2000002128,12,13.1,11,1.1
estimated,12276,2000002129,17,14.3,11,-2.7
estimated,12277,2000002130,17,7.5,12,-9.5
estimated,12278,2000002131,17,8.6,11,-8.4
estimated,12281,2000002134,12,5.8,7,-6.2
estimated,12282,2000002135,12,5.4,13,-6.6
estimated,12283,2000002136,12,6.6,5,-5.4
estimated,12285,2000002138,12,6.7,4,-5.3
estimated,12286,2000002139,17,5.3,24,-11.7
estimated,12287,2000002140,17,8.5,15,-8.5
estimated,12289,2000002142,12,6.0,7,-6.0
estimated,12292,2000002145,12,11.6,5,-0.4
estimated,12293,2000002146,17,14.3,21,-2.7
estimated,12296,2000002149,7.5,9.2,4,1.7
estimated,12297,2000002150,17,8.3,20,-8.7
estimated,12301,2000002154,7.5,9.7,4,2.2
estimated,12306,2000002159,17,7.9,16,-9.1
estimated,12307,2000002160,12,9.6,9,-2.4
estimated,12308,2000002161,12,8.0,6,-4.0
estimated,12309,2000002162,12,9.1,10,-2.9
estimated,12314,2000002167,7.5,14.1,4,6.6
estimated,12316,2000002169,17,10.7,20,-6.3
estimated,12317,2000002170,17,4.8,7,-12.2
estimated,12321,2000002174,12,5.9,6,-6.1
estimated,12323,2000002176,17,3.3,10,-13.7
estimated,12324,2000002177,17,14.2,22,-2.8
estimated,12325,2000002178,12,9.5,8,-2.5
estimated,12327,2000002180,17,9.8,9,-7.2
estimated,12328,2000002181,17,8.8,11,-8.2
estimated,12336,2000002191,12,5.5,5,-6.5
estimated,12337,2000002192,17,8.7,22,-8.3
estimated,12340,2000002195,7.5,5.4,4,-2.1
estimated,12342,2000002197,12,4.9,12,-7.1
estimated,12343,2000002198,12,8.5,4,-3.5
estimated,12345,2000002200,12,7.0,6,-5.0
estimated,12346,2000002201,12,7.1,5,-4.9
estimated,12347,2000002202,12,8.7,10,-3.3
estimated,12350,2000002205,12,10.8,9,-1.2
estimated,12351,2000002206,12,9.0,10,-3.0
estimated,12353,2000002208,7.5,7.4,4,-0.1
estimated,12356,2000002211,17,6.8,10,-10.2
estimated,12362,2000002217,12,3.9,5,-8.1
estimated,12364,2000002219,12,7.1,8,-4.9
estimated,12365,2000002220,12,5.6,9,-6.4
estimated,12366,2000002221,24,11.0,44,-13.0
estimated,12368,2000002223,17,9.7,28,-7.3
estimated,12380,2000002235,17,10.1,27,-6.9
estimated,12381,2000002236,12,9.9,10,-2.1
estimated,12382,2000002237,12,8.0,12,-4.0
estimated,12383,2000002238,17,7.9,21,-9.1
estimated,12384,2000002239,12,9.7,7,-2.3
estimated,12386,2000002241,12,8.7,8,-3.3
estimated,12387,2000002242,17,8.0,16,-9.0
estimated,12389,2000002244,17,6.4,8,-10.6
estimated,12390,2000002245,17,8.5,20,-8.5
estimated,12395,2000002250,17,10.1,26,-6.9
estimated,12399,2000002254,17,8.8,15,-8.2
estimated,12401,2000002256,17,6.7,17,-10.3
estimated,12402,2000002258,12,8.4,5,-3.6
estimated,12404,2000002260,12,6.6,8,-5.4
estimated,12405,2000002261,12,9.2,5,-2.8
estimated,12406,2000002262,12,8.9,10,-3.1
estimated,12407,2000002263,12,7.3,10,-4.7
estimated,12409,2000002265,12,7.3,4,-4.7
estimated,12413,2000002269,17,9.5,9,-7.5
estimated,12416,2000002272,12,6.0,9,-6.0
estimated,12417,2000002273,12,5.8,5,-6.2
estimated,12419,2000002275,17,4.8,17,-12.2
estimated,12423,2000002279,17,5.1,10,-11.9
estimated,12424,2000002280,12,4.7,9,-7.3
estimated,12429,2000002285,7.5,4.9,5,-2.6
estimated,12433,2000002289,12,5.9,4,-6.1
estimated,12434,2000002290,12,10.3,7,-1.7
estimated,12436,2000002292,12,6.0,9,-6.0
estimated,12439,2000002295,17,13.0,35,-4.0
estimated,12440,2000002296,17,13.7,16,-3.3
estimated,12441,2000002297,24,10.8,48,-13.2
estimated,12443,2000002299,17,8.9,25,-8.1
estimated,12444,2000002300,17,13.1,8,-3.9
estimated,12446,2000002302,12,8.0,8,-4.0
estimated,12447,2000002303,7.5,6.9,4,-0.6
estimated,12448,2000002304,17,13.0,24,-4.0
estimated,12452,2000002308,12,7.5,4,-4.5
estimated,12454,2000002310,12,9.0,4,-3.0
estimated,12456,2000002312,17,10.6,12,-6.4
estimated,12457,2000002313,24,12.4,73,-11.6
estimated,12458,2000002314,12,9.5,8,-2.5
estimated,12460,2000002316,7.5,7.4,4,-0.1
estimated,12461,2000002317,7.5,5.3,4,-2.2
estimated,12464,2000002320,17,5.6,9,-11.4
estimated,12465,2000002321,12,5.4,6,-6.6
estimated,12467,2000002323,17,8.6,14,-8.4
estimated,12468,2000002324,12,11.2,14,-0.8
estimated,12469,2000002325,17,14.2,15,-2.8
estimated,12470,2000002326,12,9.6,8,-2.4
estimated,12471,2000002327,12,12.7,5,0.7
estimated,12472,2000002328,12,9.8,7,-2.2
estimated,12475,2000002331,17,7.1,11,-9.9
estimated,12476,2000002332,12,11.1,4,-0.9
estimated,12477,2000002333,12,10.0,7,-2.0
estimated,12480,2000002337,17,13.9,15,-3.1
estimated,12481,2000002338,12,8.4,8,-3.6
estimated,12483,2000002340,12,8.0,9,-4.0
estimated,12486,2000002343,12,5.9,4,-6.1
estimated,12487,2000002344,12,11.3,6,-0.7
estimated,12488,2000002345,12,7.2,6,-4.8
estimated,12489,2000002346,12,5.7,4,-6.3
estimated,12491,2000002348,12,4.5,5,-7.5
estimated,12492,2000002349,17,9.4,13,-7.6
estimated,12493,2000002350,17,7.1,29,-9.9
estimated,12494,2000002351,17,6.0,15,-11.0
estimated,12497,2000002354,17,7.4,15,-9.6
estimated,12499,2000002356,12,4.6,6,-7.4
estimated,12500,2000002357,12,6.0,7,-6.0
estimated,12503,2000002360,17,6.1,11,-10.9
estimated,12507,2000002364,17,9.3,15,-7.7
estimated,12510,2000002367,17,6.6,14,-10.4
estimated,12511,2000002368,12,10.7,5,-1.3
estimated,12517,2000002374,12,5.3,7,-6.7
estimated,12518,2000002375,12,6.0,10,-6.0
estimated,12521,2000002378,7.5,7.1,4,-0.4
estimated,12522,2000002379,12,9.1,4,-2.9
estimated,12523,2000002380,12,7.7,4,-4.3
estimated,12525,2000002382,12,6.2,5,-5.8
estimated,12526,2000002383,7.5,7.2,4,-0.3
estimated,12527,2000002384,12,5.9,9,-6.1
estimated,12528,2000002385,12,5.2,7,-6.8
estimated,12530,2000002387,17,6.0,16,-11.0
estimated,12531,2000002388,12,6.5,5,-5.5
estimated,12532,2000002389,12,4.5,4,-7.5
estimated,12542,2000002399,12,4.7,4,-7.3
estimated,12544,2000002401,12,6.2,6,-5.8
estimated,12545,2000002402,12,5.0,5,-7.0
estimated,12547,2000002404,12,5.6,5,-6.4
estimated,12550,2000002407,17,6.8,15,-10.2
estimated,12553,2000002410,12,5.7,4,-6.3
estimated,12554,2000002411,7.5,5.6,4,-1.9
estimated,12555,2000002412,17,8.2,10,-8.8
estimated,12556,2000002413,24,5.9,55,-18.1
estimated,12558,2000002415,7.5,5.8,4,-1.7
estimated,12561,2000002420,12,6.2,7,-5.8
estimated,12562,2000002421,12,5.0,4,-7.0
estimated,12563,2000002422,12,8.3,5,-3.7
estimated,12564,2000002423,12,7.2,4,-4.8
estimated,12565,2000002424,17,6.4,14,-10.6
estimated,12568,2000002427,12,6.5,9,-5.5
estimated,12569,2000002428,12,8.4,4,-3.6
estimated,12578,2000002437,12,6.9,4,-5.1
estimated,12579,2000002438,7.5,6.0,4,-1.5
estimated,12582,2000002441,12,5.6,4,-6.4
estimated,12586,2000002450,12,8.7,4,-3.3
estimated,12593,2000002459,12,6.6,11,-5.4
estimated,12594,2000002460,12,5.8,5,-6.2
estimated,12596,2000002462,17,6.7,11,-10.3
estimated,12597,2000002463,12,5.6,7,-6.4
estimated,12600,2000002466,12,6.3,6,-5.7
estimated,12602,2000002468,12,7.1,9,-4.9
estimated,12605,2000002471,12,6.0,7,-6.0
estimated,12606,2000002472,12,6.0,4,-6.0
estimated,12609,2000002475,12,5.1,4,-6.9
estimated,12616,2000002482,17,9.8,13,-7.2
estimated,12618,2000002484,12,9.3,9,-2.7
estimated,12619,2000002486,12,6.2,7,-5.8
estimated,12620,2000002488,12,6.6,7,-5.4
estimated,12622,2000002491,12,8.0,7,-4.0
estimated,12631,2000002502,12,5.9,9,-6.1
estimated,12632,2000002503,12,5.8,6,-6.2
estimated,12633,2000002504,12,7.7,8,-4.3
estimated,12635,2000002506,12,5.3,4,-6.7
estimated,12636,2000002507,12,8.4,8,-3.6
estimated,12646,2000002517,12,6.8,4,-5.2
estimated,12710,2000002586,17,9.2,19,-7.8
estimated,12737,2000002613,12,8.9,7,-3.1
estimated,12738,2000002614,17,9.2,15,-7.8
estimated,12739,2000002615,24,8.2,50,-15.8
estimated,12743,2000002619,17,6.9,13,-10.1
estimated,12744,2000002620,12,5.5,4,-6.5
estimated,12749,2000002625,12,7.5,7,-4.5
estimated,12762,2000002638,17,5.0,14,-12.0
estimated,12763,2000002639,24,6.4,63,-17.6
estimated,12764,2000002640,12,5.1,4,-6.9
estimated,12765,2000002641,12,9.6,8,-2.4
estimated,12766,2000002642,12,8.7,9,-3.3
estimated,12768,2000002644,12,10.1,10,-1.9
estimated,12769,2000002645,12,5.5,6,-6.5
estimated,12771,2000002647,12,11.4,8,-0.6
estimated,12772,2000002648,17,4.9,27,-12.1
estimated,12773,2000002649,17,4.7,18,-12.3
estimated,12791,2000002668,17,7.2,15,-9.8
estimated,12792,2000002669,17,10.2,13,-6.8
estimated,12793,2000002670,12,10.5,6,-1.5
estimated,12794,2000002671,12,14.1,5,2.1
estimated,12795,2000002672,17,10.9,12,-6.1
estimated,12797,2000002674,12,30.5,5,18.5
estimated,12798,2000002675,17,12.4,26,-4.6
estimated,12800,2000002677,17,9.3,11,-7.7
estimated,12801,2000002678,12,5.6,6,-6.4
estimated,12810,2000002687,17,30.0,11,13.0
estimated,12811,2000002688,12,7.8,4,-4.2
estimated,12812,2000002689,12,7.7,8,-4.3
estimated,12813,2000002690,17,8.0,11,-9.0
estimated,12815,2000002692,17,11.7,11,-5.3
estimated,12818,2000002695,17,6.9,8,-10.1
estimated,12821,2000002698,12,11.8,6,-0.2
estimated,12822,2000002699,12,5.4,5,-6.6
estimated,12823,2000002700,17,4.5,15,-12.5
estimated,12825,2000002702,17,4.4,16,-12.6
estimated,12827,2000002704,17,8.0,23,-9.0
estimated,12829,2000002706,17,5.5,14,-11.5
estimated,12831,2000002708,17,8.4,16,-8.6
estimated,12834,2000002711,17,8.3,22,-8.7
estimated,12844,2000002721,17,6.9,18,-10.1
estimated,12846,2000002723,12,7.5,6,-4.5
estimated,12847,2000002724,12,7.0,6,-5.0
estimated,12848,2000002725,17,6.3,37,-10.7
estimated,12853,2000002730,12,4.2,6,-7.8
estimated,12854,2000002731,7.5,5.0,4,-2.5
estimated,12857,2000002734,17,7.4,19,-9.6
estimated,12858,2000002735,12,4.9,6,-7.1
estimated,12859,2000002736,12,4.7,8,-7.3
estimated,12860,2000002737,12,4.5,9,-7.5
estimated,12862,2000002739,17,7.4,16,-9.6
estimated,12863,2000002740,12,6.3,4,-5.7
estimated,12867,2000002744,12,7.8,5,-4.2
estimated,12872,2000002749,12,9.1,10,-2.9
estimated,12879,2000002756,12,7.0,4,-5.0
estimated,12882,2000002759,12,8.9,5,-3.1
estimated,12887,2000002764,12,6.0,6,-6.0
estimated,12888,2000002765,12,6.4,4,-5.6
estimated,12889,2000002766,17,7.3,12,-9.7
estimated,12890,2000002767,12,6.5,4,-5.5
estimated,12891,2000002768,12,6.3,8,-5.7
estimated,12893,2000002770,12,6.1,5,-5.9
estimated,12894,2000002771,12,6.0,5,-6.0
estimated,12895,2000002772,12,5.9,4,-6.1
estimated,12899,2000002776,12,7.7,5,-4.3
estimated,12902,2000002779,12,7.1,5,-4.9
estimated,12906,2000002783,12,5.5,5,-6.5
estimated,12907,2000002784,7.5,6.4,6,-1.1
estimated,12908,2000002785,12,6.8,4,-5.2
estimated,12911,2000002788,12,11.8,6,-0.2
estimated,12912,2000002789,12,13.0,8,1.0
estimated,12913,2000002790,17,6.8,14,-10.2
estimated,12916,2000002793,17,8.3,13,-8.7
estimated,12918,2000002795,7.5,5.8,4,-1.7
estimated,12919,2000002796,17,7.2,6,-9.8
estimated,12921,2000002798,12,3.3,5,-8.7
estimated,12924,2000002801,12,6.7,8,-5.3
estimated,12925,2000002802,17,7.9,15,-9.1
estimated,12926,2000002803,12,6.9,7,-5.1
estimated,12927,2000002804,12,9.2,5,-2.8
estimated,12928,2000002805,12,8.3,9,-3.7
estimated,12930,2000002807,12,12.5,7,0.5
estimated,12936,2000002813,12,8.3,4,-3.7
estimated,12938,2000002815,12,8.3,10,-3.7
estimated,12939,2000002816,7.5,6.9,4,-0.6
estimated,12951,2000002828,12,6.0,8,-6.0
estimated,12952,2000002829,12,7.0,8,-5.0
estimated,12953,2000002830,12,6.2,5,-5.8
estimated,12956,2000002833,12,7.3,8,-4.7
estimated,12959,2000002836,12,7.8,7,-4.2
estimated,12962,2000002839,17,9.0,27,-8.0
estimated,12963,2000002840,17,9.0,26,-8.0
estimated,12964,2000002841,12,6.5,8,-5.5
estimated,12968,2000002845,12,6.3,5,-5.7
estimated,12969,2000002846,12,8.1,4,-3.9
estimated,12970,2000002847,12,5.6,6,-6.4
estimated,12972,2000002849,12,8.2,6,-3.8
estimated,12974,2000002851,12,8.2,4,-3.8
estimated,12975,2000002852,12,6.8,4,-5.2
estimated,12976,2000002853,12,7.9,7,-4.1
estimated,12978,2000002855,17,7.1,14,-9.9
estimated,12979,2000002856,12,7.1,7,-4.9
estimated,12980,2000002857,17,7.7,14,-9.3
estimated,12983,2000002860,7.5,9.6,4,2.1
estimated,12985,2000002862,17,6.2,12,-10.8
estimated,12986,2000002863,12,5.9,4,-6.1
estimated,12988,2000002865,12,4.4,10,-7.6
estimated,12991,2000002868,12,16.6,6,4.6
estimated,12995,2000002872,12,6.3,6,-5.7
estimated,12996,2000002873,7.5,11.8,4,4.3
estimated,12998,2000002875,12,6.4,4,-5.6
estimated,13000,2000002877,12,4.9,5,-7.1
estimated,13001,2000002878,12,5.0,4,-7.0
estimated,13004,2000002881,17,5.8,10,-11.2
estimated,13006,2000002883,12,5.5,6,-6.5
estimated,13008,2000002885,17,6.3,12,-10.7
estimated,13013,2000002890,17,6.5,13,-10.5
estimated,13014,2000002891,12,4.5,6,-7.5
estimated,13017,2000002894,7.5,8.4,4,0.9
estimated,13020,2000002897,12,4.7,4,-7.3
estimated,13024,2000002901,12,10.1,7,-1.9
estimated,13028,2000002905,17,7.7,13,-9.3
estimated,13030,2000002907,7.5,6.8,4,-0.7
estimated,13033,2000002910,12,6.7,4,-5.3
estimated,13034,2000002911,12,6.4,4,-5.6
estimated,13036,2000002913,12,5.0,8,-7.0
estimated,13038,2000002915,7.5,6.3,4,-1.2
estimated,13043,2000002920,12,8.5,6,-3.5
estimated,13047,2000002924,7.5,5.4,4,-2.1
estimated,13054,2000002931,12,5.6,12,-6.4
estimated,13056,2000002933,12,8.0,11,-4.0
estimated,13057,2000002934,12,5.4,4,-6.6
estimated,13060,2000002937,12,4.8,6,-7.2
estimated,13063,2000002940,12,5.9,7,-6.1
estimated,13067,2000002944,12,7.9,6,-4.1
estimated,13071,2000002948,7.5,6.2,6,-1.3
estimated,13074,2000002951,12,6.2,6,-5.8
estimated,13075,2000002952,17,6.0,23,-11.0
estimated,13077,2000002954,12,4.9,6,-7.1
estimated,13078,2000002955,17,8.6,10,-8.4
estimated,13079,2000002956,17,7.8,9,-9.2
estimated,13083,2000002960,12,4.6,5,-7.4
estimated,13085,2000002962,12,5.5,4,-6.5
estimated,13086,2000002963,12,6.4,4,-5.6
estimated,13088,2000002965,12,7.2,4,-4.8
estimated,13090,2000002967,12,6.8,7,-5.2
estimated,13093,2000002970,12,6.5,11,-5.5
estimated,13095,2000002972,12,4.3,5,-7.7
estimated,13096,2000002973,12,6.3,6,-5.7
estimated,13097,2000002974,17,5.6,12,-11.4
estimated,13098,2000002975,7.5,7.4,4,-0.1
estimated,13100,2000002977,12,7.5,9,-4.5
estimated,13102,2000002979,17,4.2,13,-12.8
estimated,13110,2000002987,12,7.6,6,-4.4
estimated,13116,2000002993,12,5.9,5,-6.1
estimated,13119,2000002996,17,5.2,20,-11.8
estimated,13120,2000002997,12,5.5,5,-6.5
estimated,13123,2000003000,7.5,5.5,4,-2.0
estimated,13124,2000003001,12,4.8,6,-7.2
estimated,13129,2000003006,12,6.3,6,-5.7
estimated,13131,2000003008,12,6.4,10,-5.6
estimated,13132,2000003009,12,4.7,6,-7.3
estimated,13133,2000003010,12,6.3,12,-5.7
estimated,13135,2000003012,12,4.5,5,-7.5
estimated,13138,2000003015,12,4.7,4,-7.3
estimated,13140,2000003017,12,5.9,10,-6.1
estimated,13141,2000003018,17,5.6,13,-11.4
estimated,13143,2000003020,12,5.8,8,-6.2
estimated,13150,2000003027,12,7.6,9,-4.4
estimated,13153,2000003030,12,12.3,5,0.3
estimated,13155,2000003032,12,7.5,9,-4.5
estimated,13159,2000003036,12,8.7,5,-3.3
estimated,13160,2000003037,12,7.2,8,-4.8
estimated,13163,2000003040,12,6.9,8,-5.1
estimated,13164,2000003041,12,7.0,5,-5.0
estimated,13166,2000003043,12,7.0,8,-5.0
estimated,13173,2000003050,12,5.1,6,-6.9
estimated,13177,2000003054,12,5.5,4,-6.5
estimated,13186,2000003063,12,6.1,6,-5.9
estimated,13187,2000003064,12,6.5,9,-5.5
estimated,13190,2000003067,12,6.8,5,-5.2
estimated,13191,2000003068,17,6.5,26,-10.5
estimated,13192,2000003069,7.5,6.8,4,-0.7
estimated,13193,2000003070,7.5,5.1,5,-2.4
estimated,13195,2000003072,12,6.8,6,-5.2
estimated,13197,2000003074,12,8.9,6,-3.1
estimated,13203,2000003080,12,6.2,4,-5.8
estimated,13205,2000003082,17,6.5,22,-10.5
estimated,13206,2000003083,12,6.9,8,-5.1
estimated,13207,2000003084,12,7.3,5,-4.7
estimated,13211,2000003088,12,5.1,6,-6.9
estimated,13213,2000003090,12,8.2,8,-3.8
estimated,13218,2000003095,12,6.3,5,-5.7
estimated,13224,2000003101,12,5.8,4,-6.2
estimated,13225,2000003102,12,7.3,9,-4.7
estimated,13226,2000003103,12,5.2,5,-6.8
estimated,13228,2000003105,12,8.3,5,-3.7
estimated,13230,2000003107,12,6.3,7,-5.7
estimated,13233,2000003110,12,12.4,4,0.4
estimated,13234,2000003111,17,7.8,24,-9.2
estimated,13237,2000003114,17,5.3,19,-11.7
estimated,13242,2000003119,17,5.8,31,-11.2
estimated,13243,2000003120,12,7.0,5,-5.0
estimated,13244,2000003121,12,7.2,8,-4.8
estimated,13246,2000003123,12,5.8,4,-6.2
estimated,13251,2000003129,12,12.7,4,0.7
estimated,13254,2000003132,12,4.4,11,-7.6
estimated,13255,2000003133,17,7.3,16,-9.7
estimated,13257,2000003135,12,4.2,6,-7.8
estimated,13262,2000003140,17,14.6,9,-2.4
estimated,13264,2000003142,17,7.9,23,-9.1
estimated,13266,2000003144,17,6.3,30,-10.7
estimated,13268,2000003146,12,4.3,6,-7.7
estimated,13287,2000003165,17,7.1,19,-9.9
estimated,13290,2000003168,12,5.8,6,-6.2
estimated,13291,2000003169,12,4.9,4,-7.1
estimated,13296,2000003174,7.5,7.9,7,0.4
estimated,13298,2000003176,17,6.1,23,-10.9
estimated,13299,2000003177,17,5.1,17,-11.9
estimated,13302,2000003180,12,6.6,5,-5.4
estimated,13303,2000003181,12,6.3,4,-5.7
estimated,13305,2000003183,17,7.4,21,-9.6
estimated,13310,2000003188,12,3.6,8,-8.4
estimated,13311,2000003189,17,6.7,16,-10.3
estimated,13317,2000003198,17,7.5,20,-9.5
estimated,13318,2000003199,17,6.2,10,-10.8
estimated,13323,2000003204,17,4.9,8,-12.1
estimated,13324,2000003205,12,5.7,6,-6.3
estimated,13327,2000003208,17,6.1,20,-10.9
estimated,13330,2000003211,12,4.3,7,-7.7
estimated,13331,2000003212,17,5.0,11,-12.0
estimated,13332,2000003213,12,9.9,4,-2.1
estimated,13333,2000003214,17,9.3,20,-7.7
estimated,13334,2000003215,12,5.8,5,-6.2
estimated,13335,2000003216,12,7.2,4,-4.8
estimated,13336,2000003217,12,5.4,8,-6.6
estimated,13337,2000003218,12,5.8,12,-6.2
estimated,13339,2000003220,7.5,6.1,4,-1.4
estimated,13343,2000003224,12,4.0,4,-8.0
estimated,13344,2000003225,12,6.8,13,-5.2
estimated,13345,2000003226,12,7.5,5,-4.5
estimated,13348,2000003229,17,6.9,13,-10.1
estimated,13349,2000003230,12,6.5,6,-5.5
estimated,13350,2000003231,12,5.8,4,-6.2
estimated,13351,2000003232,12,4.9,6,-7.1
estimated,13353,2000003234,12,7.7,4,-4.3
estimated,13358,2000003239,12,5.3,15,-6.7
estimated,13359,2000003240,7.5,4.3,4,-3.2
estimated,13361,2000003242,12,7.7,4,-4.3
estimated,13363,2000003244,12,7.1,5,-4.9
estimated,13368,2000003249,12,6.0,6,-6.0
estimated,13373,2000003254,12,7.9,4,-4.1
estimated,13374,2000003255,12,7.0,4,-5.0
estimated,13375,2000003256,17,5.5,10,-11.5
estimated,13377,2000003258,17,7.8,12,-9.2
estimated,13378,2000003259,12,7.2,7,-4.8
estimated,13379,2000003261,12,6.3,6,-5.7
estimated,13380,2000003262,17,5.5,12,-11.5
estimated,13381,2000003263,12,6.2,4,-5.8
estimated,13382,2000003264,12,7.5,9,-4.5
estimated,13383,2000003265,12,5.9,6,-6.1
estimated,13384,2000003266,17,5.2,26,-11.8
estimated,13385,2000003267,17,7.7,18,-9.3
estimated,13390,2000003272,12,10.4,4,-1.6
estimated,13392,2000003274,17,6.1,10,-10.9
estimated,13394,2000003276,12,13.4,4,1.4
estimated,13396,2000003278,17,3.9,13,-13.1
estimated,13398,2000003280,12,7.5,11,-4.5
estimated,13399,2000003281,17,12.7,10,-4.3
estimated,13401,2000003283,7.5,10.8,5,3.3
estimated,13403,2000003285,12,9.7,9,-2.3
estimated,13404,2000003286,17,6.3,16,-10.7
estimated,13406,2000003288,17,16.3,14,-0.7
estimated,13407,2000003289,12,5.6,4,-6.4
estimated,13409,2000003291,17,5.7,11,-11.3
estimated,13410,2000003292,17,6.9,22,-10.1
estimated,13411,2000003293,12,8.1,6,-3.9
estimated,13412,2000003294,12,5.9,4,-6.1
estimated,13413,2000003295,17,6.0,11,-11.0
estimated,13414,2000003296,17,6.9,20,-10.1
estimated,13416,2000003298,17,5.9,17,-11.1
estimated,13418,2000003300,17,8.1,23,-8.9
estimated,13420,2000003302,12,10.3,8,-1.7
estimated,13421,2000003303,17,5.8,10,-11.2
estimated,13424,2000003306,12,7.1,4,-4.9
estimated,13426,2000003308,17,15.7,10,-1.3
estimated,13435,2000003317,17,8.5,18,-8.5
estimated,13441,2000003323,17,4.5,7,-12.5
estimated,13443,2000003325,12,6.7,5,-5.3
estimated,13446,2000003328,12,6.0,7,-6.0
estimated,13447,2000003329,17,9.0,23,-8.0
estimated,13448,2000003330,12,4.4,6,-7.6
estimated,13449,2000003331,17,8.9,20,-8.1
estimated,13450,2000003332,7.5,8.7,4,1.2
estimated,13451,2000003333,12,5.0,6,-7.0
estimated,13452,2000003334,17,7.8,14,-9.2
estimated,13453,2000003335,7.5,7.6,5,0.1
estimated,13460,2000003352,17,17.0,18,0.0
estimated,13461,2000003353,17,11.8,15,-5.2
estimated,13466,2000003359,17,8.4,9,-8.6
estimated,13467,2000003360,12,6.9,5,-5.1
estimated,13468,2000003361,24,5.5,58,-18.5
estimated,13469,2000003362,7.5,6.0,4,-1.5
estimated,13470,2000003363,17,5.5,16,-11.5
estimated,13472,2000003365,12,5.1,8,-6.9
estimated,13473,2000003366,12,7.6,7,-4.4
estimated,13474,2000003367,12,6.8,7,-5.2
estimated,13475,2000003368,12,8.4,8,-3.6
estimated,13477,2000003370,12,7.7,12,-4.3
estimated,13482,2000003382,17,6.4,12,-10.6
estimated,13490,2000003395,7.5,4.5,4,-3.0
estimated,13495,2000003405,12,4.1,4,-7.9
estimated,13512,2000003425,7.5,7.0,4,-0.5
estimated,13513,2000003427,12,4.3,4,-7.7
estimated,13535,2000003464,7.5,10.4,4,2.9
estimated,13541,2000003473,12,7.2,4,-4.8
estimated,13548,2000003485,12,11.3,5,-0.7
estimated,13562,2000003512,12,5.1,4,-6.9
estimated,13564,2000003514,17,18.8,11,1.8
estimated,13567,2000003517,7.5,24.6,4,17.1
estimated,13569,2000003519,12,8.6,4,-3.4
estimated,13571,2000003521,12,8.7,4,-3.3
estimated,13574,2000003524,12,7.5,4,-4.5
estimated,13583,2000003535,12,9.9,8,-2.1
estimated,13592,2000003545,12,43.0,9,31.0
estimated,13603,2000003561,12,7.3,6,-4.7
estimated,13605,2000003564,12,4.7,5,-7.3
estimated,13606,2000003565,17,15.7,13,-1.3
estimated,13609,2000003568,12,12.3,7,0.3
estimated,13610,2000003569,12,9.8,10,-2.2
estimated,13614,2000003574,17,15.8,12,-1.2
estimated,13616,2000003576,12,8.6,9,-3.4
estimated,13621,2000003581,12,7.8,4,-4.2
estimated,13627,2000003587,12,10.8,6,-1.2
estimated,13635,2000003595,12,9.9,4,-2.1
estimated,13636,2000003596,12,8.5,4,-3.5
estimated,13637,2000003597,17,9.3,17,-7.7
estimated,13645,2000003605,7.5,6.8,4,-0.7
estimated,13649,2000003610,7.5,4.3,4,-3.2
estimated,13656,2000003617,7.5,5.1,4,-2.4
estimated,13658,2000003620,7.5,4.5,4,-3.0
estimated,13670,2000003632,12,6.1,4,-5.9
estimated,13676,2000003638,12,6.4,5,-5.6
estimated,13681,2000003643,12,15.8,4,3.8
estimated,13692,2000003655,12,6.5,4,-5.5
estimated,13693,2000003656,12,6.5,4,-5.5
estimated,13702,2000003665,12,6.0,4,-6.0
estimated,13703,2000003666,12,6.2,4,-5.8
estimated,13704,2000003667,12,12.5,4,0.5
estimated,13708,2000003671,7.5,6.7,4,-0.8
estimated,13723,2000003687,12,6.2,5,-5.8
estimated,13729,2000003693,12,5.1,4,-6.9
estimated,13746,2000003711,12,6.9,5,-5.1
estimated,13755,2000003721,12,7.8,4,-4.2
estimated,13757,2000003723,12,7.3,4,-4.7
estimated,13759,2000003728,12,12.7,5,0.7
estimated,13762,2000003739,12,4.9,5,-7.1
estimated,13767,2000003744,12,10.3,4,-1.7
estimated,13770,2000003747,7.5,8.7,4,1.2
estimated,13771,2000003748,12,11.2,6,-0.8
estimated,13781,2000003764,12,7.9,4,-4.1
estimated,13803,2000003787,12,9.4,6,-2.6
estimated,13820,2000003804,17,6.8,15,-10.2
estimated,13826,2000003810,12,8.2,5,-3.8
estimated,13832,2000003816,7.5,6.8,4,-0.7
estimated,13836,2000003820,7.5,6.0,4,-1.5
estimated,13842,2000003826,12,7.8,8,-4.2
estimated,13844,2000003828,12,10.4,6,-1.6
estimated,13845,2000003829,12,12.4,4,0.4
estimated,13846,2000003830,24,8.6,28,-15.4
estimated,13873,2000003870,17,8.2,25,-8.8
estimated,13875,2000003872,17,5.1,13,-11.9
estimated,13906,2000003907,7.5,5.6,4,-1.9
estimated,13914,2000003915,12,15.6,4,3.6
estimated,13921,2000003922,12,6.3,4,-5.7
estimated,13924,2000003925,12,14.0,5,2.0
estimated,13937,2000003938,17,17.9,25,0.9
estimated,13939,2000003940,12,19.8,4,7.8
estimated,13941,2000003942,12,17.2,6,5.2
estimated,13951,2000003952,12,9.6,4,-2.4
estimated,13952,2000003953,12,15.8,8,3.8
estimated,13954,2000003955,12,9.1,6,-2.9
estimated,13958,2000003960,12,7.4,6,-4.6
estimated,13966,2000003968,12,5.5,8,-6.5
estimated,13970,2000003972,12,14.9,8,2.9
estimated,13971,2000003973,12,14.9,5,2.9
estimated,13972,2000003974,12,16.3,5,4.3
estimated,13978,2000003982,7.5,6.1,4,-1.4
estimated,13990,2000003998,12,5.0,6,-7.0
estimated,14001,2000004022,12,8.6,4,-3.4
estimated,14006,2000004027,17,9.0,21,-8.0
estimated,14008,2000004029,12,9.7,5,-2.3
estimated,14010,2000004031,12,9.1,4,-2.9
estimated,14011,2000004032,12,7.5,6,-4.5
estimated,14015,2000004036,7.5,12.3,4,4.8
estimated,14019,2000004040,12,5.8,5,-6.2
estimated,14029,2000004050,12,13.2,7,1.2
estimated,14041,2000004073,12,8.2,5,-3.8
estimated,14042,2000004074,12,10.1,4,-1.9
estimated,14046,2000004078,12,7.3,6,-4.7
estimated,14059,2000004094,7.5,8.2,4,0.7
estimated,14060,2000004095,12,9.3,7,-2.7
estimated,14069,2000004105,17,8.4,26,-8.6
estimated,14073,2000004109,12,3.9,4,-8.1
estimated,14076,2000004113,12,7.5,5,-4.5
estimated,14078,2000004116,12,8.6,10,-3.4
estimated,14079,2000004120,17,6.3,14,-10.7
estimated,14084,2000004126,12,6.3,4,-5.7
estimated,14085,2000004127,12,7.1,6,-4.9
estimated,14086,2000004128,12,8.5,6,-3.5
estimated,14088,2000004130,12,8.4,4,-3.6
estimated,14089,2000004132,12,9.2,5,-2.8
estimated,14090,2000004133,12,8.1,8,-3.9
estimated,14092,2000004135,12,11.9,5,-0.1
estimated,14101,2000004144,12,8.6,5,-3.4
estimated,14103,2000004146,12,10.4,8,-1.6
estimated,14104,2000004147,12,10.8,4,-1.2
estimated,14112,2000004159,12,6.6,4,-5.4
estimated,14114,2000004161,12,8.2,8,-3.8
estimated,14117,2000004164,17,20.2,15,3.2
estimated,14120,2000004167,12,54.2,4,42.2
estimated,14122,2000004169,12,8.0,6,-4.0
estimated,14128,2000004175,12,12.1,7,0.1
estimated,14131,2000004178,12,11.4,6,-0.6
estimated,14140,2000004191,12,11.5,4,-0.5
estimated,14151,2000004207,7.5,6.9,4,-0.6
estimated,14198,2000004257,7.5,6.4,4,-1.1
estimated,14205,2000004264,12,7.2,5,-4.8
estimated,14216,2000004276,12,6.3,4,-5.7
estimated,14221,2000004281,7.5,8.6,4,1.1
estimated,14227,2000004287,7.5,7.6,4,0.1
estimated,14237,2000004299,12,7.6,4,-4.4
estimated,14256,2000004319,7.5,6.8,4,-0.7
estimated,14262,2000004325,12,11.6,5,-0.4
estimated,14276,2000004342,12,7.2,7,-4.8
estimated,14294,2000004361,12,10.9,4,-1.1
estimated,14309,2000004376,12,5.7,5,-6.3
estimated,14311,2000004378,12,4.5,7,-7.5
estimated,14313,2000004380,12,9.1,4,-2.9
estimated,14323,2000004390,12,10.1,4,-1.9
estimated,14325,2000004392,12,9.5,4,-2.5
estimated,14329,2000004398,12,9.4,5,-2.6
estimated,14341,2000004417,12,10.7,4,-1.3
estimated,14344,2000004420,12,8.1,4,-3.9
estimated,14349,2000004425,12,9.3,4,-2.7
estimated,14358,2000004434,12,11.4,5,-0.6
estimated,14359,2000004435,12,11.9,5,-0.1
estimated,14367,2000004443,12,10.2,5,-1.8
estimated,14369,2000004445,12,8.9,5,-3.1
estimated,14418,2000004495,12,7.8,5,-4.2
estimated,14426,2000004503,12,8.1,5,-3.9
estimated,14427,2000004504,12,8.4,8,-3.6
estimated,14429,2000004506,7.5,8.2,5,0.7
estimated,14434,2000004511,12,9.8,7,-2.2
estimated,14435,2000004512,12,9.6,5,-2.4
estimated,14436,2000004513,12,13.4,4,1.4
estimated,14449,2000004526,7.5,7.1,4,-0.4
estimated,14453,2000004530,12,7.1,4,-4.9
estimated,14457,2000004534,12,7.2,4,-4.8
estimated,14464,2000004541,12,6.7,9,-5.3
estimated,14470,2000004548,7.5,7.3,4,-0.2
estimated,14481,2000004559,12,6.9,4,-5.1
estimated,14506,2000004584,12,11.6,5,-0.4
estimated,14522,2000004600,12,7.7,5,-4.3
estimated,14525,2000004603,12,8.8,9,-3.2
estimated,14532,2000004610,12,7.2,4,-4.8
estimated,14535,2000004613,12,8.9,5,-3.1
estimated,14563,2000004641,12,9.1,4,-2.9
estimated,14564,2000004642,12,10.1,6,-1.9
estimated,14577,2000004655,7.5,5.9,5,-1.6
estimated,14583,2000004661,7.5,7.5,4,-0.0
estimated,14589,2000004667,12,9.2,5,-2.8
estimated,14598,2000004676,12,9.0,5,-3.0
estimated,14611,2000004689,12,8.1,5,-3.9
estimated,14614,2000004692,7.5,7.7,4,0.2
estimated,14626,2000004704,7.5,10.7,4,3.2
estimated,14642,2000004720,12,7.5,4,-4.5
estimated,14646,2000004724,7.5,8.3,4,0.8
estimated,14652,2000004730,12,7.5,4,-4.5
estimated,14654,2000004733,12,13.9,4,1.9
estimated,14661,2000004744,12,7.2,8,-4.8
estimated,14666,2000004749,12,13.1,12,1.1
estimated,14679,2000004765,17,7.5,11,-9.5
estimated,14681,2000004767,12,4.9,4,-7.1
estimated,14689,2000004775,17,10.3,8,-6.7
estimated,14693,2000004779,12,4.4,4,-7.6
estimated,14694,2000004780,12,10.3,9,-1.7
estimated,14697,2000004784,12,13.5,6,1.5
estimated,14698,2000004785,12,8.3,4,-3.7
estimated,14699,2000004787,12,5.6,5,-6.4
estimated,14702,2000004790,12,5.8,4,-6.2
estimated,14703,2000004791,12,6.3,4,-5.7
estimated,14711,2000004801,12,10.1,9,-1.9
estimated,14717,2000004814,17,5.7,17,-11.3
estimated,14721,2000004818,17,4.7,12,-12.3
estimated,14724,2000004823,12,11.7,5,-0.3
estimated,14746,2000004865,17,10.4,12,-6.6
estimated,14748,2000004868,12,8.2,6,-3.8
estimated,14758,2000004885,12,12.6,4,0.6
estimated,14770,2000004900,12,7.4,6,-4.6
estimated,14771,2000004902,12,6.7,10,-5.3
estimated,14793,2000004929,12,8.0,4,-4.0
estimated,14820,2000004959,12,7.0,5,-5.0
estimated,14828,2000004970,12,6.2,6,-5.8
estimated,14829,2000004971,12,6.7,4,-5.3
estimated,14836,2000004980,12,8.4,8,-3.6
estimated,14837,2000004981,12,5.4,5,-6.6
estimated,14841,2000004986,17,7.2,31,-9.8
estimated,14851,2000004999,12,6.3,5,-5.7
estimated,14854,2000005002,12,7.5,4,-4.5
estimated,14857,2000005005,12,8.1,4,-3.9
estimated,14860,2000005008,17,5.2,15,-11.8
estimated,14866,2000005015,12,13.8,9,1.8
estimated,14867,2000005018,7.5,11.7,4,4.2
estimated,14877,2000005030,12,7.1,8,-4.9
estimated,14895,2000005056,12,12.9,5,0.9
estimated,14899,2000005063,7.5,11.7,4,4.2
estimated,14911,2000005078,12,9.9,4,-2.1
estimated,14938,2000005107,12,11.1,4,-0.9
estimated,14952,2000005121,17,14.6,12,-2.4
estimated,14953,2000005122,17,12.7,14,-4.3
estimated,14954,2000005123,7.5,7.1,4,-0.4
estimated,14960,2000005130,12,9.2,4,-2.8
estimated,14975,2000005147,12,5.9,5,-6.1
estimated,14976,2000005148,12,6.8,5,-5.2
estimated,14981,2000005153,12,7.0,6,-5.0
estimated,14983,2000005155,7.5,7.1,4,-0.4
estimated,14984,2000005156,7.5,8.7,4,1.2
estimated,15003,2000005175,12,7.1,6,-4.9
estimated,15008,2000005181,12,10.3,5,-1.7
estimated,15017,2000005190,12,7.4,4,-4.6
estimated,15041,2000005214,12,8.6,4,-3.4
estimated,15045,2000005218,12,10.0,8,-2.0
estimated,15067,2000005258,12,7.8,5,-4.2
estimated,15069,2000005260,12,24.8,8,12.8
estimated,15073,2000005264,12,7.8,7,-4.2
estimated,15077,2000005268,12,9.7,6,-2.3
estimated,15078,2000005269,12,7.6,4,-4.4
estimated,15087,2000005278,12,8.9,5,-3.1
estimated,15098,2000005289,12,7.7,9,-4.3
estimated,15100,2000005291,12,10.3,5,-1.7
estimated,15124,2000005316,12,7.1,4,-4.9
estimated,15136,2000005328,12,6.2,4,-5.8
estimated,15149,2000005343,12,11.7,4,-0.3
estimated,15152,2000005346,12,10.8,8,-1.2
estimated,15159,2000005353,12,7.9,5,-4.1
estimated,15172,2000005366,17,10.7,8,-6.3
estimated,15177,2000005373,12,10.0,4,-2.0
estimated,15180,2000005379,12,8.6,11,-3.4
estimated,15181,2000005380,12,7.8,4,-4.2
estimated,15196,2000005395,12,10.0,4,-2.0
estimated,15197,2000005396,7.5,10.3,4,2.8
estimated,15198,2000005397,12,10.8,4,-1.2
estimated,15199,2000005398,12,10.0,6,-2.0
estimated,15202,2000005401,12,5.0,5,-7.0
estimated,15215,2000005414,12,6.5,6,-5.5
estimated,15216,2000005415,12,9.7,8,-2.3
estimated,15219,2000005418,12,5.8,4,-6.2
estimated,15229,2000005428,12,18.8,8,6.8
estimated,15235,2000005434,12,10.9,8,-1.1
estimated,15242,2000005441,12,8.6,6,-3.4
estimated,15252,2000005452,12,10.9,9,-1.1
estimated,15254,2000005454,12,15.4,8,3.4
estimated,15256,2000005456,12,16.8,4,4.8
estimated,15260,2000005460,12,8.1,4,-3.9
estimated,15261,2000005461,12,12.1,5,0.1
estimated,15267,2000005467,12,11.3,6,-0.7
estimated,15278,2000005478,12,6.4,5,-5.6
estimated,15279,2000005479,17,7.2,12,-9.8
estimated,15315,2000005523,12,6.8,9,-5.2
estimated,15316,2000005524,17,9.2,17,-7.8
estimated,15329,2000005538,12,6.9,6,-5.1
estimated,15331,2000005540,12,6.6,6,-5.4
estimated,15332,2000005541,12,6.6,5,-5.4
estimated,15337,2000005546,12,9.0,4,-3.0
estimated,15338,2000005547,12,9.3,6,-2.7
estimated,15340,2000005549,12,9.3,4,-2.7
estimated,15341,2000005550,12,13.0,4,1.0
estimated,15360,2000005569,12,9.5,5,-2.5
estimated,15374,2000005583,12,8.4,4,-3.6
estimated,15375,2000005584,12,6.9,5,-5.1
estimated,15383,2000005592,12,9.8,4,-2.2
estimated,15411,2000005620,12,8.0,5,-4.0
estimated,15415,2000005624,12,9.1,5,-2.9
estimated,15428,2000005637,12,8.0,4,-4.0
estimated,15431,2000005640,12,7.5,4,-4.5
estimated,15432,2000005641,12,9.2,5,-2.8
estimated,15439,2000005648,12,8.7,4,-3.3
estimated,15440,2000005649,12,9.7,5,-2.3
estimated,15443,2000005652,7.5,8.7,4,1.2
estimated,15448,2000005657,12,7.2,5,-4.8
estimated,15458,2000005674,12,18.1,5,6.1
estimated,15463,2000005684,12,13.0,4,1.0
estimated,15469,2000005698,17,8.5,17,-8.5
estimated,15477,2000005708,24,9.1,76,-14.9
estimated,15494,2000005727,7.5,12.0,4,4.5
estimated,15498,2000005731,12,12.8,5,0.8
estimated,15508,2000005741,17,15.6,10,-1.4
estimated,15517,2000005750,12,11.0,5,-1.0
estimated,15518,2000005751,12,10.2,4,-1.8
estimated,15524,2000005757,12,14.0,4,2.0
estimated,15528,2000005762,17,17.4,9,0.4
estimated,15533,2000005767,7.5,8.9,4,1.4
estimated,15537,2000005771,12,13.8,4,1.8
estimated,15541,2000005775,12,9.2,6,-2.8
estimated,15542,2000005776,17,7.8,15,-9.2
estimated,15543,2000005777,12,14.7,7,2.7
estimated,15546,2000005783,17,7.1,6,-9.9
estimated,15548,2000005785,12,9.9,8,-2.1
estimated,15549,2000005786,12,11.6,9,-0.4
estimated,15551,2000005788,12,7.0,12,-5.0
estimated,15552,2000005789,12,22.8,7,10.8
estimated,15554,2000005792,12,12.9,6,0.9
estimated,15561,2000005800,17,12.3,17,-4.7
estimated,15562,2000005801,17,9.0,22,-8.0
estimated,15565,2000005804,12,7.5,4,-4.5
estimated,15566,2000005805,12,6.4,5,-5.6
estimated,15572,2000005812,17,5.0,14,-12.0
estimated,15573,2000005815,12,5.4,9,-6.6
estimated,15575,2000005817,24,7.5,65,-16.5
estimated,15578,2000005822,17,6.3,13,-10.7
estimated,15581,2000005827,12,9.3,5,-2.7
estimated,15587,2000005838,12,3.5,5,-8.5
estimated,15591,2000005843,12,6.8,5,-5.2
estimated,15594,2000005847,12,4.4,7,-7.6
estimated,15596,2000005849,12,6.4,5,-5.6
estimated,15610,2000005863,12,8.1,5,-3.9
estimated,15612,2000005867,12,6.1,7,-5.9
estimated,15617,2000005874,12,9.5,4,-2.5
estimated,15619,2000005877,12,6.6,8,-5.4
estimated,15627,2000005885,12,5.9,4,-6.1
estimated,15633,2000005894,12,9.8,6,-2.2
estimated,15640,2000005901,12,5.6,11,-6.4
estimated,15645,2000005906,12,7.9,9,-4.1
estimated,15652,2000005913,12,8.9,8,-3.1
estimated,15656,2000005917,12,5.4,4,-6.6
estimated,15666,2000005928,17,10.7,18,-6.3
estimated,15672,2000005934,12,7.4,6,-4.6
estimated,15674,2000005936,7.5,7.0,4,-0.5
estimated,15677,2000005939,12,6.7,7,-5.3
estimated,15680,2000005942,12,14.1,11,2.1
estimated,15681,2000005943,17,13.9,12,-3.1
estimated,15683,2000005945,17,5.7,15,-11.3
estimated,15684,2000005946,12,6.6,4,-5.4
estimated,15685,2000005947,17,8.4,15,-8.6
estimated,15689,2000005951,17,9.9,17,-7.1
estimated,15690,2000005952,12,6.2,5,-5.8
estimated,15697,2000005959,12,6.8,9,-5.2
estimated,15699,2000005961,12,8.4,6,-3.6
estimated,15702,2000005965,12,8.0,8,-4.0
estimated,15704,2000005967,12,7.2,4,-4.8
estimated,15708,2000005980,12,19.0,4,7.0
estimated,15711,2000005983,12,5.4,7,-6.6
estimated,15721,2000005993,17,5.7,12,-11.3
estimated,15723,2000005995,12,7.8,5,-4.2
estimated,15725,2000005997,12,14.3,5,2.3
estimated,15731,2000006006,17,9.5,14,-7.5
estimated,15732,2000006007,17,9.7,22,-7.3
estimated,15734,2000006009,17,10.3,14,-6.7
estimated,15735,2000006010,12,10.3,4,-1.7
estimated,15736,2000006011,17,8.3,8,-8.7
estimated,15758,2000006038,12,8.8,8,-3.2
estimated,15760,2000006040,12,7.2,9,-4.8
estimated,15770,2000006050,12,8.9,8,-3.1
estimated,15774,2000006062,17,11.9,9,-5.1
estimated,15778,2000006070,12,6.2,4,-5.8
estimated,15780,2000006073,17,5.7,16,-11.3
estimated,15781,2000006074,17,9.9,8,-7.1
estimated,15793,2000006104,17,4.2,15,-12.8
estimated,15794,2000006105,12,3.8,7,-8.2
estimated,15795,2000006106,17,7.4,10,-9.6
estimated,15796,2000006107,17,7.9,9,-9.1
estimated,15798,2000006109,12,8.1,7,-3.9
estimated,15805,2000006116,12,4.2,8,-7.8
estimated,15822,2000006134,12,4.1,7,-7.9
estimated,15837,2000006151,12,16.3,10,4.3
estimated,15843,2000006157,12,8.1,5,-3.9
estimated,15844,2000006158,7.5,7.7,4,0.2
estimated,15848,2000006163,12,6.8,9,-5.2
estimated,15850,2000006165,7.5,9.1,4,1.6
estimated,15851,2000006166,17,7.8,12,-9.2
estimated,15870,2000006185,17,7.6,11,-9.4
estimated,15873,2000006189,12,7.2,5,-4.8
estimated,15876,2000006192,12,4.1,5,-7.9
estimated,15885,2000006201,17,12.7,22,-4.3
estimated,15891,2000006208,12,8.2,9,-3.8
estimated,15894,2000006211,12,7.1,11,-4.9
estimated,15899,2000006216,7.5,5.9,4,-1.6
estimated,15904,2000006221,12,11.0,5,-1.0
estimated,15906,2000006223,12,6.9,4,-5.1
estimated,15908,2000006225,24,10.9,34,-13.1
estimated,15911,2000006228,12,7.4,6,-4.6
estimated,15914,2000006232,17,11.1,21,-5.9
estimated,15917,2000006235,12,6.3,9,-5.7
estimated,15928,2000006247,17,10.6,11,-6.4
estimated,15932,2000006251,17,24.2,31,7.2
estimated,15933,2000006252,12,14.7,4,2.7
estimated,15942,2000006264,12,4.3,6,-7.7
estimated,15944,2000006266,17,5.9,17,-11.1
estimated,15945,2000006267,17,6.8,9,-10.2
estimated,15948,2000006270,17,6.7,10,-10.3
estimated,15953,2000006275,12,6.7,4,-5.3
estimated,15955,2000006277,12,7.9,5,-4.1
estimated,15959,2000006281,17,5.6,11,-11.4
estimated,15960,2000006282,17,11.5,20,-5.5
estimated,15961,2000006283,17,16.7,12,-0.3
estimated,15963,2000006285,12,4.2,7,-7.8
estimated,15968,2000006290,12,6.1,10,-5.9
estimated,15969,2000006294,12,5.6,4,-6.4
estimated,15972,2000006303,12,6.0,4,-6.0
estimated,15975,2000006307,17,8.7,12,-8.3
estimated,15977,2000006309,17,5.6,21,-11.4
estimated,15981,2000006313,17,6.8,11,-10.2
estimated,15985,2000006337,12,9.4,4,-2.6
estimated,15998,2000006375,17,5.2,9,-11.8
estimated,16000,2000006377,17,4.7,12,-12.3
estimated,16005,2000006382,12,10.3,5,-1.7
estimated,16011,2000006393,12,5.8,4,-6.2
estimated,16012,2000006395,17,6.0,16,-11.0
estimated,16013,2000006396,12,6.4,4,-5.6
estimated,16014,2000006397,17,6.3,7,-10.7
estimated,16016,2000006399,12,7.0,4,-5.0
estimated,16020,2000006408,12,8.0,4,-4.0
estimated,16021,2000006409,17,7.1,9,-9.9
estimated,16023,2000006412,12,3.8,5,-8.2
estimated,16025,2000006415,7.5,6.7,4,-0.8
estimated,16028,2000006418,12,9.4,5,-2.6
estimated,16034,2000006424,12,6.7,4,-5.3
estimated,16036,2000006426,12,5.5,5,-6.5
estimated,16044,2000006437,12,5.2,7,-6.8
estimated,16049,2000006442,12,13.5,4,1.5
estimated,16050,2000006443,12,4.6,6,-7.4
estimated,16053,2000006447,17,6.1,12,-10.9
estimated,16058,2000006453,12,5.3,6,-6.7
estimated,16059,2000006455,12,17.8,6,5.8
estimated,16060,2000006456,17,24.4,14,7.4
estimated,16068,2000006464,12,19.1,11,7.1
estimated,16078,2000006478,12,6.4,5,-5.6
estimated,16079,2000006479,7.5,6.3,4,-1.2
estimated,16080,2000006480,7.5,5.6,4,-1.9
estimated,16082,2000006482,12,5.7,5,-6.3
estimated,16087,2000006488,17,5.7,13,-11.3
estimated,16089,2000006491,12,4.8,4,-7.2
estimated,16102,2000006505,12,4.8,5,-7.2
estimated,16103,2000006509,12,10.2,4,-1.8
estimated,16108,2000006516,12,9.7,8,-2.3
estimated,16113,2000006529,17,21.0,9,4.0
estimated,16114,2000006530,17,26.3,11,9.3
estimated,16120,2000006539,12,9.3,6,-2.7
estimated,16122,2000006541,12,11.2,4,-0.8
estimated,16123,2000006542,17,7.8,13,-9.2
estimated,16124,2000006543,17,6.3,14,-10.7
estimated,16126,2000006545,12,6.3,6,-5.7
estimated,16141,2000006576,12,4.5,5,-7.5
estimated,16145,2000006580,12,15.9,8,3.9
estimated,16146,2000006581,12,19.3,6,7.3
estimated,16152,2000006587,17,4.9,13,-12.1
estimated,16159,2000006596,12,4.4,7,-7.6
estimated,16163,2000006600,12,8.3,8,-3.7
estimated,16170,2000006615,12,9.1,8,-2.9
estimated,16177,2000006628,12,10.1,7,-1.9
estimated,16178,2000006644,17,8.5,13,-8.5
estimated,16179,2000006645,17,7.2,22,-9.8
estimated,16182,2000006648,12,7.7,4,-4.3
estimated,16185,2000006652,12,6.1,4,-5.9
estimated,16189,2000006657,12,8.3,11,-3.7
estimated,16195,2000006671,12,8.4,11,-3.6
estimated,16212,2000006691,7.5,8.2,4,0.7
estimated,16222,2000006703,12,6.2,9,-5.8
estimated,16223,2000006704,12,9.0,5,-3.0
estimated,16225,2000006706,12,11.1,4,-0.9
estimated,16229,2000006710,17,13.2,6,-3.8
estimated,16231,2000006713,17,17.2,12,0.2
estimated,16233,2000006715,12,9.1,5,-2.9
estimated,16241,2000006729,12,4.6,5,-7.4
estimated,16244,2000006732,12,4.6,5,-7.4
estimated,16252,2000006740,12,5.9,7,-6.1
estimated,16256,2000006744,12,5.2,5,-6.8
estimated,16265,2000006754,17,7.3,9,-9.7
estimated,16268,2000006757,7.5,6.4,4,-1.1
estimated,16269,2000006758,12,7.2,5,-4.8
estimated,16272,2000006761,12,7.4,4,-4.6
estimated,16276,2000006766,12,5.8,4,-6.2
estimated,16277,2000006769,12,5.6,5,-6.4
estimated,16278,2000006770,12,10.9,7,-1.1
estimated,16279,2000006771,12,12.0,5,-0.0
estimated,16281,2000006782,12,3.7,7,-8.3
estimated,16288,2000006790,12,6.9,6,-5.1
estimated,16294,2000006797,12,7.3,5,-4.7
estimated,16295,2000006798,12,8.6,5,-3.4
estimated,16303,2000006810,12,6.6,6,-5.4
estimated,16306,2000006813,12,8.9,6,-3.1
estimated,16307,2000006814,12,9.9,4,-2.1
estimated,16315,2000006823,17,8.8,18,-8.2
estimated,16318,2000006827,12,7.0,6,-5.0
estimated,16320,2000006829,12,5.9,5,-6.1
estimated,16322,2000006831,12,8.3,4,-3.7
estimated,16329,2000006848,7.5,26.0,4,18.5
estimated,16331,2000006850,12,7.0,10,-5.0
estimated,16360,2000006879,12,7.8,5,-4.2
estimated,16361,2000006880,12,9.6,5,-2.4
estimated,16366,2000006885,12,9.0,5,-3.0
estimated,16375,2000006894,12,7.2,7,-4.8
estimated,16376,2000006895,7.5,6.7,4,-0.8
estimated,16380,2000006899,12,7.8,7,-4.2
estimated,16381,2000006900,17,6.8,12,-10.2
estimated,16382,2000006901,12,6.3,6,-5.7
estimated,16388,2000006907,12,13.9,9,1.9
estimated,16391,2000006911,12,9.9,8,-2.1
estimated,16395,2000006915,12,15.8,5,3.8
estimated,16397,2000006917,12,17.3,4,5.3
estimated,16403,2000006923,12,9.4,7,-2.6
estimated,16419,2000006948,12,6.6,5,-5.4
estimated,16429,2000006961,12,8.7,8,-3.3
estimated,16436,2000006968,12,7.9,4,-4.1
estimated,16457,2000006989,12,5.8,6,-6.2
estimated,16492,2000007025,12,9.0,5,-3.0
estimated,16501,2000007034,12,9.8,7,-2.2
estimated,16503,2000007036,17,7.1,19,-9.9
estimated,16512,2000007045,12,6.3,5,-5.7
estimated,16515,2000007048,12,8.9,8,-3.1
estimated,16516,2000007049,12,8.5,4,-3.5
estimated,16519,2000007052,17,7.8,16,-9.2
estimated,16520,2000007053,24,7.6,37,-16.4
estimated,16521,2000007054,12,9.0,5,-3.0
estimated,16524,2000007057,12,12.8,6,0.8
estimated,16526,2000007059,12,8.5,5,-3.5
estimated,16530,2000007063,17,12.4,13,-4.6
estimated,16540,2000007075,12,13.5,4,1.5
estimated,16542,2000007077,12,10.3,7,-1.7
estimated,16564,2000007099,7.5,11.1,4,3.6
estimated,16565,2000007100,7.5,11.9,4,4.4
estimated,16566,2000007101,17,7.7,8,-9.3
estimated,16569,2000007105,7.5,17.6,4,10.1
estimated,16571,2000007107,12,12.7,5,0.7
estimated,16580,2000007117,7.5,6.4,4,-1.1
estimated,16584,2000007124,17,15.0,24,-2.0
estimated,16585,2000007125,12,15.9,7,3.9
estimated,16594,2000007134,12,11.7,4,-0.3
estimated,16596,2000007136,12,15.5,4,3.5
estimated,16603,2000007143,24,13.1,86,-10.9
estimated,16613,2000007154,12,13.4,5,1.4
estimated,16626,2000007167,7.5,23.1,4,15.6
estimated,16628,2000007170,17,14.6,13,-2.4
estimated,16631,2000007173,12,8.4,4,-3.6
estimated,16634,2000007176,7.5,9.5,4,2.0
estimated,16640,2000007182,12,17.3,5,5.3
estimated,16652,2000007194,12,7.9,4,-4.1
estimated,16664,2000007206,12,8.6,4,-3.4
estimated,16665,2000007207,7.5,7.1,4,-0.4
estimated,16670,2000007212,17,12.2,10,-4.8
estimated,16685,2000007227,12,17.6,4,5.6
estimated,16700,2000007242,12,8.5,6,-3.5
estimated,16711,2000007255,12,7.8,4,-4.2
estimated,16714,2000007258,12,8.7,4,-3.3
estimated,16718,2000007262,12,5.5,4,-6.5
estimated,16725,2000007269,7.5,11.5,4,4.0
estimated,16729,2000007273,12,9.4,6,-2.6
estimated,16730,2000007274,7.5,7.2,4,-0.3
estimated,16735,2000007279,12,6.4,5,-5.6
estimated,16738,2000007282,12,5.0,5,-7.0
estimated,16747,2000007291,17,6.8,11,-10.2
estimated,16748,2000007292,12,9.3,4,-2.7
estimated,16749,2000007293,12,6.5,7,-5.5
estimated,16753,2000007297,17,7.8,12,-9.2
estimated,16766,2000007310,7.5,7.3,4,-0.2
estimated,16786,2000007330,12,9.7,4,-2.3
estimated,16787,2000007331,12,10.2,4,-1.8
estimated,16792,2000007336,7.5,11.3,4,3.8
estimated,16798,2000007342,12,11.7,4,-0.3
estimated,16803,2000007347,12,10.1,4,-1.9
estimated,16809,2000007353,12,9.4,6,-2.6
estimated,16815,2000007359,12,6.2,6,-5.8
estimated,16816,2000007361,12,8.6,6,-3.4
estimated,16818,2000007363,17,8.7,25,-8.3
estimated,16820,2000007365,12,11.4,10,-0.6
estimated,16821,2000007366,12,8.3,6,-3.7
estimated,16837,2000007383,12,9.6,7,-2.4
estimated,16840,2000007387,17,8.7,21,-8.3
estimated,16844,2000007391,17,8.8,11,-8.2
estimated,16847,2000007395,12,9.5,4,-2.5
estimated,16857,2000007405,12,6.6,7,-5.4
estimated,16867,2000007415,17,13.2,13,-3.8
estimated,16872,2000007420,24,9.9,35,-14.1
estimated,16875,2000007423,12,8.2,6,-3.8
estimated,16878,2000007426,12,10.0,6,-2.0
estimated,16881,2000007429,7.5,9.8,4,2.3
estimated,16885,2000007433,17,6.9,11,-10.1
estimated,16887,2000007435,12,11.4,8,-0.6
estimated,16888,2000007436,17,17.1,10,0.1
estimated,16893,2000007442,17,10.1,12,-6.9
estimated,16894,2000007443,17,7.8,10,-9.2
estimated,16902,2000007451,12,7.4,9,-4.6
estimated,16907,2000007456,12,13.0,4,1.0
estimated,16909,2000007458,12,17.6,4,5.6
estimated,16913,2000007462,7.5,11.1,4,3.6
estimated,16914,2000007463,17,8.1,19,-8.9
estimated,16929,2000007478,12,7.0,10,-5.0
estimated,16936,2000007485,12,8.7,4,-3.3
estimated,16937,2000007486,12,9.3,6,-2.7
estimated,16940,2000007489,12,8.2,6,-3.8
estimated,16942,2000007491,12,13.5,6,1.5
estimated,16944,2000007493,17,10.3,23,-6.7
estimated,16951,2000007500,7.5,7.8,4,0.3
estimated,16953,2000007502,12,6.9,4,-5.1
estimated,16959,2000007508,17,11.2,18,-5.8
estimated,16960,2000007509,17,10.0,19,-7.0
estimated,16961,2000007510,17,8.7,9,-8.3
estimated,16964,2000007513,12,11.4,8,-0.6
estimated,16965,2000007514,12,7.2,6,-4.8
estimated,16967,2000007516,12,8.4,7,-3.6
estimated,16968,2000007517,17,12.0,9,-5.0
estimated,16971,2000007520,12,7.5,6,-4.5
estimated,16993,2000007542,12,6.0,4,-6.0
estimated,16999,2000007548,12,7.3,4,-4.7
estimated,17017,2000007566,17,12.3,23,-4.7
estimated,17018,2000007567,17,9.6,12,-7.4
estimated,17021,2000007570,12,7.6,7,-4.4
estimated,17023,2000007572,12,15.7,7,3.7
estimated,17024,2000007573,7.5,5.5,4,-2.0
estimated,17028,2000007577,12,5.6,7,-6.4
estimated,17029,2000007579,12,15.0,9,3.0
estimated,17033,2000007587,12,7.3,5,-4.7
estimated,17038,2000007592,12,5.9,5,-6.1
estimated,17042,2000007596,12,5.6,4,-6.4
estimated,17044,2000007598,12,4.1,4,-7.9
estimated,17046,2000007600,7.5,6.5,4,-1.0
estimated,17050,2000007606,12,9.0,11,-3.0
estimated,17053,2000007610,12,10.8,9,-1.2
estimated,17059,2000007616,17,8.9,8,-8.1
estimated,17062,2000007620,12,7.9,4,-4.1
estimated,17065,2000007624,12,6.8,5,-5.2
estimated,17071,2000007630,17,5.2,10,-11.8
estimated,17073,2000007632,12,9.0,6,-3.0
estimated,17077,2000007636,12,8.0,4,-4.0
estimated,17079,2000007638,12,8.9,5,-3.1
estimated,17080,2000007639,12,5.7,12,-6.3
estimated,17082,2000007641,7.5,5.8,4,-1.7
estimated,17083,2000007642,12,5.3,4,-6.7
estimated,17084,2000007643,12,5.1,6,-6.9
estimated,17088,2000007647,12,6.4,5,-5.6
estimated,17091,2000007650,12,6.5,6,-5.5
estimated,17094,2000007653,12,10.3,6,-1.7
estimated,17095,2000007654,12,11.4,4,-0.6
estimated,17098,2000007657,12,6.4,4,-5.6
estimated,17099,2000007658,12,10.0,4,-2.0
estimated,17103,2000007662,17,7.2,12,-9.8
estimated,17104,2000007663,17,7.0,13,-10.0
estimated,17107,2000007667,17,8.5,33,-8.5
estimated,17111,2000007673,12,4.2,6,-7.8
estimated,17116,2000007678,17,6.7,14,-10.3
estimated,17117,2000007679,17,7.6,32,-9.4
estimated,17124,2000007686,12,6.2,5,-5.8
estimated,17126,2000007688,12,13.5,7,1.5
estimated,17129,2000007693,12,5.0,4,-7.0
estimated,17141,2000007707,17,7.2,7,-9.8
estimated,17144,2000007710,12,6.9,6,-5.1
estimated,17149,2000007715,12,6.3,4,-5.7
estimated,17152,2000007718,17,6.5,15,-10.5
estimated,17153,2000007719,12,8.0,4,-4.0
estimated,17155,2000007721,7.5,11.3,4,3.8
estimated,17156,2000007722,12,11.2,6,-0.8
estimated,17166,2000007732,17,8.2,10,-8.8
estimated,17167,2000007733,17,5.8,10,-11.2
estimated,17168,2000007734,12,7.9,9,-4.1
estimated,17169,2000007735,12,6.7,9,-5.3
estimated,17171,2000007737,17,7.5,11,-9.5
estimated,17174,2000007740,12,6.3,4,-5.7
estimated,17184,2000007751,12,7.1,6,-4.9
estimated,17186,2000007753,12,10.6,6,-1.4
estimated,17187,2000007754,7.5,11.7,4,4.2
estimated,17188,2000007755,12,13.4,6,1.4
estimated,17194,2000007766,12,9.0,9,-3.0
estimated,17195,2000007768,12,10.2,4,-1.8
estimated,17198,2000007771,12,6.9,4,-5.1
estimated,17201,2000007774,7.5,7.7,4,0.2
estimated,17204,2000007777,12,9.3,6,-2.7
estimated,17208,2000007792,17,5.9,11,-11.1
estimated,17211,2000007800,12,13.9,5,1.9
estimated,17218,2000007809,7.5,9.2,4,1.7
estimated,17238,2000007829,12,8.1,5,-3.9
estimated,17240,2000007831,17,7.3,12,-9.7
estimated,17264,2000007855,12,7.5,7,-4.5
estimated,17279,2000007870,12,8.9,6,-3.1
estimated,17284,2000007875,12,10.2,6,-1.8
estimated,17287,2000007878,12,8.6,4,-3.4
estimated,17290,2000007883,12,8.5,4,-3.5
estimated,17294,2000007887,12,9.6,9,-2.4
estimated,17295,2000007888,17,8.8,11,-8.2
estimated,17300,2000007893,12,8.7,7,-3.3
estimated,17303,2000007896,12,14.5,9,2.5
estimated,17304,2000007897,17,10.1,10,-6.9
estimated,17308,2000007901,12,10.4,7,-1.6
estimated,17310,2000007903,12,7.9,5,-4.1
estimated,17311,2000007904,12,9.8,5,-2.2
estimated,17312,2000007905,12,10.1,6,-1.9
estimated,17322,2000007915,12,9.7,5,-2.3
estimated,17323,2000007916,12,6.6,4,-5.4
estimated,17328,2000007921,17,5.9,13,-11.1
estimated,17349,2000007942,12,8.4,9,-3.6
estimated,17365,2000007958,7.5,10.8,4,3.3
estimated,17372,2000007965,12,6.1,4,-5.9
estimated,17425,2000008018,12,12.8,4,0.8
estimated,17434,2000008027,12,8.5,6,-3.5
estimated,17439,2000008032,12,6.9,4,-5.1
estimated,17443,2000008036,12,6.2,5,-5.8
estimated,17445,2000008038,7.5,5.8,4,-1.7
estimated,17452,2000008045,7.5,6.3,4,-1.2
estimated,17459,2000008052,12,12.3,6,0.3
estimated,17461,2000008054,12,10.9,4,-1.1
estimated,17467,2000008060,12,5.8,5,-6.2
estimated,17486,2000008079,12,12.8,5,0.8
estimated,17500,2000008093,12,6.3,5,-5.7
estimated,17503,2000008096,12,6.6,5,-5.4
estimated,17517,2000008110,12,6.2,8,-5.8
estimated,17520,2000008113,12,6.1,4,-5.9
estimated,17525,2000008118,12,5.5,5,-6.5
estimated,17545,2000008138,12,7.3,5,-4.7
estimated,17569,2000008163,12,5.9,4,-6.1
estimated,17590,2000008185,7.5,9.1,4,1.6
estimated,17599,2000008195,12,6.9,4,-5.1
estimated,17601,2000008197,12,6.4,6,-5.6
estimated,17602,2000008198,12,4.8,7,-7.2
estimated,17624,2000008222,7.5,6.6,4,-0.9
estimated,17661,2000008262,12,6.6,7,-5.4
estimated,17666,2000008267,12,5.6,4,-6.4
estimated,17677,2000008281,12,13.1,5,1.1
estimated,17679,2000008283,12,10.8,4,-1.2
estimated,17680,2000008284,12,10.4,5,-1.6
estimated,17683,2000008289,12,10.5,8,-1.5
estimated,17684,2000008290,12,10.3,7,-1.7
estimated,17685,2000008291,12,9.6,5,-2.4
estimated,17686,2000008292,12,10.0,8,-2.0
estimated,17688,2000008294,12,12.2,5,0.2
estimated,17690,2000008296,12,10.4,7,-1.6
estimated,17694,2000008300,12,10.7,6,-1.3
estimated,17697,2000008303,12,9.0,5,-3.0
estimated,17704,2000008313,12,9.4,6,-2.6
estimated,17706,2000008315,7.5,11.5,4,4.0
estimated,17707,2000008316,12,10.2,6,-1.8
estimated,17708,2000008317,12,10.6,5,-1.4
estimated,17709,2000008319,12,9.4,5,-2.6
estimated,17710,2000008320,12,9.2,4,-2.8
estimated,17711,2000008321,17,10.7,16,-6.3
estimated,17714,2000008325,12,8.6,5,-3.4
estimated,17715,2000008329,12,7.7,4,-4.3
estimated,17716,2000008330,12,7.9,8,-4.1
estimated,17718,2000008332,12,9.4,4,-2.6
estimated,17719,2000008334,12,7.4,6,-4.6
estimated,17720,2000008335,12,7.4,7,-4.6
estimated,17722,2000008337,12,8.3,4,-3.7
estimated,17724,2000008339,12,7.4,4,-4.6
estimated,17726,2000008341,12,7.7,4,-4.3
estimated,17728,2000008343,12,10.7,5,-1.3
estimated,17730,2000008346,12,9.8,6,-2.2
estimated,17736,2000008353,12,7.9,6,-4.1
estimated,17739,2000008356,12,10.3,6,-1.7
estimated,17741,2000008359,12,11.7,5,-0.3
estimated,17742,2000008360,7.5,11.3,4,3.8
estimated,17743,2000008361,12,12.6,4,0.6
estimated,17748,2000008368,12,9.4,7,-2.6
estimated,17762,2000008387,12,10.1,4,-1.9
estimated,17773,2000008398,12,5.9,4,-6.1
estimated,17779,2000008406,12,5.3,4,-6.7
estimated,17791,2000008419,12,7.8,4,-4.2
estimated,17803,2000008431,7.5,6.7,4,-0.8
estimated,17809,2000008437,7.5,9.6,4,2.1
estimated,17822,2000008451,12,8.3,4,-3.7
estimated,17825,2000008455,12,9.4,4,-2.6
estimated,17829,2000008459,12,6.4,4,-5.6
estimated,17836,2000008466,12,9.6,7,-2.4
estimated,17845,2000008475,12,20.7,7,8.7
estimated,17846,2000008476,12,6.6,6,-5.4
estimated,17848,2000008478,7.5,8.6,4,1.1
estimated,17851,2000008481,12,6.7,4,-5.3
estimated,17864,2000008494,12,9.0,5,-3.0
estimated,17865,2000008495,12,9.0,6,-3.0
estimated,17866,2000008496,12,8.2,5,-3.8
estimated,17868,2000008498,12,8.0,4,-4.0
estimated,17870,2000008500,12,7.0,5,-5.0
estimated,17884,2000008514,12,5.2,6,-6.8
estimated,17900,2000008531,12,5.8,5,-6.2
estimated,17917,2000008548,7.5,9.6,4,2.1
estimated,17920,2000008551,7.5,7.9,5,0.4
estimated,17932,2000008563,7.5,5.9,4,-1.6
estimated,17942,2000008573,12,7.6,7,-4.4
estimated,17951,2000008582,17,7.0,18,-10.0
estimated,17952,2000008583,12,6.2,6,-5.8
estimated,17989,2000008620,12,6.7,4,-5.3
estimated,18014,2000008646,12,5.5,4,-6.5
estimated,18039,2000008673,12,8.5,5,-3.5
estimated,18046,2000008681,7.5,8.7,4,1.2
estimated,18050,2000008685,12,8.1,4,-3.9
estimated,18057,2000008693,7.5,6.7,4,-0.8
estimated,18091,2000008731,12,5.5,4,-6.5
estimated,18109,2000008752,12,4.5,7,-7.5
estimated,18110,2000008753,12,6.3,4,-5.7
estimated,18112,2000008755,17,7.4,23,-9.6
estimated,18114,2000008758,17,5.2,17,-11.8
estimated,18116,2000008760,12,5.6,5,-6.4
estimated,18117,2000008761,12,7.0,4,-5.0
estimated,18118,2000008762,17,6.4,19,-10.6
estimated,18121,2000008765,17,5.0,10,-12.0
estimated,18123,2000008767,12,4.3,5,-7.7
estimated,18139,2000008783,12,5.4,6,-6.6
estimated,18144,2000008788,17,5.0,8,-12.0
estimated,18145,2000008789,12,7.2,8,-4.8
estimated,18147,2000008791,17,6.7,11,-10.3
estimated,18154,2000008799,12,6.0,6,-6.0
estimated,18158,2000008804,17,9.2,20,-7.8
estimated,18159,2000008805,17,7.8,17,-9.2
estimated,18169,2000008815,12,7.9,4,-4.1
estimated,18171,2000008817,12,9.2,4,-2.8
estimated,18172,2000008818,17,8.0,10,-9.0
estimated,18177,2000008823,17,5.8,16,-11.2
estimated,18180,2000008826,12,8.2,6,-3.8
estimated,18189,2000008839,12,5.9,5,-6.1
estimated,18190,2000008840,12,6.4,4,-5.6
estimated,18194,2000008845,12,6.7,5,-5.3
estimated,18198,2000008850,7.5,5.5,4,-2.0
estimated,18204,2000008856,12,6.0,6,-6.0
estimated,18205,2000008857,12,7.4,6,-4.6
estimated,18222,2000008874,12,7.2,5,-4.8
estimated,18224,2000008876,17,8.7,13,-8.3
estimated,18230,2000008882,12,14.0,7,2.0
estimated,18232,2000008884,12,7.4,5,-4.6
estimated,18234,2000008886,12,5.9,5,-6.1
estimated,18241,2000008893,12,9.1,5,-2.9
estimated,18249,2000008901,12,58.5,5,46.5
estimated,18250,2000008902,17,10.2,28,-6.8
estimated,18251,2000008903,12,72.7,7,60.7
estimated,18252,2000008904,17,4.6,12,-12.4
estimated,18253,2000008905,7.5,5.4,5,-2.1
estimated,18254,2000008906,12,24.9,4,12.9
estimated,18266,2000008920,12,11.8,10,-0.2
estimated,18273,2000008927,12,5.7,4,-6.3
estimated,18274,2000008928,12,5.7,4,-6.3
estimated,18280,2000008934,17,6.7,9,-10.3
estimated,18282,2000008937,12,5.7,4,-6.3
estimated,18283,2000008938,12,6.4,4,-5.6
estimated,18286,2000008942,17,6.7,15,-10.3
estimated,18287,2000008943,12,7.0,5,-5.0
estimated,18292,2000008948,12,6.2,5,-5.8
estimated,18293,2000008949,17,5.0,18,-12.0
estimated,18296,2000008952,12,5.5,7,-6.5
estimated,18297,2000008953,12,6.2,4,-5.8
estimated,18305,2000008962,17,5.6,10,-11.4
estimated,18316,2000008979,12,8.6,7,-3.4
estimated,18321,2000008985,12,6.6,5,-5.4
estimated,18331,2000008996,12,24.8,7,12.8
estimated,18332,2000008997,12,10.2,4,-1.8
estimated,18334,2000008999,12,6.1,5,-5.9
estimated,18343,2000009009,7.5,12.5,4,5.0
estimated,18350,2000009017,7.5,14.8,4,7.3
estimated,18354,2000009021,12,8.3,6,-3.7
estimated,18357,2000009024,12,11.6,5,-0.4
estimated,18358,2000009025,12,10.5,5,-1.5
estimated,18359,2000009026,12,7.6,4,-4.4
estimated,18361,2000009028,12,7.4,5,-4.6
estimated,18365,2000009033,12,8.5,8,-3.5
estimated,18370,2000009038,12,11.8,5,-0.2
estimated,18372,2000009040,12,20.8,10,8.8
estimated,18385,2000009053,12,16.1,11,4.1
estimated,18389,2000009058,12,5.2,5,-6.8
estimated,18390,2000009059,12,4.8,8,-7.2
estimated,18400,2000009070,17,6.3,9,-10.7
estimated,18405,2000009077,12,9.0,6,-3.0
estimated,18407,2000009082,7.5,9.2,4,1.7
estimated,18420,2000009098,12,6.8,4,-5.2
estimated,18423,2000009101,12,7.2,5,-4.8
estimated,18427,2000009106,7.5,4.8,4,-2.7
estimated,18439,2000009123,12,5.8,4,-6.2
estimated,18445,2000009129,12,4.3,4,-7.7
estimated,18456,2000009142,12,6.8,4,-5.2
estimated,18460,2000009149,12,10.8,4,-1.2
estimated,18461,2000009150,12,8.2,4,-3.8
estimated,18465,2000009154,12,6.7,7,-5.3
estimated,18466,2000009155,7.5,5.3,4,-2.2
estimated,18501,2000009199,12,4.4,4,-7.6
estimated,18508,2000009210,12,5.8,4,-6.2
estimated,18516,2000009218,12,5.0,4,-7.0
estimated,18531,2000009234,12,10.4,9,-1.6
estimated,18546,2000009251,7.5,8.1,4,0.6
estimated,18547,2000009252,12,10.6,5,-1.4
estimated,18553,2000009258,12,7.2,4,-4.8
estimated,18578,2000009285,12,8.4,6,-3.6
estimated,18587,2000009295,12,6.0,4,-6.0
estimated,18596,2000009305,12,10.1,4,-1.9
estimated,18597,2000009306,12,13.3,5,1.3
estimated,18598,2000009307,12,14.8,4,2.8
estimated,18601,2000009310,7.5,20.9,4,13.4
estimated,18602,2000009312,12,6.6,4,-5.4
estimated,18620,2000009331,12,6.9,6,-5.1
estimated,18631,2000009342,7.5,7.6,4,0.1
estimated,18640,2000009351,12,10.8,9,-1.2
estimated,18644,2000009355,12,9.3,5,-2.7
estimated,18651,2000009365,7.5,8.2,4,0.7
estimated,18677,2000009392,12,7.7,5,-4.3
estimated,18686,2000009403,12,6.7,4,-5.3
estimated,18697,2000009414,12,7.3,5,-4.7
estimated,18698,2000009415,12,6.2,6,-5.8
estimated,18709,2000009426,17,6.5,12,-10.5
estimated,18711,2000009428,17,8.8,13,-8.2
estimated,18719,2000009436,12,12.3,4,0.3
estimated,18727,2000009445,12,5.2,4,-6.8
estimated,18738,2000009456,12,7.7,5,-4.3
estimated,18762,2000009481,17,4.8,11,-12.2
estimated,18783,2000009506,7.5,6.5,4,-1.0
estimated,18786,2000009509,12,6.7,6,-5.3
estimated,18788,2000009512,12,5.5,4,-6.5
estimated,18794,2000009518,17,9.8,18,-7.2
estimated,18808,2000009536,12,6.5,6,-5.5
estimated,18811,2000009539,7.5,9.1,4,1.6
estimated,18812,2000009540,12,6.0,6,-6.0
estimated,18816,2000009546,12,7.8,4,-4.2
estimated,18820,2000009550,17,7.0,10,-10.0
estimated,18829,2000009559,12,8.0,4,-4.0
estimated,18841,2000009571,17,7.4,31,-9.6
estimated,18847,2000009577,12,7.3,4,-4.7
estimated,18852,2000009582,12,9.5,5,-2.5
estimated,18869,2000009600,12,7.5,8,-4.5
estimated,18875,2000009606,17,7.0,13,-10.0
estimated,18883,2000009615,12,8.8,5,-3.2
estimated,18884,2000009616,7.5,17.8,4,10.3
estimated,18888,2000009620,7.5,11.6,4,4.1
estimated,18896,2000009632,12,7.9,4,-4.1
estimated,18904,2000009640,17,5.9,22,-11.1
estimated,18907,2000009643,17,7.4,7,-9.6
estimated,18910,2000009646,12,10.3,11,-1.7
estimated,18912,2000009648,17,9.9,12,-7.1
estimated,18920,2000009656,12,7.1,6,-4.9
estimated,18922,2000009658,12,14.2,8,2.2
estimated,18929,2000009665,12,6.0,7,-6.0
estimated,18932,2000009668,12,7.2,5,-4.8
estimated,18933,2000009669,12,10.6,5,-1.4
estimated,18935,2000009671,17,7.1,22,-9.9
estimated,18946,2000009682,17,6.1,14,-10.9
estimated,18956,2000009692,12,14.1,4,2.1
estimated,18960,2000009696,7.5,6.3,4,-1.2
estimated,18970,2000009706,12,6.2,4,-5.8
estimated,18971,2000009707,12,12.7,7,0.7
estimated,18972,2000009708,12,5.3,7,-6.7
estimated,18978,2000009714,12,4.7,4,-7.3
estimated,18980,2000009716,12,4.3,4,-7.7
estimated,18986,2000009722,12,4.6,5,-7.4
estimated,18987,2000009723,7.5,7.0,4,-0.5
estimated,18989,2000009725,12,5.7,6,-6.3
estimated,18992,2000009728,7.5,6.8,4,-0.7
estimated,19003,2000009739,17,9.9,7,-7.1
estimated,19004,2000009740,12,7.2,7,-4.8
estimated,19005,2000009741,17,7.6,16,-9.4
estimated,19006,2000009742,12,8.5,4,-3.5
estimated,19007,2000009743,7.5,5.1,4,-2.4
estimated,19008,2000009744,12,6.1,5,-5.9
estimated,19014,2000009752,7.5,11.1,4,3.6
estimated,19015,2000009753,12,7.4,5,-4.6
estimated,19018,2000009759,12,16.5,5,4.5
estimated,19023,2000009764,12,9.1,4,-2.9
estimated,19024,2000009765,12,12.3,10,0.3
estimated,19031,2000009772,12,11.8,4,-0.2
estimated,19034,2000009780,12,5.3,5,-6.7
estimated,19038,2000009784,12,5.1,6,-6.9
estimated,19042,2000009788,12,6.2,5,-5.8
estimated,19045,2000009791,12,8.5,4,-3.5
estimated,19048,2000009794,12,4.7,6,-7.3
estimated,19083,2000009831,7.5,9.1,4,1.6
estimated,19084,2000009832,12,6.2,5,-5.8
estimated,19085,2000009833,7.5,7.8,4,0.3
estimated,19095,2000009843,12,10.2,8,-1.8
estimated,19101,2000009849,7.5,11.6,4,4.1
estimated,19108,2000009856,7.5,6.0,4,-1.5
estimated,19130,2000009878,12,15.9,4,3.9
estimated,19135,2000009883,7.5,7.3,4,-0.2
estimated,19138,2000009886,7.5,9.2,4,1.7
estimated,19140,2000009888,12,10.4,7,-1.6
estimated,19142,2000009890,12,14.1,4,2.1
estimated,19148,2000009896,12,13.0,8,1.0
estimated,19149,2000009897,12,14.8,10,2.8
estimated,19150,2000009898,12,16.5,9,4.5
estimated,19152,2000009900,7.5,13.6,4,6.1
estimated,19159,2000009907,7.5,7.1,6,-0.4
estimated,19164,2000009912,17,7.1,12,-9.9
estimated,19165,2000009913,12,7.7,6,-4.3
estimated,19171,2000009920,7.5,13.8,4,6.3
estimated,19173,2000009922,12,14.5,5,2.5
estimated,19174,2000009923,7.5,28.0,4,20.5
estimated,19177,2000009928,12,21.8,6,9.8
estimated,19181,2000009932,17,11.5,13,-5.5
estimated,19182,2000009933,12,14.7,10,2.7
estimated,19185,2000009936,12,12.1,8,0.1
estimated,19191,2000009942,7.5,13.3,4,5.8
estimated,19192,2000009943,7.5,9.8,4,2.3
estimated,19194,2000009945,12,16.4,4,4.4
estimated,19196,2000009947,12,8.6,6,-3.4
estimated,19205,2000009957,12,6.0,4,-6.0
estimated,19208,2000009960,12,9.3,4,-2.7
estimated,19213,2000009965,12,9.7,6,-2.3
estimated,19218,2000009970,17,11.5,20,-5.5
estimated,19221,2000009973,17,8.3,23,-8.7
estimated,19223,2000009975,12,11.2,6,-0.8
estimated,19228,2000009983,12,19.1,8,7.1
estimated,19232,2000009987,12,12.2,9,0.2
estimated,19234,2000009989,12,13.9,4,1.9
estimated,19238,2000009993,12,13.0,4,1.0
estimated,19239,2000009994,12,14.1,4,2.1
estimated,19241,2000009996,12,11.3,6,-0.7
estimated,19242,2000009997,12,11.2,6,-0.8
estimated,19243,2000009998,12,14.6,5,2.6
estimated,19245,2000010000,12,13.2,4,1.2
estimated,19246,2000010001,12,14.9,4,2.9
estimated,19247,2000010002,12,9.3,8,-2.7
estimated,19248,2000010003,17,9.2,12,-7.8
estimated,19250,2000010005,12,9.7,6,-2.3
estimated,19252,2000010015,12,10.0,4,-2.0
estimated,19257,2000010021,12,6.3,4,-5.7
estimated,19258,2000010022,12,9.7,9,-2.3
estimated,19260,2000010024,12,9.8,6,-2.2
estimated,19269,2000010033,12,9.6,4,-2.4
estimated,19270,2000010034,12,8.6,6,-3.4
estimated,19273,2000010037,12,9.2,7,-2.8
estimated,19274,2000010038,12,7.8,4,-4.2
estimated,19277,2000010041,7.5,10.6,4,3.1
estimated,19278,2000010044,17,8.9,25,-8.1
estimated,19281,2000010049,7.5,7.1,4,-0.4
estimated,19282,2000010051,12,11.1,5,-0.9
estimated,19283,2000010053,12,8.4,5,-3.6
estimated,19284,2000010054,12,11.7,4,-0.3
estimated,19291,2000010061,12,13.8,4,1.8
estimated,19294,2000010064,12,13.3,8,1.3
estimated,19298,2000010068,7.5,15.4,4,7.9
estimated,19305,2000010075,12,9.0,4,-3.0
estimated,19309,2000010079,12,10.3,4,-1.7
estimated,19316,2000010086,12,13.4,4,1.4
estimated,19329,2000010099,7.5,14.2,4,6.7
estimated,19343,2000010113,7.5,9.2,4,1.7
estimated,19357,2000010129,12,11.9,5,-0.1
estimated,19362,2000010134,7.5,5.9,4,-1.6
estimated,19363,2000010135,12,6.2,5,-5.8
estimated,19374,2000010146,17,7.3,16,-9.7
estimated,19377,2000010149,17,9.3,34,-7.7
estimated,19379,2000010151,12,7.2,6,-4.8
estimated,19387,2000010159,12,5.8,5,-6.2
estimated,19391,2000010163,12,5.1,5,-6.9
estimated,19393,2000010165,7.5,4.3,4,-3.2
estimated,19394,2000010166,12,4.3,6,-7.7
estimated,19398,2000010172,12,7.0,6,-5.0
estimated,19403,2000010177,12,8.4,4,-3.6
estimated,19406,2000010180,12,5.5,10,-6.5
estimated,19407,2000010181,12,6.6,4,-5.4
estimated,19412,2000010186,12,7.3,6,-4.7
estimated,19417,2000010191,17,20.5,12,3.5
estimated,19419,2000010193,12,16.7,4,4.7
estimated,19422,2000010196,17,18.2,8,1.2
estimated,19426,2000010200,12,11.0,4,-1.0
estimated,19436,2000010210,12,5.1,8,-6.9
estimated,19439,2000010213,12,7.1,4,-4.9
estimated,19444,2000010219,17,11.2,13,-5.8
estimated,19446,2000010221,17,11.2,14,-5.8
estimated,19447,2000010222,17,6.0,19,-11.0
estimated,19451,2000010227,12,27.9,6,15.9
estimated,19454,2000010231,12,8.5,6,-3.5
estimated,19455,2000010232,12,11.8,6,-0.2
estimated,19459,2000010236,12,14.8,5,2.8
estimated,19461,2000010238,12,7.7,4,-4.3
estimated,19463,2000010241,17,12.3,19,-4.7
estimated,19465,2000010243,12,6.0,10,-6.0
estimated,19468,2000010250,12,12.7,5,0.7
estimated,19471,2000010253,12,14.2,4,2.2
estimated,19472,2000010254,12,18.1,6,6.1
estimated,19473,2000010255,12,14.6,7,2.6
estimated,19474,2000010256,12,12.5,4,0.5
estimated,19478,2000010261,12,9.5,4,-2.5
estimated,19481,2000010264,12,15.7,5,3.7
estimated,19482,2000010265,24,8.1,41,-15.9
estimated,19484,2000010267,12,21.7,11,9.7
estimated,19500,2000010283,17,14.1,19,-2.9
estimated,19502,2000010285,17,3.8,18,-13.2
estimated,19506,2000010289,12,10.9,7,-1.1
estimated,19512,2000010295,17,4.9,23,-12.1
estimated,19513,2000010296,12,8.0,8,-4.0
estimated,19514,2000010297,12,13.7,11,1.7
estimated,19516,2000010299,7.5,10.1,4,2.6
estimated,19518,2000010301,7.5,7.1,4,-0.4
estimated,19534,2000010318,12,9.3,10,-2.7
estimated,19535,2000010319,7.5,7.5,5,-0.0
estimated,19540,2000010324,12,6.4,9,-5.6
estimated,19541,2000010325,12,6.8,5,-5.2
estimated,19558,2000010342,7.5,6.2,4,-1.3
estimated,19563,2000010347,12,8.4,4,-3.6
estimated,19567,2000010351,7.5,5.2,5,-2.3
estimated,19569,2000010353,7.5,7.1,4,-0.4
estimated,19573,2000010357,12,8.3,4,-3.7
estimated,19574,2000010358,12,7.1,4,-4.9
estimated,19579,2000010363,12,13.3,4,1.3
estimated,19580,2000010364,17,5.9,8,-11.1
estimated,19581,2000010365,7.5,6.6,4,-0.9
estimated,19583,2000010367,12,10.2,6,-1.8
estimated,19586,2000010370,12,12.3,4,0.3
estimated,19587,2000010371,12,18.3,8,6.3
estimated,19596,2000010382,7.5,8.1,4,0.6
estimated,19620,2000010408,12,6.7,10,-5.3
estimated,19635,2000010423,7.5,6.1,4,-1.4
estimated,19639,2000010427,7.5,8.3,4,0.8
estimated,19642,2000010430,7.5,9.2,4,1.7
estimated,19645,2000010433,12,8.3,11,-3.7
estimated,19655,2000010443,12,6.4,4,-5.6
estimated,19663,2000010451,12,10.4,4,-1.6
estimated,19665,2000010453,12,11.1,6,-0.9
estimated,19676,2000010464,17,6.4,23,-10.6
estimated,19678,2000010466,17,7.1,12,-9.9
estimated,19682,2000010470,12,5.5,4,-6.5
estimated,19691,2000010481,12,7.5,7,-4.5
estimated,19692,2000010482,12,10.2,4,-1.8
estimated,19693,2000010483,24,9.6,49,-14.4
estimated,19715,2000010505,12,8.2,4,-3.8
estimated,19720,2000010510,12,12.4,5,0.4
estimated,19723,2000010513,12,7.3,4,-4.7
estimated,19726,2000010517,12,9.0,6,-3.0
estimated,19730,2000010521,17,8.6,13,-8.4
estimated,19734,2000010525,12,13.4,10,1.4
estimated,19735,2000010526,12,10.5,8,-1.5
estimated,19737,2000010531,12,13.6,4,1.6
estimated,19738,2000010532,12,13.8,6,1.8
estimated,19742,2000010536,12,7.9,8,-4.1
estimated,19744,2000010538,17,14.7,16,-2.3
estimated,19745,2000010539,12,9.6,4,-2.4
estimated,19749,2000010544,17,18.1,14,1.1
estimated,19752,2000010547,17,17.7,15,0.7
estimated,19753,2000010548,12,17.3,8,5.3
estimated,19757,2000010552,12,14.4,9,2.4
estimated,19760,2000010556,12,9.4,6,-2.6
estimated,19762,2000010558,12,8.6,8,-3.4
estimated,19764,2000010560,12,9.4,4,-2.6
estimated,19767,2000010563,12,11.1,6,-0.9
estimated,19781,2000010577,17,8.8,13,-8.2
estimated,19784,2000010580,12,12.8,7,0.8
estimated,19785,2000010581,12,12.0,4,-0.0
estimated,19786,2000010582,12,9.0,4,-3.0
estimated,19788,2000010584,12,9.6,8,-2.4
estimated,19799,2000010595,12,10.7,13,-1.3
estimated,19800,2000010596,12,8.2,6,-3.8
estimated,19807,2000010603,12,23.4,4,11.4
estimated,19813,2000010609,12,9.0,6,-3.0
estimated,19814,2000010610,7.5,13.4,4,5.9
estimated,19815,2000010611,12,8.5,6,-3.5
estimated,19822,2000010618,12,12.1,6,0.1
estimated,19824,2000010620,12,9.9,4,-2.1
estimated,19831,2000010627,12,9.3,4,-2.7
estimated,19833,2000010629,12,5.5,4,-6.5
estimated,19835,2000010634,7.5,10.4,4,2.9
estimated,19842,2000010641,7.5,7.5,4,-0.0
estimated,19846,2000010645,12,5.8,6,-6.2
estimated,19849,2000010648,12,14.1,5,2.1
estimated,19850,2000010649,17,14.3,30,-2.7
estimated,19857,2000010656,12,11.5,6,-0.5
estimated,19859,2000010658,17,8.4,8,-8.6
estimated,19868,2000010667,12,14.9,5,2.9
estimated,19869,2000010668,12,17.7,4,5.7
estimated,19871,2000010670,12,16.0,7,4.0
estimated,19873,2000010672,12,16.1,5,4.1
estimated,19896,2000010695,12,6.7,4,-5.3
estimated,19897,2000010696,12,6.9,4,-5.1
estimated,19901,2000010700,12,21.0,6,9.0
estimated,19903,2000010702,7.5,28.4,4,20.9
estimated,19904,2000010703,12,21.2,8,9.2
estimated,19907,2000010706,12,9.4,4,-2.6
estimated,19914,2000010713,12,11.2,6,-0.8
estimated,19915,2000010714,17,6.1,10,-10.9
estimated,19916,2000010715,12,8.2,6,-3.8
estimated,19917,2000010716,12,10.9,4,-1.1
estimated,19921,2000010721,12,8.3,4,-3.7
estimated,19923,2000010723,7.5,11.0,4,3.5
estimated,19924,2000010724,12,11.5,6,-0.5
estimated,19925,2000010725,12,10.7,5,-1.3
estimated,19927,2000010727,17,14.5,11,-2.5
estimated,19930,2000010730,17,6.9,30,-10.1
estimated,19931,2000010731,7.5,14.6,4,7.1
estimated,19932,2000010732,12,11.8,8,-0.2
estimated,19933,2000010733,17,9.4,18,-7.6
estimated,19945,2000010745,7.5,11.0,4,3.5
estimated,19949,2000010749,12,6.4,6,-5.6
estimated,19950,2000010750,17,11.0,13,-6.0
estimated,19954,2000010754,12,9.2,10,-2.8
estimated,19958,2000010758,17,13.9,27,-3.1
estimated,19959,2000010759,12,14.9,9,2.9
estimated,19960,2000010760,17,15.6,21,-1.4
estimated,19966,2000010767,12,22.7,4,10.7
estimated,19967,2000010768,12,6.9,4,-5.1
estimated,19968,2000010769,12,7.7,6,-4.3
estimated,19973,2000010774,17,5.3,10,-11.7
estimated,19975,2000010777,12,5.2,5,-6.8
estimated,19976,2000010778,24,6.2,25,-17.8
estimated,19978,2000010780,12,8.3,5,-3.7
estimated,19980,2000010782,12,7.2,4,-4.8
estimated,19984,2000010786,12,11.7,4,-0.3
estimated,19985,2000010787,12,10.6,10,-1.4
estimated,19987,2000010789,17,12.6,23,-4.4
estimated,19989,2000010791,17,7.5,15,-9.5
estimated,19991,2000010794,12,6.3,6,-5.7
estimated,19992,2000010795,17,6.2,10,-10.8
estimated,19998,2000010801,12,17.8,6,5.8
estimated,20001,2000010805,12,10.7,5,-1.3
estimated,20003,2000010807,17,16.2,11,-0.8
estimated,20011,2000010817,7.5,15.1,4,7.6
estimated,20014,2000010820,12,8.1,6,-3.9
estimated,20029,2000010835,7.5,12.1,4,4.6
estimated,20037,2000010844,24,4.6,51,-19.4
estimated,20043,2000010850,12,13.5,4,1.5
estimated,20045,2000010852,12,17.6,6,5.6
estimated,20054,2000010861,12,3.9,6,-8.1
estimated,20055,2000010862,17,6.3,15,-10.7
estimated,20056,2000010863,12,4.8,4,-7.2
estimated,20066,2000010875,7.5,11.3,4,3.8
estimated,20085,2000010895,7.5,7.8,4,0.3
estimated,20088,2000010898,12,5.8,5,-6.2
estimated,20093,2000010903,17,10.7,10,-6.3
estimated,20094,2000010904,12,4.6,9,-7.4
estimated,20096,2000010906,17,8.6,14,-8.4
estimated,20121,2000010935,12,5.5,4,-6.5
estimated,20124,2000010938,12,7.0,4,-5.0
estimated,20134,2000010948,12,7.3,4,-4.7
estimated,20145,2000010959,12,6.1,8,-5.9
estimated,20153,2000010967,12,8.8,5,-3.2
estimated,20154,2000010968,7.5,8.1,4,0.6
estimated,20163,2000010977,12,12.9,6,0.9
estimated,20171,2000010985,17,7.4,22,-9.6
estimated,20181,2000010995,12,8.9,6,-3.1
estimated,20187,2000011001,12,8.5,4,-3.5
estimated,20195,2000011009,12,7.2,8,-4.8
estimated,20196,2000011010,17,5.3,12,-11.7
estimated,20203,2000011017,7.5,12.8,4,5.3
estimated,20204,2000011018,7.5,14.9,6,7.4
estimated,20207,2000011021,12,12.7,4,0.7
estimated,20214,2000011028,12,12.6,4,0.6
estimated,20217,2000011031,12,10.2,6,-1.8
estimated,20226,2000011040,12,7.9,6,-4.1
estimated,20229,2000011043,12,12.1,4,0.1
estimated,20230,2000011044,12,10.5,4,-1.5
estimated,20237,2000011051,12,9.3,4,-2.7
estimated,20239,2000011053,12,8.2,4,-3.8
estimated,20244,2000011059,7.5,9.3,4,1.8
estimated,20258,2000011073,12,6.0,5,-6.0
estimated,20265,2000011080,12,5.1,5,-6.9
estimated,20271,2000011086,12,6.3,4,-5.7
estimated,20273,2000011088,12,6.4,9,-5.6
estimated,20274,2000011089,12,6.9,4,-5.1
estimated,20284,2000011099,12,4.9,6,-7.1
estimated,20286,2000011101,12,4.5,4,-7.5
estimated,20296,2000011112,7.5,6.7,4,-0.8
estimated,20299,2000011116,12,6.6,5,-5.4
estimated,20322,2000011139,12,5.2,4,-6.8
estimated,20329,2000011146,12,8.1,4,-3.9
estimated,20330,2000011147,17,6.2,16,-10.8
estimated,20347,2000011164,12,4.5,5,-7.5
estimated,20348,2000011165,12,6.1,12,-5.9
estimated,20349,2000011166,17,9.3,7,-7.7
estimated,20350,2000011167,12,11.6,6,-0.4
estimated,20354,2000011171,17,11.0,12,-6.0
estimated,20355,2000011172,12,11.2,7,-0.8
estimated,20357,2000011174,12,7.5,6,-4.5
estimated,20358,2000011175,12,5.4,8,-6.6
estimated,20364,2000011181,12,5.9,8,-6.1
estimated,20369,2000011186,12,9.2,4,-2.8
estimated,20370,2000011187,17,10.1,14,-6.9
estimated,20381,2000011198,17,6.2,14,-10.8
estimated,20382,2000011199,12,7.0,6,-5.0
estimated,20391,2000011208,12,4.8,6,-7.2
estimated,20396,2000011213,12,6.0,6,-6.0
estimated,20408,2000011225,12,12.9,7,0.9
estimated,20409,2000011226,12,12.3,6,0.3
estimated,20419,2000011236,12,11.5,6,-0.5
estimated,20422,2000011239,17,10.4,14,-6.6
estimated,20427,2000011244,12,6.2,6,-5.8
estimated,20431,2000011248,12,3.2,11,-8.8
estimated,20433,2000011250,12,8.1,4,-3.9
estimated,20454,2000011274,12,7.4,6,-4.6
estimated,20460,2000011281,12,5.4,4,-6.6
estimated,20477,2000011299,12,6.5,4,-5.5
estimated,20478,2000011300,12,5.8,6,-6.2
estimated,20484,2000011306,12,4.2,4,-7.8
estimated,20488,2000011310,12,5.7,6,-6.3
estimated,20490,2000011312,12,6.5,4,-5.5
estimated,20496,2000011318,12,3.9,4,-8.1
estimated,20498,2000011320,17,7.9,13,-9.1
estimated,20504,2000011326,17,5.3,14,-11.7
estimated,20505,2000011327,12,5.3,4,-6.7
estimated,20517,2000011340,12,6.6,10,-5.4
estimated,20518,2000011341,17,6.6,19,-10.4
estimated,20522,2000011346,12,53.6,7,41.6
estimated,20526,2000011350,12,6.8,4,-5.2
estimated,20534,2000011359,12,13.6,4,1.6
estimated,20536,2000011361,12,7.5,4,-4.5
estimated,20537,2000011362,12,12.1,11,0.1
estimated,20539,2000011364,12,7.2,5,-4.8
estimated,20543,2000011369,17,42.8,7,25.8
estimated,20551,2000011379,12,5.9,6,-6.1
estimated,20552,2000011381,12,6.7,6,-5.3
estimated,20554,2000011383,17,7.6,23,-9.4
estimated,20555,2000011384,17,7.8,9,-9.2
estimated,20559,2000011388,17,5.7,33,-11.3
estimated,20560,2000011389,17,6.3,13,-10.7
estimated,20561,2000011390,24,7.1,55,-16.9
estimated,20568,2000011397,12,5.4,4,-6.6
estimated,20569,2000011398,12,6.8,4,-5.2
estimated,20570,2000011399,12,6.2,4,-5.8
estimated,20578,2000011407,17,6.9,19,-10.1
estimated,20579,2000011408,12,6.4,4,-5.6
estimated,20591,2000011421,12,9.9,6,-2.1
estimated,20592,2000011422,12,7.9,4,-4.1
estimated,20594,2000011424,12,7.0,7,-5.0
estimated,20596,2000011426,12,6.8,5,-5.2
estimated,20597,2000011427,12,6.9,8,-5.1
estimated,20606,2000011438,12,5.1,4,-6.9
estimated,20621,2000011455,7.5,8.6,4,1.1
estimated,20627,2000011461,12,9.1,4,-2.9
estimated,20637,2000011471,17,9.1,32,-7.9
estimated,20640,2000011475,12,10.5,6,-1.5
estimated,20649,2000011484,12,5.9,6,-6.1
estimated,20650,2000011485,17,7.9,12,-9.1
estimated,20653,2000011488,12,11.2,7,-0.8
estimated,20659,2000011495,17,6.0,30,-11.0
estimated,20676,2000011513,12,6.5,5,-5.5
estimated,20680,2000011517,7.5,8.6,4,1.1
estimated,20690,2000011527,12,8.1,4,-3.9
estimated,20691,2000011528,12,7.0,5,-5.0
estimated,20708,2000011545,12,10.0,5,-2.0
estimated,20710,2000011547,7.5,5.6,4,-1.9
estimated,20733,2000011570,12,12.0,4,-0.0
estimated,20738,2000011575,12,10.0,9,-2.0
estimated,20749,2000011586,12,14.8,5,2.8
estimated,20755,2000011592,12,8.9,6,-3.1
estimated,20756,2000011593,7.5,10.6,4,3.1
estimated,20759,2000011596,12,11.4,4,-0.6
estimated,20761,2000011598,12,6.8,7,-5.2
estimated,20774,2000011612,12,5.2,4,-6.8
estimated,20777,2000011619,12,8.6,4,-3.4
estimated,20779,2000011622,7.5,9.2,4,1.7
estimated,20782,2000011625,12,6.9,9,-5.1
estimated,20791,2000011634,12,4.8,6,-7.2
estimated,20793,2000011636,17,10.0,15,-7.0
estimated,20794,2000011637,7.5,10.9,4,3.4
estimated,20803,2000011646,17,11.8,12,-5.2
estimated,20808,2000011651,17,12.3,14,-4.7
estimated,20810,2000011653,17,7.3,23,-9.7
estimated,20819,2000011662,12,14.9,6,2.9
estimated,20820,2000011663,12,14.8,6,2.8
estimated,20829,2000011672,12,8.3,4,-3.7
estimated,20835,2000011678,12,6.9,4,-5.1
estimated,20838,2000011681,12,9.3,5,-2.7
estimated,20842,2000011685,7.5,6.8,4,-0.7
estimated,20857,2000011701,17,5.9,11,-11.1
estimated,20858,2000011702,12,5.1,6,-6.9
estimated,20862,2000011706,17,7.2,11,-9.8
estimated,20868,2000011712,7.5,7.1,4,-0.4
estimated,20880,2000011727,12,5.7,7,-6.3
estimated,20885,2000011732,12,6.0,5,-6.0
estimated,20886,2000011733,12,7.8,6,-4.2
estimated,20887,2000011734,17,5.8,17,-11.2
estimated,20895,2000011742,12,9.6,6,-2.4
estimated,20897,2000011744,12,13.3,4,1.3
estimated,20898,2000011745,17,16.3,12,-0.7
estimated,20914,2000011776,17,13.0,8,-4.0
estimated,20916,2000011779,17,13.9,12,-3.1
estimated,20918,2000011781,12,13.5,6,1.5
estimated,20920,2000011783,12,18.5,4,6.5
estimated,20925,2000011790,12,15.1,12,3.1
estimated,20933,2000011800,12,11.9,10,-0.1
estimated,20934,2000011801,17,12.8,14,-4.2
estimated,20935,2000011803,17,18.6,12,1.6
estimated,20936,2000011804,7.5,15.7,4,8.2
estimated,20938,2000011806,12,4.5,8,-7.5
estimated,20948,2000011817,12,6.5,4,-5.5
estimated,20964,2000011835,12,5.0,4,-7.0
estimated,20966,2000011837,12,7.1,6,-4.9
estimated,20974,2000011847,12,7.3,6,-4.7
estimated,20979,2000011853,12,7.5,6,-4.5
estimated,20981,2000011855,12,6.1,4,-5.9
estimated,20988,2000011862,12,5.7,4,-6.3
estimated,20999,2000011873,12,6.6,4,-5.4
estimated,21029,2000011903,12,6.8,4,-5.2
estimated,21064,2000011939,7.5,6.5,4,-1.0
estimated,21085,2000011962,12,10.4,4,-1.6
estimated,21094,2000011972,12,6.9,7,-5.1
estimated,21127,2000012006,12,6.5,6,-5.5
estimated,21131,2000012013,12,7.1,4,-4.9
estimated,21140,2000012022,7.5,5.6,4,-1.9
estimated,21156,2000012038,12,5.3,4,-6.7
estimated,21197,2000012079,12,4.5,5,-7.5
estimated,21225,2000012107,17,16.0,20,-1.0
estimated,21228,2000012110,7.5,5.8,6,-1.7
estimated,21255,2000012137,12,6.4,7,-5.6
estimated,21257,2000012139,7.5,6.5,4,-1.0
estimated,21263,2000012145,12,16.0,7,4.0
estimated,21264,2000012146,12,11.9,4,-0.1
estimated,21269,2000012151,7.5,9.4,4,1.9
estimated,21276,2000012159,7.5,6.3,4,-1.2
estimated,21282,2000012165,7.5,7.3,4,-0.2
estimated,21289,2000012172,7.5,11.8,4,4.3
estimated,21290,2000012173,12,8.4,5,-3.6
estimated,21300,2000012183,7.5,6.6,4,-0.9
estimated,21343,2000012229,7.5,6.1,4,-1.4
estimated,21350,2000012236,7.5,8.2,6,0.7
estimated,21359,2000012245,12,5.2,6,-6.8
estimated,21369,2000012256,12,5.2,4,-6.8
estimated,21370,2000012257,12,5.9,4,-6.1
estimated,21373,2000012262,12,5.2,5,-6.8
estimated,21376,2000012265,7.5,6.7,4,-0.8
estimated,21383,2000012272,12,4.6,5,-7.4
estimated,21385,2000012274,12,5.7,10,-6.3
estimated,21398,2000012287,12,5.8,4,-6.2
estimated,21412,2000012301,7.5,10.0,4,2.5
estimated,21415,2000012304,12,7.8,5,-4.2
estimated,21417,2000012306,12,8.4,5,-3.6
estimated,21419,2000012308,12,7.6,4,-4.4
estimated,21426,2000012315,12,9.1,6,-2.9
estimated,21434,2000012323,12,10.8,4,-1.2
estimated,21437,2000012326,12,10.2,5,-1.8
estimated,21438,2000012327,12,10.0,4,-2.0
estimated,21463,2000012354,17,13.7,23,-3.3
estimated,21469,2000012360,12,5.5,8,-6.5
estimated,21470,2000012361,12,7.1,6,-4.9
estimated,21471,2000012362,17,11.9,21,-5.1
estimated,21472,2000012363,17,10.9,17,-6.1
estimated,21473,2000012364,12,11.0,8,-1.0
estimated,21478,2000012369,12,6.9,8,-5.1
estimated,21482,2000012373,7.5,14.4,4,6.9
estimated,21489,2000012380,12,13.5,5,1.5
estimated,21500,2000012391,12,23.6,5,11.6
estimated,21505,2000012396,12,15.0,7,3.0
estimated,21513,2000012404,17,13.0,12,-4.0
estimated,21529,2000012421,17,6.5,26,-10.5
estimated,21530,2000012422,12,9.3,11,-2.7
estimated,21531,2000012423,12,11.2,4,-0.8
estimated,21532,2000012424,17,11.8,15,-5.2
estimated,21533,2000012426,12,9.8,4,-2.2
estimated,21534,2000012427,12,8.2,5,-3.8
estimated,21536,2000012429,17,19.4,10,2.4
estimated,21540,2000012433,12,17.4,4,5.4
estimated,21547,2000012441,7.5,7.4,4,-0.1
estimated,21551,2000012445,12,7.2,5,-4.8
estimated,21553,2000012447,12,9.0,6,-3.0
estimated,21562,2000012456,7.5,9.9,4,2.4
estimated,21566,2000012460,7.5,12.9,4,5.4
estimated,21567,2000012461,12,12.0,4,-0.0
estimated,21577,2000012471,12,10.7,9,-1.3
estimated,21585,2000012480,12,12.1,9,0.1
estimated,21588,2000012483,12,12.5,4,0.5
estimated,21590,2000012485,12,15.1,6,3.1
estimated,21591,2000012486,12,25.5,5,13.5
estimated,21600,2000012495,12,33.2,5,21.2
estimated,21601,2000012496,12,36.8,5,24.8
estimated,21606,2000012501,12,11.5,4,-0.5
estimated,21616,2000012511,12,9.4,4,-2.6
estimated,21625,2000012520,12,13.1,4,1.1
estimated,21626,2000012521,12,11.5,4,-0.5
estimated,21631,2000012526,12,20.2,8,8.2
estimated,21632,2000012527,7.5,14.7,4,7.2
estimated,21641,2000012536,12,9.7,4,-2.3
estimated,21646,2000012543,12,7.9,4,-4.1
estimated,21647,2000012544,17,16.7,14,-0.3
estimated,21648,2000012545,12,17.0,5,5.0
estimated,21650,2000012549,12,16.3,5,4.3
estimated,21651,2000012550,7.5,13.0,4,5.5
estimated,21655,2000012554,12,7.4,4,-4.6
estimated,21657,2000012557,12,15.7,6,3.7
estimated,21658,2000012558,17,14.9,14,-2.1
estimated,21663,2000012564,12,9.4,6,-2.6
estimated,21668,2000012569,12,8.3,4,-3.7
estimated,21674,2000012575,12,12.0,6,0.0
estimated,21675,2000012576,17,8.2,12,-8.8
estimated,21683,2000012584,12,13.6,6,1.6
estimated,21687,2000012588,12,12.2,4,0.2
estimated,21688,2000012589,12,12.7,4,0.7
estimated,21697,2000012599,12,12.6,4,0.6
estimated,21706,2000012610,17,7.5,9,-9.5
estimated,21707,2000012611,12,6.2,10,-5.8
estimated,21708,2000012612,12,7.2,6,-4.8
estimated,21713,2000012617,17,6.2,11,-10.8
estimated,21714,2000012618,17,8.1,28,-8.9
estimated,21719,2000012623,17,6.8,9,-10.2
estimated,21722,2000012626,12,9.8,6,-2.2
estimated,21724,2000012629,12,18.9,4,6.9
estimated,21726,2000012631,12,6.0,4,-6.0
estimated,21747,2000012652,12,46.4,5,34.4
estimated,21756,2000012661,17,6.8,11,-10.2
estimated,21763,2000012669,12,5.2,6,-6.8
estimated,21766,2000012672,17,10.7,31,-6.3
estimated,21767,2000012673,12,5.5,4,-6.5
estimated,21771,2000012677,12,8.3,4,-3.7
estimated,21778,2000012686,12,12.6,6,0.6
estimated,21781,2000012694,12,10.1,4,-1.9
estimated,21801,2000012717,12,6.1,4,-5.9
estimated,21804,2000012720,17,8.2,11,-8.8
estimated,21805,2000012723,12,7.0,7,-5.0
estimated,21809,2000012727,17,7.1,8,-9.9
estimated,21813,2000012731,7.5,9.9,4,2.4
estimated,21815,2000012733,12,12.7,4,0.7
estimated,21821,2000012739,7.5,10.1,5,2.6
estimated,21824,2000012742,12,7.5,4,-4.5
estimated,21826,2000012744,17,11.5,19,-5.5
estimated,21831,2000012749,12,10.3,6,-1.7
estimated,21836,2000012754,12,17.2,4,5.2
estimated,21839,2000012757,7.5,10.4,4,2.9
estimated,21841,2000012759,12,11.6,4,-0.4
estimated,21850,2000012768,12,10.1,4,-1.9
estimated,21854,2000012772,17,7.4,16,-9.6
estimated,21855,2000012773,12,6.7,5,-5.3
estimated,21864,2000012782,7.5,5.5,4,-2.0
estimated,21869,2000012787,12,11.7,6,-0.3
estimated,21876,2000012794,12,9.6,4,-2.4
estimated,21877,2000012795,12,11.5,4,-0.5
estimated,21880,2000012800,17,7.4,14,-9.6
estimated,21891,2000012811,17,6.1,11,-10.9
estimated,21897,2000012818,12,5.8,4,-6.2
estimated,21898,2000012819,12,9.1,5,-2.9
estimated,21903,2000012824,7.5,18.4,4,10.9
estimated,21937,2000012859,12,6.6,4,-5.4
estimated,21953,2000012877,7.5,8.5,4,1.0
estimated,21958,2000012883,7.5,9.0,4,1.5
estimated,21971,2000012896,17,6.3,20,-10.7
estimated,21978,2000012904,12,10.2,8,-1.8
estimated,21986,2000012914,12,13.6,12,1.6
estimated,21987,2000012915,12,14.4,7,2.4
estimated,21988,2000012916,12,12.7,8,0.7
estimated,21992,2000012923,12,18.4,5,6.4
estimated,21993,2000012924,7.5,9.5,4,2.0
estimated,22001,2000012932,12,11.1,4,-0.9
estimated,22010,2000012941,12,10.5,6,-1.5
estimated,22011,2000012942,17,10.9,15,-6.1
estimated,22012,2000012943,12,9.5,7,-2.5
estimated,22013,2000012944,12,8.8,4,-3.2
estimated,22016,2000012947,12,10.8,9,-1.2
estimated,22038,2000012970,12,11.3,4,-0.7
estimated,22041,2000012973,12,12.5,4,0.5
estimated,22048,2000012981,17,8.6,16,-8.4
estimated,22049,2000012982,12,11.0,8,-1.0
estimated,22050,2000012983,12,8.7,8,-3.3
estimated,22051,2000012985,12,18.1,6,6.1
estimated,22053,2000012987,12,12.8,4,0.8
estimated,22081,2000013016,12,10.3,4,-1.7
estimated,22083,2000013018,17,11.8,13,-5.2
estimated,22093,2000013029,17,10.0,17,-7.0
estimated,22109,2000013050,17,8.8,18,-8.2
estimated,22115,2000013057,17,8.3,20,-8.7
estimated,22119,2000013062,24,6.8,45,-17.2
estimated,22121,2000013065,17,7.3,8,-9.7
estimated,22122,2000013067,24,7.6,43,-16.4
estimated,22124,2000013071,12,10.8,4,-1.2
estimated,22125,2000013078,17,7.5,14,-9.5
estimated,22133,2000013086,12,9.7,5,-2.3
estimated,22137,2000013090,12,6.9,5,-5.1
estimated,22162,2000013115,12,7.2,10,-4.8
estimated,22163,2000013116,17,6.5,17,-10.5
estimated,22166,2000013119,12,8.2,4,-3.8
estimated,22171,2000013125,12,3.6,5,-8.4
estimated,22173,2000013129,17,9.1,10,-7.9
estimated,22174,2000013130,24,9.5,53,-14.5
estimated,22177,2000013135,17,7.4,19,-9.6
estimated,22178,2000013136,17,7.5,10,-9.5
estimated,22179,2000013137,12,7.6,10,-4.4
estimated,22180,2000013138,12,7.1,8,-4.9
estimated,22185,2000013143,12,6.5,8,-5.5
estimated,22188,2000013146,12,5.4,7,-6.6
estimated,22189,2000013149,12,6.4,5,-5.6
estimated,22194,2000013156,12,11.8,7,-0.2
estimated,22199,2000013161,12,7.7,4,-4.3
estimated,22205,2000013169,12,7.0,4,-5.0
estimated,22206,2000013170,7.5,5.7,4,-1.8
estimated,22210,2000013175,12,6.5,4,-5.5
estimated,22223,2000013189,17,10.1,11,-6.9
estimated,22225,2000013193,17,7.0,13,-10.0
estimated,22240,2000013211,12,22.0,6,10.0
estimated,22241,2000013212,17,21.3,17,4.3
estimated,22247,2000013218,12,12.1,8,0.1
estimated,22250,2000013221,12,16.9,10,4.9
estimated,22252,2000013223,7.5,10.0,4,2.5
estimated,22253,2000013224,17,9.3,16,-7.7
estimated,22254,2000013225,17,9.6,16,-7.4
estimated,22255,2000013226,12,12.2,6,0.2
estimated,22267,2000013238,17,5.0,11,-12.0
estimated,22274,2000013247,12,6.2,5,-5.8
estimated,22276,2000013250,12,8.1,9,-3.9
estimated,22282,2000013256,12,7.9,5,-4.1
estimated,22284,2000013258,12,4.9,5,-7.1
estimated,22308,2000013288,12,6.2,4,-5.8
estimated,22309,2000013290,12,6.3,4,-5.7
estimated,22312,2000013296,12,6.4,6,-5.6
estimated,22317,2000013302,12,9.0,5,-3.0
estimated,22319,2000013305,12,6.9,7,-5.1
estimated,22327,2000013317,12,8.2,6,-3.8
estimated,22328,2000013318,24,8.4,366,-15.6
estimated,22333,2000013323,12,9.2,5,-2.8
estimated,22334,2000013324,12,6.3,8,-5.7
estimated,22341,2000013344,12,7.3,6,-4.7
estimated,22343,2000013346,12,12.8,5,0.8
estimated,22344,2000013347,17,7.1,19,-9.9
estimated,22345,2000013348,12,5.2,5,-6.8
estimated,22347,2000013350,12,8.8,5,-3.2
estimated,22354,2000013358,17,5.6,16,-11.4
estimated,22358,2000013363,12,8.1,5,-3.9
estimated,22361,2000013371,12,9.7,4,-2.3
estimated,22362,2000013372,12,10.9,10,-1.1
estimated,22364,2000013375,17,6.4,12,-10.6
estimated,22365,2000013377,17,9.7,9,-7.3
estimated,22370,2000013384,12,5.9,4,-6.1
estimated,22381,2000013417,7.5,4.9,4,-2.6
estimated,22383,2000013419,12,7.9,6,-4.1
estimated,22385,2000013422,12,6.6,5,-5.4
estimated,22389,2000013426,17,6.3,17,-10.7
estimated,22392,2000013429,12,8.1,4,-3.9
estimated,22395,2000013433,12,5.3,5,-6.7
estimated,22396,2000013435,12,17.1,8,5.1
estimated,22397,2000013436,12,6.4,5,-5.6
estimated,22398,2000013438,12,6.7,4,-5.3
estimated,22399,2000013439,12,7.9,6,-4.1
estimated,22408,2000013449,17,12.8,25,-4.2
estimated,22415,2000013458,12,6.5,9,-5.5
estimated,22421,2000013477,7.5,6.1,4,-1.4
estimated,22426,2000013486,12,7.3,10,-4.7
estimated,22427,2000013488,17,6.6,8,-10.4
estimated,22430,2000013491,17,6.1,9,-10.9
estimated,22437,2000013503,17,7.8,15,-9.2
estimated,22438,2000013504,12,10.0,7,-2.0
estimated,22441,2000013508,12,7.2,8,-4.8
estimated,22444,2000013520,7.5,7.8,4,0.3
estimated,22447,2000013523,12,8.4,7,-3.6
estimated,22453,2000013529,12,9.6,5,-2.4
estimated,22468,2000013548,12,9.8,8,-2.2
estimated,22483,2000013595,12,7.5,9,-4.5
estimated,22486,2000013598,12,9.6,7,-2.4
estimated,22501,2000013631,12,4.0,5,-8.0
estimated,22513,2000013647,17,9.2,12,-7.8
estimated,22514,2000013648,12,13.5,7,1.5
estimated,22518,2000013670,12,11.6,4,-0.4
estimated,22526,2000013688,7.5,6.4,4,-1.1
estimated,22532,2000013697,12,7.4,5,-4.6
estimated,22533,2000013710,12,7.8,6,-4.2
estimated,22538,2000013716,12,8.6,7,-3.4
estimated,22541,2000013726,17,10.0,29,-7.0
estimated,22543,2000013730,12,12.4,6,0.4
estimated,22548,2000013740,12,9.2,6,-2.8
estimated,22549,2000013741,12,9.3,6,-2.7
estimated,22556,2000013750,12,9.6,9,-2.4
estimated,22557,2000013751,12,9.1,4,-2.9
estimated,22568,2000013763,12,9.8,7,-2.2
estimated,22570,2000013765,12,40.5,5,28.5
estimated,22571,2000013766,12,12.8,5,0.8
estimated,22572,2000013770,17,7.0,12,-10.0
estimated,22577,2000013775,24,7.7,36,-16.3
estimated,22578,2000013776,12,7.0,8,-5.0
estimated,22581,2000013779,17,4.9,11,-12.1
estimated,22584,2000013784,17,11.5,15,-5.5
estimated,22585,2000013785,17,10.1,16,-6.9
estimated,22589,2000013792,12,12.0,5,0.0
estimated,22590,2000013793,12,15.2,9,3.2
estimated,22593,2000013802,12,8.2,5,-3.8
estimated,22594,2000013803,17,12.7,11,-4.3
estimated,22597,2000013811,17,19.8,14,2.8
estimated,22603,2000013823,7.5,8.1,4,0.6
estimated,22604,2000013824,12,6.1,4,-5.9
estimated,22607,2000013833,17,13.8,16,-3.2
estimated,22612,2000013846,17,7.1,29,-9.9
estimated,22614,2000013848,12,9.8,11,-2.2
estimated,22623,2000013862,24,7.9,41,-16.1
estimated,22628,2000013869,17,4.9,9,-12.1
estimated,22629,2000013871,12,7.8,6,-4.2
estimated,22632,2000013881,17,5.4,11,-11.6
estimated,22642,2000013894,12,21.2,4,9.2
estimated,22644,2000013900,17,16.1,15,-0.9
estimated,22651,2000013917,12,35.4,5,23.4
estimated,22653,2000013920,12,29.0,4,17.0
estimated,22658,2000013946,12,5.8,9,-6.2
estimated,22661,2000013950,12,7.3,7,-4.7
estimated,22665,2000013956,12,7.8,7,-4.2
estimated,22668,2000013964,17,10.9,11,-6.1
estimated,22678,2000013980,17,9.4,9,-7.6
estimated,22680,2000013982,24,12.6,35,-11.4
estimated,22690,2000013998,17,23.1,13,6.1
estimated,22694,2000014002,17,9.1,13,-7.9
estimated,22695,2000014003,17,10.7,21,-6.3
estimated,22699,2000014009,12,11.2,13,-0.8
estimated,22701,2000014011,12,16.8,5,4.8
estimated,22706,2000014016,17,8.7,11,-8.3
estimated,22709,2000014020,17,6.2,12,-10.8
estimated,22710,2000014021,17,7.8,11,-9.2
estimated,22711,2000014022,12,8.8,4,-3.2
estimated,22713,2000014025,12,6.2,6,-5.8
estimated,22714,2000014026,12,6.2,5,-5.8
estimated,22715,2000014027,7.5,6.7,4,-0.8
estimated,22725,2000014049,12,9.4,5,-2.6
estimated,22729,2000014053,12,12.5,4,0.5
estimated,22730,2000014054,12,7.0,6,-5.0
estimated,22732,2000014057,12,10.3,7,-1.7
estimated,22734,2000014059,12,6.8,6,-5.2
estimated,22743,2000014068,7.5,14.5,4,7.0
estimated,22754,2000014083,12,7.5,4,-4.5
estimated,22762,2000014098,7.5,6.3,4,-1.2
estimated,22774,2000014124,7.5,26.2,4,18.7
estimated,22775,2000014125,12,25.2,9,13.2
estimated,22777,2000014128,12,10.6,4,-1.4
estimated,22782,2000014136,17,20.9,32,3.9
estimated,22783,2000014137,12,8.5,7,-3.5
estimated,22784,2000014138,17,10.0,12,-7.0
estimated,22788,2000014142,17,14.0,8,-3.0
estimated,22792,2000014146,17,18.0,9,1.0
estimated,22795,2000014149,17,8.5,10,-8.5
estimated,22799,2000014153,12,20.3,4,8.3
estimated,22800,2000014154,17,11.0,19,-6.0
estimated,22814,2000014168,12,10.1,5,-1.9
estimated,22820,2000014174,12,8.6,8,-3.4
estimated,22822,2000014176,12,8.0,4,-4.0
estimated,22843,2000014198,17,5.0,19,-12.0
estimated,22848,2000014205,17,5.7,14,-11.3
estimated,22854,2000014211,12,14.2,4,2.2
estimated,22857,2000014214,12,16.0,7,4.0
estimated,22858,2000014215,12,13.8,4,1.8
estimated,22860,2000014217,12,16.8,4,4.8
estimated,22861,2000014218,12,14.8,4,2.8
estimated,22883,2000014242,7.5,12.1,5,4.6
estimated,22887,2000014246,12,12.5,4,0.5
estimated,22888,2000014247,12,15.6,4,3.6
estimated,22901,2000014260,7.5,12.1,4,4.6
estimated,22903,2000014262,12,14.0,8,2.0
estimated,22905,2000014264,12,13.4,9,1.4
estimated,22911,2000014272,17,10.2,13,-6.8
estimated,22912,2000014273,17,11.1,11,-5.9
estimated,22913,2000014274,12,15.9,6,3.9
estimated,22915,2000014276,12,18.1,5,6.1
estimated,22916,2000014277,17,20.7,12,3.7
estimated,22917,2000014278,12,22.0,8,10.0
estimated,22918,2000014279,12,18.7,8,6.7
estimated,22920,2000014281,12,20.6,7,8.6
estimated,22943,2000014304,17,10.4,22,-6.6
estimated,22971,2000014334,7.5,10.5,4,3.0
estimated,22981,2000014344,12,7.9,4,-4.1
estimated,23000,2000014363,12,9.9,4,-2.1
estimated,23024,2000014387,12,8.7,5,-3.3
estimated,23041,2000014415,7.5,11.2,4,3.7
estimated,23044,2000014419,12,7.0,8,-5.0
estimated,23065,2000014441,12,7.0,6,-5.0
estimated,23073,2000014449,7.5,7.9,4,0.4
estimated,23084,2000014460,12,9.8,7,-2.2
estimated,23092,2000014468,12,8.5,4,-3.5
estimated,23113,2000014489,12,11.8,4,-0.2
estimated,23116,2000014492,12,8.3,4,-3.7
estimated,23123,2000014499,12,12.4,7,0.4
estimated,23132,2000014508,17,5.6,28,-11.4
estimated,23133,2000014510,17,7.6,24,-9.4
estimated,23136,2000014520,12,5.4,6,-6.6
estimated,23141,2000014525,12,11.6,5,-0.4
estimated,23143,2000014527,12,8.1,4,-3.9
estimated,23147,2000014531,12,10.1,9,-1.9
estimated,23150,2000014534,12,10.1,4,-1.9
estimated,23174,2000014558,12,9.2,4,-2.8
estimated,23176,2000014560,12,13.1,4,1.1
estimated,23186,2000014570,12,5.5,9,-6.5
estimated,23202,2000014592,12,5.9,4,-6.1
estimated,23223,2000014620,12,9.6,5,-2.4
estimated,23249,2000014649,12,8.2,4,-3.8
estimated,23277,2000014678,12,5.9,5,-6.1
estimated,23283,2000014684,12,6.7,4,-5.3
estimated,23285,2000014686,12,7.7,4,-4.3
estimated,23289,2000014690,12,11.4,5,-0.6
estimated,23290,2000014691,12,19.7,4,7.7
estimated,23292,2000014693,12,9.2,5,-2.8
estimated,23299,2000014701,12,9.7,4,-2.3
estimated,23316,2000014722,12,10.3,4,-1.7
estimated,23319,2000014725,12,11.1,8,-0.9
estimated,23320,2000014726,12,11.7,5,-0.3
estimated,23321,2000014727,12,15.7,7,3.7
estimated,23323,2000014729,12,19.5,4,7.5
estimated,23325,2000014731,12,10.1,7,-1.9
estimated,23326,2000014732,12,11.8,7,-0.2
estimated,23330,2000014736,12,13.1,5,1.1
estimated,23331,2000014737,12,14.2,8,2.2
estimated,23341,2000014747,17,11.9,18,-5.1
estimated,23343,2000014749,12,8.4,5,-3.6
estimated,23346,2000014752,12,8.6,5,-3.4
estimated,23357,2000014764,12,17.8,8,5.8
estimated,23359,2000014766,12,12.6,6,0.6
estimated,23361,2000014768,12,9.3,4,-2.7
estimated,23370,2000014777,7.5,17.5,4,10.0
estimated,23379,2000014786,12,10.7,7,-1.3
estimated,23381,2000014788,7.5,11.2,4,3.7
estimated,23384,2000014791,12,10.1,6,-1.9
estimated,23388,2000014796,12,8.0,9,-4.0
estimated,23392,2000014801,12,18.9,9,6.9
estimated,23394,2000014803,12,6.1,4,-5.9
estimated,23396,2000014805,17,4.6,8,-12.4
estimated,23399,2000014808,12,10.4,6,-1.6
estimated,23401,2000014811,17,14.8,12,-2.2
estimated,23418,2000014829,12,5.6,5,-6.4
estimated,23422,2000014833,24,6.8,73,-17.2
estimated,23425,2000014836,12,10.0,4,-2.0
estimated,23431,2000014842,12,8.4,8,-3.6
estimated,23441,2000014852,12,5.2,5,-6.8
estimated,23445,2000014856,7.5,5.8,4,-1.7
estimated,23446,2000014857,7.5,6.9,4,-0.6
estimated,23462,2000014874,12,5.7,10,-6.3
estimated,23466,2000014880,12,9.2,9,-2.8
estimated,23468,2000014882,12,7.2,6,-4.8
estimated,23469,2000014883,12,6.0,4,-6.0
estimated,23471,2000014885,24,6.5,59,-17.5
estimated,23473,2000014887,12,20.3,5,8.3
estimated,23480,2000014911,12,7.9,6,-4.1
estimated,23484,2000014917,12,5.9,4,-6.1
estimated,23491,2000014924,7.5,6.2,4,-1.3
estimated,23502,2000014935,12,8.1,5,-3.9
estimated,23509,2000014942,12,9.2,4,-2.8
estimated,23530,2000014964,12,6.8,4,-5.2
estimated,23545,2000014983,12,8.9,4,-3.1
estimated,23555,2000014993,12,6.9,6,-5.1
estimated,23567,2000015007,12,11.6,4,-0.4
estimated,23568,2000015008,12,11.0,4,-1.0
estimated,23570,2000015010,12,12.9,6,0.9
estimated,23589,2000015030,12,13.3,6,1.3
estimated,23595,2000015045,17,14.1,11,-2.9
estimated,23600,2000015051,12,9.3,4,-2.7
estimated,23657,2000015109,12,6.0,4,-6.0
estimated,23690,2000015161,12,11.1,9,-0.9
estimated,23713,2000015195,7.5,7.3,4,-0.2
estimated,23717,2000015199,12,7.1,4,-4.9
estimated,23722,2000015205,12,6.6,7,-5.4
estimated,23725,2000015209,12,12.9,4,0.9
estimated,23736,2000015220,7.5,8.1,4,0.6
estimated,23743,2000015227,12,12.5,5,0.5
estimated,23752,2000015237,12,12.1,11,0.1
estimated,23757,2000015242,12,11.0,7,-1.0
estimated,23767,2000015252,12,9.5,4,-2.5
estimated,23773,2000015259,12,8.5,4,-3.5
estimated,23798,2000015284,12,10.2,6,-1.8
estimated,23799,2000015285,7.5,8.2,4,0.7
estimated,23806,2000015292,12,15.0,4,3.0
estimated,23812,2000015298,12,18.9,8,6.9
estimated,23814,2000015300,12,8.2,7,-3.8
estimated,23817,2000015303,12,10.2,10,-1.8
estimated,23818,2000015304,12,9.0,5,-3.0
estimated,23826,2000015312,17,8.1,11,-8.9
estimated,23838,2000015324,12,10.9,5,-1.1
estimated,23841,2000015327,12,9.4,6,-2.6
estimated,23848,2000015334,12,6.8,7,-5.2
estimated,23864,2000015356,12,10.6,4,-1.4
estimated,23869,2000015364,17,11.6,16,-5.4
estimated,23871,2000015366,12,8.1,11,-3.9
estimated,23872,2000015367,12,9.4,7,-2.6
estimated,23873,2000015368,12,8.1,7,-3.9
estimated,23874,2000015369,17,10.9,7,-6.1
estimated,23875,2000015370,17,24.3,17,7.3
estimated,23878,2000015374,17,8.0,22,-9.0
estimated,23882,2000015378,12,5.9,4,-6.1
estimated,23883,2000015379,17,5.7,28,-11.3
estimated,23885,2000015381,17,8.4,23,-8.6
estimated,23893,2000015389,12,5.9,4,-6.1
estimated,23903,2000015399,12,7.2,4,-4.8
estimated,23906,2000015402,12,11.0,9,-1.0
estimated,23907,2000015403,24,7.9,101,-16.1
estimated,23908,2000015404,17,23.8,13,6.8
estimated,23913,2000015409,12,39.4,4,27.4
estimated,23914,2000015410,17,50.9,12,33.9
estimated,23918,2000015414,24,12.3,81,-11.7
estimated,23919,2000015415,17,8.7,10,-8.3
estimated,23931,2000015432,7.5,9.8,4,2.3
estimated,23940,2000015442,17,19.6,10,2.6
estimated,23948,2000015450,7.5,9.3,4,1.8
estimated,23956,2000015458,12,10.7,4,-1.3
estimated,23958,2000015461,12,17.3,8,5.3
estimated,23959,2000015462,17,13.2,11,-3.8
estimated,23960,2000015463,12,23.9,4,11.9
estimated,23975,2000015479,7.5,13.8,4,6.3
estimated,23982,2000015488,12,26.5,5,14.5
estimated,23989,2000015495,17,10.4,8,-6.6
estimated,23990,2000015496,12,8.9,4,-3.1
estimated,23992,2000015498,17,9.2,9,-7.8
estimated,23993,2000015499,12,7.9,4,-4.1
estimated,24000,2000015526,12,10.7,4,-1.3
estimated,24002,2000015529,12,13.3,4,1.3
estimated,24007,2000015534,12,31.2,5,19.2
estimated,24014,2000015542,17,10.5,33,-6.5
estimated,24032,2000015568,12,7.6,6,-4.4
estimated,24034,2000015577,12,17.6,5,5.6
estimated,24035,2000015578,12,16.1,4,4.1
estimated,24037,2000015581,12,29.1,8,17.1
estimated,24038,2000015586,17,26.7,13,9.7
estimated,24040,2000015588,17,11.6,19,-5.4
estimated,24048,2000015603,12,6.5,4,-5.5
estimated,24050,2000015605,12,10.9,6,-1.1
estimated,24053,2000015608,12,7.7,5,-4.3
estimated,24074,2000015640,12,12.5,4,0.5
estimated,24088,2000015657,12,7.0,5,-5.0
estimated,24089,2000015658,12,8.7,6,-3.3
estimated,24090,2000015659,17,8.7,13,-8.3
estimated,24096,2000015665,12,14.0,7,2.0
estimated,24114,2000015688,12,23.0,5,11.0
estimated,24115,2000015689,17,21.5,11,4.5
estimated,24118,2000015692,12,25.6,9,13.6
estimated,24128,2000015717,17,14.0,20,-3.0
estimated,24134,2000015734,12,16.6,4,4.6
estimated,24138,2000015744,12,9.6,8,-2.4
estimated,24139,2000015745,12,9.0,4,-3.0
estimated,24140,2000015747,12,9.0,4,-3.0
estimated,24145,2000015753,17,14.2,17,-2.8
estimated,24149,2000015760,17,26.3,15,9.3
estimated,24156,2000015769,12,9.5,4,-2.5
estimated,24168,2000015788,12,11.8,5,-0.2
estimated,24173,2000015795,12,12.6,5,0.6
estimated,24174,2000015796,12,11.7,6,-0.3
estimated,24176,2000015798,12,11.5,5,-0.5
estimated,24178,2000015800,12,14.1,4,2.1
estimated,24185,2000015811,7.5,16.7,5,9.2
estimated,24197,2000015825,12,6.3,5,-5.7
estimated,24203,2000015837,17,16.7,16,-0.3
estimated,24215,2000015853,17,13.0,21,-4.0
estimated,24216,2000015854,12,8.5,12,-3.5
estimated,24221,2000015866,12,10.2,6,-1.8
estimated,24236,2000015886,12,13.3,8,1.3
estimated,24248,2000015907,12,8.7,4,-3.3
estimated,24259,2000015918,12,9.2,5,-2.8
estimated,24260,2000015919,12,9.0,4,-3.0
estimated,24267,2000015927,12,11.4,4,-0.6
estimated,24269,2000015929,12,13.6,5,1.6
estimated,24270,2000015930,12,12.4,5,0.4
estimated,24274,2000015934,12,7.6,5,-4.4
estimated,24277,2000015938,17,9.6,8,-7.4
estimated,24278,2000015939,17,9.8,12,-7.2
estimated,24287,2000015951,12,12.6,6,0.6
estimated,24288,2000015952,12,7.3,7,-4.7
estimated,24292,2000015957,12,9.5,4,-2.5
estimated,24295,2000015960,12,11.5,6,-0.5
estimated,24299,2000015964,12,15.6,5,3.6
estimated,24300,2000015965,12,6.0,6,-6.0
estimated,24306,2000015973,17,8.9,9,-8.1
estimated,24307,2000015974,12,4.9,4,-7.1
estimated,24308,2000015975,12,8.1,6,-3.9
estimated,24309,2000015976,12,6.0,5,-6.0
estimated,24311,2000015978,12,7.7,8,-4.3
estimated,24315,2000015982,12,13.8,4,1.8
estimated,24319,2000015986,17,9.5,13,-7.5
estimated,24320,2000015987,12,13.3,4,1.3
estimated,24321,2000015988,12,15.6,11,3.6
estimated,24326,2000015993,12,19.8,4,7.8
estimated,24332,2000015999,12,9.7,4,-2.3
estimated,24347,2000016017,24,8.5,69,-15.5
estimated,24354,2000016026,12,10.7,7,-1.3
estimated,24358,2000016032,12,14.6,5,2.6
estimated,24362,2000016039,12,31.3,6,19.3
estimated,24364,2000016042,12,12.6,5,0.6
estimated,24367,2000016048,24,7.5,44,-16.5
estimated,24371,2000016054,17,4.8,13,-12.2
estimated,24372,2000016055,12,6.4,4,-5.6
estimated,24373,2000016056,7.5,7.1,4,-0.4
estimated,24377,2000016060,12,8.3,4,-3.7
estimated,24389,2000016072,12,7.6,4,-4.4
estimated,24393,2000016076,12,12.7,5,0.7
estimated,24395,2000016078,24,9.8,34,-14.2
estimated,24398,2000016081,17,11.4,10,-5.6
estimated,24399,2000016082,12,9.6,4,-2.4
estimated,24400,2000016083,12,9.0,4,-3.0
estimated,24402,2000016085,12,8.3,4,-3.7
estimated,24433,2000016116,12,14.5,5,2.5
estimated,24439,2000016122,12,13.4,4,1.4
estimated,24443,2000016126,12,11.2,4,-0.8
estimated,24444,2000016127,17,14.1,12,-2.9
estimated,24445,2000016128,12,13.2,7,1.2
estimated,24446,2000016130,12,6.4,4,-5.6
estimated,24447,2000016131,12,6.4,5,-5.6
estimated,24451,2000016135,12,10.8,6,-1.2
estimated,24456,2000016140,7.5,7.3,4,-0.2
estimated,24460,2000016144,17,8.9,12,-8.1
estimated,24465,2000016149,12,6.6,4,-5.4
estimated,24467,2000016151,12,6.4,5,-5.6
estimated,24469,2000016153,12,11.0,7,-1.0
estimated,24471,2000016155,12,5.5,8,-6.5
estimated,24472,2000016156,12,3.9,4,-8.1
estimated,24473,2000016157,17,5.1,12,-11.9
estimated,24474,2000016158,12,7.1,5,-4.9
estimated,24476,2000016160,12,6.4,5,-5.6
estimated,24486,2000016171,12,11.4,6,-0.6
estimated,24488,2000016173,7.5,19.0,4,11.5
estimated,24490,2000016175,12,7.1,4,-4.9
estimated,24497,2000016186,12,6.8,5,-5.2
estimated,24499,2000016188,12,7.8,5,-4.2
estimated,24501,2000016190,24,19.9,45,-4.1
estimated,24502,2000016191,12,34.0,5,22.0
estimated,24505,2000016199,17,33.3,10,16.3
estimated,24507,2000016203,12,8.6,5,-3.4
estimated,24508,2000016205,12,9.1,7,-2.9
estimated,24513,2000016212,12,10.6,4,-1.4
estimated,24515,2000016215,12,18.2,5,6.2
estimated,24526,2000016226,12,12.7,5,0.7
estimated,24527,2000016227,12,13.1,6,1.1
estimated,24530,2000016230,12,10.1,5,-1.9
estimated,24539,2000016257,12,9.1,8,-2.9
estimated,24544,2000016293,17,6.7,14,-10.3
estimated,24554,2000016305,12,17.9,5,5.9
estimated,24555,2000016306,12,9.6,11,-2.4
estimated,24556,2000016307,12,5.0,4,-7.0
estimated,24557,2000016308,12,6.5,10,-5.5
estimated,24564,2000016316,12,12.0,5,0.0
estimated,24565,2000016317,12,11.7,6,-0.3
estimated,24569,2000016322,12,3.3,5,-8.7
estimated,24571,2000016330,12,7.4,5,-4.6
estimated,24572,2000016331,12,6.2,6,-5.8
estimated,24579,2000016339,17,10.5,14,-6.5
estimated,24585,2000016345,12,4.8,4,-7.2
estimated,24590,2000016350,12,11.3,6,-0.7
estimated,24602,2000016365,17,9.7,8,-7.3
estimated,24612,2000016397,17,8.3,14,-8.7
estimated,24613,2000016398,17,17.8,13,0.8
estimated,24615,2000016400,12,5.3,7,-6.7
estimated,24616,2000016401,17,10.5,29,-6.5
estimated,24619,2000016406,12,10.8,5,-1.2
estimated,24622,2000016411,12,6.4,11,-5.6
estimated,24627,2000016416,12,12.6,4,0.6
estimated,24629,2000016418,17,9.3,21,-7.7
estimated,24637,2000016430,17,10.4,38,-6.6
estimated,24639,2000016432,17,15.4,17,-1.6
estimated,24643,2000016437,12,15.4,5,3.4
estimated,24651,2000016447,12,18.3,5,6.3
estimated,24653,2000016450,17,10.4,12,-6.6
estimated,24656,2000016453,17,11.6,12,-5.4
estimated,24658,2000016455,7.5,11.0,4,3.5
estimated,24659,2000016456,12,13.0,5,1.0
estimated,24660,2000016458,12,13.9,5,1.9
estimated,24661,2000016459,12,10.0,4,-2.0
estimated,24663,2000016461,12,16.1,9,4.1
estimated,24664,2000016462,12,13.6,6,1.6
estimated,24665,2000016463,12,10.7,5,-1.3
estimated,24668,2000016467,12,10.9,9,-1.1
estimated,24669,2000016468,12,12.7,5,0.7
estimated,24670,2000016469,12,11.8,6,-0.2
estimated,24671,2000016470,12,11.8,7,-0.2
estimated,24675,2000016474,12,11.3,6,-0.7
estimated,24676,2000016475,12,15.9,5,3.9
estimated,24679,2000016478,12,13.4,8,1.4
estimated,24680,2000016481,12,21.2,6,9.2
estimated,24681,2000016482,12,8.6,5,-3.4
estimated,24697,2000016504,12,14.3,6,2.3
estimated,24712,2000016519,7.5,9.0,4,1.5
estimated,24723,2000016530,12,8.8,8,-3.2
estimated,24740,2000016547,12,7.6,4,-4.4
estimated,24760,2000016567,12,17.0,6,5.0
estimated,24764,2000016571,12,8.4,6,-3.6
estimated,24766,2000016573,7.5,8.4,4,0.9
estimated,24772,2000016579,12,7.4,8,-4.6
estimated,24791,2000016598,12,11.4,4,-0.6
estimated,24797,2000016605,7.5,9.2,4,1.7
estimated,24801,2000016609,12,7.5,4,-4.5
estimated,24805,2000016613,12,8.2,4,-3.8
estimated,24808,2000016616,12,8.0,4,-4.0
estimated,24828,2000016636,12,6.2,4,-5.8
estimated,24848,2000016656,12,8.9,5,-3.1
estimated,24856,2000016664,12,6.6,4,-5.4
estimated,24859,2000016667,12,10.5,4,-1.5
estimated,24866,2000016674,12,10.4,4,-1.6
estimated,24870,2000016678,7.5,8.3,4,0.8
estimated,24872,2000016680,12,6.6,4,-5.4
estimated,24875,2000016683,12,9.2,9,-2.8
estimated,24877,2000016685,12,10.3,5,-1.7
estimated,24882,2000016691,7.5,8.1,5,0.6
estimated,24899,2000016708,12,7.7,5,-4.3
estimated,24901,2000016710,12,9.4,4,-2.6
estimated,24902,2000016711,12,5.8,4,-6.2
estimated,24909,2000016718,7.5,6.6,4,-0.9
estimated,24914,2000016723,17,18.7,16,1.7
estimated,24915,2000016724,12,14.6,4,2.6
estimated,24921,2000016730,12,6.1,5,-5.9
estimated,24940,2000016749,12,12.5,4,0.5
estimated,24941,2000016750,12,11.1,4,-0.9
estimated,24952,2000016761,7.5,5.6,4,-1.9
estimated,24960,2000016769,12,7.2,4,-4.8
estimated,24964,2000016773,12,8.6,4,-3.4
estimated,24973,2000016782,12,8.7,4,-3.3
estimated,24975,2000016784,12,11.3,4,-0.7
estimated,24976,2000016785,12,11.0,5,-1.0
estimated,24977,2000016786,12,10.2,7,-1.8
estimated,24986,2000016795,12,10.5,6,-1.5
estimated,24995,2000016805,12,10.3,4,-1.7
estimated,24999,2000016809,7.5,12.1,4,4.6
estimated,25005,2000016815,24,8.9,69,-15.1
estimated,25007,2000016817,12,12.6,6,0.6
estimated,25009,2000016819,12,12.9,4,0.9
estimated,25012,2000016822,17,14.3,14,-2.7
estimated,25035,2000016847,12,6.5,4,-5.5
estimated,25040,2000016852,7.5,6.2,4,-1.3
estimated,25042,2000016854,12,9.8,6,-2.2
estimated,25055,2000016867,12,8.8,4,-3.2
estimated,25060,2000016872,12,9.4,6,-2.6
estimated,25063,2000016875,12,8.5,5,-3.5
estimated,25064,2000016876,12,8.8,4,-3.2
estimated,25088,2000016900,12,5.1,6,-6.9
estimated,25091,2000016903,12,5.7,4,-6.3
estimated,25093,2000016905,12,6.4,5,-5.6
estimated,25094,2000016906,12,5.9,4,-6.1
estimated,25098,2000016910,12,6.5,10,-5.5
estimated,25101,2000016913,12,9.6,6,-2.4
estimated,25103,2000016915,17,9.2,16,-7.8
estimated,25108,2000016920,12,8.7,9,-3.3
estimated,25114,2000016926,12,11.7,7,-0.3
estimated,25116,2000016928,12,7.4,4,-4.6
estimated,25135,2000016947,12,8.6,5,-3.4
estimated,25141,2000016954,12,6.4,4,-5.6
estimated,25142,2000016955,12,4.9,4,-7.1
estimated,25143,2000016956,12,7.4,7,-4.6
estimated,25170,2000016983,17,7.8,16,-9.2
estimated,25172,2000016985,12,10.1,5,-1.9
estimated,25176,2000016989,12,10.9,4,-1.1
estimated,25188,2000017001,12,14.0,7,2.0
estimated,25189,2000017002,12,13.7,10,1.7
estimated,25195,2000017008,12,6.0,4,-6.0
estimated,25223,2000017036,12,6.3,4,-5.7
estimated,25239,2000017052,12,9.1,4,-2.9
estimated,25246,2000017059,12,9.0,4,-3.0
estimated,25247,2000017060,12,8.8,4,-3.2
estimated,25249,2000017064,12,10.3,4,-1.7
estimated,25250,2000017065,12,9.5,5,-2.5
estimated,25253,2000017068,12,7.4,6,-4.6
estimated,25261,2000017076,12,6.4,6,-5.6
estimated,25262,2000017077,12,6.3,9,-5.7
estimated,25264,2000017079,7.5,5.3,4,-2.2
estimated,25277,2000017092,12,7.2,5,-4.8
estimated,25279,2000017094,12,6.1,4,-5.9
estimated,25281,2000017096,12,7.1,4,-4.9
estimated,25287,2000017102,12,15.3,5,3.3
estimated,25288,2000017103,12,10.9,7,-1.1
estimated,25292,2000017107,12,10.6,5,-1.4
estimated,25298,2000017113,17,63.2,10,46.2
estimated,25300,2000017115,12,5.4,4,-6.6
estimated,25302,2000017117,12,12.2,5,0.2
estimated,25315,2000017130,12,8.3,5,-3.7
estimated,25326,2000017141,12,10.7,4,-1.3
estimated,25330,2000017145,7.5,14.8,4,7.3
estimated,25338,2000017153,12,21.2,6,9.2
estimated,25352,2000017167,12,11.0,5,-1.0
estimated,25353,2000017168,12,7.8,7,-4.2
estimated,25358,2000017173,12,19.1,8,7.1
estimated,25360,2000017175,12,9.2,4,-2.8
estimated,25365,2000017180,12,11.7,6,-0.3
estimated,25382,2000017198,7.5,7.2,4,-0.3
estimated,25393,2000017213,7.5,7.2,4,-0.3
estimated,25406,2000017226,12,5.3,4,-6.7
estimated,25409,2000017229,12,5.5,5,-6.5
estimated,25412,2000017232,7.5,6.2,4,-1.3
estimated,25427,2000017251,12,6.9,6,-5.1
estimated,25432,2000017256,12,9.2,7,-2.8
estimated,25434,2000017258,12,11.8,6,-0.2
estimated,25437,2000017261,12,7.2,8,-4.8
estimated,25438,2000017262,12,6.7,5,-5.3
estimated,25442,2000017267,7.5,6.9,4,-0.6
estimated,25444,2000017269,12,7.0,5,-5.0
estimated,25447,2000017272,12,8.3,8,-3.7
estimated,25450,2000017275,12,7.8,4,-4.2
estimated,25460,2000017288,12,15.0,5,3.0
estimated,25461,2000017289,12,11.5,6,-0.5
estimated,25466,2000017294,12,9.8,6,-2.2
estimated,25471,2000017299,12,5.9,4,-6.1
estimated,25475,2000017303,12,12.5,5,0.5
estimated,25483,2000017311,7.5,9.7,4,2.2
estimated,25488,2000017316,12,16.6,4,4.6
estimated,25489,2000017318,12,88.0,4,76.0
estimated,25491,2000017322,24,10.2,31,-13.8
estimated,25495,2000017326,12,22.5,6,10.5
estimated,25506,2000017338,12,39.3,9,27.3
estimated,25512,2000017344,12,6.7,5,-5.3
estimated,25516,2000017348,12,6.6,5,-5.4
estimated,25528,2000017362,12,8.7,4,-3.3
estimated,25529,2000017363,12,7.8,6,-4.2
estimated,25543,2000017377,12,15.6,7,3.6
estimated,25544,2000017378,24,31.4,50,7.4
estimated,25546,2000017380,12,10.2,4,-1.8
estimated,25547,2000017382,12,10.6,4,-1.4
estimated,25554,2000017390,7.5,13.1,4,5.6
estimated,25559,2000017395,12,19.0,4,7.0
estimated,25561,2000017397,12,13.3,5,1.3
estimated,25563,2000017399,12,12.4,5,0.4
estimated,25564,2000017400,12,7.0,4,-5.0
estimated,25565,2000017401,7.5,9.0,4,1.5
estimated,25579,2000017416,12,8.2,4,-3.8
estimated,25589,2000017426,12,8.6,4,-3.4
estimated,25594,2000017432,12,5.7,10,-6.3
estimated,25596,2000017434,12,6.3,12,-5.7
estimated,25597,2000017435,7.5,7.4,4,-0.1
estimated,25604,2000017442,17,21.2,17,4.2
estimated,25610,2000017451,12,6.0,4,-6.0
estimated,25612,2000017453,12,5.2,6,-6.8
estimated,25613,2000017454,12,5.9,7,-6.1
estimated,25615,2000017456,12,4.6,6,-7.4
estimated,25616,2000017457,24,7.8,44,-16.2
estimated,25617,2000017458,24,8.5,121,-15.5
estimated,25637,2000017493,12,15.9,4,3.9
estimated,25639,2000017498,12,6.4,6,-5.6
estimated,25640,2000017499,12,14.1,5,2.1
estimated,25644,2000017503,12,11.5,8,-0.5
estimated,25657,2000017535,12,6.3,4,-5.7
estimated,25658,2000017536,17,7.4,7,-9.6
estimated,25661,2000017540,12,6.5,6,-5.5
estimated,25663,2000017542,17,13.7,15,-3.3
estimated,25664,2000017543,12,11.2,9,-0.8
estimated,25669,2000017548,12,11.5,10,-0.5
estimated,25670,2000017549,12,7.2,4,-4.8
estimated,25681,2000017560,17,12.5,14,-4.5
estimated,25682,2000017561,17,12.3,31,-4.7
estimated,25686,2000017565,12,12.0,4,-0.0
estimated,25688,2000017567,12,14.7,4,2.7
estimated,25690,2000017570,17,15.5,26,-1.5
estimated,25691,2000017571,12,8.4,5,-3.6
estimated,25693,2000017574,12,13.2,5,1.2
estimated,25695,2000017576,12,20.2,5,8.2
estimated,25696,2000017577,12,19.7,5,7.7
estimated,25698,2000017579,12,14.7,10,2.7
estimated,25701,2000017583,12,13.2,5,1.2
estimated,25705,2000017587,7.5,7.2,4,-0.3
estimated,25707,2000017590,12,15.4,4,3.4
estimated,25709,2000017592,12,7.3,7,-4.7
estimated,25714,2000017597,12,14.7,4,2.7
estimated,25721,2000017607,24,13.7,46,-10.3
estimated,25722,2000017608,12,7.4,7,-4.6
estimated,25723,2000017609,17,6.4,11,-10.6
estimated,25729,2000017620,12,13.3,6,1.3
estimated,25734,2000017627,12,6.9,5,-5.1
estimated,25735,2000017628,12,7.9,4,-4.1
estimated,25751,2000017657,12,11.1,5,-0.9
estimated,25753,2000017661,12,13.0,6,1.0
estimated,25754,2000017662,12,20.1,4,8.1
estimated,25764,2000017677,12,27.3,4,15.3
estimated,25765,2000017678,12,22.2,4,10.2
estimated,25768,2000017682,12,9.6,4,-2.4
estimated,25773,2000017694,12,14.3,7,2.3
estimated,25781,2000017709,17,10.3,12,-6.7
estimated,25783,2000017711,17,5.4,14,-11.6
estimated,25784,2000017712,12,8.8,5,-3.2
estimated,25796,2000017724,7.5,9.6,4,2.1
estimated,25798,2000017726,7.5,12.3,4,4.8
estimated,25799,2000017727,12,13.1,7,1.1
estimated,25803,2000017731,12,8.0,9,-4.0
estimated,25812,2000017741,12,9.1,8,-2.9
estimated,25817,2000017746,12,8.9,4,-3.1
estimated,25818,2000017747,12,8.7,7,-3.3
estimated,25819,2000017748,7.5,7.0,4,-0.5
estimated,25821,2000017750,12,6.3,4,-5.7
estimated,25823,2000017752,12,7.3,4,-4.7
estimated,25826,2000017755,12,9.8,4,-2.2
estimated,25827,2000017756,12,7.9,5,-4.1
estimated,25837,2000017766,17,8.9,13,-8.1
estimated,25839,2000017768,12,6.1,6,-5.9
estimated,25843,2000017772,12,7.2,5,-4.8
estimated,25844,2000017773,12,10.5,4,-1.5
estimated,25845,2000017774,12,10.5,9,-1.5
estimated,25849,2000017778,12,10.3,4,-1.7
estimated,25858,2000017787,12,11.0,7,-1.0
estimated,25859,2000017788,12,9.0,5,-3.0
estimated,25862,2000017791,17,24.5,15,7.5
estimated,25863,2000017792,12,15.2,7,3.2
estimated,25865,2000017794,12,12.1,11,0.1
estimated,25869,2000017798,7.5,17.1,5,9.6
estimated,25877,2000017810,7.5,21.6,4,14.1
estimated,25881,2000017814,17,23.9,11,6.9
estimated,25886,2000017819,12,11.3,6,-0.7
estimated,25889,2000017822,12,7.5,4,-4.5
estimated,25891,2000017824,12,14.9,4,2.9
estimated,25893,2000017826,12,9.2,4,-2.8
estimated,25895,2000017828,12,7.4,5,-4.6
estimated,25913,2000017849,12,11.1,7,-0.9
estimated,25916,2000017852,12,6.5,4,-5.5
estimated,25918,2000017854,17,5.7,7,-11.3
estimated,25919,2000017855,12,8.7,7,-3.3
estimated,25921,2000017857,12,6.7,5,-5.3
estimated,25923,2000017859,12,9.9,5,-2.1
estimated,25936,2000017874,12,12.5,8,0.5
estimated,25938,2000017876,17,19.3,15,2.3
estimated,25940,2000017879,12,13.0,6,1.0
estimated,25941,2000017880,12,15.2,6,3.2
estimated,25943,2000017882,12,14.3,8,2.3
estimated,25945,2000017885,17,9.5,11,-7.5
estimated,25960,2000017900,12,16.5,4,4.5
estimated,25973,2000017915,12,12.7,4,0.7
estimated,25997,2000017945,12,7.7,4,-4.3
estimated,26000,2000017950,12,6.2,4,-5.8
estimated,26003,2000017954,12,6.0,5,-6.0
estimated,26004,2000017955,12,6.1,4,-5.9
estimated,26020,2000017971,12,8.1,4,-3.9
estimated,26027,2000017978,12,6.8,5,-5.2
estimated,26029,2000017981,12,8.6,7,-3.4
estimated,26031,2000017983,12,8.6,4,-3.4
estimated,26039,2000017991,17,11.8,17,-5.2
estimated,26042,2000017995,12,16.6,6,4.6
estimated,26046,2000018002,12,10.2,7,-1.8
estimated,26048,2000018004,12,8.8,5,-3.2
estimated,26053,2000018009,12,8.5,11,-3.5
estimated,26054,2000018010,12,16.2,6,4.2
estimated,26057,2000018014,7.5,16.9,4,9.4
estimated,26058,2000018015,17,7.9,10,-9.1
estimated,26073,2000018030,12,6.2,5,-5.8
estimated,26097,2000018055,12,6.8,4,-5.2
estimated,26105,2000018063,12,7.6,4,-4.4
estimated,26106,2000018064,12,5.5,4,-6.5
estimated,26143,2000018101,12,8.6,4,-3.4
estimated,26151,2000018109,7.5,5.0,4,-2.5
estimated,26154,2000018112,12,5.6,5,-6.4
estimated,26162,2000018120,12,5.2,5,-6.8
estimated,26163,2000018121,17,5.8,12,-11.2
estimated,26164,2000018122,12,4.9,8,-7.1
estimated,26169,2000018127,12,6.2,4,-5.8
estimated,26187,2000018147,12,6.9,4,-5.1
estimated,26196,2000018157,12,16.7,5,4.7
estimated,26205,2000018166,12,6.8,4,-5.2
estimated,26230,2000018192,12,8.8,6,-3.2
estimated,26252,2000018214,12,5.1,4,-6.9
estimated,26255,2000018217,12,5.6,5,-6.4
estimated,26270,2000018233,12,6.6,4,-5.4
estimated,26274,2000018237,12,9.4,4,-2.6
estimated,26292,2000018255,7.5,5.9,4,-1.6
estimated,26317,2000018281,12,7.8,5,-4.2
estimated,26330,2000018294,12,7.1,4,-4.9
estimated,26334,2000018298,12,11.0,8,-1.0
estimated,26339,2000018303,12,11.2,5,-0.8
estimated,26345,2000018309,7.5,8.8,4,1.3
estimated,26358,2000018323,7.5,13.5,4,6.0
estimated,26364,2000018329,12,6.1,4,-5.9
estimated,26365,2000018330,12,6.7,4,-5.3
estimated,26368,2000018333,12,6.8,5,-5.2
estimated,26369,2000018334,12,8.9,5,-3.1
estimated,26370,2000018335,12,8.6,6,-3.4
estimated,26401,2000018366,7.5,7.4,4,-0.1
estimated,26405,2000018370,7.5,7.2,4,-0.3
estimated,26413,2000018378,7.5,7.6,4,0.1
estimated,26430,2000018395,12,9.0,5,-3.0
estimated,26435,2000018400,12,6.8,5,-5.2
estimated,26436,2000018401,7.5,6.5,4,-1.0
estimated,26448,2000018413,12,5.3,4,-6.7
estimated,26451,2000018416,12,5.2,4,-6.8
estimated,26452,2000018417,12,5.4,5,-6.6
estimated,26457,2000018422,12,5.9,6,-6.1
estimated,26462,2000018427,12,11.3,4,-0.7
estimated,26465,2000018430,7.5,19.3,4,11.8
estimated,26474,2000018440,7.5,8.4,4,0.9
estimated,26475,2000018441,12,15.5,8,3.5
estimated,26476,2000018442,12,18.0,9,6.0
estimated,26478,2000018444,12,16.6,10,4.6
estimated,26485,2000018451,12,10.2,5,-1.8
estimated,26486,2000018453,12,7.0,6,-5.0
estimated,26487,2000018454,7.5,16.7,4,9.2
estimated,26489,2000018456,12,9.3,4,-2.7
estimated,26491,2000018458,12,15.3,5,3.3
estimated,26498,2000018465,7.5,7.9,4,0.4
estimated,26509,2000018476,12,6.5,4,-5.5
estimated,26515,2000018482,12,4.7,4,-7.3
estimated,26519,2000018486,12,6.0,6,-6.0
estimated,26530,2000018497,12,8.1,4,-3.9
estimated,26534,2000018501,12,9.9,4,-2.1
estimated,26542,2000018509,12,8.1,5,-3.9
estimated,26543,2000018510,12,8.0,5,-4.0
estimated,26552,2000018519,7.5,8.4,4,0.9
estimated,26555,2000018522,12,7.5,4,-4.5
estimated,26564,2000018532,7.5,6.5,5,-1.0
estimated,26565,2000018533,17,8.8,13,-8.2
estimated,26569,2000018537,12,8.2,5,-3.8
estimated,26576,2000018544,12,9.5,4,-2.5
estimated,26579,2000018547,12,7.9,4,-4.1
estimated,26582,2000018550,12,6.7,5,-5.3
estimated,26596,2000018564,12,14.9,5,2.9
estimated,26597,2000018565,12,12.2,5,0.2
estimated,26600,2000018568,12,12.6,5,0.6
estimated,26602,2000018570,12,12.8,7,0.8
estimated,26603,2000018571,7.5,12.9,4,5.4
estimated,26609,2000018578,17,9.2,12,-7.8
estimated,26618,2000018588,7.5,7.7,4,0.2
estimated,26619,2000018589,7.5,6.8,4,-0.7
estimated,26623,2000018593,12,8.2,4,-3.8
estimated,26628,2000018598,12,8.9,5,-3.1
estimated,26629,2000018599,12,9.2,6,-2.8
estimated,26633,2000018603,12,7.7,4,-4.3
estimated,26635,2000018606,12,10.0,5,-2.0
estimated,26637,2000018608,12,7.4,6,-4.6
estimated,26642,2000018613,12,8.5,6,-3.5
estimated,26643,2000018614,12,7.4,6,-4.6
estimated,26644,2000018615,12,8.2,4,-3.8
estimated,26647,2000018618,12,8.7,4,-3.3
estimated,26648,2000018619,12,8.7,4,-3.3
estimated,26650,2000018621,7.5,7.5,4,0.0
estimated,26653,2000018624,12,8.8,5,-3.2
estimated,26655,2000018626,12,14.3,4,2.3
estimated,26663,2000018634,12,5.7,6,-6.3
estimated,26665,2000018636,12,6.5,8,-5.5
estimated,26666,2000018637,12,8.3,9,-3.7
estimated,26667,2000018638,12,7.1,6,-4.9
estimated,26668,2000018639,17,6.7,16,-10.3
estimated,26670,2000018641,12,9.1,4,-2.9
estimated,26671,2000018642,12,12.0,6,-0.0
estimated,26672,2000018643,12,5.8,11,-6.2
estimated,26677,2000018648,12,11.7,6,-0.3
estimated,26681,2000018652,12,11.6,5,-0.4
estimated,26689,2000018660,12,8.7,6,-3.3
estimated,26698,2000018669,12,10.5,7,-1.5
estimated,26702,2000018673,12,14.6,7,2.6
estimated,26707,2000018678,12,7.1,8,-4.9
estimated,26713,2000018684,12,8.7,5,-3.3
estimated,26716,2000018687,12,11.7,5,-0.3
estimated,26719,2000018690,12,6.9,4,-5.1
estimated,26722,2000018693,12,6.8,4,-5.2
estimated,26746,2000018717,12,6.6,8,-5.4
estimated,26763,2000018734,12,4.9,4,-7.1
estimated,26768,2000018739,12,6.6,7,-5.4
estimated,26772,2000018744,12,9.8,7,-2.2
estimated,26774,2000018746,17,24.8,15,7.8
estimated,26781,2000018753,12,8.9,4,-3.1
estimated,26788,2000018760,7.5,5.8,4,-1.7
estimated,26789,2000018761,12,9.5,6,-2.5
estimated,26793,2000018765,12,6.7,4,-5.3
estimated,26795,2000018767,7.5,9.3,4,1.8
estimated,26804,2000018777,12,34.2,8,22.2
estimated,26807,2000018781,12,8.4,5,-3.6
estimated,26812,2000018786,7.5,8.5,5,1.0
estimated,26813,2000018787,12,8.5,5,-3.5
estimated,26814,2000018788,24,8.5,66,-15.5
estimated,26816,2000018790,17,6.2,7,-10.8
estimated,26819,2000018793,17,4.4,7,-12.6
estimated,26820,2000018794,12,13.6,4,1.6
estimated,26822,2000018796,12,8.1,8,-3.9
estimated,26823,2000018797,12,8.4,7,-3.6
estimated,26824,2000018798,12,7.4,5,-4.6
estimated,26828,2000018803,12,9.4,4,-2.6
estimated,26833,2000018808,12,5.1,10,-6.9
estimated,26835,2000018810,12,11.1,4,-0.9
estimated,26837,2000018812,7.5,10.2,4,2.7
estimated,26839,2000018814,12,8.4,7,-3.6
estimated,26854,2000018829,12,9.6,4,-2.4
estimated,26883,2000018858,7.5,5.4,4,-2.1
estimated,26888,2000018863,12,5.9,5,-6.1
estimated,26892,2000018867,12,6.8,4,-5.2
estimated,26914,2000018889,12,10.8,6,-1.2
estimated,26934,2000018909,12,10.3,5,-1.7
estimated,26936,2000018911,7.5,9.0,4,1.5
estimated,26943,2000018919,17,12.7,11,-4.3
estimated,26965,2000018941,12,14.0,6,2.0
estimated,26966,2000018942,17,13.2,19,-3.8
estimated,26967,2000018943,12,13.6,5,1.6
estimated,26979,2000018955,12,6.6,5,-5.4
estimated,26980,2000018956,12,6.5,4,-5.5
estimated,26982,2000018958,12,7.7,5,-4.3
estimated,26994,2000018970,12,9.0,5,-3.0
estimated,27011,2000018987,12,7.6,5,-4.4
estimated,27012,2000018988,12,10.9,4,-1.1
estimated,27013,2000018989,7.5,9.3,4,1.8
estimated,27020,2000018996,12,10.3,4,-1.7
estimated,27021,2000018997,12,10.0,4,-2.0
estimated,27022,2000018999,12,7.7,4,-4.3
estimated,27023,2000019000,12,7.9,4,-4.1
estimated,27026,2000019003,12,9.1,5,-2.9
estimated,27031,2000019009,12,4.4,4,-7.6
estimated,27038,2000019017,12,5.2,7,-6.8
estimated,27049,2000019028,12,8.8,4,-3.2
estimated,27052,2000019031,12,9.6,4,-2.4
estimated,27055,2000019034,12,7.2,4,-4.8
estimated,27079,2000019058,12,10.2,4,-1.8
estimated,27088,2000019067,12,7.7,4,-4.3
estimated,27096,2000019075,7.5,8.2,4,0.7
estimated,27097,2000019076,12,8.2,4,-3.8
estimated,27099,2000019078,7.5,6.5,4,-1.0
estimated,27102,2000019081,7.5,6.9,4,-0.6
estimated,27111,2000019090,12,7.5,6,-4.5
estimated,27119,2000019098,7.5,5.7,4,-1.8
estimated,27130,2000019109,12,5.4,5,-6.6
estimated,27135,2000019114,7.5,6.8,4,-0.7
estimated,27142,2000019121,12,7.7,5,-4.3
estimated,27148,2000019127,12,8.7,5,-3.3
estimated,27162,2000019141,12,7.3,4,-4.7
estimated,27165,2000019144,12,7.3,4,-4.7
estimated,27172,2000019151,7.5,8.1,4,0.6
estimated,27177,2000019157,12,7.2,9,-4.8
estimated,27179,2000019159,12,6.6,6,-5.4
estimated,27182,2000019162,7.5,9.4,4,1.9
estimated,27186,2000019166,7.5,7.3,4,-0.2
estimated,27188,2000019169,12,9.7,5,-2.3
estimated,27204,2000019185,12,7.7,5,-4.3
estimated,27207,2000019188,7.5,8.9,4,1.4
estimated,27211,2000019192,12,7.5,7,-4.5
estimated,27212,2000019193,12,8.2,6,-3.8
estimated,27216,2000019197,12,10.5,5,-1.5
estimated,27219,2000019200,12,14.0,7,2.0
estimated,27221,2000019202,17,11.6,11,-5.4
estimated,27228,2000019209,12,9.9,6,-2.1
estimated,27232,2000019213,12,12.9,4,0.9
estimated,27233,2000019214,7.5,14.2,4,6.7
estimated,27242,2000019223,7.5,8.0,4,0.5
estimated,27243,2000019225,17,22.1,19,5.1
estimated,27259,2000019241,24,19.7,30,-4.3
estimated,27261,2000019243,12,12.8,9,0.8
estimated,27262,2000019244,12,11.7,5,-0.3
estimated,27266,2000019250,17,6.4,18,-10.6
estimated,27275,2000019261,12,22.3,4,10.3
estimated,27289,2000019275,12,8.1,4,-3.9
estimated,27294,2000019281,12,5.6,7,-6.4
estimated,27295,2000019282,12,5.6,4,-6.4
estimated,27304,2000019291,17,7.5,10,-9.5
estimated,27322,2000019310,12,7.2,4,-4.8
estimated,27336,2000019324,12,16.5,4,4.5
estimated,27337,2000019325,12,13.5,6,1.5
estimated,27340,2000019328,7.5,7.3,4,-0.2
estimated,27342,2000019330,17,9.6,12,-7.4
estimated,27343,2000019331,17,7.5,28,-9.5
estimated,27345,2000019333,12,9.1,4,-2.9
estimated,27350,2000019338,12,16.0,5,4.0
estimated,27351,2000019339,12,16.7,9,4.7
estimated,27353,2000019341,12,10.2,4,-1.8
estimated,27366,2000019355,12,7.7,5,-4.3
estimated,27369,2000019358,12,7.8,7,-4.2
estimated,27382,2000019371,12,7.0,4,-5.0
estimated,27388,2000019377,12,5.5,5,-6.5
estimated,27391,2000019380,12,9.6,4,-2.4
estimated,27409,2000019398,12,17.8,9,5.8
estimated,27421,2000019410,12,15.8,13,3.8
estimated,27423,2000019412,12,14.1,7,2.1
estimated,27433,2000019422,12,10.1,9,-1.9
estimated,27446,2000019435,7.5,9.1,4,1.6
estimated,27450,2000019439,7.5,7.6,4,0.1
estimated,27453,2000019442,12,10.9,4,-1.1
estimated,27465,2000019454,12,6.5,4,-5.5
estimated,27466,2000019455,12,7.5,8,-4.5
estimated,27469,2000019458,12,13.2,5,1.2
estimated,27473,2000019462,12,5.7,5,-6.3
estimated,27474,2000019463,12,6.0,5,-6.0
estimated,27496,2000019485,7.5,5.3,4,-2.2
estimated,27524,2000019513,12,7.7,4,-4.3
estimated,27529,2000019518,12,6.4,4,-5.6
estimated,27537,2000019526,24,7.4,120,-16.6
estimated,27540,2000019529,12,6.7,8,-5.3
estimated,27543,2000019532,7.5,5.1,5,-2.4
estimated,27545,2000019534,17,6.2,14,-10.8
estimated,27554,2000019543,7.5,7.0,5,-0.5
estimated,27561,2000019550,12,5.4,4,-6.6
estimated,27564,2000019553,24,13.6,44,-10.4
estimated,27577,2000019568,7.5,9.8,4,2.3
estimated,27591,2000019586,12,10.9,4,-1.1
estimated,27593,2000019588,12,14.0,4,2.0
estimated,27596,2000019591,12,16.5,5,4.5
estimated,27597,2000019592,12,19.8,7,7.8
estimated,27598,2000019593,12,29.9,6,17.9
estimated,27599,2000019594,7.5,18.3,4,10.8
estimated,27606,2000019607,24,9.4,76,-14.6
estimated,27611,2000019613,12,16.3,5,4.3
estimated,27617,2000019619,12,11.8,4,-0.2
estimated,27625,2000019627,17,5.6,13,-11.4
estimated,27628,2000019630,12,6.5,6,-5.5
estimated,27629,2000019631,12,6.4,5,-5.6
estimated,27632,2000019634,12,7.9,6,-4.1
estimated,27634,2000019636,12,14.7,6,2.7
estimated,27637,2000019640,24,16.6,31,-7.4
estimated,27641,2000019645,24,27.7,67,3.7
estimated,27643,2000019648,12,11.1,8,-0.9
estimated,27656,2000019661,24,37.4,115,13.4
estimated,27657,2000019662,12,6.1,6,-5.9
estimated,27659,2000019664,12,6.9,5,-5.1
estimated,27661,2000019666,12,6.2,5,-5.8
estimated,27663,2000019668,12,6.1,4,-5.9
estimated,27667,2000019673,12,5.2,7,-6.8
estimated,27676,2000019682,12,19.3,6,7.3
estimated,27678,2000019684,12,8.0,6,-4.0
estimated,27680,2000019686,7.5,8.5,4,1.0
estimated,27698,2000019704,17,6.7,12,-10.3
estimated,27714,2000019721,12,7.5,7,-4.5
estimated,27715,2000019722,12,5.7,4,-6.3
estimated,27717,2000019724,12,5.8,4,-6.2
estimated,27718,2000019725,12,5.7,6,-6.3
estimated,27721,2000019728,12,6.4,4,-5.6
estimated,27725,2000019732,12,7.6,5,-4.4
estimated,27732,2000019739,12,8.7,4,-3.3
estimated,27734,2000019741,12,6.4,4,-5.6
estimated,27735,2000019742,7.5,6.2,4,-1.3
estimated,27747,2000019756,12,6.8,5,-5.2
estimated,27748,2000019757,12,11.9,4,-0.1
estimated,27755,2000019765,12,5.8,4,-6.2
estimated,27770,2000019780,7.5,9.7,4,2.2
estimated,27788,2000019798,12,5.8,4,-6.2
estimated,27794,2000019804,12,11.9,4,-0.1
estimated,27806,2000019816,12,6.1,4,-5.9
estimated,27817,2000019827,12,7.5,6,-4.5
estimated,27831,2000019841,12,7.9,5,-4.1
estimated,27849,2000019859,12,8.8,5,-3.2
estimated,27850,2000019860,12,8.2,5,-3.8
estimated,27852,2000019862,24,8.8,50,-15.2
estimated,27853,2000019863,24,8.9,73,-15.1
estimated,27855,2000019865,12,7.8,4,-4.2
estimated,27857,2000019867,12,9.2,5,-2.8
estimated,27863,2000019873,12,9.9,4,-2.1
estimated,27865,2000019875,17,8.8,26,-8.2
estimated,27866,2000019876,17,55.1,14,38.1
estimated,27867,2000019877,17,38.6,19,21.6
estimated,27869,2000019879,7.5,10.0,4,2.5
estimated,27872,2000019882,12,10.4,4,-1.6
estimated,27876,2000019886,12,9.7,8,-2.3
estimated,27877,2000019888,12,6.2,7,-5.8
estimated,27879,2000019890,12,7.5,4,-4.5
estimated,27885,2000019896,12,8.3,5,-3.7
estimated,27887,2000019898,12,8.8,4,-3.2
estimated,27892,2000019903,12,7.6,5,-4.4
estimated,27897,2000019908,12,8.6,10,-3.4
estimated,27901,2000019912,7.5,10.0,5,2.5
estimated,27912,2000019924,17,6.5,18,-10.5
estimated,27916,2000019929,12,10.5,7,-1.5
estimated,27937,2000019953,12,8.6,4,-3.4
estimated,27941,2000019958,12,7.8,7,-4.2
estimated,27948,2000019966,12,9.4,7,-2.6
estimated,27949,2000019967,12,7.4,9,-4.6
estimated,27962,2000019980,12,6.9,4,-5.1
estimated,27963,2000019981,12,9.9,7,-2.1
estimated,27970,2000019989,12,11.0,7,-1.0
estimated,27972,2000019991,7.5,8.7,4,1.2
estimated,27973,2000019992,12,9.2,5,-2.8
estimated,27979,2000019998,12,11.2,4,-0.8
estimated,27985,2000020005,17,15.3,11,-1.7
estimated,27991,2000020011,12,15.0,5,3.0
estimated,27996,2000020016,12,5.1,6,-6.9
estimated,27999,2000020020,12,6.4,5,-5.6
estimated,28009,2000020030,12,6.4,6,-5.6
estimated,28011,2000020032,12,11.5,9,-0.5
estimated,28023,2000020045,12,6.4,4,-5.6
estimated,28030,2000020058,12,15.8,8,3.8
estimated,28041,2000020069,12,5.8,4,-6.2
estimated,28042,2000020071,12,6.2,7,-5.8
estimated,28047,2000020076,12,12.2,5,0.2
estimated,28051,2000020080,12,11.3,4,-0.7
estimated,28053,2000020082,12,12.3,4,0.3
estimated,28075,2000020105,12,6.2,4,-5.8
estimated,28077,2000020107,12,6.5,5,-5.5
estimated,28081,2000020111,17,5.7,8,-11.3
estimated,28091,2000020121,7.5,4.5,4,-3.0
estimated,28104,2000020134,12,6.2,5,-5.8
estimated,28106,2000020136,12,8.4,4,-3.6
estimated,28107,2000020137,7.5,5.1,4,-2.4
estimated,28114,2000020144,7.5,4.7,4,-2.8
estimated,28139,2000020171,12,4.1,4,-7.9
estimated,28144,2000020176,12,4.0,4,-8.0
estimated,28157,2000020199,17,5.2,18,-11.8
estimated,28180,2000020223,17,6.9,13,-10.1
estimated,28181,2000020224,17,7.1,6,-9.9
estimated,28184,2000020227,17,6.1,13,-10.9
estimated,28191,2000020234,12,10.2,4,-1.8
estimated,28194,2000020237,12,8.5,7,-3.5
estimated,28226,2000020270,12,6.0,8,-6.0
estimated,28229,2000020274,12,10.8,9,-1.2
estimated,28235,2000020281,12,6.7,4,-5.3
estimated,28239,2000020285,12,9.1,5,-2.9
estimated,28244,2000020290,12,8.5,4,-3.5
estimated,28247,2000020293,12,8.5,5,-3.5
estimated,28270,2000020319,12,8.1,5,-3.9
estimated,28274,2000020323,12,7.2,7,-4.8
estimated,28275,2000020324,7.5,8.4,4,0.9
estimated,28277,2000020326,17,12.8,36,-4.2
estimated,28278,2000020327,12,7.0,7,-5.0
estimated,28284,2000020333,7.5,7.6,4,0.1
estimated,28286,2000020335,12,6.8,4,-5.2
estimated,28291,2000020341,12,8.0,6,-4.0
estimated,28294,2000020344,12,7.4,4,-4.6
estimated,28297,2000020347,12,6.8,4,-5.2
estimated,28300,2000020350,17,6.9,8,-10.1
estimated,28302,2000020352,17,5.5,21,-11.5
estimated,28336,2000020386,7.5,6.7,4,-0.8
estimated,28348,2000020399,12,10.9,7,-1.1
estimated,28367,2000020418,12,8.5,4,-3.5
estimated,28368,2000020419,12,7.1,4,-4.9
estimated,28369,2000020420,12,7.9,8,-4.1
estimated,28375,2000020426,12,8.0,7,-4.0
estimated,28376,2000020427,12,6.3,6,-5.7
estimated,28382,2000020433,12,6.6,6,-5.4
estimated,28389,2000020440,12,7.7,5,-4.3
estimated,28397,2000020448,17,7.2,20,-9.8
estimated,28398,2000020449,17,10.2,14,-6.8
estimated,28402,2000020453,17,5.6,27,-11.4
estimated,28403,2000020454,17,9.1,21,-7.9
estimated,28404,2000020455,24,6.9,33,-17.1
estimated,28406,2000020457,12,7.1,6,-4.9
estimated,28418,2000020470,24,7.2,56,-16.8
estimated,28420,2000020472,17,8.3,13,-8.7
estimated,28421,2000020473,17,6.9,9,-10.1
estimated,28434,2000020486,12,10.3,7,-1.7
estimated,28438,2000020490,12,6.6,5,-5.4
estimated,28439,2000020491,12,7.3,5,-4.7
estimated,28442,2000020494,12,6.2,8,-5.8
estimated,28443,2000020495,12,7.9,5,-4.1
estimated,28454,2000020506,12,11.5,4,-0.5
estimated,28458,2000020510,7.5,8.3,4,0.8
estimated,28463,2000020515,12,8.7,6,-3.3
estimated,28464,2000020516,7.5,6.6,4,-0.9
estimated,28468,2000020520,12,8.8,5,-3.2
estimated,28474,2000020526,12,9.1,7,-2.9
estimated,28479,2000020531,12,11.2,4,-0.8
estimated,28480,2000020532,12,11.1,5,-0.9
estimated,28484,2000020538,12,4.9,5,-7.1
estimated,28494,2000020549,12,4.9,6,-7.1
estimated,28517,2000020572,12,6.1,5,-5.9
estimated,28519,2000020574,12,5.5,4,-6.5
estimated,28527,2000020584,12,4.6,6,-7.4
estimated,28540,2000020599,12,5.6,5,-6.4
estimated,28543,2000020603,12,7.4,4,-4.6
estimated,28546,2000020608,7.5,5.4,4,-2.1
estimated,28557,2000020619,7.5,5.4,4,-2.1
estimated,28561,2000020625,12,7.3,4,-4.7
estimated,28564,2000020628,17,5.6,11,-11.4
estimated,28570,2000020636,12,7.1,4,-4.9
estimated,28577,2000020645,12,24.0,5,12.0
estimated,28579,2000020647,7.5,5.9,4,-1.6
estimated,28581,2000020649,17,6.1,14,-10.9
estimated,28585,2000020653,12,5.0,6,-7.0
estimated,28595,2000020663,17,4.7,29,-12.3
estimated,28608,2000020678,12,4.4,6,-7.6
estimated,28609,2000020679,12,5.4,8,-6.6
estimated,28610,2000020680,12,4.8,5,-7.2
estimated,28626,2000020702,12,6.2,8,-5.8
estimated,28627,2000020703,12,5.5,4,-6.5
estimated,28633,2000020709,12,6.3,9,-5.7
estimated,28647,2000020727,12,4.5,5,-7.5
estimated,28650,2000020730,12,7.3,5,-4.7
estimated,28654,2000020734,12,5.5,4,-6.5
estimated,28659,2000020739,7.5,6.0,4,-1.5
estimated,28668,2000020748,12,9.0,4,-3.0
estimated,28676,2000020757,12,7.7,7,-4.3
estimated,28677,2000020765,17,6.0,24,-11.0
estimated,28683,2000020771,7.5,5.5,4,-2.0
estimated,28684,2000020772,7.5,5.1,4,-2.4
estimated,28685,2000020773,7.5,5.2,4,-2.3
estimated,28687,2000020775,12,29.8,4,17.8
estimated,28688,2000020776,17,5.6,7,-11.4
estimated,28700,2000020788,12,25.0,5,13.0
estimated,28701,2000020789,12,24.1,10,12.1
estimated,28702,2000020790,12,28.1,6,16.1
estimated,28703,2000020793,17,6.6,12,-10.4
estimated,28709,2000020801,7.5,10.1,4,2.6
estimated,28711,2000020803,12,12.1,4,0.1
estimated,28712,2000020804,12,11.9,4,-0.1
estimated,28733,2000020830,12,5.1,4,-6.9
estimated,28758,2000020855,12,7.3,5,-4.7
estimated,28759,2000020856,12,10.2,4,-1.8
estimated,28761,2000020858,12,9.7,5,-2.3
estimated,28763,2000020860,17,8.7,10,-8.3
estimated,28764,2000020861,12,7.7,7,-4.3
estimated,28767,2000020864,12,8.1,6,-3.9
estimated,28771,2000020868,12,12.1,4,0.1
estimated,28797,2000020896,12,9.5,7,-2.5
estimated,28798,2000020897,12,17.0,9,5.0
estimated,28813,2000020912,7.5,6.0,4,-1.5
estimated,28818,2000020917,12,5.7,5,-6.3
estimated,28824,2000020923,12,5.0,4,-7.0
estimated,28826,2000020925,12,7.9,5,-4.1
estimated,28834,2000020933,12,7.4,4,-4.6
estimated,28842,2000020941,12,6.8,4,-5.2
estimated,28843,2000020942,7.5,7.3,4,-0.2
estimated,28856,2000020955,12,7.8,4,-4.2
estimated,28861,2000020960,12,12.4,5,0.4
estimated,28867,2000020966,12,8.9,4,-3.1
estimated,28870,2000020969,7.5,8.3,4,0.8
estimated,28873,2000020972,12,8.1,4,-3.9
estimated,28875,2000020974,12,6.3,9,-5.7
estimated,28876,2000020975,12,8.6,5,-3.4
estimated,28890,2000020989,17,4.1,8,-12.9
estimated,28891,2000020990,17,5.3,28,-11.7
estimated,28892,2000020991,17,6.4,11,-10.6
estimated,28898,2000020997,12,7.9,4,-4.1
estimated,28900,2000020999,12,8.7,4,-3.3
estimated,28901,2000021000,12,6.6,4,-5.4
estimated,28908,2000021007,12,8.7,8,-3.3
estimated,28915,2000021014,12,10.9,4,-1.1
estimated,28922,2000021021,12,8.6,9,-3.4
estimated,28923,2000021022,12,10.2,4,-1.8
estimated,28940,2000021039,12,7.3,4,-4.7
estimated,28943,2000021042,12,7.9,6,-4.1
estimated,28955,2000021054,7.5,7.1,4,-0.4
estimated,28976,2000021076,24,6.1,48,-17.9
estimated,28977,2000021077,12,6.0,5,-6.0
estimated,28979,2000021079,12,5.8,5,-6.2
estimated,28990,2000021090,12,5.4,4,-6.6
estimated,28992,2000021092,12,7.1,5,-4.9
estimated,28998,2000021098,7.5,6.1,4,-1.4
estimated,29004,2000021104,12,12.1,6,0.1
estimated,29008,2000021108,12,10.1,6,-1.9
estimated,29009,2000021109,12,10.7,4,-1.3
estimated,29029,2000021132,12,9.9,7,-2.1
estimated,29032,2000021135,12,12.2,6,0.2
estimated,29038,2000021141,12,16.1,5,4.1
estimated,29047,2000021150,12,8.7,8,-3.3
estimated,29048,2000021151,12,6.5,4,-5.5
estimated,29054,2000021157,12,6.9,5,-5.1
estimated,29062,2000021165,17,7.0,10,-10.0
estimated,29065,2000021168,12,8.0,6,-4.0
estimated,29073,2000021177,12,8.0,4,-4.0
estimated,29080,2000021184,12,5.8,4,-6.2
estimated,29081,2000021185,12,8.3,4,-3.7
estimated,29082,2000021186,12,9.2,6,-2.8
estimated,29083,2000021187,12,10.0,4,-2.0
estimated,29088,2000021192,12,7.2,5,-4.8
estimated,29089,2000021193,7.5,7.1,4,-0.4
estimated,29092,2000021196,12,6.8,6,-5.2
estimated,29094,2000021198,12,7.3,5,-4.7
estimated,29097,2000021201,7.5,6.6,4,-0.9
estimated,29098,2000021202,12,10.1,5,-1.9
estimated,29103,2000021207,7.5,15.4,4,7.9
estimated,29104,2000021208,12,11.0,5,-1.0
estimated,29105,2000021209,12,9.9,4,-2.1
estimated,29106,2000021210,12,10.5,4,-1.5
estimated,29115,2000021219,17,19.8,10,2.8
estimated,29120,2000021224,12,11.7,5,-0.3
estimated,29121,2000021225,12,8.4,6,-3.6
estimated,29124,2000021228,12,9.6,4,-2.4
estimated,29125,2000021229,12,10.0,9,-2.0
estimated,29131,2000021236,12,7.5,6,-4.5
estimated,29136,2000021241,12,9.0,5,-3.0
estimated,29138,2000021243,12,5.5,7,-6.5
estimated,29140,2000021246,12,19.9,5,7.9
estimated,29146,2000021252,12,21.9,4,9.9
estimated,29148,2000021254,12,11.4,4,-0.6
estimated,29151,2000021257,12,14.3,4,2.3
estimated,29160,2000021266,12,6.1,4,-5.9
estimated,29166,2000021272,12,8.7,4,-3.3
estimated,29170,2000021276,12,10.6,4,-1.4
estimated,29175,2000021281,17,26.7,9,9.7
estimated,29177,2000021283,12,10.8,6,-1.2
estimated,29178,2000021284,12,9.8,6,-2.2
estimated,29185,2000021291,12,9.3,4,-2.7
estimated,29203,2000021309,12,8.5,4,-3.5
estimated,29212,2000021318,12,6.8,5,-5.2
estimated,29214,2000021320,12,5.4,6,-6.6
estimated,29225,2000021331,7.5,9.4,4,1.9
estimated,29226,2000021332,12,9.2,4,-2.8
estimated,29229,2000021336,12,6.0,6,-6.0
estimated,29238,2000021345,7.5,6.6,4,-0.9
estimated,29248,2000021355,17,9.0,21,-8.0
estimated,29249,2000021356,7.5,6.9,4,-0.6
estimated,29261,2000021368,12,6.3,4,-5.7
estimated,29283,2000021390,12,6.1,5,-5.9
estimated,29287,2000021397,17,11.7,14,-5.3
estimated,29303,2000021414,17,17.5,16,0.5
estimated,29306,2000021417,12,13.7,7,1.7
estimated,29308,2000021419,12,12.0,4,0.0
estimated,29312,2000021423,12,8.0,5,-4.0
estimated,29319,2000021430,12,10.5,5,-1.5
estimated,29321,2000021432,12,6.8,11,-5.2
estimated,29322,2000021433,12,14.2,6,2.2
estimated,29327,2000021438,12,5.1,5,-6.9
estimated,29330,2000021441,7.5,6.8,4,-0.7
estimated,29331,2000021442,12,7.2,4,-4.8
estimated,29338,2000021449,17,6.2,16,-10.8
estimated,29341,2000021452,12,9.2,6,-2.8
estimated,29345,2000021456,17,7.9,10,-9.1
estimated,29359,2000021471,12,11.2,4,-0.8
estimated,29360,2000021472,7.5,13.8,4,6.3
estimated,29365,2000021477,12,10.9,6,-1.1
estimated,29366,2000021478,12,9.5,6,-2.5
estimated,29369,2000021481,12,16.4,9,4.4
estimated,29370,2000021482,12,11.1,9,-0.9
estimated,29372,2000021484,12,16.6,5,4.6
estimated,29377,2000021489,12,13.7,5,1.7
estimated,29378,2000021490,12,17.3,10,5.3
estimated,29380,2000021492,12,7.7,6,-4.3
estimated,29382,2000021494,17,9.2,12,-7.8
estimated,29396,2000021508,12,6.5,6,-5.5
estimated,29397,2000021509,12,14.8,5,2.8
estimated,29403,2000021515,12,6.4,4,-5.6
estimated,29409,2000021521,17,13.5,12,-3.5
estimated,29410,2000021522,12,8.7,8,-3.3
estimated,29414,2000021526,17,13.4,11,-3.6
estimated,29422,2000021534,12,7.3,4,-4.7
estimated,29424,2000021536,17,18.2,11,1.2
estimated,29426,2000021538,7.5,8.2,4,0.7
estimated,29427,2000021539,17,11.1,10,-5.9
estimated,29428,2000021540,12,6.1,5,-5.9
estimated,29429,2000021541,12,7.3,9,-4.7
estimated,29431,2000021543,17,7.1,13,-9.9
estimated,29432,2000021544,12,6.1,5,-5.9
estimated,29433,2000021545,12,7.3,5,-4.7
estimated,29446,2000021558,7.5,7.4,4,-0.1
estimated,29470,2000021586,12,10.5,4,-1.5
estimated,29473,2000021589,12,10.3,6,-1.7
estimated,29492,2000021608,12,6.4,4,-5.6
estimated,29502,2000021620,12,7.9,4,-4.1
estimated,29503,2000021621,12,7.6,4,-4.4
estimated,29506,2000021624,12,9.6,4,-2.4
estimated,29527,2000021645,12,6.1,6,-5.9
estimated,29537,2000021655,12,6.6,4,-5.4
estimated,29539,2000021657,12,10.6,5,-1.4
estimated,29543,2000021661,12,8.8,6,-3.2
estimated,29544,2000021662,12,6.1,6,-5.9
estimated,29555,2000021673,12,8.4,4,-3.6
estimated,29556,2000021674,12,8.6,9,-3.4
estimated,29578,2000021699,17,15.8,12,-1.2
estimated,29579,2000021700,17,17.2,20,0.2
estimated,29586,2000021707,12,6.0,7,-6.0
estimated,29596,2000021717,7.5,8.8,4,1.3
estimated,29612,2000021733,12,8.8,4,-3.2
estimated,29616,2000021737,12,8.8,4,-3.2
estimated,29618,2000021740,7.5,9.7,4,2.2
estimated,29638,2000021760,12,10.7,4,-1.3
estimated,29647,2000021769,12,5.6,4,-6.4
estimated,29654,2000021776,12,7.3,4,-4.7
estimated,29660,2000021782,12,7.1,5,-4.9
estimated,29661,2000021783,12,8.3,9,-3.7
estimated,29677,2000021799,7.5,7.3,4,-0.2
estimated,29683,2000021806,12,6.9,4,-5.1
estimated,29692,2000021816,12,5.7,7,-6.3
estimated,29717,2000021842,12,9.0,7,-3.0
estimated,29728,2000021853,12,10.3,5,-1.7
estimated,29729,2000021854,17,7.0,7,-10.0
estimated,29735,2000021860,12,8.1,4,-3.9
estimated,29737,2000021862,12,10.3,4,-1.7
estimated,29741,2000021866,12,5.0,5,-7.0
estimated,29742,2000021867,17,10.0,13,-7.0
estimated,29747,2000021872,12,11.2,4,-0.8
estimated,29766,2000021893,12,7.9,4,-4.1
estimated,29769,2000021896,17,7.8,9,-9.2
estimated,29773,2000021900,12,11.1,6,-0.9
estimated,29779,2000021906,12,5.7,4,-6.3
estimated,29782,2000021909,12,7.5,5,-4.5
estimated,29788,2000021915,12,4.1,6,-7.9
estimated,29800,2000021927,12,9.2,6,-2.8
estimated,29810,2000021937,12,8.3,4,-3.7
estimated,29811,2000021938,17,6.0,13,-11.0
estimated,29829,2000021956,12,9.9,6,-2.1
estimated,29834,2000021961,12,8.1,6,-3.9
estimated,29836,2000021963,12,8.9,6,-3.1
estimated,29838,2000021965,17,6.1,11,-10.9
estimated,29840,2000021967,12,4.8,5,-7.2
estimated,29841,2000021970,12,6.0,10,-6.0
estimated,29844,2000021973,12,8.1,5,-3.9
estimated,29857,2000021986,17,9.2,23,-7.8
estimated,29867,2000021996,17,8.8,10,-8.2
estimated,29870,2000021999,12,8.8,4,-3.2
estimated,29876,2000022006,17,7.4,9,-9.6
estimated,29879,2000022009,12,12.9,4,0.9
estimated,29892,2000022022,12,11.1,8,-0.9
estimated,29893,2000022023,7.5,19.8,4,12.3
estimated,29897,2000022027,7.5,14.0,4,6.5
estimated,29922,2000022053,7.5,6.8,4,-0.7
estimated,29932,2000022065,12,6.3,4,-5.7
estimated,29952,2000022085,12,13.1,4,1.1
estimated,29963,2000022096,12,6.0,4,-6.0
estimated,29982,2000022115,7.5,5.8,4,-1.7
estimated,29988,2000022122,12,6.4,6,-5.6
estimated,30003,2000022137,12,8.2,4,-3.8
estimated,30005,2000022139,12,8.6,7,-3.4
estimated,30011,2000022145,12,11.1,4,-0.9
estimated,30014,2000022148,12,9.6,5,-2.4
estimated,30016,2000022150,7.5,6.4,4,-1.1
estimated,30035,2000022169,12,10.4,6,-1.6
estimated,30040,2000022174,12,7.6,4,-4.4
estimated,30044,2000022178,12,5.1,7,-6.9
estimated,30050,2000022184,12,10.0,5,-2.0
estimated,30066,2000022200,12,6.2,6,-5.8
estimated,30069,2000022203,12,7.4,6,-4.6
estimated,30070,2000022204,12,11.4,7,-0.6
estimated,30076,2000022212,12,10.4,9,-1.6
estimated,30080,2000022216,12,9.8,5,-2.2
estimated,30083,2000022221,7.5,9.0,4,1.5
estimated,30092,2000022231,12,7.0,5,-5.0
estimated,30101,2000022240,12,7.8,4,-4.2
estimated,30131,2000022271,12,12.9,9,0.9
estimated,30134,2000022274,7.5,4.8,4,-2.7
estimated,30135,2000022275,7.5,16.6,5,9.1
estimated,30138,2000022278,17,6.9,28,-10.1
estimated,30145,2000022285,12,8.6,6,-3.4
estimated,30158,2000022298,12,4.7,5,-7.3
estimated,30162,2000022302,12,6.9,5,-5.1
estimated,30170,2000022310,12,6.6,6,-5.4
estimated,30174,2000022314,12,5.3,4,-6.7
estimated,30176,2000022316,7.5,6.5,4,-1.0
estimated,30181,2000022321,12,6.6,4,-5.4
estimated,30196,2000022339,12,6.3,11,-5.7
estimated,30198,2000022341,12,24.1,6,12.1
estimated,30202,2000022345,12,16.5,5,4.5
estimated,30211,2000022354,7.5,7.2,4,-0.3
estimated,30236,2000022391,17,9.4,23,-7.6
estimated,30242,2000022399,12,9.6,6,-2.4
estimated,30243,2000022400,12,5.9,6,-6.1
estimated,30244,2000022401,12,6.0,5,-6.0
estimated,30246,2000022403,12,5.5,5,-6.5
estimated,30248,2000022405,12,7.0,5,-5.0
estimated,30262,2000022419,7.5,10.5,4,3.0
estimated,30266,2000022423,12,11.1,4,-0.9
estimated,30269,2000022426,7.5,6.7,4,-0.8
estimated,30272,2000022429,12,7.5,4,-4.5
estimated,30277,2000022434,12,8.5,4,-3.5
estimated,30286,2000022443,12,7.3,5,-4.7
estimated,30287,2000022444,7.5,5.2,4,-2.3
estimated,30289,2000022446,12,4.5,4,-7.5
estimated,30290,2000022447,12,7.9,6,-4.1
estimated,30292,2000022449,12,10.7,6,-1.3
estimated,30300,2000022457,12,7.1,8,-4.9
estimated,30301,2000022458,12,8.0,6,-4.0
estimated,30308,2000022467,12,6.6,7,-5.4
estimated,30309,2000022468,12,8.9,4,-3.1
estimated,30315,2000022474,7.5,9.7,4,2.2
estimated,30321,2000022480,12,7.4,4,-4.6
estimated,30344,2000022503,7.5,6.4,4,-1.1
estimated,30358,2000022518,12,8.3,6,-3.7
estimated,30361,2000022521,12,11.5,4,-0.5
estimated,30363,2000022527,12,9.0,8,-3.0
estimated,30365,2000022529,7.5,9.4,4,1.9
estimated,30367,2000022531,12,10.4,4,-1.6
estimated,30370,2000022534,12,10.2,4,-1.8
estimated,30374,2000022541,12,7.0,4,-5.0
estimated,30379,2000022548,12,8.4,4,-3.6
estimated,30403,2000022579,12,8.8,5,-3.2
estimated,30413,2000022589,12,5.5,6,-6.5
estimated,30430,2000022606,12,5.2,5,-6.8
estimated,30443,2000022619,12,6.9,6,-5.1
estimated,30464,2000022640,12,12.3,6,0.3
estimated,30469,2000022646,24,12.5,125,-11.5
estimated,30470,2000022648,12,8.6,4,-3.4
estimated,30477,2000022657,12,7.1,6,-4.9
estimated,30499,2000022680,12,11.4,8,-0.6
estimated,30504,2000022685,12,6.3,5,-5.7
estimated,30506,2000022687,12,9.0,10,-3.0
estimated,30546,2000022727,12,8.6,4,-3.4
estimated,30559,2000022740,12,6.4,5,-5.6
estimated,30564,2000022745,12,5.6,4,-6.4
estimated,30571,2000022752,12,9.4,5,-2.6
estimated,30572,2000022753,7.5,5.9,4,-1.6
estimated,30580,2000022762,12,10.4,5,-1.6
estimated,30583,2000022765,17,12.5,14,-4.5
estimated,30594,2000022776,12,16.7,8,4.7
estimated,30595,2000022777,17,12.1,9,-4.9
estimated,30602,2000022784,12,9.6,5,-2.4
estimated,30605,2000022787,12,15.5,5,3.5
estimated,30607,2000022789,12,12.3,5,0.3
estimated,30614,2000022796,7.5,5.3,4,-2.2
estimated,30616,2000022798,12,9.7,6,-2.3
estimated,30643,2000022825,12,6.5,6,-5.5
estimated,30645,2000022827,12,7.7,7,-4.3
estimated,30647,2000022829,12,6.1,4,-5.9
estimated,30649,2000022831,12,8.6,6,-3.4
estimated,30650,2000022832,7.5,6.4,4,-1.1
estimated,30651,2000022833,12,7.9,4,-4.1
estimated,30654,2000022836,12,6.0,6,-6.0
estimated,30671,2000022853,12,12.8,4,0.8
estimated,30672,2000022854,12,7.3,7,-4.7
estimated,30673,2000022855,12,7.9,4,-4.1
estimated,30675,2000022857,12,11.1,5,-0.9
estimated,30679,2000022861,12,11.6,4,-0.4
estimated,30685,2000022867,12,7.9,4,-4.1
estimated,30689,2000022871,12,15.4,4,3.4
estimated,30690,2000022872,12,12.5,4,0.5
estimated,30699,2000022883,12,8.8,6,-3.2
estimated,30705,2000022889,12,8.3,4,-3.7
estimated,30708,2000022892,12,11.3,6,-0.7
estimated,30714,2000022898,12,7.3,4,-4.7
estimated,30716,2000022900,12,6.2,4,-5.8
estimated,30726,2000022910,17,6.8,19,-10.2
estimated,30727,2000022911,12,5.7,5,-6.3
estimated,30729,2000022913,7.5,8.3,4,0.8
estimated,30736,2000022920,12,7.3,7,-4.7
estimated,30744,2000022931,12,4.7,4,-7.3
estimated,30750,2000022937,12,6.2,5,-5.8
estimated,30755,2000022943,12,9.3,5,-2.7
estimated,30763,2000022954,12,9.0,7,-3.0
estimated,30766,2000022957,12,7.7,7,-4.3
estimated,30770,2000022962,12,7.0,4,-5.0
estimated,30774,2000022966,12,8.3,8,-3.7
estimated,30784,2000022977,12,4.8,5,-7.2
estimated,30787,2000022980,17,7.7,16,-9.3
estimated,30788,2000022981,12,8.1,9,-3.9
estimated,30789,2000022982,12,7.3,11,-4.7
estimated,30791,2000022984,12,7.0,7,-5.0
estimated,30792,2000022985,17,7.3,14,-9.7
estimated,30793,2000022986,17,8.9,45,-8.1
estimated,30794,2000022987,17,8.8,15,-8.2
estimated,30796,2000022991,7.5,7.9,4,0.4
estimated,30797,2000022992,12,8.0,7,-4.0
estimated,30798,2000022993,12,8.2,4,-3.8
estimated,30799,2000022995,12,6.1,6,-5.9
estimated,30800,2000022996,12,8.0,12,-4.0
estimated,30801,2000022998,12,7.7,4,-4.3
estimated,30803,2000023000,17,5.4,15,-11.6
estimated,30809,2000023007,7.5,5.5,4,-2.0
estimated,30811,2000023009,17,7.1,12,-9.9
estimated,30827,2000023035,12,7.4,4,-4.6
estimated,30831,2000023039,12,8.0,9,-4.0
estimated,30832,2000023040,12,7.5,7,-4.5
estimated,30833,2000023042,12,52.3,9,40.3
estimated,30842,2000023054,12,6.9,6,-5.1
estimated,30843,2000023055,7.5,7.3,4,-0.2
estimated,30846,2000023058,17,8.2,10,-8.8
estimated,30849,2000023061,24,8.8,46,-15.2
estimated,30850,2000023062,17,6.4,16,-10.6
estimated,30852,2000023064,12,5.0,4,-7.0
estimated,30856,2000023068,12,6.1,9,-5.9
estimated,30857,2000023069,7.5,8.5,5,1.0
estimated,30860,2000023072,17,44.6,21,27.6
estimated,30866,2000023079,12,6.0,6,-6.0
estimated,30872,2000023085,17,6.0,27,-11.0
estimated,30879,2000023102,17,6.6,17,-10.4
estimated,30888,2000023112,12,6.8,7,-5.2
estimated,30893,2000023117,17,7.4,12,-9.6
estimated,30894,2000023118,12,5.8,6,-6.2
estimated,30896,2000023121,12,5.1,7,-6.9
estimated,30901,2000023130,12,6.1,4,-5.9
estimated,30902,2000023131,12,5.6,8,-6.4
estimated,30906,2000023136,12,8.4,4,-3.6
estimated,30912,2000023142,17,8.9,8,-8.1
estimated,30915,2000023147,17,3.8,10,-13.2
estimated,30926,2000023160,12,9.9,4,-2.1
estimated,30931,2000023167,17,11.2,8,-5.8
estimated,30932,2000023169,7.5,10.1,4,2.6
estimated,30933,2000023170,12,11.5,5,-0.5
estimated,30934,2000023171,12,6.5,7,-5.5
estimated,30936,2000023173,12,7.7,5,-4.3
estimated,30939,2000023177,12,12.8,4,0.8
estimated,30944,2000023183,12,10.0,4,-2.0
estimated,30949,2000023188,12,11.9,4,-0.1
estimated,30951,2000023190,7.5,9.2,4,1.7
estimated,30953,2000023192,12,6.8,6,-5.2
estimated,30957,2000023196,12,5.5,8,-6.5
estimated,30964,2000023203,12,8.4,5,-3.6
estimated,30967,2000023207,12,5.4,8,-6.6
estimated,30969,2000023209,12,5.6,5,-6.4
estimated,30971,2000023211,12,8.2,7,-3.8
estimated,30978,2000023218,12,8.1,4,-3.9
estimated,30985,2000023227,12,11.4,9,-0.6
estimated,30989,2000023231,12,16.4,5,4.4
estimated,31003,2000023246,12,4.6,5,-7.4
estimated,31008,2000023251,12,5.4,7,-6.6
estimated,31011,2000023255,12,5.6,4,-6.4
estimated,31017,2000023262,12,6.2,5,-5.8
estimated,31022,2000023267,12,6.7,4,-5.3
estimated,31024,2000023269,12,6.9,4,-5.1
estimated,31045,2000023290,12,8.8,7,-3.2
estimated,31059,2000023306,12,5.3,7,-6.7
estimated,31069,2000023318,12,7.0,5,-5.0
estimated,31071,2000023320,12,7.6,6,-4.4
estimated,31082,2000023331,12,9.0,4,-3.0
estimated,31084,2000023333,12,7.5,5,-4.5
estimated,31087,2000023336,12,5.8,4,-6.2
estimated,31133,2000023388,12,5.5,4,-6.5
estimated,31136,2000023392,12,6.2,4,-5.8
estimated,31163,2000023422,12,6.5,5,-5.5
estimated,31165,2000023424,12,6.1,4,-5.9
estimated,31170,2000023429,12,6.3,6,-5.7
estimated,31178,2000023437,12,6.6,5,-5.4
estimated,31181,2000023440,12,10.7,6,-1.3
estimated,31190,2000023449,12,8.0,5,-4.0
estimated,31220,2000023482,7.5,8.0,4,0.5
estimated,31231,2000023493,12,7.7,4,-4.3
estimated,31236,2000023499,12,9.6,8,-2.4
estimated,31242,2000023505,7.5,6.0,4,-1.5
estimated,31250,2000023514,12,5.5,4,-6.5
estimated,31252,2000023516,12,5.4,6,-6.6
estimated,31256,2000023520,17,7.0,21,-10.0
estimated,31258,2000023522,12,6.1,5,-5.9
estimated,31264,2000023529,12,6.2,4,-5.8
estimated,31270,2000023535,12,6.3,6,-5.7
estimated,31276,2000023543,12,7.9,10,-4.1
estimated,31280,2000023547,17,6.6,17,-10.4
estimated,31281,2000023548,12,7.0,5,-5.0
estimated,31285,2000023553,7.5,6.1,4,-1.4
estimated,31312,2000023580,17,5.6,8,-11.4
estimated,31317,2000023585,17,5.9,11,-11.1
estimated,31319,2000023587,12,10.5,5,-1.5
estimated,31321,2000023589,17,8.1,16,-8.9
estimated,31324,2000023592,12,6.6,6,-5.4
estimated,31340,2000023609,17,7.3,11,-9.7
estimated,31341,2000023611,17,5.5,9,-11.5
estimated,31342,2000023612,12,6.0,5,-6.0
estimated,31349,2000023619,17,8.3,17,-8.7
estimated,31356,2000023626,12,6.7,7,-5.3
estimated,31362,2000023632,12,6.3,5,-5.7
estimated,31383,2000023655,17,5.8,11,-11.2
estimated,31428,2000023703,17,7.4,11,-9.6
estimated,31435,2000023713,7.5,8.2,4,0.7
estimated,31438,2000023716,12,5.7,4,-6.3
estimated,31441,2000023719,12,6.5,7,-5.5
estimated,31445,2000023724,12,6.4,5,-5.6
estimated,31456,2000023738,7.5,6.5,4,-1.0
estimated,31457,2000023739,12,5.7,4,-6.3
estimated,31462,2000023749,12,5.5,6,-6.5
estimated,31479,2000023771,12,4.0,7,-8.0
estimated,31485,2000023777,12,6.1,6,-5.9
estimated,31496,2000023791,12,4.7,7,-7.3
estimated,31510,2000023805,24,5.4,25,-18.6
estimated,31518,2000023813,12,5.7,9,-6.3
estimated,31520,2000023815,17,3.9,12,-13.1
estimated,31529,2000023824,12,5.0,9,-7.0
estimated,31532,2000023827,12,3.5,5,-8.5
estimated,31592,2000023889,7.5,7.4,4,-0.1
estimated,31593,2000023890,7.5,7.4,4,-0.1
estimated,31598,2000023895,7.5,7.0,4,-0.5
estimated,31649,2000023946,12,8.9,4,-3.1
estimated,31656,2000023953,7.5,8.8,4,1.3
estimated,31678,2000023976,12,8.0,4,-4.0
estimated,31680,2000023978,12,7.7,4,-4.3
estimated,31702,2000024002,17,7.6,10,-9.4
estimated,31706,2000024008,17,6.2,14,-10.8
estimated,31707,2000024009,17,4.6,9,-12.4
estimated,31710,2000024013,12,5.3,6,-6.7
estimated,31719,2000024022,12,6.1,8,-5.9
estimated,31722,2000024028,12,5.6,8,-6.4
estimated,31734,2000024041,12,5.3,6,-6.7
estimated,31750,2000024060,12,4.8,5,-7.2
estimated,31751,2000024061,12,4.5,4,-7.5
estimated,31755,2000024065,12,6.6,5,-5.4
estimated,31757,2000024067,17,5.1,14,-11.9
estimated,31774,2000024087,12,6.3,5,-5.7
estimated,31780,2000024095,12,5.4,6,-6.6
estimated,31789,2000024108,12,6.0,7,-6.0
estimated,31838,2000024165,12,5.6,4,-6.4
estimated,31843,2000024171,12,5.7,5,-6.3
estimated,31848,2000024176,12,5.8,4,-6.2
estimated,31852,2000024180,12,6.1,5,-5.9
estimated,31853,2000024182,12,5.7,6,-6.3
estimated,31854,2000024183,12,4.9,7,-7.1
estimated,31856,2000024185,17,6.3,14,-10.7
estimated,31858,2000024187,12,5.0,6,-7.0
estimated,31859,2000024188,17,5.0,15,-12.0
estimated,31864,2000024193,12,5.8,4,-6.2
estimated,31882,2000024214,17,5.0,11,-12.0
estimated,31891,2000024226,12,5.2,4,-6.8
estimated,31892,2000024227,12,5.7,4,-6.3
estimated,31894,2000024229,12,6.7,4,-5.3
estimated,31895,2000024230,12,5.0,5,-7.0
estimated,31896,2000024231,12,7.3,8,-4.7
estimated,31904,2000024241,12,6.9,4,-5.1
estimated,31905,2000024242,17,6.3,8,-10.7
estimated,31908,2000024246,12,6.0,4,-6.0
estimated,31918,2000024259,12,6.9,4,-5.1
estimated,31941,2000024289,12,12.3,5,0.3
estimated,31946,2000024294,12,8.7,4,-3.3
estimated,31947,2000024295,12,7.1,5,-4.9
estimated,31953,2000024301,12,5.6,7,-6.4
estimated,31972,2000024320,12,6.0,4,-6.0
estimated,31976,2000024325,12,5.6,5,-6.4
estimated,31979,2000024328,12,6.0,5,-6.0
estimated,31980,2000024329,7.5,5.0,4,-2.5
estimated,31985,2000024336,7.5,4.8,4,-2.7
estimated,32011,2000024363,7.5,6.7,4,-0.8
estimated,32026,2000024381,12,4.9,5,-7.1
estimated,32028,2000024384,12,6.0,4,-6.0
estimated,32035,2000024391,7.5,6.5,4,-1.0
estimated,32036,2000024392,12,6.8,4,-5.2
estimated,32101,2000024460,12,11.1,8,-0.9
estimated,32110,2000024469,7.5,12.0,4,4.5
estimated,32111,2000024470,12,12.3,5,0.3
estimated,32127,2000024486,7.5,8.6,4,1.1
estimated,32141,2000024501,12,5.5,4,-6.5
estimated,32147,2000024507,12,5.8,5,-6.2
estimated,32162,2000024527,17,6.9,16,-10.1
estimated,32163,2000024528,12,12.4,6,0.4
estimated,32167,2000024536,12,14.8,4,2.8
estimated,32168,2000024537,12,15.8,4,3.8
estimated,32176,2000024545,12,5.0,7,-7.0
estimated,32178,2000024547,17,5.4,14,-11.6
estimated,32179,2000024548,12,4.9,11,-7.1
estimated,32180,2000024549,17,4.9,13,-12.1
estimated,32181,2000024550,12,4.8,6,-7.2
estimated,32184,2000024553,17,5.6,16,-11.4
estimated,32185,2000024554,12,6.3,11,-5.7
estimated,32190,2000024559,12,5.6,9,-6.4
estimated,32204,2000024573,12,8.3,6,-3.7
estimated,32208,2000024577,12,5.9,4,-6.1
estimated,32216,2000024585,12,6.6,5,-5.4
estimated,32227,2000024596,12,7.6,4,-4.4
estimated,32233,2000024602,7.5,5.8,4,-1.7
estimated,32240,2000024609,12,6.0,4,-6.0
estimated,32241,2000024610,12,5.5,5,-6.5
estimated,32242,2000024611,12,6.9,5,-5.1
estimated,32262,2000024631,12,5.3,6,-6.7
estimated,32272,2000024641,12,5.4,4,-6.6
estimated,32276,2000024646,12,5.6,4,-6.4
estimated,32292,2000024662,12,7.5,7,-4.5
estimated,32294,2000024665,17,14.4,12,-2.6
estimated,32295,2000024666,12,12.0,4,0.0
estimated,32297,2000024668,12,14.9,9,2.9
estimated,32298,2000024669,12,16.0,5,4.0
estimated,32300,2000024671,17,11.8,30,-5.2
estimated,32301,2000024672,24,13.3,49,-10.7
estimated,32302,2000024673,17,15.6,21,-1.4
estimated,32303,2000024674,17,11.1,15,-5.9
estimated,32305,2000024676,7.5,13.5,4,6.0
estimated,32306,2000024677,12,13.6,4,1.6
estimated,32307,2000024678,12,13.7,4,1.7
estimated,32311,2000024682,12,13.7,4,1.7
estimated,32314,2000024685,17,12.6,9,-4.4
estimated,32317,2000024688,12,9.8,6,-2.2
estimated,32319,2000024690,12,22.0,7,10.0
estimated,32338,2000024709,12,6.2,4,-5.8
estimated,32341,2000024712,12,7.6,4,-4.4
estimated,32365,2000024737,7.5,6.9,4,-0.6
estimated,32368,2000024740,12,7.1,8,-4.9
estimated,32378,2000024750,12,9.0,6,-3.0
estimated,32388,2000024760,7.5,8.2,4,0.7
estimated,32393,2000024765,7.5,9.7,4,2.2
estimated,32397,2000024769,17,7.3,7,-9.7
estimated,32398,2000024770,12,8.4,5,-3.6
estimated,32399,2000024771,12,9.1,4,-2.9
estimated,32409,2000024781,12,7.0,6,-5.0
estimated,32416,2000024788,12,8.3,5,-3.7
estimated,32419,2000024791,12,9.2,5,-2.8
estimated,32426,2000024798,12,9.9,4,-2.1
estimated,32438,2000024811,12,13.3,5,1.3
estimated,32443,2000024816,12,15.1,8,3.1
estimated,32444,2000024817,12,16.1,4,4.1
estimated,32445,2000024818,12,16.0,5,4.0
estimated,32461,2000024834,12,10.0,5,-2.0
estimated,32465,2000024838,12,14.3,8,2.3
estimated,32473,2000024847,12,13.7,5,1.7
estimated,32477,2000024851,12,8.5,5,-3.5
estimated,32479,2000024853,12,6.9,5,-5.1
estimated,32480,2000024854,12,11.9,5,-0.1
estimated,32482,2000024856,12,8.7,6,-3.3
estimated,32485,2000024859,12,7.5,6,-4.5
estimated,32495,2000024869,7.5,6.2,4,-1.3
estimated,32497,2000024871,7.5,6.5,4,-1.0
estimated,32498,2000024872,12,6.1,8,-5.9
estimated,32501,2000024875,12,5.9,6,-6.1
estimated,32563,2000024938,12,6.7,8,-5.3
estimated,32564,2000024939,12,5.6,5,-6.4
estimated,32578,2000024953,7.5,9.0,4,1.5
estimated,32581,2000024956,12,10.7,4,-1.3
estimated,32585,2000024960,12,10.7,4,-1.3
estimated,32594,2000024969,12,14.7,8,2.7
estimated,32595,2000024970,12,11.4,4,-0.6
estimated,32609,2000024984,12,8.6,5,-3.4
estimated,32614,2000024990,12,13.3,4,1.3
estimated,32616,2000024992,12,11.4,5,-0.6
estimated,32618,2000024994,17,11.4,16,-5.6
estimated,32619,2000024995,12,8.4,4,-3.6
estimated,32620,2000024996,7.5,11.7,4,4.2
estimated,32623,2000024999,12,6.7,6,-5.3
estimated,32625,2000025001,7.5,11.8,4,4.3
estimated,32627,2000025003,17,13.4,12,-3.6
estimated,32628,2000025004,17,15.3,14,-1.7
estimated,32629,2000025005,12,13.7,10,1.7
estimated,32631,2000025007,12,9.3,6,-2.7
estimated,32636,2000025012,12,11.2,5,-0.8
estimated,32638,2000025014,17,17.2,14,0.2
estimated,32648,2000025025,17,7.6,13,-9.4
estimated,32650,2000025027,12,6.2,5,-5.8
estimated,32659,2000025036,12,9.9,4,-2.1
estimated,32661,2000025038,12,9.0,4,-3.0
estimated,32666,2000025043,7.5,7.5,4,0.0
estimated,32688,2000025065,12,12.3,4,0.3
estimated,32698,2000025075,12,16.4,4,4.4
estimated,32701,2000025078,12,15.6,6,3.6
estimated,32703,2000025080,12,10.6,4,-1.4
estimated,32706,2000025083,7.5,8.6,4,1.1
estimated,32708,2000025085,12,8.6,4,-3.4
estimated,32712,2000025089,7.5,10.6,5,3.1
estimated,32730,2000025107,12,10.7,7,-1.3
estimated,32764,2000025142,12,7.5,7,-4.5
estimated,32817,2000025196,12,5.2,5,-6.8
estimated,32833,2000025212,12,8.6,5,-3.4
estimated,32834,2000025213,17,7.0,10,-10.0
estimated,32844,2000025223,12,8.1,4,-3.9
estimated,32846,2000025225,12,11.4,4,-0.6
estimated,32847,2000025226,12,8.0,7,-4.0
estimated,32850,2000025229,12,6.5,4,-5.5
estimated,32861,2000025240,12,8.3,4,-3.7
estimated,32867,2000025246,12,6.0,7,-6.0
estimated,32868,2000025247,12,6.2,8,-5.8
estimated,32872,2000025251,17,6.2,21,-10.8
estimated,32873,2000025252,12,7.6,4,-4.4
estimated,32878,2000025257,12,5.6,4,-6.4
estimated,32879,2000025258,12,5.4,5,-6.6
estimated,32882,2000025261,12,7.8,6,-4.2
estimated,32883,2000025262,12,9.8,5,-2.2
estimated,32885,2000025264,12,9.4,4,-2.6
estimated,32889,2000025268,12,8.1,7,-3.9
estimated,32894,2000025273,12,11.4,4,-0.6
estimated,32896,2000025275,17,9.8,10,-7.2
estimated,32899,2000025278,12,10.0,5,-2.0
estimated,32903,2000025282,12,6.1,4,-5.9
estimated,32907,2000025287,12,9.3,5,-2.7
estimated,32909,2000025289,12,10.7,6,-1.3
estimated,32913,2000025294,12,9.3,5,-2.7
estimated,32920,2000025301,12,11.3,8,-0.7
estimated,32921,2000025302,12,9.8,4,-2.2
estimated,32927,2000025308,12,17.0,7,5.0
estimated,32944,2000025325,7.5,6.0,4,-1.5
estimated,32945,2000025326,12,7.1,7,-4.9
estimated,32947,2000025328,12,5.8,4,-6.2
estimated,32968,2000025350,7.5,16.0,4,8.5
estimated,32971,2000025353,12,14.0,5,2.0
estimated,32987,2000025373,12,8.2,6,-3.8
estimated,32988,2000025377,12,5.7,10,-6.3
estimated,32989,2000025378,12,7.2,5,-4.8
estimated,32990,2000025379,12,9.1,8,-2.9
estimated,32992,2000025381,12,13.2,7,1.2
estimated,32994,2000025384,12,8.3,6,-3.7
estimated,32996,2000025386,12,7.4,7,-4.6
estimated,33007,2000025398,12,6.4,6,-5.6
estimated,33016,2000025407,12,7.1,7,-4.9
estimated,33023,2000025419,12,8.3,5,-3.7
estimated,33024,2000025420,12,7.9,9,-4.1
estimated,33025,2000025421,12,11.8,4,-0.2
estimated,33027,2000025425,12,5.3,5,-6.7
estimated,33050,2000025448,12,4.9,4,-7.1
estimated,33051,2000025449,12,5.5,7,-6.5
estimated,33077,2000025475,12,6.8,4,-5.2
estimated,33083,2000025481,12,5.9,4,-6.1
estimated,33095,2000025493,12,4.4,5,-7.6
estimated,33100,2000025498,12,4.8,4,-7.2
estimated,33106,2000025504,12,5.0,4,-7.0
estimated,33109,2000025507,7.5,4.5,4,-3.0
estimated,33139,2000025540,12,4.3,4,-7.7
estimated,33153,2000025554,12,4.1,4,-7.9
estimated,33168,2000025572,12,3.9,4,-8.1
estimated,33170,2000025574,12,4.9,4,-7.1
estimated,33171,2000025575,12,5.5,4,-6.5
estimated,33182,2000025594,12,11.0,4,-1.0
estimated,33184,2000025596,12,13.2,4,1.2
estimated,33185,2000025597,12,12.5,4,0.5
estimated,33194,2000025616,12,13.2,5,1.2
estimated,33195,2000025617,17,17.4,9,0.4
estimated,33215,2000025645,12,9.1,8,-2.9
estimated,33216,2000025646,12,6.7,5,-5.3
estimated,33218,2000025648,7.5,7.1,4,-0.4
estimated,33225,2000025655,12,6.9,9,-5.1
estimated,33236,2000025666,12,5.5,7,-6.5
estimated,33239,2000025669,17,9.3,26,-7.7
estimated,33244,2000025674,17,11.2,18,-5.8
estimated,33247,2000025677,12,12.7,6,0.7
estimated,33249,2000025679,12,12.9,8,0.9
estimated,33250,2000025680,12,14.0,4,2.0
estimated,33259,2000025692,17,6.7,12,-10.3
estimated,33263,2000025696,12,5.3,8,-6.7
estimated,33264,2000025698,12,5.1,4,-6.9
estimated,33274,2000025712,12,13.5,5,1.5
estimated,33282,2000025722,12,10.4,6,-1.6
estimated,33286,2000025727,12,6.4,4,-5.6
estimated,33318,2000025769,17,8.5,11,-8.5
estimated,33321,2000025772,12,8.2,6,-3.8
estimated,33324,2000025775,12,11.2,5,-0.8
estimated,33325,2000025776,12,11.3,6,-0.7
estimated,33333,2000025784,12,6.7,7,-5.3
estimated,33336,2000025787,12,6.4,7,-5.6
estimated,33339,2000025790,12,7.2,7,-4.8
estimated,33342,2000025793,12,12.5,5,0.5
estimated,33350,2000025801,24,9.0,62,-15.0
estimated,33357,2000025809,12,12.5,6,0.5
estimated,33373,2000025828,17,9.0,35,-8.0
estimated,33381,2000025837,12,14.5,8,2.5
estimated,33386,2000025843,17,8.0,11,-9.0
estimated,33388,2000025846,12,7.3,5,-4.7
estimated,33390,2000025848,12,11.3,8,-0.7
estimated,33397,2000025859,12,9.3,7,-2.7
estimated,33416,2000025883,12,10.2,4,-1.8
estimated,33421,2000025892,12,11.0,6,-1.0
estimated,33431,2000025902,12,12.1,7,0.1
estimated,33444,2000025919,12,11.6,4,-0.4
estimated,33448,2000025924,12,15.2,6,3.2
estimated,33468,2000025962,12,9.2,4,-2.8
estimated,33493,2000025999,12,6.9,5,-5.1
estimated,33500,2000026015,12,7.2,6,-4.8
estimated,33513,2000026033,12,5.1,4,-6.9
estimated,33550,2000026087,12,6.5,8,-5.5
estimated,33556,2000026094,12,7.4,6,-4.6
estimated,33563,2000026107,12,6.2,4,-5.8
estimated,33580,2000026127,12,5.6,4,-6.4
estimated,33583,2000026130,7.5,6.0,4,-1.5
estimated,33585,2000026133,12,10.1,9,-1.9
estimated,33588,2000026138,17,9.3,10,-7.7
estimated,33592,2000026143,12,7.2,4,-4.8
estimated,33642,2000026208,12,5.9,4,-6.1
estimated,33653,2000026220,17,6.6,19,-10.4
estimated,33656,2000026223,12,11.0,6,-1.0
estimated,33658,2000026225,12,8.1,5,-3.9
estimated,33662,2000026233,12,8.4,7,-3.6
estimated,33663,2000026237,12,8.0,4,-4.0
estimated,33680,2000026259,12,4.8,4,-7.2
estimated,33685,2000026264,12,7.2,4,-4.8
estimated,33689,2000026268,12,8.6,4,-3.4
estimated,33700,2000026284,17,5.6,7,-11.4
estimated,33701,2000026285,12,6.4,9,-5.6
estimated,33707,2000026291,12,4.8,4,-7.2
estimated,33736,2000026328,7.5,8.8,4,1.3
estimated,33737,2000026329,7.5,11.1,4,3.6
estimated,33776,2000026369,12,6.8,4,-5.2
estimated,33783,2000026376,7.5,7.1,4,-0.4
estimated,33815,2000026408,12,7.0,5,-5.0
estimated,33822,2000026415,12,6.4,6,-5.6
estimated,33827,2000026420,17,6.3,14,-10.7
estimated,33828,2000026421,17,5.3,19,-11.7
estimated,33831,2000026424,12,6.6,4,-5.4
estimated,33837,2000026430,12,5.7,5,-6.3
estimated,33845,2000026438,12,6.3,5,-5.7
estimated,33851,2000026444,7.5,7.0,4,-0.5
estimated,33859,2000026452,12,6.5,10,-5.5
estimated,33860,2000026453,12,7.0,4,-5.0
estimated,33867,2000026460,12,8.5,6,-3.5
estimated,33874,2000026471,12,8.0,6,-4.0
estimated,33879,2000026476,12,9.1,4,-2.9
estimated,33880,2000026477,17,11.6,25,-5.4
estimated,33885,2000026482,12,8.1,4,-3.9
estimated,33888,2000026485,12,9.3,5,-2.7
estimated,33891,2000026488,12,12.5,4,0.5
estimated,33892,2000026489,12,12.1,6,0.1
estimated,33894,2000026491,12,10.7,4,-1.3
estimated,33904,2000026503,7.5,10.6,4,3.1
estimated,33907,2000026506,12,10.6,4,-1.4
estimated,33910,2000026513,12,9.6,4,-2.4
estimated,33911,2000026515,12,8.0,5,-4.0
estimated,33913,2000026519,12,11.1,10,-0.9
estimated,33914,2000026521,17,28.8,12,11.8
estimated,33919,2000026527,17,12.5,36,-4.5
estimated,33920,2000026528,17,10.8,22,-6.2
estimated,33931,2000026544,12,13.9,4,1.9
estimated,33933,2000026546,12,13.4,5,1.4
estimated,33934,2000026547,12,13.5,4,1.5
estimated,33940,2000026553,12,10.7,4,-1.3
estimated,33949,2000026563,12,6.7,4,-5.3
estimated,33952,2000026566,12,5.4,4,-6.6
estimated,33956,2000026576,12,6.9,5,-5.1
estimated,33961,2000026583,12,7.4,10,-4.6
estimated,33965,2000026588,12,6.9,6,-5.1
estimated,33966,2000026589,12,8.1,7,-3.9
estimated,33971,2000026596,12,7.4,4,-4.6
estimated,33973,2000026598,12,7.0,5,-5.0
estimated,33974,2000026599,12,6.8,5,-5.2
estimated,33977,2000026602,12,9.1,5,-2.9
estimated,33980,2000026606,12,7.4,4,-4.6
estimated,33983,2000026613,17,7.5,14,-9.5
estimated,33984,2000026614,17,7.4,16,-9.6
estimated,33990,2000026623,12,15.3,8,3.3
estimated,33991,2000026624,12,15.7,6,3.7
estimated,33992,2000026626,17,12.1,11,-4.9
estimated,33997,2000026631,17,17.7,19,0.7
estimated,33998,2000026632,12,13.6,8,1.6
estimated,34002,2000026636,12,16.2,4,4.2
estimated,34003,2000026637,12,7.2,6,-4.8
estimated,34015,2000026652,12,5.7,8,-6.3
estimated,34016,2000026653,24,5.9,45,-18.1
estimated,34057,2000026710,12,8.1,8,-3.9
estimated,34062,2000026715,12,6.5,8,-5.5
estimated,34063,2000026716,17,6.3,14,-10.7
estimated,34065,2000026718,12,4.8,6,-7.2
estimated,34074,2000026727,12,5.4,5,-6.6
estimated,34076,2000026729,12,6.2,4,-5.8
estimated,34077,2000026730,7.5,8.2,4,0.7
estimated,34080,2000026733,12,7.3,5,-4.7
estimated,34081,2000026734,12,9.7,8,-2.3
estimated,34082,2000026735,12,8.1,8,-3.9
estimated,34084,2000026737,17,7.0,21,-10.0
estimated,34087,2000026743,24,17.5,70,-6.5
estimated,34089,2000026747,17,8.5,17,-8.5
estimated,34095,2000026753,12,5.4,7,-6.6
estimated,34097,2000026755,12,7.2,8,-4.8
estimated,34098,2000026757,12,5.5,5,-6.5
estimated,34100,2000026759,17,5.4,18,-11.6
estimated,34101,2000026760,12,5.3,6,-6.7
estimated,34103,2000026762,12,6.2,6,-5.8
estimated,34104,2000026763,7.5,8.4,4,0.9
estimated,34105,2000026764,12,7.6,6,-4.4
estimated,34113,2000026772,12,6.5,4,-5.5
estimated,34114,2000026773,12,6.5,9,-5.5
estimated,34115,2000026774,12,7.3,9,-4.7
estimated,34116,2000026775,17,6.9,9,-10.1
estimated,34119,2000026778,12,6.2,4,-5.8
estimated,34124,2000026783,17,7.4,18,-9.6
estimated,34127,2000026786,7.5,7.7,4,0.2
estimated,34136,2000026795,7.5,6.6,4,-0.9
estimated,34138,2000026797,12,8.4,5,-3.6
estimated,34145,2000026804,12,8.8,5,-3.2
estimated,34150,2000026809,12,14.3,10,2.3
estimated,34152,2000026811,12,4.8,5,-7.2
estimated,34158,2000026818,12,6.3,7,-5.7
estimated,34160,2000026820,17,6.9,10,-10.1
estimated,34162,2000026822,12,6.7,10,-5.3
estimated,34169,2000026829,12,6.0,8,-6.0
estimated,34172,2000026832,12,5.5,7,-6.5
estimated,34181,2000026842,12,9.1,6,-2.9
estimated,34187,2000026849,12,5.9,4,-6.1
estimated,34188,2000026850,24,6.5,39,-17.5
estimated,34198,2000026862,7.5,8.3,4,0.8
estimated,34199,2000026863,12,9.2,5,-2.8
estimated,34203,2000026867,17,7.5,44,-9.5
estimated,34209,2000026873,12,5.7,10,-6.3
estimated,34211,2000026875,17,6.0,29,-11.0
estimated,34212,2000026876,12,10.0,4,-2.0
estimated,34213,2000026877,12,7.4,8,-4.6
estimated,34214,2000026878,24,8.7,44,-15.3
estimated,34217,2000026881,12,7.4,6,-4.6
estimated,34226,2000026892,12,8.6,5,-3.4
estimated,34230,2000026896,7.5,5.7,4,-1.8
estimated,34235,2000026901,24,9.3,108,-14.7
estimated,34236,2000026902,17,6.0,14,-11.0
estimated,34238,2000026904,7.5,5.5,4,-2.0
estimated,34240,2000026906,12,6.0,5,-6.0
estimated,34241,2000026907,12,6.0,8,-6.0
estimated,34243,2000026909,17,5.7,15,-11.3
estimated,34244,2000026910,12,6.1,4,-5.9
estimated,34245,2000026911,12,6.1,7,-5.9
estimated,34247,2000026913,17,6.5,16,-10.5
estimated,34251,2000026917,12,7.0,10,-5.0
estimated,34252,2000026918,17,16.0,13,-1.0
estimated,34253,2000026919,7.5,10.0,4,2.5
estimated,34255,2000026921,12,5.0,4,-7.0
estimated,34257,2000026923,17,10.2,11,-6.8
estimated,34264,2000026931,12,5.7,9,-6.3
estimated,34272,2000026939,12,6.5,10,-5.5
estimated,34275,2000026942,7.5,12.0,4,4.5
estimated,34276,2000026943,12,7.5,7,-4.5
estimated,34277,2000026944,12,7.5,5,-4.5
estimated,34282,2000026949,7.5,7.0,4,-0.5
estimated,34284,2000026951,12,9.9,4,-2.1
estimated,34287,2000026954,7.5,14.1,4,6.6
estimated,34289,2000026956,12,15.4,5,3.4
estimated,34290,2000026957,17,14.6,17,-2.4
estimated,34291,2000026958,12,11.6,5,-0.4
estimated,34292,2000026959,12,12.8,5,0.8
estimated,34294,2000026961,12,11.2,4,-0.8
estimated,34295,2000026962,17,7.8,14,-9.2
estimated,34296,2000026963,17,11.8,23,-5.2
estimated,34299,2000026966,17,9.9,23,-7.1
estimated,34301,2000026968,12,14.0,8,2.0
estimated,34308,2000026976,17,7.1,22,-9.9
estimated,34310,2000026978,12,7.0,4,-5.0
estimated,34311,2000026979,17,9.5,16,-7.5
estimated,34313,2000026981,17,6.2,7,-10.8
estimated,34318,2000026986,12,7.6,6,-4.4
estimated,34320,2000026988,17,6.4,12,-10.6
estimated,34322,2000026990,7.5,10.3,4,2.8
estimated,34323,2000026991,17,7.8,9,-9.2
estimated,34324,2000026994,12,8.4,4,-3.6
estimated,34333,2000027006,12,11.2,8,-0.8
estimated,34335,2000027008,12,6.3,4,-5.7
estimated,34348,2000027023,12,8.4,5,-3.6
estimated,34350,2000027025,7.5,14.4,4,6.9
estimated,34360,2000027040,12,7.6,5,-4.4
estimated,34364,2000027045,12,6.4,6,-5.6
estimated,34365,2000027046,17,6.2,10,-10.8
estimated,34367,2000027048,7.5,7.7,4,0.2
estimated,34372,2000027053,12,8.3,5,-3.7
estimated,34373,2000027054,17,9.1,15,-7.9
estimated,34375,2000027056,12,9.6,7,-2.4
estimated,34376,2000027057,7.5,10.9,4,3.4
estimated,34378,2000027059,12,11.2,7,-0.8
estimated,34386,2000027068,12,5.5,6,-6.5
estimated,34389,2000027072,12,7.2,7,-4.8
estimated,34396,2000027079,12,7.7,4,-4.3
estimated,34399,2000027082,12,8.6,11,-3.4
estimated,34401,2000027085,17,11.4,28,-5.6
estimated,34404,2000027088,7.5,7.1,4,-0.4
estimated,34405,2000027089,12,7.8,7,-4.2
estimated,34414,2000027098,12,5.9,4,-6.1
estimated,34422,2000027106,17,5.2,12,-11.8
estimated,34425,2000027109,12,6.6,5,-5.4
estimated,34426,2000027110,24,6.1,55,-17.9
estimated,34449,2000027134,24,5.9,34,-18.1
estimated,34451,2000027136,12,7.4,4,-4.6
estimated,34474,2000027160,7.5,7.1,4,-0.4
estimated,34486,2000027172,17,9.2,12,-7.8
estimated,34487,2000027173,17,8.3,16,-8.7
estimated,34490,2000027177,12,5.2,6,-6.8
estimated,34496,2000027184,17,5.4,17,-11.6
estimated,34500,2000027189,7.5,5.2,4,-2.3
estimated,34508,2000027197,12,8.5,7,-3.5
estimated,34512,2000027201,17,6.3,17,-10.7
estimated,34513,2000027202,12,7.6,10,-4.4
estimated,34516,2000027205,12,10.6,8,-1.4
estimated,34517,2000027206,12,8.7,9,-3.3
estimated,34526,2000027215,12,11.0,9,-1.0
estimated,34527,2000027216,12,16.0,5,4.0
estimated,34536,2000027225,17,9.2,14,-7.8
estimated,34544,2000027233,12,13.3,4,1.3
estimated,34546,2000027235,12,10.2,5,-1.8
estimated,34547,2000027236,12,11.8,6,-0.2
estimated,34549,2000027239,12,10.6,5,-1.4
estimated,34560,2000027250,17,7.5,9,-9.5
estimated,34566,2000027256,12,6.9,8,-5.1
estimated,34567,2000027257,12,8.5,4,-3.5
estimated,34571,2000027261,12,7.0,5,-5.0
estimated,34572,2000027262,17,6.3,12,-10.7
estimated,34573,2000027263,17,5.3,11,-11.7
estimated,34574,2000027264,12,5.1,9,-6.9
estimated,34577,2000027267,12,5.4,6,-6.6
estimated,34579,2000027269,17,5.8,21,-11.2
estimated,34581,2000027271,12,5.8,5,-6.2
estimated,34582,2000027272,12,5.2,4,-6.8
estimated,34584,2000027274,12,7.3,5,-4.7
estimated,34588,2000027278,24,5.9,46,-18.1
estimated,34590,2000027280,12,5.2,5,-6.8
estimated,34593,2000027283,12,7.3,11,-4.7
estimated,34594,2000027284,17,6.2,20,-10.8
estimated,34595,2000027285,12,8.3,7,-3.7
estimated,34596,2000027286,12,9.4,4,-2.6
estimated,34597,2000027287,7.5,9.0,4,1.5
estimated,34603,2000027293,17,7.8,16,-9.2
estimated,34604,2000027294,7.5,10.2,4,2.7
estimated,34610,2000027300,12,6.8,4,-5.2
estimated,34615,2000027305,17,7.2,17,-9.8
estimated,34616,2000027306,17,7.5,27,-9.5
estimated,34621,2000027311,12,6.5,4,-5.5
estimated,34629,2000027319,12,6.0,6,-6.0
estimated,34630,2000027320,12,6.1,7,-5.9
estimated,34635,2000027325,17,5.4,16,-11.6
estimated,34641,2000027331,12,5.5,6,-6.5
estimated,34643,2000027333,17,5.4,11,-11.6
estimated,34644,2000027334,12,5.4,8,-6.6
estimated,34646,2000027336,17,4.7,9,-12.3
estimated,34647,2000027337,17,4.7,12,-12.3
estimated,34649,2000027339,17,4.9,32,-12.1
estimated,34651,2000027341,17,6.9,13,-10.1
estimated,34652,2000027342,17,6.2,11,-10.8
estimated,34654,2000027344,17,6.4,13,-10.6
estimated,34689,2000027379,12,5.8,4,-6.2
estimated,34690,2000027380,12,5.5,5,-6.5
estimated,34698,2000027388,12,5.1,4,-6.9
estimated,34701,2000027391,12,7.0,5,-5.0
estimated,34702,2000027392,12,5.8,5,-6.2
estimated,34703,2000027393,17,5.9,11,-11.1
estimated,34704,2000027394,12,4.9,6,-7.1
estimated,34707,2000027397,17,6.0,7,-11.0
estimated,34711,2000027401,17,6.9,10,-10.1
estimated,34712,2000027402,12,6.3,4,-5.7
estimated,34721,2000027411,12,7.6,4,-4.4
estimated,34726,2000027416,17,8.0,12,-9.0
estimated,34727,2000027417,12,8.2,4,-3.8
estimated,34728,2000027418,12,8.1,6,-3.9
estimated,34730,2000027420,12,7.3,5,-4.7
estimated,34734,2000027424,12,6.0,5,-6.0
estimated,34736,2000027426,12,10.4,5,-1.6
estimated,34737,2000027427,12,8.0,5,-4.0
estimated,34739,2000027429,12,12.7,7,0.7
estimated,34741,2000027431,17,12.3,10,-4.7
estimated,34742,2000027432,17,11.6,7,-5.4
estimated,34744,2000027434,17,9.3,24,-7.7
estimated,34749,2000027439,12,7.0,7,-5.0
estimated,34759,2000027449,17,8.9,24,-8.1
estimated,34763,2000027453,12,7.2,4,-4.8
estimated,34764,2000027454,12,9.1,6,-2.9
estimated,34768,2000027458,12,7.9,6,-4.1
estimated,34769,2000027459,12,8.1,4,-3.9
estimated,34771,2000027461,17,6.0,15,-11.0
estimated,34774,2000027464,12,7.1,9,-4.9
estimated,34775,2000027465,17,9.4,10,-7.6
estimated,34776,2000027466,17,10.6,13,-6.4
estimated,34777,2000027467,12,7.3,4,-4.7
estimated,34785,2000027475,17,6.7,13,-10.3
estimated,34790,2000027480,12,7.5,4,-4.5
estimated,34791,2000027481,17,8.1,22,-8.9
estimated,34795,2000027485,12,9.1,7,-2.9
estimated,34796,2000027486,17,7.7,16,-9.3
estimated,34799,2000027489,24,6.4,69,-17.6
estimated,34801,2000027491,17,6.9,11,-10.1
estimated,34802,2000027492,17,7.2,20,-9.8
estimated,34805,2000027495,17,7.3,12,-9.7
estimated,34806,2000027496,12,6.7,10,-5.3
estimated,34808,2000027498,12,5.9,8,-6.1
estimated,34812,2000027502,12,8.3,7,-3.7
estimated,34815,2000027505,12,6.8,4,-5.2
estimated,34829,2000027519,12,7.6,6,-4.4
estimated,34831,2000027521,17,6.9,18,-10.1
estimated,34865,2000027555,7.5,7.5,4,-0.0
estimated,34877,2000027567,12,7.4,4,-4.6
estimated,34884,2000027574,12,5.8,4,-6.2
estimated,34890,2000027580,12,5.3,5,-6.7
estimated,34893,2000027583,12,6.0,5,-6.0
estimated,34897,2000027587,7.5,5.4,4,-2.1
estimated,34903,2000027593,12,5.3,5,-6.7
estimated,34907,2000027597,12,4.9,4,-7.1
estimated,34910,2000027600,12,5.1,5,-6.9
estimated,34925,2000027615,12,5.7,5,-6.3
estimated,34947,2000027637,12,8.0,6,-4.0
estimated,34948,2000027638,12,6.6,4,-5.4
estimated,34949,2000027639,12,6.6,6,-5.4
estimated,34958,2000027648,12,5.7,4,-6.3
estimated,34986,2000027676,12,4.7,4,-7.3
estimated,34996,2000027686,12,6.7,5,-5.3
estimated,34999,2000027689,17,6.2,16,-10.8
estimated,35017,2000027707,17,7.4,39,-9.6
estimated,35019,2000027710,24,6.1,58,-17.9
estimated,35021,2000027712,17,6.7,21,-10.3
estimated,35023,2000027714,12,7.6,7,-4.4
estimated,35027,2000027718,12,5.4,7,-6.6
estimated,35032,2000027723,12,7.1,5,-4.9
estimated,35034,2000027725,24,6.6,69,-17.4
estimated,35035,2000027726,17,6.2,9,-10.8
estimated,35036,2000027727,12,6.2,9,-5.8
estimated,35038,2000027729,12,5.2,5,-6.8
estimated,35045,2000027736,12,4.8,6,-7.2
estimated,35046,2000027737,12,6.5,5,-5.5
estimated,35048,2000027739,24,5.9,42,-18.1
estimated,35054,2000027745,17,5.7,8,-11.3
estimated,35056,2000027747,17,7.0,7,-10.0
estimated,35059,2000027750,24,6.4,36,-17.6
estimated,35061,2000027752,12,5.9,4,-6.1
estimated,35062,2000027753,12,5.5,9,-6.5
estimated,35063,2000027754,12,7.3,4,-4.7
estimated,35065,2000027756,17,5.9,12,-11.1
estimated,35066,2000027757,12,5.7,5,-6.3
estimated,35067,2000027758,17,6.2,16,-10.8
estimated,35069,2000027760,12,8.3,5,-3.7
estimated,35071,2000027762,12,6.3,4,-5.7
estimated,35072,2000027763,12,5.1,5,-6.9
estimated,35073,2000027764,12,5.3,5,-6.7
estimated,35076,2000027767,12,4.4,6,-7.6
estimated,35077,2000027768,12,5.9,4,-6.1
estimated,35081,2000027772,12,6.2,6,-5.8
estimated,35082,2000027773,12,5.8,9,-6.2
estimated,35083,2000027774,12,6.4,10,-5.6
estimated,35091,2000027782,12,4.7,8,-7.3
estimated,35101,2000027792,7.5,5.3,4,-2.2
estimated,35102,2000027793,12,5.2,5,-6.8
estimated,35104,2000027795,17,6.6,16,-10.4
estimated,35105,2000027796,12,6.5,4,-5.5
estimated,35109,2000027800,12,6.6,5,-5.4
estimated,35117,2000027808,17,4.5,10,-12.5
estimated,35119,2000027810,12,5.5,4,-6.5
estimated,35120,2000027811,24,5.9,44,-18.1
estimated,35124,2000027815,12,6.1,4,-5.9
estimated,35126,2000027817,17,6.8,15,-10.2
estimated,35127,2000027818,12,7.9,5,-4.1
estimated,35128,2000027819,12,5.3,6,-6.7
estimated,35129,2000027820,12,5.1,10,-6.9
estimated,35131,2000027822,17,6.0,17,-11.0
estimated,35133,2000027824,12,5.7,6,-6.3
estimated,35136,2000027827,12,4.7,7,-7.3
estimated,35137,2000027828,12,4.9,4,-7.1
estimated,35139,2000027830,12,5.2,5,-6.8
estimated,35140,2000027831,12,5.9,9,-6.1
estimated,35141,2000027832,17,5.4,12,-11.6
estimated,35143,2000027834,12,4.5,6,-7.5
estimated,35151,2000027842,12,5.6,4,-6.4
estimated,35152,2000027843,12,5.3,8,-6.7
estimated,35156,2000027847,12,6.5,5,-5.5
estimated,35158,2000027849,12,6.8,6,-5.2
estimated,35163,2000027854,17,7.4,15,-9.6
estimated,35164,2000027855,12,7.2,4,-4.8
estimated,35166,2000027857,12,7.1,6,-4.9
estimated,35167,2000027858,12,6.5,6,-5.5
estimated,35173,2000027864,12,5.1,6,-6.9
estimated,35174,2000027865,12,5.5,5,-6.5
estimated,35176,2000027867,12,6.0,7,-6.0
estimated,35178,2000027869,12,6.2,5,-5.8
estimated,35180,2000027871,7.5,6.5,4,-1.0
estimated,35181,2000027872,12,6.5,7,-5.5
estimated,35182,2000027873,12,6.9,12,-5.1
estimated,35183,2000027874,12,6.9,5,-5.1
estimated,35186,2000027877,12,5.3,8,-6.7
estimated,35187,2000027878,17,5.5,11,-11.5
estimated,35189,2000027880,12,7.3,8,-4.7
estimated,35202,2000027893,7.5,7.0,4,-0.5
estimated,35204,2000027895,12,7.1,4,-4.9
estimated,35207,2000027898,12,6.4,4,-5.6
estimated,35212,2000027903,12,6.8,6,-5.2
estimated,35213,2000027904,17,7.3,19,-9.7
estimated,35218,2000027909,17,5.8,8,-11.2
estimated,35226,2000027917,17,5.7,24,-11.3
estimated,35229,2000027920,12,5.6,4,-6.4
estimated,35230,2000027921,7.5,5.6,4,-1.9
estimated,35231,2000027922,17,8.0,12,-9.0
estimated,35232,2000027923,17,5.6,7,-11.4
estimated,35236,2000027927,12,6.3,7,-5.7
estimated,35242,2000027933,12,10.1,6,-1.9
estimated,35243,2000027934,12,5.9,5,-6.1
estimated,35249,2000027940,17,6.0,11,-11.0
estimated,35250,2000027941,24,7.6,56,-16.4
estimated,35255,2000027946,7.5,7.1,4,-0.4
estimated,35258,2000027949,12,6.4,5,-5.6
estimated,35261,2000027952,17,6.2,12,-10.8
estimated,35269,2000027960,12,6.5,9,-5.5
estimated,35272,2000027963,12,7.8,7,-4.2
estimated,35273,2000027964,12,5.5,7,-6.5
estimated,35274,2000027965,12,5.9,4,-6.1
estimated,35276,2000027968,12,6.3,6,-5.7
estimated,35280,2000027972,12,4.8,5,-7.2
estimated,35281,2000027973,12,5.4,5,-6.6
estimated,35282,2000027974,12,6.0,5,-6.0
estimated,35290,2000027982,17,5.4,12,-11.6
estimated,35291,2000027983,7.5,4.7,4,-2.8
estimated,35292,2000027984,12,5.6,8,-6.4
estimated,35293,2000027985,12,5.2,6,-6.8
estimated,35295,2000027987,17,5.0,11,-12.0
estimated,35302,2000027994,12,8.1,7,-3.9
estimated,35304,2000027996,24,9.6,37,-14.4
estimated,35305,2000027997,17,9.9,17,-7.1
estimated,35309,2000028001,12,5.4,7,-6.6
estimated,35311,2000028003,12,9.2,6,-2.8
estimated,35314,2000028006,12,6.5,6,-5.5
estimated,35315,2000028007,12,6.5,4,-5.5
estimated,35316,2000028008,12,6.1,6,-5.9
estimated,35319,2000028011,7.5,6.2,4,-1.3
estimated,35320,2000028012,12,9.5,6,-2.5
estimated,35323,2000028015,7.5,7.8,4,0.3
estimated,35325,2000028017,12,7.5,5,-4.5
estimated,35328,2000028021,12,7.6,6,-4.4
estimated,35329,2000028022,7.5,6.3,5,-1.2
estimated,35331,2000028024,12,6.5,4,-5.5
estimated,35333,2000028026,12,7.3,6,-4.7
estimated,35335,2000028028,12,6.5,13,-5.5
estimated,35340,2000028033,12,6.8,4,-5.2
estimated,35341,2000028034,12,6.7,6,-5.3
estimated,35342,2000028035,12,6.6,10,-5.4
estimated,35349,2000028042,12,9.8,5,-2.2
estimated,35352,2000028045,12,7.0,8,-5.0
estimated,35354,2000028047,12,13.5,6,1.5
estimated,35356,2000028049,17,9.2,19,-7.8
estimated,35359,2000028052,12,7.0,4,-5.0
estimated,35364,2000028057,17,7.0,23,-10.0
estimated,35366,2000028059,17,6.9,13,-10.1
estimated,35368,2000028061,17,7.5,12,-9.5
estimated,35369,2000028062,17,6.7,16,-10.3
estimated,35379,2000028072,12,9.8,6,-2.2
estimated,35389,2000028082,12,9.4,7,-2.6
estimated,35390,2000028083,17,12.4,24,-4.6
estimated,35392,2000028085,12,11.8,4,-0.2
estimated,35394,2000028087,17,10.6,13,-6.4
estimated,35396,2000028089,12,6.4,8,-5.6
estimated,35399,2000028092,17,7.6,14,-9.4
estimated,35400,2000028093,12,7.0,6,-5.0
estimated,35404,2000028097,7.5,14.2,4,6.7
estimated,35411,2000028104,17,7.3,28,-9.7
estimated,35414,2000028107,12,7.2,5,-4.8
estimated,35415,2000028108,12,8.8,4,-3.2
estimated,35417,2000028110,12,6.4,4,-5.6
estimated,35419,2000028112,12,6.3,5,-5.7
estimated,35421,2000028114,17,7.3,18,-9.7
estimated,35422,2000028115,17,6.3,25,-10.7
estimated,35424,2000028117,17,7.3,6,-9.7
estimated,35433,2000028126,12,6.5,6,-5.5
estimated,35435,2000028128,12,6.6,6,-5.4
estimated,35439,2000028132,12,5.9,6,-6.1
estimated,35440,2000028133,12,5.0,6,-7.0
estimated,35444,2000028137,12,4.8,4,-7.2
estimated,35445,2000028138,12,5.9,6,-6.1
estimated,35446,2000028139,12,5.4,6,-6.6
estimated,35447,2000028140,12,5.2,4,-6.8
estimated,35448,2000028141,12,7.3,11,-4.7
estimated,35451,2000028144,12,6.1,6,-5.9
estimated,35452,2000028145,12,5.3,4,-6.7
estimated,35454,2000028147,12,7.7,11,-4.3
estimated,35457,2000028150,12,6.8,7,-5.2
estimated,35458,2000028151,12,7.2,5,-4.8
estimated,35463,2000028156,17,15.0,11,-2.0
estimated,35464,2000028157,12,7.4,6,-4.6
estimated,35483,2000028176,7.5,6.3,4,-1.2
estimated,35484,2000028177,12,6.4,7,-5.6
estimated,35486,2000028179,12,8.4,7,-3.6
estimated,35487,2000028180,12,9.0,4,-3.0
estimated,35509,2000028209,12,7.3,4,-4.7
estimated,35510,2000028210,12,9.3,4,-2.7
estimated,35511,2000028211,12,5.2,4,-6.8
estimated,35512,2000028212,12,8.8,7,-3.2
estimated,35513,2000028214,12,6.2,7,-5.8
estimated,35514,2000028215,12,7.7,4,-4.3
estimated,35515,2000028216,12,6.7,5,-5.3
estimated,35517,2000028218,12,7.3,5,-4.7
estimated,35519,2000028220,17,7.1,8,-9.9
estimated,35520,2000028221,17,11.2,8,-5.8
estimated,35522,2000028223,12,5.0,7,-7.0
estimated,35523,2000028224,17,8.6,22,-8.4
estimated,35524,2000028225,12,8.2,7,-3.8
estimated,35525,2000028226,7.5,8.1,4,0.6
estimated,35528,2000028229,17,7.3,37,-9.7
estimated,35529,2000028230,17,7.1,6,-9.9
estimated,35530,2000028231,17,8.5,22,-8.5
estimated,35531,2000028232,12,6.6,4,-5.4
estimated,35532,2000028233,12,5.8,5,-6.2
estimated,35533,2000028234,12,5.7,7,-6.3
estimated,35536,2000028237,12,5.2,9,-6.8
estimated,35537,2000028238,12,5.5,5,-6.5
estimated,35542,2000028243,7.5,10.5,4,3.0
estimated,35547,2000028249,17,10.0,15,-7.0
estimated,35552,2000028256,17,10.6,12,-6.4
estimated,35553,2000028257,12,10.6,4,-1.4
estimated,35555,2000028259,12,7.6,11,-4.4
estimated,35565,2000028274,17,5.9,17,-11.1
estimated,35567,2000028276,7.5,7.3,4,-0.2
estimated,35576,2000028295,12,12.6,5,0.6
estimated,35577,2000028296,12,10.1,4,-1.9
estimated,35578,2000028297,12,9.5,5,-2.5
estimated,35590,2000028319,12,7.7,5,-4.3
estimated,35596,2000028325,12,7.7,4,-4.3
estimated,35599,2000028328,17,9.3,21,-7.7
estimated,35602,2000028331,12,5.9,7,-6.1
estimated,35604,2000028333,17,7.7,7,-9.3
estimated,35608,2000028337,12,10.3,8,-1.7
estimated,35609,2000028338,12,9.5,5,-2.5
estimated,35612,2000028341,24,4.8,41,-19.2
estimated,35616,2000028345,17,6.6,13,-10.4
estimated,35618,2000028347,17,12.8,15,-4.2
estimated,35620,2000028349,12,11.4,4,-0.6
estimated,35621,2000028350,17,10.3,12,-6.7
estimated,35622,2000028351,12,11.0,10,-1.0
estimated,35623,2000028352,12,9.3,8,-2.7
estimated,35625,2000028354,12,9.2,4,-2.8
estimated,35626,2000028355,17,12.6,17,-4.4
estimated,35627,2000028356,12,12.7,6,0.7
estimated,35629,2000028358,12,11.8,8,-0.2
estimated,35630,2000028359,17,9.2,12,-7.8
estimated,35631,2000028360,12,9.8,9,-2.2
estimated,35634,2000028363,17,6.1,18,-10.9
estimated,35635,2000028364,12,9.3,8,-2.7
estimated,35637,2000028366,12,8.7,12,-3.3
estimated,35638,2000028367,12,6.1,5,-5.9
estimated,35640,2000028369,12,7.0,5,-5.0
estimated,35643,2000028372,12,9.5,4,-2.5
estimated,35644,2000028373,12,10.6,5,-1.4
estimated,35645,2000028374,12,9.0,7,-3.0
estimated,35646,2000028375,12,6.5,6,-5.5
estimated,35648,2000028377,24,6.3,42,-17.7
estimated,35651,2000028380,12,7.7,8,-4.3
estimated,35654,2000028383,12,7.0,9,-5.0
estimated,35657,2000028386,7.5,7.0,4,-0.5
estimated,35658,2000028387,12,7.5,6,-4.5
estimated,35659,2000028388,12,11.4,4,-0.6
estimated,35666,2000028395,12,6.3,4,-5.7
estimated,35667,2000028396,12,5.8,9,-6.2
estimated,35672,2000028401,17,7.3,8,-9.7
estimated,35673,2000028402,7.5,9.1,4,1.6
estimated,35677,2000028406,12,9.6,8,-2.4
estimated,35678,2000028407,17,9.5,15,-7.5
estimated,35679,2000028408,17,8.7,11,-8.3
estimated,35680,2000028409,12,7.7,8,-4.3
estimated,35682,2000028411,12,7.2,8,-4.8
estimated,35683,2000028412,7.5,6.7,4,-0.8
estimated,35686,2000028415,12,6.1,7,-5.9
estimated,35687,2000028416,12,7.5,4,-4.5
estimated,35699,2000028429,12,7.7,5,-4.3
estimated,35700,2000028430,12,8.4,4,-3.6
estimated,35704,2000028434,12,7.2,5,-4.8
estimated,35706,2000028436,12,8.1,9,-3.9
estimated,35707,2000028437,12,7.2,6,-4.8
estimated,35708,2000028438,12,9.3,7,-2.7
estimated,35711,2000028441,12,8.2,4,-3.8
estimated,35712,2000028442,24,7.6,49,-16.4
estimated,35714,2000028444,12,6.7,6,-5.3
estimated,35715,2000028445,12,6.8,8,-5.2
estimated,35723,2000028454,12,6.3,4,-5.7
estimated,35726,2000028457,17,8.2,13,-8.8
estimated,35728,2000028459,17,6.1,9,-10.9
estimated,35733,2000028464,7.5,6.3,4,-1.2
estimated,35744,2000028475,12,8.2,7,-3.8
estimated,35747,2000028478,12,7.8,4,-4.2
estimated,35748,2000028479,12,8.4,4,-3.6
estimated,35749,2000028480,12,5.0,7,-7.0
estimated,35750,2000028481,17,8.2,7,-8.8
estimated,35751,2000028482,17,7.7,25,-9.3
estimated,35752,2000028483,12,6.7,4,-5.3
estimated,35753,2000028484,12,8.5,5,-3.5
estimated,35755,2000028486,7.5,7.8,4,0.3
estimated,35759,2000028490,12,7.3,11,-4.7
estimated,35768,2000028500,12,9.2,4,-2.8
estimated,35769,2000028501,12,11.0,7,-1.0
estimated,35770,2000028502,12,9.7,8,-2.3
estimated,35774,2000028506,12,9.1,12,-2.9
estimated,35775,2000028507,12,12.1,5,0.1
estimated,35779,2000028516,12,6.3,5,-5.7
estimated,35780,2000028518,12,7.7,5,-4.3
estimated,35786,2000028526,12,13.1,4,1.1
estimated,35787,2000028527,17,9.3,14,-7.7
estimated,35788,2000028528,12,7.2,5,-4.8
estimated,35793,2000028533,24,5.9,71,-18.1
estimated,35796,2000028536,12,6.0,6,-6.0
estimated,35797,2000028537,12,5.7,6,-6.3
estimated,35798,2000028538,12,6.9,12,-5.1
estimated,35812,2000028552,12,7.0,4,-5.0
estimated,35813,2000028553,12,9.7,6,-2.3
estimated,35819,2000028559,7.5,7.2,4,-0.3
estimated,35821,2000028561,12,6.1,6,-5.9
estimated,35822,2000028562,24,6.5,61,-17.5
estimated,35823,2000028563,12,7.8,6,-4.2
estimated,35824,2000028564,17,6.7,10,-10.3
estimated,35825,2000028565,12,6.2,8,-5.8
estimated,35826,2000028566,17,6.1,8,-10.9
estimated,35831,2000028571,17,8.3,15,-8.7
estimated,35834,2000028574,12,4.8,5,-7.2
estimated,35836,2000028576,24,6.4,37,-17.6
estimated,35837,2000028577,12,5.8,4,-6.2
estimated,35843,2000028583,17,7.9,9,-9.1
estimated,35844,2000028584,12,6.5,5,-5.5
estimated,35847,2000028587,12,8.0,5,-4.0
estimated,35848,2000028588,12,6.7,6,-5.3
estimated,35856,2000028596,12,7.3,7,-4.7
estimated,35861,2000028601,12,5.8,8,-6.2
estimated,35863,2000028603,17,6.4,17,-10.6
estimated,35864,2000028604,17,6.2,15,-10.8
estimated,35866,2000028606,12,6.4,7,-5.6
estimated,35867,2000028607,17,5.4,10,-11.6
estimated,35868,2000028608,12,6.4,4,-5.6
estimated,35870,2000028610,12,7.4,4,-4.6
estimated,35872,2000028612,12,8.5,11,-3.5
estimated,35873,2000028613,17,7.9,8,-9.1
estimated,35874,2000028614,12,9.0,6,-3.0
estimated,35877,2000028617,17,5.8,9,-11.2
estimated,35878,2000028618,12,6.4,8,-5.6
estimated,35885,2000028625,17,5.8,16,-11.2
estimated,35886,2000028626,17,6.5,10,-10.5
estimated,35891,2000028631,17,5.8,24,-11.2
estimated,35892,2000028632,12,6.1,7,-5.9
estimated,35893,2000028633,7.5,4.9,4,-2.6
estimated,35895,2000028635,12,5.2,8,-6.8
estimated,35896,2000028636,12,5.9,4,-6.1
estimated,35897,2000028637,12,7.2,8,-4.8
estimated,35899,2000028639,17,5.7,9,-11.3
estimated,35901,2000028641,12,7.8,4,-4.2
estimated,35902,2000028642,12,6.5,5,-5.5
estimated,35904,2000028644,17,5.6,14,-11.4
estimated,35910,2000028650,17,7.2,15,-9.8
estimated,35913,2000028653,12,5.9,8,-6.1
estimated,35914,2000028654,7.5,7.2,4,-0.3
estimated,35915,2000028655,12,5.8,4,-6.2
estimated,35918,2000028658,12,5.7,10,-6.3
estimated,35919,2000028659,17,7.1,12,-9.9
estimated,35920,2000028660,12,6.8,4,-5.2
estimated,35922,2000028662,12,4.9,5,-7.1
estimated,35926,2000028666,12,5.2,6,-6.8
estimated,35927,2000028667,17,5.2,16,-11.8
estimated,35928,2000028668,12,6.2,4,-5.8
estimated,35930,2000028670,12,5.3,4,-6.7
estimated,35933,2000028673,17,7.2,21,-9.8
estimated,35935,2000028675,12,5.4,5,-6.6
estimated,35936,2000028676,12,4.7,4,-7.3
estimated,35940,2000028680,17,4.5,9,-12.5
estimated,35943,2000028683,7.5,6.7,4,-0.8
estimated,35948,2000028688,12,9.3,8,-2.7
estimated,35950,2000028690,12,8.2,5,-3.8
estimated,35951,2000028691,12,15.4,5,3.4
estimated,35952,2000028692,17,16.6,14,-0.4
estimated,35955,2000028695,12,6.7,8,-5.3
estimated,35956,2000028696,12,6.1,8,-5.9
estimated,35959,2000028699,12,6.4,7,-5.6
estimated,35961,2000028701,12,6.6,7,-5.4
estimated,35962,2000028702,17,10.1,12,-6.9
estimated,35963,2000028703,12,7.6,9,-4.4
estimated,35967,2000028707,24,6.9,46,-17.1
estimated,35968,2000028708,12,7.0,8,-5.0
estimated,35970,2000028710,17,8.6,25,-8.4
estimated,35973,2000028713,12,8.9,5,-3.1
estimated,35974,2000028714,12,9.1,4,-2.9
estimated,35977,2000028717,12,8.0,8,-4.0
estimated,35980,2000028720,12,6.8,6,-5.2
estimated,35981,2000028721,17,9.4,14,-7.6
estimated,35983,2000028723,17,8.2,8,-8.8
estimated,35985,2000028725,12,7.4,5,-4.6
estimated,35988,2000028728,17,4.8,8,-12.2
estimated,35995,2000028735,12,6.3,6,-5.7
estimated,35997,2000028737,12,6.5,6,-5.5
estimated,35998,2000028738,12,7.0,7,-5.0
estimated,36005,2000028745,12,5.8,6,-6.2
estimated,36006,2000028746,12,5.8,10,-6.2
estimated,36007,2000028747,17,8.6,18,-8.4
estimated,36010,2000028750,12,8.1,5,-3.9
estimated,36011,2000028751,12,8.9,5,-3.1
estimated,36012,2000028752,12,9.8,6,-2.2
estimated,36015,2000028755,17,8.8,16,-8.2
estimated,36016,2000028756,12,8.3,7,-3.7
estimated,36017,2000028757,12,7.0,4,-5.0
estimated,36022,2000028762,17,5.9,14,-11.1
estimated,36023,2000028763,12,7.6,8,-4.4
estimated,36026,2000028766,17,7.4,22,-9.6
estimated,36027,2000028767,12,8.4,6,-3.6
estimated,36032,2000028772,17,8.8,12,-8.2
estimated,36034,2000028774,17,8.8,12,-8.2
estimated,36035,2000028775,12,10.7,6,-1.3
estimated,36039,2000028779,17,10.1,13,-6.9
estimated,36040,2000028780,17,6.9,23,-10.1
estimated,36047,2000028787,17,8.4,21,-8.6
estimated,36053,2000028793,12,5.6,5,-6.4
estimated,36054,2000028794,12,5.3,4,-6.7
estimated,36055,2000028795,12,7.0,8,-5.0
estimated,36056,2000028796,7.5,6.5,4,-1.0
estimated,36057,2000028797,12,5.5,6,-6.5
estimated,36059,2000028799,12,6.1,7,-5.9
estimated,36061,2000028801,12,7.8,8,-4.2
estimated,36067,2000028807,17,5.8,17,-11.2
estimated,36068,2000028808,12,7.4,7,-4.6
estimated,36072,2000028812,12,10.3,6,-1.7
estimated,36073,2000028813,12,6.9,8,-5.1
estimated,36078,2000028818,12,7.0,5,-5.0
estimated,36093,2000028833,12,8.2,5,-3.8
estimated,36095,2000028835,12,9.4,4,-2.6
estimated,36099,2000028839,17,9.2,20,-7.8
estimated,36101,2000028841,12,6.0,5,-6.0
estimated,36103,2000028843,12,7.5,4,-4.5
estimated,36116,2000028856,12,9.3,6,-2.7
estimated,36153,2000028893,12,6.1,5,-5.9
estimated,36175,2000028915,12,7.4,5,-4.6
estimated,36176,2000028916,12,5.6,8,-6.4
estimated,36200,2000028941,7.5,5.6,4,-1.9
estimated,36202,2000028943,7.5,5.9,4,-1.6
estimated,36212,2000028954,17,8.3,12,-8.7
estimated,36213,2000028955,17,7.8,9,-9.2
estimated,36214,2000028956,12,7.1,7,-4.9
estimated,36217,2000028959,12,5.8,4,-6.2
estimated,36228,2000028970,12,6.3,6,-5.7
estimated,36230,2000028972,12,6.6,4,-5.4
estimated,36234,2000028976,17,6.8,31,-10.2
estimated,36244,2000028986,17,14.1,18,-2.9
estimated,36246,2000028988,12,12.4,8,0.4
estimated,36256,2000028998,12,7.4,4,-4.6
estimated,36257,2000028999,12,8.6,4,-3.4
estimated,36261,2000029003,12,6.2,4,-5.8
estimated,36262,2000029004,12,6.4,8,-5.6
estimated,36269,2000029011,12,11.7,4,-0.3
estimated,36275,2000029017,12,5.5,5,-6.5
estimated,36276,2000029018,17,5.6,18,-11.4
estimated,36278,2000029020,12,7.0,11,-5.0
estimated,36284,2000029026,12,10.8,12,-1.2
estimated,36291,2000029033,17,7.9,22,-9.1
estimated,36292,2000029034,7.5,6.3,4,-1.2
estimated,36296,2000029038,17,5.3,6,-11.7
estimated,36301,2000029043,12,5.3,9,-6.7
estimated,36305,2000029047,7.5,6.0,4,-1.5
estimated,36335,2000029077,12,7.8,5,-4.2
estimated,36337,2000029081,12,7.7,5,-4.3
estimated,36344,2000029088,12,5.7,6,-6.3
estimated,36349,2000029093,12,8.6,7,-3.4
estimated,36352,2000029096,12,5.4,4,-6.6
estimated,36354,2000029098,12,7.0,5,-5.0
estimated,36355,2000029099,12,6.1,5,-5.9
estimated,36356,2000029100,12,6.6,4,-5.4
estimated,36359,2000029103,12,6.0,7,-6.0
estimated,36360,2000029104,12,7.3,4,-4.7
estimated,36362,2000029106,12,10.4,8,-1.6
estimated,36369,2000029113,12,8.4,4,-3.6
estimated,36371,2000029115,17,8.2,13,-8.8
estimated,36374,2000029118,12,8.6,8,-3.4
estimated,36377,2000029121,17,7.5,23,-9.5
estimated,36378,2000029122,24,8.4,38,-15.6
estimated,36379,2000029123,12,5.1,4,-6.9
estimated,36380,2000029124,12,4.8,7,-7.2
estimated,36384,2000029128,12,5.3,6,-6.7
estimated,36386,2000029130,12,5.8,4,-6.2
estimated,36388,2000029132,24,7.2,165,-16.8
estimated,36390,2000029134,17,8.8,12,-8.2
estimated,36393,2000029137,12,6.3,5,-5.7
estimated,36394,2000029138,17,5.5,8,-11.5
estimated,36395,2000029139,17,6.6,16,-10.4
estimated,36397,2000029141,12,7.0,6,-5.0
estimated,36398,2000029142,12,5.6,5,-6.4
estimated,36399,2000029143,17,8.5,17,-8.5
estimated,36401,2000029145,17,7.6,24,-9.4
estimated,36410,2000029156,17,7.2,14,-9.8
estimated,36413,2000029159,12,6.1,7,-5.9
estimated,36415,2000029161,17,5.7,24,-11.3
estimated,36417,2000029163,17,7.5,11,-9.5
estimated,36421,2000029167,12,5.2,7,-6.8
estimated,36425,2000029171,17,9.5,11,-7.5
estimated,36427,2000029173,12,7.6,7,-4.4
estimated,36428,2000029174,24,5.4,41,-18.6
estimated,36429,2000029175,17,5.7,14,-11.3
estimated,36430,2000029176,17,5.8,13,-11.2
estimated,36432,2000029178,17,5.8,34,-11.2
estimated,36433,2000029179,12,8.0,4,-4.0
estimated,36436,2000029182,24,5.5,43,-18.5
estimated,36437,2000029183,24,6.1,48,-17.9
estimated,36439,2000029185,17,5.1,13,-11.9
estimated,36440,2000029186,17,6.6,26,-10.4
estimated,36442,2000029188,17,5.5,12,-11.5
estimated,36443,2000029189,17,6.1,26,-10.9
estimated,36448,2000029194,12,6.1,7,-5.9
estimated,36449,2000029195,17,6.0,8,-11.0
estimated,36457,2000029203,12,6.2,5,-5.8
estimated,36471,2000029217,17,3.8,6,-13.2
estimated,36515,2000029261,12,5.9,5,-6.1
estimated,36516,2000029262,12,6.4,6,-5.6
estimated,36527,2000029273,12,8.2,4,-3.8
estimated,36528,2000029274,12,7.6,4,-4.4
estimated,36532,2000029278,17,7.1,15,-9.9
estimated,36537,2000029283,12,10.4,4,-1.6
estimated,36540,2000029286,12,5.3,5,-6.7
estimated,36558,2000029304,12,8.1,5,-3.9
estimated,36559,2000029305,12,8.1,5,-3.9
estimated,36560,2000029306,12,9.1,5,-2.9
estimated,36561,2000029307,17,8.1,17,-8.9
estimated,36562,2000029308,17,7.9,15,-9.1
estimated,36574,2000029320,12,6.8,7,-5.2
estimated,36579,2000029325,12,6.1,4,-5.9
estimated,36586,2000029332,12,6.4,8,-5.6
estimated,36595,2000029341,7.5,5.4,4,-2.1
estimated,36607,2000029353,12,7.1,4,-4.9
estimated,36608,2000029354,24,7.8,40,-16.2
estimated,36615,2000029361,7.5,8.1,4,0.6
estimated,36620,2000029374,12,7.9,4,-4.1
estimated,36633,2000029387,12,5.0,5,-7.0
estimated,36636,2000029399,7.5,9.3,4,1.8
estimated,36650,2000029428,12,7.6,6,-4.4
estimated,36651,2000029429,17,6.9,11,-10.1
estimated,36659,2000029437,12,10.2,5,-1.8
estimated,36661,2000029439,12,7.6,5,-4.4
estimated,36676,2000029458,12,5.2,4,-6.8
estimated,36681,2000029477,17,13.2,11,-3.8
estimated,36682,2000029478,17,13.2,9,-3.8
estimated,36692,2000029493,12,13.1,8,1.1
estimated,36693,2000029494,12,8.1,4,-3.9
estimated,36696,2000029499,17,7.3,13,-9.7
estimated,36702,2000029506,12,7.4,4,-4.6
estimated,36704,2000029508,12,5.4,4,-6.6
estimated,36710,2000029514,17,7.7,19,-9.3
estimated,36715,2000029519,12,8.8,5,-3.2
estimated,36720,2000029526,17,6.3,14,-10.7
estimated,36723,2000029529,12,7.5,4,-4.5
estimated,36724,2000029530,12,6.2,5,-5.8
estimated,36727,2000029533,17,6.4,19,-10.6
estimated,36733,2000029539,17,5.6,9,-11.4
estimated,36735,2000029541,12,6.0,6,-6.0
estimated,36741,2000029547,12,9.3,6,-2.7
estimated,36750,2000029556,12,8.1,7,-3.9
estimated,36751,2000029557,12,8.6,5,-3.4
estimated,36754,2000029560,12,10.5,5,-1.5
estimated,36757,2000029563,12,8.1,5,-3.9
estimated,36761,2000029567,12,6.6,4,-5.4
estimated,36764,2000029570,12,6.6,4,-5.4
estimated,36784,2000029590,12,7.0,7,-5.0
estimated,36785,2000029591,7.5,8.5,4,1.0
estimated,36789,2000029595,12,6.3,4,-5.7
estimated,36791,2000029597,12,6.8,8,-5.2
estimated,36792,2000029598,17,6.9,12,-10.1
estimated,36795,2000029601,12,7.3,7,-4.7
estimated,36796,2000029602,12,7.2,7,-4.8
estimated,36797,2000029603,12,7.2,5,-4.8
estimated,36799,2000029605,17,9.5,28,-7.5
estimated,36801,2000029607,12,7.2,5,-4.8
estimated,36805,2000029611,12,7.1,6,-4.9
estimated,36808,2000029614,17,7.1,12,-9.9
estimated,36816,2000029622,7.5,9.2,4,1.7
estimated,36817,2000029623,12,8.6,5,-3.4
estimated,36818,2000029624,12,7.4,4,-4.6
estimated,36824,2000029631,12,9.7,4,-2.3
estimated,36840,2000029648,12,7.2,6,-4.8
estimated,36850,2000029660,17,7.9,11,-9.1
estimated,36855,2000029667,24,7.1,51,-16.9
estimated,36856,2000029668,7.5,7.5,4,-0.0
estimated,36857,2000029669,7.5,7.9,4,0.4
estimated,36859,2000029671,12,8.0,4,-4.0
estimated,36860,2000029672,12,7.6,6,-4.4
estimated,36862,2000029674,17,7.6,12,-9.4
estimated,36864,2000029676,17,7.1,19,-9.9
estimated,36869,2000029681,12,7.3,5,-4.7
estimated,36871,2000029683,12,5.8,6,-6.2
estimated,36873,2000029685,17,6.0,32,-11.0
estimated,36875,2000029687,12,6.2,4,-5.8
estimated,36889,2000029701,12,7.1,4,-4.9
estimated,36890,2000029702,12,6.0,7,-6.0
estimated,36891,2000029703,12,5.8,5,-6.2
estimated,36894,2000029706,12,3.9,4,-8.1
estimated,36895,2000029707,12,4.5,5,-7.5
estimated,36931,2000029759,12,5.4,8,-6.6
estimated,36936,2000029768,12,8.5,12,-3.5
estimated,36937,2000029773,12,7.1,5,-4.9
estimated,36940,2000029778,17,4.8,15,-12.2
estimated,36951,2000029790,12,5.5,4,-6.5
estimated,36957,2000029798,12,6.6,8,-5.4
estimated,36960,2000029801,12,5.4,9,-6.6
estimated,36961,2000029803,12,7.4,9,-4.6
estimated,36963,2000029805,17,6.3,37,-10.7
estimated,36975,2000029819,17,6.8,15,-10.2
estimated,36976,2000029823,17,7.2,19,-9.8
estimated,36984,2000029868,12,8.2,6,-3.8
estimated,36990,2000029883,7.5,6.0,4,-1.5
estimated,36993,2000029888,7.5,8.4,4,0.9
estimated,37001,2000029923,12,4.5,7,-7.5
estimated,37009,2000029944,12,6.8,7,-5.2
estimated,37012,2000029950,7.5,6.0,5,-1.5
estimated,37016,2000029958,12,5.5,4,-6.5
estimated,37032,2000029990,7.5,15.9,4,8.4
estimated,37037,2000030000,12,6.4,6,-5.6
estimated,37068,2000030095,7.5,15.7,4,8.2
estimated,37069,2000030097,12,19.4,4,7.4
estimated,37101,2000030190,12,8.3,4,-3.7
estimated,37157,2000030324,12,8.7,4,-3.3
estimated,37165,2000030339,12,8.6,6,-3.4
estimated,37169,2000030352,17,10.7,28,-6.3
estimated,37170,2000030353,12,13.0,6,1.0
estimated,37174,2000030359,12,12.2,5,0.2
estimated,37181,2000030368,7.5,9.7,4,2.2
estimated,37183,2000030371,12,7.6,7,-4.4
estimated,37184,2000030372,12,7.8,7,-4.2
estimated,37252,2000030519,12,11.2,5,-0.8
estimated,37283,2000030559,12,6.4,7,-5.6
estimated,37289,2000030565,17,6.8,9,-10.2
estimated,37316,2000030592,17,6.6,10,-10.4
estimated,37319,2000030595,12,7.1,6,-4.9
estimated,37322,2000030598,12,7.0,6,-5.0
estimated,37331,2000030607,12,6.1,8,-5.9
estimated,37338,2000030615,12,5.6,6,-6.4
estimated,37340,2000030617,12,5.5,5,-6.5
estimated,37341,2000030618,17,6.2,12,-10.8
estimated,37347,2000030624,12,6.3,8,-5.7
estimated,37349,2000030626,12,6.2,7,-5.8
estimated,37351,2000030628,17,8.7,8,-8.3
estimated,37352,2000030629,17,7.9,13,-9.1
estimated,37359,2000030636,12,6.3,4,-5.7
estimated,37371,2000030648,12,6.3,8,-5.7
estimated,37380,2000030657,7.5,6.2,4,-1.3
estimated,37400,2000030677,12,8.1,6,-3.9
estimated,37424,2000030702,17,7.4,11,-9.6
estimated,37445,2000030727,7.5,6.4,4,-1.1
estimated,37452,2000030734,12,5.2,4,-6.8
estimated,37473,2000030755,12,6.1,5,-5.9
estimated,37476,2000030758,17,5.9,16,-11.1
estimated,37486,2000030768,12,6.7,6,-5.3
estimated,37489,2000030771,12,5.0,4,-7.0
estimated,37490,2000030772,17,5.0,15,-12.0
estimated,37499,2000030781,12,8.4,8,-3.6
estimated,37515,2000030800,12,7.4,5,-4.6
estimated,37554,2000030908,7.5,6.2,4,-1.3
estimated,37557,2000030912,7.5,7.7,4,0.2
estimated,37572,2000030948,12,7.2,4,-4.8
estimated,37618,2000031050,12,6.5,4,-5.5
estimated,37651,2000031134,12,6.5,4,-5.5
estimated,37653,2000031136,17,6.5,11,-10.5
estimated,37657,2000031140,12,5.9,6,-6.1
estimated,37660,2000031143,12,6.2,4,-5.8
estimated,37661,2000031144,17,5.1,13,-11.9
estimated,37668,2000031151,17,5.9,17,-11.1
estimated,37672,2000031155,12,6.8,6,-5.2
estimated,37673,2000031156,12,6.3,10,-5.7
estimated,37680,2000031163,17,7.1,8,-9.9
estimated,37683,2000031166,12,5.6,4,-6.4
estimated,37686,2000031169,7.5,6.1,4,-1.4
estimated,37688,2000031171,12,5.7,5,-6.3
estimated,37705,2000031188,17,5.8,8,-11.2
estimated,37711,2000031194,12,4.9,6,-7.1
estimated,37721,2000031204,12,7.3,4,-4.7
estimated,37728,2000031211,12,5.2,10,-6.8
estimated,37747,2000031230,7.5,6.0,4,-1.5
estimated,37783,2000031266,12,5.1,6,-6.9
estimated,37784,2000031267,7.5,5.9,4,-1.6
estimated,37785,2000031268,17,7.0,12,-10.0
estimated,37790,2000031273,12,7.1,4,-4.9
estimated,37802,2000031285,7.5,9.2,4,1.7
estimated,37807,2000031290,7.5,9.2,4,1.7
estimated,37810,2000031293,12,6.6,4,-5.4
estimated,37839,2000031339,12,4.0,4,-8.0
estimated,37840,2000031345,7.5,5.0,4,-2.5
estimated,37862,2000031375,7.5,4.7,4,-2.8
estimated,37881,2000031417,7.5,6.0,4,-1.5
estimated,37889,2000031430,12,6.7,5,-5.3
estimated,37906,2000031448,12,5.6,4,-6.4
estimated,37914,2000031459,12,5.7,4,-6.3
estimated,37922,2000031474,12,5.1,4,-6.9
estimated,37928,2000031481,12,4.5,6,-7.5
estimated,37930,2000031483,12,5.3,4,-6.7
estimated,37934,2000031487,7.5,5.1,4,-2.4
estimated,37954,2000031516,17,8.7,11,-8.3
estimated,37966,2000031534,12,10.4,4,-1.6
estimated,37971,2000031542,12,7.1,4,-4.9
estimated,37983,2000031562,12,10.5,5,-1.5
estimated,37984,2000031563,12,8.3,4,-3.7
estimated,37991,2000031571,12,7.7,4,-4.3
estimated,37992,2000031572,12,9.1,5,-2.9
estimated,38009,2000031590,12,6.8,5,-5.2
estimated,38015,2000031596,12,6.4,5,-5.6
estimated,38022,2000031604,12,6.6,4,-5.4
estimated,38069,2000031693,12,10.1,4,-1.9
estimated,38078,2000031718,12,7.5,4,-4.5
estimated,38083,2000031741,12,13.5,4,1.5
estimated,38092,2000031779,12,10.0,5,-2.0
estimated,38119,2000031822,12,10.4,4,-1.6
estimated,38134,2000031882,12,7.4,4,-4.6
estimated,38145,2000031909,12,14.7,5,2.7
estimated,38146,2000031910,12,16.5,4,4.5
estimated,38150,2000031914,12,9.7,5,-2.3
estimated,38153,2000031918,12,10.8,5,-1.2
estimated,38167,2000031946,12,14.3,4,2.3
estimated,38170,2000031950,17,20.9,9,3.9
estimated,38175,2000031958,12,15.4,5,3.4
estimated,38181,2000031968,12,10.0,4,-2.0
estimated,38182,2000031969,12,10.9,5,-1.1
estimated,38186,2000031975,12,10.0,4,-2.0
estimated,38187,2000031976,12,9.9,4,-2.1
estimated,38188,2000031978,17,11.5,11,-5.5
estimated,38194,2000031992,17,17.5,13,0.5
estimated,38218,2000032045,7.5,8.9,4,1.4
estimated,38226,2000032055,12,7.3,7,-4.7
estimated,38233,2000032065,12,6.4,7,-5.6
estimated,38247,2000032089,12,9.7,6,-2.3
estimated,38253,2000032102,17,7.4,16,-9.6
estimated,38257,2000032106,17,9.2,14,-7.8
estimated,38258,2000032107,12,14.9,10,2.9
estimated,38260,2000032110,12,23.3,8,11.3
estimated,38261,2000032111,12,18.8,5,6.8
estimated,38262,2000032112,17,7.6,12,-9.4
estimated,38263,2000032113,17,8.2,11,-8.8
estimated,38265,2000032115,24,8.8,48,-15.2
estimated,38267,2000032118,17,41.2,18,24.2
estimated,38274,2000032125,17,14.7,14,-2.3
estimated,38275,2000032126,12,13.7,6,1.7
estimated,38278,2000032129,12,10.5,9,-1.5
estimated,38279,2000032130,17,8.6,11,-8.4
estimated,38288,2000032139,12,5.9,6,-6.1
estimated,38289,2000032141,12,7.0,5,-5.0
estimated,38299,2000032151,12,11.6,5,-0.4
estimated,38300,2000032152,12,24.2,5,12.2
estimated,38301,2000032153,12,32.8,6,20.8
estimated,38302,2000032154,12,31.8,13,19.8
estimated,38321,2000032198,12,13.1,4,1.1
estimated,38325,2000032202,12,13.1,4,1.1
estimated,38327,2000032204,12,11.0,4,-1.0
estimated,38328,2000032205,12,11.9,7,-0.1
estimated,38329,2000032206,12,10.7,6,-1.3
estimated,38337,2000032225,17,6.4,27,-10.6
estimated,38344,2000032243,12,4.5,10,-7.5
estimated,38345,2000032244,12,5.3,6,-6.7
estimated,38376,2000032331,12,5.5,5,-6.5
estimated,38381,2000032341,17,3.5,11,-13.5
estimated,38390,2000032352,17,20.1,11,3.1
estimated,38417,2000032386,17,6.9,18,-10.1
estimated,38419,2000032388,12,6.4,10,-5.6
estimated,38420,2000032389,17,3.9,13,-13.1
estimated,38422,2000032391,17,7.5,13,-9.5
estimated,38425,2000032398,12,5.2,8,-6.8
estimated,38446,2000032438,17,5.1,14,-11.9
estimated,38448,2000032442,17,5.5,13,-11.5
estimated,38449,2000032443,12,5.6,4,-6.4
estimated,38452,2000032446,12,4.2,5,-7.8
estimated,38457,2000032451,12,4.8,7,-7.2
estimated,38481,2000032481,17,5.3,16,-11.7
estimated,38495,2000032503,17,10.0,20,-7.0
estimated,38496,2000032504,17,10.8,13,-6.2
estimated,38497,2000032505,17,11.6,27,-5.4
estimated,38505,2000032513,24,17.1,195,-6.9
estimated,38518,2000032536,12,8.1,7,-3.9
estimated,38519,2000032537,17,24.5,13,7.5
estimated,38531,2000032566,12,44.3,5,32.3
estimated,38534,2000032569,17,17.4,26,0.4
estimated,38539,2000032585,12,11.8,5,-0.2
estimated,38542,2000032588,12,12.9,4,0.9
estimated,38546,2000032595,12,15.4,4,3.4
estimated,38553,2000032607,12,42.5,7,30.5
estimated,38562,2000032618,17,13.7,15,-3.3
estimated,38569,2000032628,12,23.0,9,11.0
estimated,38580,2000032640,24,16.8,90,-7.2
estimated,38581,2000032641,12,9.1,5,-2.9
estimated,38589,2000032649,12,13.5,4,1.5
estimated,38596,2000032657,17,17.1,11,0.1
estimated,38598,2000032659,12,14.7,10,2.7
estimated,38599,2000032660,12,11.2,9,-0.8
estimated,38601,2000032662,12,22.7,4,10.7
estimated,38607,2000032668,12,5.9,5,-6.1
estimated,38608,2000032669,12,6.6,7,-5.4
estimated,38612,2000032673,12,5.9,4,-6.1
estimated,38614,2000032675,7.5,6.3,5,-1.2
estimated,38618,2000032679,12,17.5,6,5.5
estimated,38621,2000032682,12,12.8,6,0.8
estimated,38626,2000032687,12,17.4,6,5.4
estimated,38631,2000032692,12,28.0,6,16.0
estimated,38632,2000032693,17,25.7,34,8.7
estimated,38633,2000032694,12,16.4,7,4.4
estimated,38635,2000032696,12,12.0,9,-0.0
estimated,38637,2000032698,12,17.4,7,5.4
estimated,38640,2000032701,17,38.2,12,21.2
estimated,38646,2000032714,12,12.4,4,0.4
estimated,38647,2000032715,12,10.4,6,-1.6
estimated,38649,2000032717,12,11.9,4,-0.1
estimated,38653,2000032722,12,11.7,4,-0.3
estimated,38656,2000032725,17,17.5,29,0.5
estimated,38660,2000032729,12,21.6,7,9.6
estimated,38661,2000032730,17,13.1,11,-3.9
estimated,38662,2000032731,17,12.2,32,-4.8
estimated,38663,2000032732,12,20.3,5,8.3
estimated,38666,2000032735,12,14.6,11,2.6
estimated,38667,2000032736,12,19.6,5,7.6
estimated,38668,2000032737,12,20.8,4,8.8
estimated,38670,2000032739,12,45.8,4,33.8
estimated,38671,2000032740,12,24.4,6,12.4
estimated,38672,2000032741,7.5,25.6,4,18.1
estimated,38676,2000032745,12,14.0,8,2.0
estimated,38678,2000032747,12,36.3,4,24.3
estimated,38680,2000032749,17,20.3,12,3.3
estimated,38681,2000032750,12,10.9,4,-1.1
estimated,38682,2000032751,12,15.0,10,3.0
estimated,38685,2000032754,12,15.6,4,3.6
estimated,38687,2000032757,12,16.6,4,4.6
estimated,38689,2000032761,12,20.7,4,8.7
estimated,38690,2000032762,12,11.4,4,-0.6
estimated,38691,2000032763,17,18.8,18,1.8
estimated,38699,2000032775,12,15.3,5,3.3
estimated,38700,2000032776,12,32.5,5,20.5
estimated,38702,2000032778,12,17.0,5,5.0
estimated,38704,2000032780,12,36.7,4,24.7
estimated,38705,2000032781,12,34.5,5,22.5
estimated,38709,2000032786,17,33.3,11,16.3
estimated,38710,2000032787,24,30.7,33,6.7
estimated,38712,2000032791,17,11.8,14,-5.2
estimated,38715,2000032794,12,50.1,7,38.1
estimated,38722,2000032801,12,20.3,4,8.3
estimated,38723,2000032802,17,16.1,7,-0.9
estimated,38726,2000032805,17,11.7,11,-5.3
estimated,38727,2000032806,12,12.1,4,0.1
estimated,38734,2000032813,17,25.8,8,8.8
estimated,38735,2000032814,12,31.9,7,19.9
estimated,38739,2000032818,17,22.8,9,5.8
estimated,38742,2000032823,12,12.3,5,0.3
estimated,38745,2000032827,17,13.0,12,-4.0
estimated,38747,2000032829,12,23.9,4,11.9
estimated,38752,2000032834,12,11.6,6,-0.4
estimated,38754,2000032836,17,12.2,15,-4.8
estimated,38755,2000032837,24,8.5,125,-15.5
estimated,38756,2000032838,12,8.0,6,-4.0
estimated,38761,2000032843,17,62.9,26,45.9
estimated,38763,2000032845,17,60.6,8,43.6
estimated,38768,2000032857,12,10.1,7,-1.9
estimated,38770,2000032859,17,11.3,8,-5.7
estimated,38772,2000032862,12,15.6,10,3.6
estimated,38773,2000032863,12,15.8,6,3.8
estimated,38775,2000032865,17,18.7,15,1.7
estimated,38777,2000032868,12,29.2,4,17.2
estimated,38778,2000032869,24,7.7,61,-16.3
estimated,38779,2000032870,17,19.9,8,2.9
estimated,38780,2000032871,17,11.5,27,-5.5
estimated,38784,2000032884,17,17.2,12,0.2
estimated,38789,2000032897,24,17.4,120,-6.6
estimated,38790,2000032899,24,42.1,240,18.1
estimated,38793,2000032911,17,13.6,15,-3.4
estimated,38795,2000032916,12,7.6,5,-4.4
estimated,38796,2000032917,12,7.5,5,-4.5
estimated,38801,2000032922,12,6.6,4,-5.4
estimated,38806,2000032927,12,6.2,4,-5.8
estimated,38816,2000032965,12,10.5,5,-1.5
estimated,38832,2000033001,12,4.9,5,-7.1
estimated,38833,2000033002,12,5.8,8,-6.2
estimated,38841,2000033030,12,25.1,4,13.1
estimated,38853,2000033042,12,13.1,9,1.1
estimated,38867,2000033057,12,12.3,6,0.3
estimated,38869,2000033059,12,14.4,8,2.4
estimated,38870,2000033061,12,12.9,8,0.9
estimated,38875,2000033066,17,9.4,13,-7.6
estimated,38877,2000033068,12,5.7,6,-6.3
estimated,38884,2000033077,17,5.1,21,-11.9
estimated,38889,2000033089,12,6.8,5,-5.2
estimated,38891,2000033092,12,9.8,10,-2.2
estimated,38893,2000033094,12,17.6,4,5.6
estimated,38902,2000033106,17,13.1,12,-3.9
estimated,38909,2000033114,12,16.2,11,4.2
estimated,38919,2000033124,17,16.7,14,-0.3
estimated,38923,2000033128,7.5,11.3,4,3.8
estimated,38925,2000033130,12,12.0,7,0.0
estimated,38926,2000033131,7.5,17.2,4,9.7
estimated,38930,2000033135,12,15.3,7,3.3
estimated,38933,2000033138,17,12.4,10,-4.6
estimated,38934,2000033139,12,12.9,5,0.9
estimated,38935,2000033140,12,13.0,6,1.0
estimated,38936,2000033141,17,14.3,15,-2.7
estimated,38938,2000033144,12,8.9,8,-3.1
estimated,38939,2000033145,17,13.5,35,-3.5
estimated,38940,2000033146,12,12.3,4,0.3
estimated,38941,2000033147,12,14.9,6,2.9
estimated,38943,2000033149,12,12.0,11,-0.0
estimated,38944,2000033150,12,13.0,10,1.0
estimated,38945,2000033151,17,60.7,16,43.7
estimated,38946,2000033152,17,25.6,22,8.6
estimated,38948,2000033154,12,8.4,4,-3.6
estimated,38950,2000033158,17,8.6,35,-8.4
estimated,38954,2000033162,17,10.8,23,-6.2
estimated,38956,2000033164,17,12.1,15,-4.9
estimated,38957,2000033165,17,14.1,21,-2.9
estimated,38969,2000033177,12,11.3,8,-0.7
estimated,38971,2000033185,12,15.5,6,3.5
estimated,38972,2000033186,12,17.2,4,5.2
estimated,38975,2000033189,12,14.5,4,2.5
estimated,38977,2000033191,12,15.5,5,3.5
estimated,38987,2000033203,12,11.6,7,-0.4
estimated,38988,2000033204,12,6.4,4,-5.6
estimated,38989,2000033205,17,8.3,27,-8.7
estimated,38993,2000033211,12,22.7,6,10.7
estimated,38996,2000033214,12,19.0,4,7.0
estimated,39000,2000033218,12,16.7,9,4.7
estimated,39001,2000033219,12,16.4,10,4.4
estimated,39005,2000033223,17,14.4,10,-2.6
estimated,39006,2000033224,17,12.6,13,-4.4
estimated,39007,2000033225,12,14.4,6,2.4
estimated,39013,2000033231,17,17.2,17,0.2
estimated,39014,2000033232,12,13.8,5,1.8
estimated,39015,2000033234,12,5.7,10,-6.3
estimated,39016,2000033236,17,6.8,11,-10.2
estimated,39017,2000033237,17,6.3,15,-10.7
estimated,39021,2000033242,17,7.0,28,-10.0
estimated,39023,2000033245,24,12.3,44,-11.7
estimated,39026,2000033248,12,25.4,5,13.4
estimated,39027,2000033249,12,24.8,4,12.8
estimated,39033,2000033255,12,22.3,8,10.3
estimated,39036,2000033258,12,11.8,6,-0.2
estimated,39041,2000033263,17,6.9,14,-10.1
estimated,39046,2000033268,17,6.2,35,-10.8
estimated,39048,2000033270,7.5,7.9,4,0.4
estimated,39050,2000033272,12,7.5,6,-4.5
estimated,39051,2000033273,12,7.5,12,-4.5
estimated,39054,2000033276,12,6.3,5,-5.7
estimated,39056,2000033278,17,4.9,10,-12.1
estimated,39069,2000033291,12,6.1,8,-5.9
estimated,39071,2000033293,12,8.0,10,-4.0
estimated,39077,2000033299,12,7.4,8,-4.6
estimated,39078,2000033300,12,7.1,4,-4.9
estimated,39081,2000033303,12,6.1,7,-5.9
estimated,39083,2000033305,12,11.3,5,-0.7
estimated,39086,2000033308,12,10.7,4,-1.3
estimated,39096,2000033318,12,9.7,5,-2.3
estimated,39097,2000033319,7.5,10.0,4,2.5
estimated,39098,2000033320,12,10.7,7,-1.3
estimated,39099,2000033321,12,7.1,4,-4.9
estimated,39101,2000033323,12,13.4,10,1.4
estimated,39104,2000033326,12,7.1,5,-4.9
estimated,39108,2000033330,12,12.5,4,0.5
estimated,39112,2000033334,7.5,16.1,4,8.6
estimated,39113,2000033335,17,13.7,14,-3.3
estimated,39119,2000033341,12,12.9,5,0.9
estimated,39121,2000033343,12,8.0,4,-4.0
estimated,39122,2000033344,12,7.8,4,-4.2
estimated,39123,2000033345,17,8.9,11,-8.1
estimated,39124,2000033346,12,8.2,4,-3.8
estimated,39129,2000033352,12,9.3,4,-2.7
estimated,39130,2000033353,12,7.9,6,-4.1
estimated,39131,2000033354,12,7.1,5,-4.9
estimated,39133,2000033356,12,9.9,5,-2.1
estimated,39135,2000033358,12,7.6,4,-4.4
estimated,39138,2000033361,12,7.0,5,-5.0
estimated,39145,2000033368,12,7.8,8,-4.2
estimated,39151,2000033374,12,8.1,6,-3.9
estimated,39152,2000033375,12,10.8,6,-1.2
estimated,39161,2000033384,12,24.4,10,12.4
estimated,39165,2000033388,12,10.5,6,-1.5
estimated,39166,2000033389,17,9.8,18,-7.2
estimated,39168,2000033391,12,20.3,5,8.3
estimated,39176,2000033404,12,4.7,4,-7.3
estimated,39183,2000033413,7.5,14.2,4,6.7
estimated,39197,2000033435,7.5,6.9,4,-0.6
estimated,39201,2000033448,12,7.3,5,-4.7
estimated,39203,2000033450,17,8.9,29,-8.1
estimated,39205,2000033452,12,8.9,11,-3.1
estimated,39206,2000033453,12,10.1,8,-1.9
estimated,39208,2000033455,12,8.2,5,-3.8
estimated,39211,2000033460,12,11.0,4,-1.0
estimated,39212,2000033461,17,11.4,8,-5.6
estimated,39215,2000033464,12,5.2,4,-6.8
estimated,39218,2000033467,12,5.9,4,-6.1
estimated,39231,2000033481,12,12.6,6,0.6
estimated,39232,2000033482,17,12.5,9,-4.5
estimated,39234,2000033484,12,9.8,5,-2.2
estimated,39237,2000033487,17,19.8,20,2.8
estimated,39240,2000033503,12,7.1,4,-4.9
estimated,39243,2000033506,12,7.6,7,-4.4
estimated,39244,2000033507,12,15.0,12,3.0
estimated,39245,2000033508,12,9.2,7,-2.8
estimated,39275,2000033539,12,5.3,4,-6.7
estimated,39284,2000033551,7.5,15.0,4,7.5
estimated,39291,2000033558,12,11.3,4,-0.7
estimated,39299,2000033586,12,18.7,4,6.7
estimated,39319,2000033607,12,9.9,8,-2.1
estimated,39326,2000033628,7.5,8.1,4,0.6
estimated,39328,2000033630,12,10.3,4,-1.7
estimated,39338,2000033645,17,17.3,14,0.3
estimated,39342,2000033649,17,13.3,16,-3.7
estimated,39343,2000033650,17,13.7,16,-3.3
estimated,39353,2000033662,12,10.0,5,-2.0
estimated,39354,2000033663,12,12.8,6,0.8
estimated,39366,2000033675,12,8.6,6,-3.4
estimated,39367,2000033676,12,7.6,6,-4.4
estimated,39369,2000033678,17,7.3,9,-9.7
estimated,39370,2000033679,12,8.6,6,-3.4
estimated,39371,2000033680,12,8.5,7,-3.5
estimated,39373,2000033682,17,8.2,15,-8.8
estimated,39375,2000033684,12,7.0,4,-5.0
estimated,39376,2000033685,12,25.0,5,13.0
estimated,39377,2000033686,17,10.1,12,-6.9
estimated,39378,2000033687,12,7.8,4,-4.2
estimated,39379,2000033688,17,10.0,9,-7.0
estimated,39382,2000033691,12,6.0,6,-6.0
estimated,39387,2000033696,17,7.4,17,-9.6
estimated,39388,2000033697,12,12.1,10,0.1
estimated,39397,2000033706,12,8.8,4,-3.2
estimated,39413,2000033722,12,8.4,7,-3.6
estimated,39416,2000033725,12,7.8,5,-4.2
estimated,39417,2000033726,12,7.1,9,-4.9
estimated,39418,2000033727,12,7.6,5,-4.4
estimated,39422,2000033731,7.5,7.0,4,-0.5
estimated,39428,2000033737,12,7.6,5,-4.4
estimated,39431,2000033740,12,8.4,8,-3.6
estimated,39436,2000033745,17,7.0,8,-10.0
estimated,39447,2000033756,7.5,6.2,4,-1.3
estimated,39451,2000033760,12,5.5,5,-6.5
estimated,39452,2000033761,12,8.6,9,-3.4
estimated,39455,2000033764,12,7.8,4,-4.2
estimated,39458,2000033767,12,14.0,7,2.0
estimated,39459,2000033769,12,16.6,4,4.6
estimated,39462,2000033772,12,16.1,4,4.1
estimated,39474,2000033784,12,12.9,9,0.9
estimated,39487,2000033797,12,12.7,6,0.7
estimated,39488,2000033798,12,11.7,6,-0.3
estimated,39491,2000033801,17,10.2,10,-6.8
estimated,39494,2000033804,17,9.0,27,-8.0
estimated,39495,2000033805,17,7.0,29,-10.0
estimated,39496,2000033806,12,10.5,6,-1.5
estimated,39497,2000033807,12,8.6,4,-3.4
estimated,39509,2000033819,12,11.3,6,-0.7
estimated,39511,2000033821,12,12.4,5,0.4
estimated,39512,2000033822,12,14.7,5,2.7
estimated,39513,2000033823,12,15.3,9,3.3
estimated,39514,2000033824,12,15.9,5,3.9
estimated,39516,2000033826,17,11.5,36,-5.5
estimated,39530,2000033840,12,10.0,4,-2.0
estimated,39532,2000033842,7.5,8.8,4,1.3
estimated,39533,2000033843,17,8.4,23,-8.6
estimated,39534,2000033844,17,8.9,16,-8.1
estimated,39539,2000033849,17,11.7,12,-5.3
estimated,39540,2000033850,12,8.2,5,-3.8
estimated,39541,2000033851,12,9.0,7,-3.0
estimated,39543,2000033853,12,9.4,5,-2.6
estimated,39547,2000033857,12,12.4,4,0.4
estimated,39551,2000033861,12,11.7,4,-0.3
estimated,39560,2000033873,12,9.2,4,-2.8
estimated,39561,2000033874,12,11.3,5,-0.7
estimated,39562,2000033875,12,10.1,4,-1.9
estimated,39564,2000033877,12,9.4,8,-2.6
estimated,39566,2000033879,12,10.4,7,-1.6
estimated,39567,2000033880,12,11.2,4,-0.8
estimated,39570,2000033883,12,13.6,4,1.6
estimated,39572,2000033885,12,13.7,6,1.7
estimated,39577,2000033893,12,7.9,7,-4.1
estimated,39580,2000033896,12,7.5,4,-4.5
estimated,39581,2000033897,12,8.5,5,-3.5
estimated,39582,2000033898,12,9.3,8,-2.7
estimated,39585,2000033901,12,8.1,4,-3.9
estimated,39603,2000033936,12,8.5,5,-3.5
estimated,39604,2000033937,12,8.6,7,-3.4
estimated,39610,2000033943,12,9.3,8,-2.7
estimated,39611,2000033944,17,13.2,10,-3.8
estimated,39612,2000033945,12,13.7,10,1.7
estimated,39628,2000033963,12,9.7,4,-2.3
estimated,39629,2000033965,7.5,13.6,4,6.1
estimated,39632,2000033968,17,20.6,14,3.6
estimated,39636,2000033972,12,8.0,4,-4.0
estimated,39637,2000033973,7.5,9.8,4,2.3
estimated,39640,2000033976,12,18.1,6,6.1
estimated,39650,2000033995,12,10.4,5,-1.6
estimated,39652,2000033998,17,22.5,17,5.5
estimated,39656,2000034002,12,25.3,4,13.3
estimated,39658,2000034010,12,11.2,6,-0.8
estimated,39661,2000034029,12,10.5,5,-1.5
estimated,39662,2000034030,12,8.9,9,-3.1
estimated,39663,2000034031,7.5,12.4,4,4.9
estimated,39668,2000034036,12,11.5,7,-0.5
estimated,39670,2000034041,17,17.9,14,0.9
estimated,39671,2000034042,17,32.8,13,15.8
estimated,39675,2000034046,12,13.1,7,1.1
estimated,39676,2000034047,12,11.3,4,-0.7
estimated,39678,2000034049,7.5,7.8,4,0.3
estimated,39683,2000034054,12,8.7,4,-3.3
estimated,39685,2000034057,12,12.7,9,0.7
estimated,39687,2000034061,12,9.7,7,-2.3
estimated,39688,2000034062,12,8.3,7,-3.7
estimated,39692,2000034067,12,6.5,4,-5.5
estimated,39695,2000034070,12,8.1,4,-3.9
estimated,39697,2000034072,17,10.5,28,-6.5
estimated,39698,2000034073,17,8.2,13,-8.8
estimated,39712,2000034101,12,10.5,5,-1.5
estimated,39715,2000034106,12,9.1,7,-2.9
estimated,39724,2000034158,12,13.3,9,1.3
estimated,39729,2000034163,12,8.5,8,-3.5
estimated,39731,2000034165,12,6.3,4,-5.7
estimated,39734,2000034169,12,21.7,9,9.7
estimated,39738,2000034173,17,6.7,8,-10.3
estimated,39744,2000034179,17,18.1,13,1.1
estimated,39745,2000034180,12,16.6,6,4.6
estimated,39748,2000034183,12,15.5,4,3.5
estimated,39755,2000034190,12,9.6,5,-2.4
estimated,39757,2000034192,12,10.3,10,-1.7
estimated,39758,2000034193,7.5,11.1,4,3.6
estimated,39761,2000034196,12,14.2,4,2.2
estimated,39769,2000034205,12,25.8,4,13.8
estimated,39781,2000034220,12,22.3,4,10.3
estimated,39784,2000034223,12,26.3,4,14.3
estimated,39789,2000034228,12,15.9,6,3.9
estimated,39790,2000034229,12,17.2,7,5.2
estimated,39793,2000034232,12,14.1,5,2.1
estimated,39794,2000034233,12,16.0,5,4.0
estimated,39799,2000034243,12,9.9,9,-2.1
estimated,39800,2000034244,12,11.5,6,-0.5
estimated,39801,2000034245,12,12.4,4,0.4
estimated,39802,2000034245,17,16.7,20,-0.3
estimated,39803,2000034246,24,10.7,68,-13.3
estimated,39804,2000034247,17,8.3,9,-8.7
estimated,39805,2000034249,24,9.9,41,-14.1
estimated,39806,2000034250,12,13.4,6,1.4
estimated,39807,2000034251,17,6.1,13,-10.9
estimated,39808,2000034252,12,6.0,8,-6.0
estimated,39809,2000034253,17,11.4,32,-5.6
estimated,39811,2000034255,17,10.5,44,-6.5
estimated,39816,2000034260,7.5,13.6,4,6.1
estimated,39817,2000034261,12,13.5,8,1.5
estimated,39818,2000034262,17,14.7,25,-2.3
estimated,39819,2000034263,7.5,11.3,4,3.8
estimated,39821,2000034265,7.5,12.2,4,4.7
estimated,39830,2000034274,12,3.7,4,-8.3
estimated,39835,2000034279,12,9.5,4,-2.5
estimated,39836,2000034280,17,10.4,19,-6.6
estimated,39837,2000034281,12,9.0,6,-3.0
estimated,39842,2000034286,12,14.3,4,2.3
estimated,39843,2000034287,12,13.5,10,1.5
estimated,39844,2000034288,12,14.3,6,2.3
estimated,39846,2000034290,12,8.8,4,-3.2
estimated,39848,2000034292,12,8.4,5,-3.6
estimated,39850,2000034294,12,11.6,8,-0.4
estimated,39853,2000034297,17,9.4,22,-7.6
estimated,39854,2000034298,12,9.3,9,-2.7
estimated,39864,2000034310,12,6.1,5,-5.9
estimated,39865,2000034311,24,7.0,33,-17.0
estimated,39867,2000034313,12,8.0,6,-4.0
estimated,39868,2000034314,17,8.1,22,-8.9
estimated,39874,2000034323,12,6.2,4,-5.8
estimated,39881,2000034335,12,7.9,7,-4.1
estimated,39883,2000034341,12,15.1,8,3.1
estimated,39885,2000034346,17,14.6,12,-2.4
estimated,39894,2000034358,12,15.0,8,3.0
estimated,39895,2000034359,17,16.8,9,-0.2
estimated,39907,2000034383,7.5,5.2,4,-2.3
estimated,39908,2000034385,12,13.9,5,1.9
estimated,39914,2000034391,12,23.1,4,11.1
estimated,39915,2000034392,12,22.4,6,10.4
estimated,39918,2000034395,12,21.2,4,9.2
estimated,39932,2000034409,17,12.2,11,-4.8
estimated,39936,2000034413,12,14.1,7,2.1
estimated,39937,2000034414,24,8.5,115,-15.5
estimated,39939,2000034418,17,7.9,9,-9.1
estimated,39941,2000034420,12,17.9,6,5.9
estimated,39942,2000034421,17,17.4,12,0.4
estimated,39967,2000034454,12,9.8,7,-2.2
estimated,39970,2000034463,12,12.6,4,0.6
estimated,39977,2000034470,12,12.7,4,0.7
estimated,39994,2000034487,12,14.2,4,2.2
estimated,40003,2000034496,12,8.2,6,-3.8
estimated,40006,2000034499,12,5.5,4,-6.5
estimated,40007,2000034500,12,11.4,10,-0.6
estimated,40008,2000034501,12,9.1,5,-2.9
estimated,40009,2000034502,12,9.0,5,-3.0
estimated,40010,2000034503,12,8.8,4,-3.2
estimated,40013,2000034507,12,7.4,6,-4.6
estimated,40017,2000034511,12,9.7,5,-2.3
estimated,40018,2000034512,7.5,9.3,4,1.8
estimated,40020,2000034514,7.5,10.1,4,2.6
estimated,40028,2000034523,17,12.0,16,-5.0
estimated,40031,2000034528,12,10.9,7,-1.1
estimated,40034,2000034531,12,8.9,7,-3.1
estimated,40036,2000034533,12,9.1,9,-2.9
estimated,40043,2000034540,12,9.8,7,-2.2
estimated,40048,2000034545,12,9.1,6,-2.9
estimated,40050,2000034547,12,8.0,7,-4.0
estimated,40063,2000034560,7.5,8.9,4,1.4
estimated,40071,2000034568,7.5,8.3,4,0.8
estimated,40078,2000034575,12,9.3,6,-2.7
estimated,40098,2000034595,12,7.9,11,-4.1
estimated,40101,2000034598,12,7.1,4,-4.9
estimated,40102,2000034599,7.5,5.6,4,-1.9
estimated,40106,2000034603,12,7.9,4,-4.1
estimated,40107,2000034604,12,8.6,6,-3.4
estimated,40116,2000034613,7.5,12.8,4,5.3
estimated,40117,2000034614,12,11.2,5,-0.8
estimated,40119,2000034617,12,17.4,4,5.4
estimated,40133,2000034633,12,5.6,4,-6.4
estimated,40135,2000034635,12,15.4,5,3.4
estimated,40139,2000034639,12,20.3,4,8.3
estimated,40142,2000034642,12,31.6,5,19.6
estimated,40145,2000034645,12,10.3,8,-1.7
estimated,40146,2000034646,12,7.3,4,-4.7
estimated,40147,2000034647,12,7.8,5,-4.2
estimated,40148,2000034648,17,9.3,11,-7.7
estimated,40149,2000034649,12,10.0,5,-2.0
estimated,40153,2000034653,12,8.0,4,-4.0
estimated,40154,2000034655,12,7.1,6,-4.9
estimated,40155,2000034656,12,15.8,4,3.8
estimated,40156,2000034657,12,12.8,7,0.8
estimated,40160,2000034661,17,11.9,30,-5.1
estimated,40163,2000034664,17,15.8,11,-1.2
estimated,40168,2000034669,12,15.7,8,3.7
estimated,40171,2000034672,12,13.4,5,1.4
estimated,40179,2000034680,12,27.0,5,15.0
estimated,40181,2000034683,12,23.3,6,11.3
estimated,40183,2000034685,12,18.0,5,6.0
estimated,40185,2000034687,12,22.0,7,10.0
estimated,40191,2000034694,12,10.8,5,-1.2
estimated,40197,2000034700,12,9.0,4,-3.0
estimated,40198,2000034701,7.5,9.3,4,1.8
estimated,40208,2000034712,12,15.3,4,3.3
estimated,40209,2000034713,12,19.9,6,7.9
estimated,40215,2000034722,12,7.3,8,-4.7
estimated,40217,2000034724,12,8.1,10,-3.9
estimated,40224,2000034733,12,6.0,5,-6.0
estimated,40231,2000034742,12,6.9,4,-5.1
estimated,40250,2000034771,12,12.6,5,0.6
estimated,40251,2000034772,12,14.6,6,2.6
estimated,40252,2000034773,12,11.2,6,-0.8
estimated,40257,2000034780,17,12.7,9,-4.3
estimated,40258,2000034781,12,25.1,5,13.1
estimated,40260,2000034817,17,31.4,10,14.4
estimated,40264,2000034821,17,22.9,25,5.9
estimated,40271,2000034829,12,12.2,7,0.2
estimated,40272,2000034830,12,12.9,5,0.9
estimated,40276,2000034834,12,7.7,8,-4.3
estimated,40283,2000034841,12,7.1,4,-4.9
estimated,40284,2000034842,24,12.2,84,-11.8
estimated,40285,2000034843,7.5,8.7,4,1.2
estimated,40288,2000034846,12,9.9,4,-2.1
estimated,40289,2000034847,12,7.5,5,-4.5
estimated,40291,2000034849,7.5,5.8,4,-1.7
estimated,40309,2000034867,12,6.4,6,-5.6
estimated,40310,2000034868,12,5.7,8,-6.3
estimated,40314,2000034872,12,7.1,5,-4.9
estimated,40320,2000034878,17,7.4,13,-9.6
estimated,40324,2000034884,12,12.3,4,0.3
estimated,40325,2000034885,17,13.8,22,-3.2
estimated,40326,2000034886,12,13.1,6,1.1
estimated,40330,2000034890,12,12.3,4,0.3
estimated,40334,2000034894,12,6.6,5,-5.4
estimated,40339,2000034899,12,9.0,11,-3.0
estimated,40341,2000034901,17,11.4,15,-5.6
estimated,40342,2000034902,12,12.6,9,0.6
estimated,40344,2000034904,12,12.0,5,0.0
estimated,40345,2000034905,17,13.2,12,-3.8
estimated,40349,2000034909,12,24.0,6,12.0
estimated,40356,2000034917,17,8.6,7,-8.4
estimated,40357,2000034918,12,7.8,8,-4.2
estimated,40358,2000034919,24,11.6,85,-12.4
estimated,40367,2000034938,12,6.9,5,-5.1
estimated,40369,2000034940,17,6.4,7,-10.6
estimated,40370,2000034941,12,9.5,6,-2.5
estimated,40373,2000034944,7.5,9.1,4,1.6
estimated,40375,2000034946,12,5.6,7,-6.4
estimated,40384,2000034955,17,13.1,18,-3.9
estimated,40386,2000034957,12,8.4,5,-3.6
estimated,40389,2000034960,12,7.6,5,-4.4
estimated,40390,2000034961,17,10.9,22,-6.1
estimated,40391,2000034962,17,12.4,22,-4.6
estimated,40392,2000034963,12,11.8,4,-0.2
estimated,40394,2000034965,17,10.5,17,-6.5
estimated,40395,2000034966,12,11.6,4,-0.4
estimated,40397,2000034968,12,8.2,5,-3.8
estimated,40404,2000034995,7.5,7.2,4,-0.3
estimated,40406,2000034997,12,8.1,4,-3.9
estimated,40409,2000035009,12,9.3,9,-2.7
estimated,40410,2000035010,12,15.9,6,3.9
estimated,40421,2000035021,12,8.5,6,-3.5
estimated,40429,2000035029,12,38.5,6,26.5
estimated,40430,2000035030,17,25.3,16,8.3
estimated,40431,2000035031,12,19.4,4,7.4
estimated,40437,2000035037,17,9.1,26,-7.9
estimated,40439,2000035039,17,9.6,19,-7.4
estimated,40440,2000035040,12,11.6,5,-0.4
estimated,40444,2000035044,12,16.8,5,4.8
estimated,40448,2000035048,12,9.8,4,-2.2
estimated,40458,2000035064,12,8.3,5,-3.7
estimated,40459,2000035065,12,10.0,9,-2.0
estimated,40463,2000035069,12,8.7,5,-3.3
estimated,40499,2000035105,12,9.5,6,-2.5
estimated,40502,2000035108,12,11.1,4,-0.9
estimated,40503,2000035109,12,10.8,4,-1.2
estimated,40505,2000035111,17,9.1,23,-7.9
estimated,40508,2000035114,12,9.8,10,-2.2
estimated,40509,2000035115,7.5,9.4,4,1.9
estimated,40510,2000035116,12,9.1,5,-2.9
estimated,40513,2000035120,17,17.1,12,0.1
estimated,40514,2000035121,17,7.7,11,-9.3
estimated,40519,2000035126,12,7.3,5,-4.7
estimated,40523,2000035130,7.5,18.7,4,11.2
estimated,40528,2000035135,12,17.1,4,5.1
estimated,40530,2000035137,12,14.7,6,2.7
estimated,40539,2000035146,17,8.3,10,-8.7
estimated,40544,2000035151,12,7.0,7,-5.0
estimated,40546,2000035153,12,6.6,6,-5.4
estimated,40548,2000035155,7.5,6.8,4,-0.7
estimated,40575,2000035182,12,6.5,4,-5.5
estimated,40582,2000035190,17,12.4,14,-4.6
estimated,40586,2000035194,7.5,19.5,4,12.0
estimated,40589,2000035197,17,6.7,18,-10.3
estimated,40593,2000035201,12,20.8,9,8.8
estimated,40596,2000035204,7.5,6.4,4,-1.1
estimated,40598,2000035206,12,8.1,6,-3.9
estimated,40599,2000035207,12,7.0,4,-5.0
estimated,40603,2000035213,12,10.1,7,-1.9
estimated,40604,2000035214,12,7.4,6,-4.6
estimated,40611,2000035222,12,17.1,7,5.1
estimated,40615,2000035226,12,21.5,7,9.5
estimated,40620,2000035231,12,10.1,4,-1.9
estimated,40626,2000035237,24,6.9,49,-17.1
estimated,40633,2000035248,12,7.6,9,-4.4
estimated,40674,2000035349,12,37.2,7,25.2
estimated,40694,2000035396,12,8.9,6,-3.1
estimated,40695,2000035397,17,9.1,11,-7.9
estimated,40696,2000035398,12,8.1,6,-3.9
estimated,40701,2000035403,17,12.5,15,-4.5
estimated,40703,2000035405,12,7.7,5,-4.3
estimated,40704,2000035406,17,10.0,17,-7.0
estimated,40710,2000035433,17,15.0,12,-2.0
estimated,40711,2000035434,12,11.2,6,-0.8
estimated,40714,2000035448,24,10.2,69,-13.8
estimated,40715,2000035449,12,15.7,7,3.7
estimated,40721,2000035468,12,13.5,7,1.5
estimated,40722,2000035469,12,12.2,5,0.2
estimated,40724,2000035471,7.5,24.1,4,16.6
estimated,40727,2000035477,24,15.1,149,-8.9
estimated,40728,2000035478,12,55.9,5,43.9
estimated,40730,2000035482,12,8.2,8,-3.8
estimated,40732,2000035484,12,8.5,8,-3.5
estimated,40733,2000035485,12,9.4,4,-2.6
estimated,40742,2000035497,12,6.5,6,-5.5
estimated,40748,2000035508,12,15.3,7,3.3
estimated,40749,2000035509,12,13.3,7,1.3
estimated,40751,2000035511,12,16.2,7,4.2
estimated,40752,2000035514,12,23.0,8,11.0
estimated,40764,2000035530,17,6.4,8,-10.6
estimated,40775,2000035545,12,7.3,4,-4.7
estimated,40794,2000035571,17,22.8,8,5.8
estimated,40795,2000035572,17,9.4,12,-7.6
estimated,40796,2000035573,24,12.7,45,-11.3
estimated,40797,2000035574,17,21.6,8,4.6
estimated,40798,2000035575,17,23.9,10,6.9
estimated,40801,2000035578,17,17.5,21,0.5
estimated,40803,2000035580,17,10.8,14,-6.2
estimated,40804,2000035581,12,9.3,8,-2.7
estimated,40805,2000035584,17,16.4,11,-0.6
estimated,40806,2000035585,12,18.4,4,6.4
estimated,40809,2000035588,17,6.5,9,-10.5
estimated,40820,2000035603,12,9.3,4,-2.7
estimated,40826,2000035628,12,41.6,4,29.6
estimated,40827,2000035631,17,9.3,7,-7.7
estimated,40830,2000035634,12,12.3,7,0.3
estimated,40835,2000035641,12,9.9,10,-2.1
estimated,40842,2000035650,17,14.1,24,-2.9
estimated,40846,2000035657,17,7.1,17,-9.9
estimated,40847,2000035658,17,8.9,19,-8.1
estimated,40848,2000035659,12,6.3,5,-5.7
estimated,40849,2000035660,12,22.9,5,10.9
estimated,40853,2000035667,12,10.1,8,-1.9
estimated,40855,2000035669,12,8.9,4,-3.1
estimated,40856,2000035670,12,8.4,10,-3.6
estimated,40859,2000035673,12,7.7,5,-4.3
estimated,40869,2000035684,7.5,7.2,4,-0.3
estimated,40870,2000035685,12,5.0,4,-7.0
estimated,40871,2000035686,12,7.4,8,-4.6
estimated,40872,2000035687,12,6.2,4,-5.8
estimated,40874,2000035689,12,7.7,5,-4.3
estimated,40875,2000035690,12,7.9,6,-4.1
estimated,40877,2000035692,12,7.2,7,-4.8
estimated,40878,2000035693,12,8.5,6,-3.5
estimated,40879,2000035694,17,9.5,21,-7.5
estimated,40883,2000035698,12,7.7,4,-4.3
estimated,40885,2000035700,12,7.2,4,-4.8
estimated,40888,2000035703,17,6.5,11,-10.5
estimated,40889,2000035704,12,5.8,6,-6.2
estimated,40901,2000035717,17,5.6,10,-11.4
estimated,40903,2000035719,17,6.0,10,-11.0
estimated,40905,2000035721,17,6.5,30,-10.5
estimated,40907,2000035723,17,12.6,8,-4.4
estimated,40909,2000035725,12,14.6,9,2.6
estimated,40911,2000035727,17,5.8,12,-11.2
estimated,40916,2000035732,17,5.5,8,-11.5
estimated,40917,2000035733,12,6.5,11,-5.5
estimated,40919,2000035735,17,44.9,7,27.9
estimated,40925,2000035741,17,7.1,8,-9.9
estimated,40928,2000035744,17,11.1,13,-5.9
estimated,40932,2000035748,12,6.9,4,-5.1
estimated,40939,2000035755,12,7.4,6,-4.6
estimated,40945,2000035761,17,7.2,7,-9.8
estimated,40948,2000035764,17,7.4,9,-9.6
estimated,40952,2000035768,12,9.4,4,-2.6
estimated,40955,2000035771,17,9.4,30,-7.6
estimated,40956,2000035772,17,21.9,7,4.9
estimated,40957,2000035773,12,26.8,4,14.8
estimated,40959,2000035775,12,26.9,11,14.9
estimated,40962,2000035778,12,10.0,4,-2.0
estimated,40968,2000035784,17,14.0,26,-3.0
estimated,40970,2000035786,12,28.7,7,16.7
estimated,40971,2000035787,12,38.4,7,26.4
estimated,40975,2000035792,17,15.8,19,-1.2
estimated,40988,2000035810,17,6.6,24,-10.4
estimated,40993,2000035821,24,9.6,37,-14.4
estimated,40994,2000035824,17,8.6,40,-8.4
estimated,40995,2000035825,12,6.0,5,-6.0
estimated,40996,2000035826,12,9.3,8,-2.7
estimated,40998,2000035828,17,8.3,29,-8.7
estimated,41001,2000035831,17,12.7,19,-4.3
estimated,41006,2000035836,12,9.6,9,-2.4
estimated,41009,2000035839,12,13.3,7,1.3
estimated,41013,2000035843,12,16.5,4,4.5
estimated,41014,2000035844,12,6.7,6,-5.3
estimated,41019,2000035853,17,22.6,12,5.6
estimated,41020,2000035854,12,16.7,8,4.7
estimated,41026,2000035871,17,19.0,9,2.0
estimated,41027,2000035872,17,13.8,25,-3.2
estimated,41039,2000035897,12,15.6,5,3.6
estimated,41040,2000035901,12,15.5,6,3.5
estimated,41062,2000035948,12,5.6,6,-6.4
estimated,41063,2000035949,12,5.3,4,-6.7
estimated,41064,2000035951,12,5.8,7,-6.2
estimated,41071,2000035961,12,6.6,5,-5.4
estimated,41076,2000035971,12,5.7,5,-6.3
estimated,41079,2000035976,12,8.9,5,-3.1
estimated,41091,2000036001,12,8.4,6,-3.6
estimated,41093,2000036003,12,8.3,5,-3.7
estimated,41095,2000036008,12,4.7,4,-7.3
estimated,41110,2000036039,12,5.6,5,-6.4
estimated,41113,2000036042,17,5.3,9,-11.7
estimated,41145,2000036112,12,9.3,6,-2.7
estimated,41146,2000036113,12,11.5,5,-0.5
estimated,41147,2000036115,17,8.4,10,-8.6
estimated,41150,2000036119,12,9.0,10,-3.0
estimated,41157,2000036126,12,7.7,5,-4.3
estimated,41158,2000036127,7.5,7.0,4,-0.5
estimated,41169,2000036139,17,7.5,22,-9.5
estimated,41172,2000036142,17,7.2,12,-9.8
estimated,41177,2000036149,12,7.0,5,-5.0
estimated,41178,2000036150,12,5.1,4,-6.9
estimated,41179,2000036151,12,5.0,4,-7.0
estimated,41181,2000036153,12,8.6,4,-3.4
estimated,41182,2000036154,17,10.5,17,-6.5
estimated,41188,2000036160,12,9.0,7,-3.0
estimated,41192,2000036164,12,11.1,5,-0.9
estimated,41197,2000036169,12,7.9,5,-4.1
estimated,41205,2000036180,12,10.8,5,-1.2
estimated,41229,2000036215,12,3.2,4,-8.8
estimated,41238,2000036231,12,10.8,6,-1.2
estimated,41241,2000036234,17,20.8,27,3.8
estimated,41243,2000036236,17,22.2,9,5.2
estimated,41246,2000036239,24,12.0,35,-12.0
estimated,41248,2000036241,17,14.3,26,-2.7
estimated,41253,2000036246,12,15.8,8,3.8
estimated,41262,2000036256,7.5,9.5,4,2.0
estimated,41264,2000036258,12,11.8,4,-0.2
estimated,41265,2000036259,12,7.1,5,-4.9
estimated,41266,2000036260,12,4.6,5,-7.4
estimated,41267,2000036261,12,8.3,5,-3.7
estimated,41272,2000036266,17,26.5,9,9.5
estimated,41279,2000036273,17,9.5,15,-7.5
estimated,41281,2000036275,12,10.6,10,-1.4
estimated,41291,2000036286,12,14.4,5,2.4
estimated,41313,2000036308,17,7.2,15,-9.8
estimated,41316,2000036311,12,8.4,9,-3.6
estimated,41322,2000036317,12,7.7,7,-4.3
estimated,41324,2000036319,12,6.4,7,-5.6
estimated,41326,2000036321,12,8.4,7,-3.6
estimated,41327,2000036322,17,6.4,28,-10.6
estimated,41328,2000036323,12,6.5,6,-5.5
estimated,41330,2000036325,7.5,9.2,4,1.7
estimated,41331,2000036327,7.5,6.3,4,-1.2
estimated,41334,2000036330,12,7.5,9,-4.5
estimated,41337,2000036333,12,10.4,6,-1.6
estimated,41341,2000036343,17,16.0,24,-1.0
estimated,41343,2000036345,12,33.4,4,21.4
estimated,41345,2000036347,12,18.1,7,6.1
estimated,41347,2000036349,12,9.1,5,-2.9
estimated,41351,2000036353,12,14.8,11,2.8
estimated,41357,2000036359,12,8.6,6,-3.4
estimated,41360,2000036365,12,8.2,5,-3.8
estimated,41361,2000036366,12,9.4,7,-2.6
estimated,41362,2000036367,12,22.2,6,10.2
estimated,41363,2000036368,12,14.7,4,2.7
estimated,41377,2000036384,17,10.3,27,-6.7
estimated,41380,2000036387,17,7.5,14,-9.5
estimated,41381,2000036388,7.5,7.8,4,0.3
estimated,41382,2000036389,12,8.5,4,-3.5
estimated,41383,2000036390,17,8.3,15,-8.7
estimated,41384,2000036391,17,6.8,9,-10.2
estimated,41387,2000036394,17,8.2,16,-8.8
estimated,41396,2000036403,12,6.0,4,-6.0
estimated,41397,2000036404,12,5.9,6,-6.1
estimated,41401,2000036408,12,7.1,10,-4.9
estimated,41405,2000036412,12,8.9,6,-3.1
estimated,41413,2000036420,12,6.9,5,-5.1
estimated,41419,2000036426,12,13.7,4,1.7
estimated,41428,2000036436,12,4.0,10,-8.0
estimated,41433,2000036441,12,11.1,6,-0.9
estimated,41434,2000036443,12,23.6,5,11.6
estimated,41439,2000036451,12,8.9,7,-3.1
estimated,41444,2000036456,17,8.7,34,-8.3
estimated,41445,2000036457,12,10.1,6,-1.9
estimated,41448,2000036460,7.5,13.0,4,5.5
estimated,41450,2000036462,12,9.2,8,-2.8
estimated,41459,2000036471,7.5,15.4,4,7.9
estimated,41461,2000036473,17,10.0,23,-7.0
estimated,41463,2000036475,12,8.7,6,-3.3
estimated,41464,2000036476,12,7.4,6,-4.6
estimated,41466,2000036478,12,8.1,5,-3.9
estimated,41471,2000036483,17,11.2,8,-5.8
estimated,41472,2000036484,12,8.9,4,-3.1
estimated,41473,2000036485,12,12.0,7,-0.0
estimated,41474,2000036486,12,21.7,11,9.7
estimated,41475,2000036487,12,22.0,6,10.0
estimated,41476,2000036488,17,9.5,9,-7.5
estimated,41478,2000036492,12,6.3,4,-5.7
estimated,41484,2000036498,12,5.6,5,-6.4
estimated,41492,2000036506,17,10.4,16,-6.6
estimated,41493,2000036507,17,7.6,12,-9.4
estimated,41508,2000036535,7.5,12.8,4,5.3
estimated,41509,2000036536,17,6.1,14,-10.9
estimated,41514,2000036548,12,35.4,4,23.4
estimated,41520,2000036557,17,6.7,15,-10.3
estimated,41531,2000036570,7.5,9.1,4,1.6
estimated,41544,2000036584,17,7.1,27,-9.9
estimated,41547,2000036587,12,9.5,7,-2.5
estimated,41548,2000036588,17,5.8,12,-11.2
estimated,41553,2000036593,12,5.8,10,-6.2
estimated,41554,2000036594,17,6.6,21,-10.4
estimated,41555,2000036595,24,7.5,49,-16.5
estimated,41557,2000036597,12,20.2,4,8.2
estimated,41559,2000036599,12,16.3,7,4.3
estimated,41561,2000036601,12,11.2,6,-0.8
estimated,41568,2000036608,12,16.0,4,4.0
estimated,41588,2000036631,12,12.0,8,-0.0
estimated,41600,2000036643,12,12.2,5,0.2
estimated,41601,2000036644,12,14.9,7,2.9
estimated,41603,2000036646,12,11.7,4,-0.3
estimated,41605,2000036648,12,14.4,4,2.4
estimated,41610,2000036654,12,7.8,6,-4.2
estimated,41612,2000036656,12,9.3,4,-2.7
estimated,41614,2000036658,24,7.2,60,-16.8
estimated,41615,2000036659,17,7.9,11,-9.1
estimated,41624,2000036668,12,10.8,6,-1.2
estimated,41629,2000036673,17,13.0,10,-4.0
estimated,41637,2000036683,12,9.1,5,-2.9
estimated,41638,2000036684,12,9.5,8,-2.5
estimated,41640,2000036686,17,12.8,12,-4.2
estimated,41641,2000036689,17,9.8,21,-7.2
estimated,41643,2000036691,24,10.7,32,-13.3
estimated,41644,2000036692,12,15.7,6,3.7
estimated,41652,2000036700,24,17.2,92,-6.8
estimated,41656,2000036704,17,9.6,11,-7.4
estimated,41663,2000036711,17,6.8,20,-10.2
estimated,41674,2000036735,24,12.7,56,-11.3
estimated,41680,2000036743,12,8.3,4,-3.7
estimated,41684,2000036747,12,10.6,4,-1.4
estimated,41685,2000036748,12,10.1,5,-1.9
estimated,41688,2000036751,17,9.0,23,-8.0
estimated,41694,2000036757,12,7.2,5,-4.8
estimated,41698,2000036761,12,7.6,6,-4.4
estimated,41699,2000036762,12,9.8,6,-2.2
estimated,41700,2000036763,12,9.1,11,-2.9
estimated,41704,2000036767,12,8.0,5,-4.0
estimated,41711,2000036774,12,7.3,7,-4.7
estimated,41713,2000036776,12,6.1,9,-5.9
estimated,41714,2000036777,12,6.4,4,-5.6
estimated,41721,2000036784,12,24.3,5,12.3
estimated,41725,2000036788,12,9.8,9,-2.2
estimated,41737,2000036800,7.5,6.8,4,-0.7
estimated,41740,2000036803,12,16.5,8,4.5
estimated,41744,2000036807,24,9.1,74,-14.9
estimated,41748,2000036812,12,10.2,11,-1.8
estimated,41750,2000036814,12,18.0,5,6.0
estimated,41752,2000036816,17,5.0,7,-12.0
estimated,41760,2000036824,12,6.8,7,-5.2
estimated,41761,2000036825,12,7.1,4,-4.9
estimated,41772,2000036836,12,7.9,4,-4.1
estimated,41773,2000036837,12,6.1,6,-5.9
estimated,41782,2000036846,12,5.9,6,-6.1
estimated,41785,2000036849,17,8.2,7,-8.8
estimated,41786,2000036850,17,9.6,15,-7.4
estimated,41787,2000036851,17,14.1,16,-2.9
estimated,41789,2000036853,12,7.4,5,-4.6
estimated,41794,2000036858,17,8.4,16,-8.6
estimated,41798,2000036862,17,31.5,24,14.5
estimated,41808,2000036872,12,10.2,7,-1.8
estimated,41809,2000036873,17,8.9,14,-8.1
estimated,41815,2000036880,17,13.9,9,-3.1
estimated,41819,2000036884,12,10.0,5,-2.0
estimated,41820,2000036885,17,11.7,14,-5.3
estimated,41824,2000036889,17,17.0,24,0.0
estimated,41826,2000036891,12,10.7,8,-1.3
estimated,41830,2000036895,17,11.0,12,-6.0
estimated,41831,2000036896,12,11.6,4,-0.4
estimated,41835,2000036900,12,8.1,8,-3.9
estimated,41836,2000036901,12,9.5,10,-2.5
estimated,41837,2000036902,17,11.1,23,-5.9
estimated,41839,2000036904,17,15.6,28,-1.4
estimated,41840,2000036905,17,31.1,13,14.1
estimated,41842,2000036908,17,16.6,23,-0.4
estimated,41846,2000036912,12,8.0,7,-4.0
estimated,41849,2000036915,7.5,9.6,4,2.1
estimated,41850,2000036916,17,10.1,34,-6.9
estimated,41854,2000036920,12,8.6,7,-3.4
estimated,41855,2000036922,12,6.8,5,-5.2
estimated,41856,2000036923,17,10.3,26,-6.7
estimated,41857,2000036924,7.5,10.5,4,3.0
estimated,41860,2000036927,12,16.2,7,4.2
estimated,41862,2000036929,17,9.3,21,-7.7
estimated,41868,2000036935,12,8.2,5,-3.8
estimated,41870,2000036937,12,7.9,5,-4.1
estimated,41871,2000036938,12,7.1,6,-4.9
estimated,41873,2000036940,12,7.3,4,-4.7
estimated,41875,2000036942,12,7.6,9,-4.4
estimated,41877,2000036944,17,9.3,29,-7.7
estimated,41878,2000036945,12,8.7,6,-3.3
estimated,41881,2000036949,12,25.9,6,13.9
estimated,41882,2000036950,7.5,30.4,5,22.9
estimated,41886,2000036954,12,10.8,6,-1.2
estimated,41890,2000036960,17,5.1,6,-11.9
estimated,41893,2000036963,17,7.7,10,-9.3
estimated,41894,2000036964,12,9.9,5,-2.1
estimated,41895,2000036965,17,10.0,19,-7.0
estimated,41896,2000036966,17,9.3,11,-7.7
estimated,41898,2000036968,17,11.6,8,-5.4
estimated,41899,2000036969,12,9.3,4,-2.7
estimated,41901,2000036971,12,7.4,4,-4.6
estimated,41904,2000036974,12,10.9,9,-1.1
estimated,41905,2000036975,12,7.8,6,-4.2
estimated,41907,2000036977,12,9.9,8,-2.1
estimated,41910,2000036980,7.5,12.2,5,4.7
estimated,41913,2000036983,12,6.4,8,-5.6
estimated,41914,2000036984,12,9.4,5,-2.6
estimated,41915,2000036985,12,9.1,6,-2.9
estimated,41916,2000036986,12,8.7,6,-3.3
estimated,41920,2000036990,12,7.2,8,-4.8
estimated,41921,2000036991,12,11.0,4,-1.0
estimated,41928,2000036998,7.5,12.5,4,5.0
estimated,41933,2000037003,17,6.9,10,-10.1
estimated,41934,2000037004,12,9.3,9,-2.7
estimated,41937,2000037007,12,7.4,7,-4.6
estimated,41947,2000037017,17,24.0,14,7.0
estimated,41963,2000037034,17,18.1,34,1.1
estimated,41966,2000037037,17,5.1,10,-11.9
estimated,41969,2000037040,17,5.8,9,-11.2
estimated,41970,2000037041,12,6.0,4,-6.0
estimated,41975,2000037046,17,5.7,9,-11.3
estimated,41980,2000037051,12,10.1,4,-1.9
estimated,41983,2000037054,12,6.4,4,-5.6
estimated,41996,2000037069,12,11.4,4,-0.6
estimated,42018,2000037091,12,11.4,6,-0.6
estimated,42019,2000037092,12,9.3,4,-2.7
estimated,42020,2000037094,7.5,7.9,5,0.4
estimated,42031,2000037108,12,4.6,5,-7.4
estimated,42035,2000037114,12,9.7,4,-2.3
estimated,42039,2000037119,12,9.2,6,-2.8
estimated,42044,2000037125,12,7.8,4,-4.2
estimated,42050,2000037131,12,10.4,6,-1.6
estimated,42053,2000037134,12,9.3,4,-2.7
estimated,42055,2000037137,12,5.0,5,-7.0
estimated,42085,2000037170,12,13.6,7,1.6
estimated,42088,2000037173,7.5,7.5,5,-0.0
estimated,42110,2000037197,12,8.4,6,-3.6
estimated,42112,2000037199,7.5,10.6,4,3.1
estimated,42114,2000037201,12,9.4,4,-2.6
estimated,42117,2000037204,12,13.4,6,1.4
estimated,42120,2000037208,12,8.7,7,-3.3
estimated,42121,2000037209,12,10.6,8,-1.4
estimated,42126,2000037215,17,12.1,8,-4.9
estimated,42132,2000037221,12,10.1,7,-1.9
estimated,42136,2000037226,12,10.9,8,-1.1
estimated,42138,2000037228,12,13.8,8,1.8
estimated,42139,2000037229,12,14.1,5,2.1
estimated,42143,2000037233,12,13.7,6,1.7
estimated,42144,2000037234,12,6.5,6,-5.5
estimated,42152,2000037242,12,13.2,6,1.2
estimated,42169,2000037261,17,11.3,14,-5.7
estimated,42171,2000037263,12,9.2,4,-2.8
estimated,42175,2000037267,7.5,11.9,5,4.4
estimated,42181,2000037273,12,4.7,4,-7.3
estimated,42190,2000037282,12,4.4,4,-7.6
estimated,42195,2000037287,12,4.4,5,-7.6
estimated,42197,2000037289,12,5.1,8,-6.9
estimated,42209,2000037301,12,7.4,6,-4.6
estimated,42211,2000037303,12,7.2,4,-4.8
estimated,42216,2000037308,12,15.7,4,3.7
estimated,42217,2000037309,12,7.8,4,-4.2
estimated,42218,2000037310,12,10.1,6,-1.9
estimated,42219,2000037311,12,5.7,5,-6.3
estimated,42238,2000037331,7.5,7.0,4,-0.5
estimated,42243,2000037338,7.5,8.8,4,1.3
estimated,42253,2000037351,12,10.0,6,-2.0
estimated,42263,2000037362,12,11.0,8,-1.0
estimated,42271,2000037370,12,9.3,6,-2.7
estimated,42272,2000037372,17,14.2,22,-2.8
estimated,42274,2000037374,12,11.5,9,-0.5
estimated,42277,2000037377,12,9.8,4,-2.2
estimated,42281,2000037381,12,9.5,9,-2.5
estimated,42293,2000037393,12,15.4,5,3.4
estimated,42295,2000037395,12,16.7,5,4.7
estimated,42300,2000037400,12,10.9,5,-1.1
estimated,42301,2000037401,12,11.6,7,-0.4
estimated,42302,2000037402,12,9.8,4,-2.2
estimated,42305,2000037405,24,12.0,34,-12.0
estimated,42308,2000037408,12,9.4,4,-2.6
estimated,42321,2000037423,7.5,12.3,4,4.8
estimated,42328,2000037432,12,11.0,8,-1.0
estimated,42329,2000037433,7.5,10.7,4,3.2
estimated,42330,2000037434,12,15.1,9,3.1
estimated,42350,2000037454,17,11.5,18,-5.5
estimated,42351,2000037455,12,12.7,9,0.7
estimated,42352,2000037456,17,12.9,9,-4.1
estimated,42356,2000037460,17,5.2,10,-11.8
estimated,42361,2000037465,12,7.2,7,-4.8
estimated,42362,2000037466,12,8.8,4,-3.2
estimated,42364,2000037468,24,14.9,116,-9.1
estimated,42366,2000037470,17,12.8,8,-4.2
estimated,42367,2000037471,12,7.3,5,-4.7
estimated,42372,2000037476,12,16.0,6,4.0
estimated,42375,2000037479,12,15.1,7,3.1
estimated,42376,2000037480,12,19.6,6,7.6
estimated,42379,2000037483,12,19.0,5,7.0
estimated,42381,2000037485,12,12.6,4,0.6
estimated,42389,2000037493,7.5,12.6,4,5.1
estimated,42390,2000037494,12,8.7,8,-3.3
estimated,42392,2000037496,12,15.1,9,3.1
estimated,42394,2000037498,12,8.1,8,-3.9
estimated,42395,2000037499,12,7.3,4,-4.7
estimated,42396,2000037500,7.5,8.0,4,0.5
estimated,42400,2000037504,12,9.4,9,-2.6
estimated,42404,2000037508,17,9.0,18,-8.0
estimated,42405,2000037509,12,11.3,6,-0.7
estimated,42406,2000037510,17,7.7,13,-9.3
estimated,42407,2000037511,12,7.5,8,-4.5
estimated,42408,2000037512,12,7.7,9,-4.3
estimated,42409,2000037513,12,6.8,7,-5.2
estimated,42410,2000037514,12,8.0,4,-4.0
estimated,42415,2000037519,12,5.7,4,-6.3
estimated,42416,2000037520,24,6.6,37,-17.4
estimated,42420,2000037524,12,6.1,4,-5.9
estimated,42423,2000037527,17,8.3,13,-8.7
estimated,42424,2000037528,12,7.9,5,-4.1
estimated,42425,2000037529,17,7.5,22,-9.5
estimated,42427,2000037531,12,4.0,5,-8.0
estimated,42433,2000037537,17,11.0,14,-6.0
estimated,42435,2000037539,12,18.9,6,6.9
estimated,42438,2000037542,12,5.7,4,-6.3
estimated,42440,2000037544,12,14.1,8,2.1
estimated,42441,2000037545,12,12.6,6,0.6
estimated,42444,2000037549,17,13.5,20,-3.5
estimated,42449,2000037554,12,4.9,8,-7.1
estimated,42451,2000037556,12,12.4,8,0.4
estimated,42452,2000037557,17,8.3,14,-8.7
estimated,42454,2000037559,12,7.2,6,-4.8
estimated,42455,2000037560,17,5.1,9,-11.9
estimated,42458,2000037564,12,5.9,6,-6.1
estimated,42460,2000037566,12,15.1,6,3.1
estimated,42461,2000037567,17,18.5,15,1.5
estimated,42462,2000037568,12,6.1,6,-5.9
estimated,42463,2000037569,12,6.9,5,-5.1
estimated,42464,2000037570,12,7.4,5,-4.6
estimated,42465,2000037571,12,11.2,5,-0.8
estimated,42471,2000037577,17,7.4,10,-9.6
estimated,42473,2000037579,12,7.8,6,-4.2
estimated,42475,2000037581,17,5.7,16,-11.3
estimated,42476,2000037582,17,17.6,42,0.6
estimated,42477,2000037583,12,11.7,4,-0.3
estimated,42479,2000037585,17,20.6,14,3.6
estimated,42480,2000037586,12,13.3,4,1.3
estimated,42481,2000037587,12,13.8,6,1.8
estimated,42485,2000037592,12,9.4,4,-2.6
estimated,42487,2000037594,24,10.6,56,-13.4
estimated,42488,2000037595,24,6.4,78,-17.6
estimated,42490,2000037597,17,5.2,14,-11.8
estimated,42491,2000037598,12,7.2,5,-4.8
estimated,42495,2000037602,17,18.7,23,1.7
estimated,42496,2000037603,17,25.9,24,8.9
estimated,42500,2000037607,12,6.9,4,-5.1
estimated,42503,2000037610,17,23.7,17,6.7
estimated,42504,2000037611,17,23.0,12,6.0
estimated,42512,2000037619,12,13.4,4,1.4
estimated,42515,2000037622,12,17.3,8,5.3
estimated,42518,2000037625,12,14.1,8,2.1
estimated,42521,2000037628,17,8.1,9,-8.9
estimated,42529,2000037636,12,13.1,6,1.1
estimated,42539,2000037646,12,10.6,5,-1.4
estimated,42544,2000037651,12,11.5,11,-0.5
estimated,42552,2000037659,12,9.2,7,-2.8
estimated,42553,2000037660,12,11.3,4,-0.7
estimated,42554,2000037661,17,13.7,30,-3.3
estimated,42563,2000037671,12,12.1,4,0.1
estimated,42565,2000037673,7.5,12.3,4,4.8
estimated,42566,2000037674,17,11.7,16,-5.3
estimated,42569,2000037677,17,7.1,16,-9.9
estimated,42572,2000037680,17,7.0,25,-10.0
estimated,42574,2000037682,12,7.4,8,-4.6
estimated,42578,2000037686,17,6.1,13,-10.9
estimated,42593,2000037701,12,8.9,4,-3.1
estimated,42595,2000037703,7.5,7.6,4,0.1
estimated,42598,2000037706,12,7.6,4,-4.4
estimated,42604,2000037712,12,20.5,6,8.5
estimated,42605,2000037713,12,15.8,6,3.8
estimated,42606,2000037714,12,11.8,5,-0.2
estimated,42607,2000037715,12,9.8,4,-2.2
estimated,42614,2000037722,12,23.7,10,11.7
estimated,42615,2000037723,12,25.7,5,13.7
estimated,42616,2000037724,17,8.3,14,-8.7
estimated,42617,2000037725,12,8.4,6,-3.6
estimated,42618,2000037726,12,12.4,6,0.4
estimated,42620,2000037728,17,19.9,12,2.9
estimated,42623,2000037732,12,5.2,6,-6.8
estimated,42627,2000037736,12,7.7,8,-4.3
estimated,42640,2000037749,24,5.2,34,-18.8
estimated,42641,2000037750,17,4.7,30,-12.3
estimated,42644,2000037753,12,5.8,7,-6.2
estimated,42650,2000037759,17,9.0,16,-8.0
estimated,42657,2000037766,12,7.0,4,-5.0
estimated,42658,2000037767,12,7.0,4,-5.0
estimated,42662,2000037771,12,6.3,4,-5.7
estimated,42663,2000037772,12,6.9,7,-5.1
estimated,42668,2000037777,17,16.6,23,-0.4
estimated,42671,2000037780,17,5.8,8,-11.2
estimated,42674,2000037783,12,8.8,6,-3.2
estimated,42678,2000037787,12,21.0,7,9.0
estimated,42683,2000037792,12,17.7,8,5.7
estimated,42687,2000037796,17,9.3,14,-7.7
estimated,42688,2000037797,12,17.8,4,5.8
estimated,42693,2000037802,12,6.8,4,-5.2
estimated,42697,2000037806,17,30.7,10,13.7
estimated,42707,2000037816,12,9.3,5,-2.7
estimated,42712,2000037821,12,6.0,6,-6.0
estimated,42714,2000037823,17,4.9,6,-12.1
estimated,42718,2000037827,12,4.8,4,-7.2
estimated,42719,2000037828,12,4.0,4,-8.0
estimated,42721,2000037830,17,6.1,15,-10.9
estimated,42728,2000037837,12,23.8,5,11.8
estimated,42738,2000037847,12,8.3,6,-3.7
estimated,42739,2000037848,12,5.5,8,-6.5
estimated,42740,2000037849,12,5.1,4,-6.9
estimated,42743,2000037852,17,6.0,8,-11.0
estimated,42748,2000037857,17,4.7,10,-12.3
estimated,42749,2000037858,12,5.9,4,-6.1
estimated,42750,2000037859,17,5.0,16,-12.0
estimated,42756,2000037865,12,25.4,6,13.4
estimated,42757,2000037866,12,20.5,7,8.5
estimated,42763,2000037872,12,8.4,8,-3.6
estimated,42774,2000037883,17,23.0,11,6.0
estimated,42776,2000037885,12,22.0,4,10.0
estimated,42779,2000037888,17,24.7,8,7.7
estimated,42789,2000037898,24,9.8,60,-14.2
estimated,42801,2000037917,12,11.0,6,-1.0
estimated,42803,2000037919,12,5.4,6,-6.6
estimated,42805,2000037921,17,5.3,11,-11.7
estimated,42806,2000037922,17,6.3,12,-10.7
estimated,42813,2000037930,12,9.2,8,-2.8
estimated,42814,2000037931,24,11.0,34,-13.0
estimated,42817,2000037934,12,7.9,9,-4.1
estimated,42820,2000037937,12,7.9,4,-4.1
estimated,42827,2000037945,17,8.5,15,-8.5
estimated,42828,2000037946,17,15.2,18,-1.8
estimated,42830,2000037948,17,20.0,13,3.0
estimated,42832,2000037950,17,11.2,19,-5.8
estimated,42838,2000037956,12,11.2,4,-0.8
estimated,42840,2000037958,12,17.8,6,5.8
estimated,42852,2000037971,7.5,7.3,4,-0.2
estimated,42857,2000037976,12,11.4,6,-0.6
estimated,42879,2000037998,7.5,9.8,4,2.3
estimated,42905,2000038025,12,9.3,4,-2.7
estimated,42919,2000038039,7.5,7.8,4,0.3
estimated,42922,2000038043,12,9.1,4,-2.9
estimated,42924,2000038045,12,8.4,4,-3.6
estimated,42930,2000038051,12,7.1,4,-4.9
estimated,42937,2000038058,12,8.5,7,-3.5
estimated,42938,2000038059,12,9.5,8,-2.5
estimated,42943,2000038064,12,44.5,5,32.5
estimated,42949,2000038071,12,11.9,5,-0.1
estimated,42950,2000038072,12,10.7,5,-1.3
estimated,42965,2000038087,12,6.8,6,-5.2
estimated,42966,2000038088,12,11.2,11,-0.8
estimated,42967,2000038090,7.5,8.8,5,1.3
estimated,42976,2000038099,12,4.0,11,-8.0
estimated,42979,2000038102,12,7.5,4,-4.5
estimated,42982,2000038105,7.5,6.7,4,-0.8
estimated,42985,2000038108,12,6.2,5,-5.8
estimated,43008,2000038131,12,8.5,5,-3.5
estimated,43012,2000038135,12,14.2,4,2.2
estimated,43014,2000038137,12,7.1,10,-4.9
estimated,43028,2000038152,12,10.0,5,-2.0
estimated,43030,2000038154,7.5,8.9,4,1.4
estimated,43031,2000038156,12,8.0,8,-4.0
estimated,43037,2000038162,12,6.5,5,-5.5
estimated,43041,2000038166,12,5.2,4,-6.8
estimated,43054,2000038180,12,8.6,5,-3.4
estimated,43056,2000038182,17,11.8,7,-5.2
estimated,43058,2000038184,12,10.0,9,-2.0
estimated,43061,2000038187,24,8.5,61,-15.5
estimated,43062,2000038188,17,11.0,33,-6.0
estimated,43065,2000038191,12,9.2,4,-2.8
estimated,43071,2000038197,17,7.0,21,-10.0
estimated,43073,2000038199,24,6.2,28,-17.8
estimated,43074,2000038200,7.5,14.1,4,6.6
estimated,43079,2000038206,12,10.9,6,-1.1
estimated,43083,2000038211,12,13.5,4,1.5
estimated,43090,2000038219,12,7.2,8,-4.8
estimated,43092,2000038221,12,9.3,6,-2.7
estimated,43097,2000038226,12,11.3,4,-0.7
estimated,43101,2000038230,12,12.8,6,0.8
estimated,43102,2000038231,12,14.6,4,2.6
estimated,43110,2000038239,12,17.2,7,5.2
estimated,43116,2000038247,12,6.7,4,-5.3
estimated,43144,2000038275,12,8.2,6,-3.8
estimated,43150,2000038281,12,9.0,5,-3.0
estimated,43153,2000038284,12,8.2,4,-3.8
estimated,43155,2000038286,12,7.8,4,-4.2
estimated,43175,2000038307,12,7.8,4,-4.2
estimated,43190,2000038324,12,7.5,4,-4.5
estimated,43197,2000038331,12,19.1,5,7.1
estimated,43209,2000038343,12,9.8,4,-2.2
estimated,43211,2000038345,12,5.9,4,-6.1
estimated,43234,2000038375,17,8.9,16,-8.1
estimated,43236,2000038377,17,6.0,33,-11.0
estimated,43238,2000038379,17,6.2,18,-10.8
estimated,43245,2000038387,12,5.1,8,-6.9
estimated,43246,2000038388,12,5.1,4,-6.9
estimated,43250,2000038392,12,5.2,6,-6.8
estimated,43254,2000038396,7.5,10.8,5,3.3
estimated,43256,2000038398,17,6.6,14,-10.4
estimated,43262,2000038404,17,6.8,6,-10.2
estimated,43265,2000038407,12,7.1,6,-4.9
estimated,43273,2000038415,17,7.3,25,-9.7
estimated,43284,2000038426,12,11.2,6,-0.8
estimated,43291,2000038433,12,11.1,5,-0.9
estimated,43298,2000038440,12,14.4,5,2.4
estimated,43305,2000038449,7.5,19.4,4,11.9
estimated,43312,2000038456,7.5,9.1,4,1.6
estimated,43318,2000038462,7.5,8.2,4,0.7
estimated,43320,2000038465,12,14.4,5,2.4
estimated,43323,2000038471,12,8.1,11,-3.9
estimated,43327,2000038476,12,5.4,5,-6.6
estimated,43331,2000038480,17,8.0,15,-9.0
estimated,43332,2000038481,12,9.9,12,-2.1
estimated,43338,2000038487,12,6.6,4,-5.4
estimated,43342,2000038491,12,9.3,4,-2.7
estimated,43343,2000038495,12,6.0,6,-6.0
estimated,43346,2000038499,12,6.1,6,-5.9
estimated,43374,2000038530,12,5.5,8,-6.5
estimated,43380,2000038536,12,4.8,4,-7.2
estimated,43395,2000038552,12,10.4,4,-1.6
estimated,43405,2000038563,17,10.2,13,-6.8
estimated,43408,2000038566,7.5,4.6,4,-2.9
estimated,43412,2000038571,12,5.5,7,-6.5
estimated,43432,2000038594,12,7.1,5,-4.9
estimated,43435,2000038597,12,8.9,7,-3.1
estimated,43436,2000038598,12,7.7,5,-4.3
estimated,43438,2000038600,12,6.9,4,-5.1
estimated,43458,2000038620,12,9.6,4,-2.4
estimated,43459,2000038621,7.5,10.6,4,3.1
estimated,43462,2000038624,12,11.0,5,-1.0
estimated,43475,2000038637,12,9.4,4,-2.6
estimated,43477,2000038639,12,11.7,4,-0.3
estimated,43493,2000038657,7.5,5.6,4,-1.9
estimated,43495,2000038659,7.5,5.2,4,-2.3
estimated,43498,2000038662,7.5,6.9,4,-0.6
estimated,43509,2000038673,17,4.6,13,-12.4
estimated,43510,2000038674,12,8.6,5,-3.4
estimated,43519,2000038683,12,7.9,4,-4.1
estimated,43528,2000038692,12,9.9,12,-2.1
estimated,43530,2000038694,12,6.7,4,-5.3
estimated,43537,2000038701,12,7.4,11,-4.6
estimated,43538,2000038702,12,11.1,8,-0.9
estimated,43541,2000038705,12,6.3,5,-5.7
estimated,43543,2000038707,12,6.8,4,-5.2
estimated,43544,2000038708,12,6.2,4,-5.8
estimated,43545,2000038709,7.5,6.8,4,-0.7
estimated,43558,2000038722,17,8.6,15,-8.4
estimated,43559,2000038723,12,9.8,4,-2.2
estimated,43560,2000038724,12,16.4,5,4.4
estimated,43562,2000038727,12,8.8,4,-3.2
estimated,43573,2000038744,12,5.9,6,-6.1
estimated,43577,2000038748,12,7.0,8,-5.0
estimated,43585,2000038757,7.5,4.3,4,-3.2
estimated,43587,2000038759,17,6.3,15,-10.7
estimated,43591,2000038763,12,6.7,7,-5.3
estimated,43593,2000038765,12,7.0,9,-5.0
estimated,43595,2000038767,12,5.5,5,-6.5
estimated,43596,2000038768,12,6.4,6,-5.6
estimated,43600,2000038772,12,6.8,4,-5.2
estimated,43602,2000038774,12,5.2,4,-6.8
estimated,43607,2000038779,12,5.6,6,-6.4
estimated,43610,2000038782,12,5.2,13,-6.8
estimated,43612,2000038784,12,6.0,6,-6.0
estimated,43615,2000038787,12,6.0,5,-6.0
estimated,43617,2000038789,7.5,7.0,4,-0.5
estimated,43620,2000038792,12,6.9,4,-5.1
estimated,43623,2000038795,7.5,6.0,5,-1.5
estimated,43631,2000038803,12,8.5,5,-3.5
estimated,43635,2000038807,12,8.5,4,-3.5
estimated,43636,2000038808,12,10.6,4,-1.4
estimated,43640,2000038812,12,9.6,5,-2.4
estimated,43641,2000038813,12,8.9,5,-3.1
estimated,43644,2000038816,12,7.5,4,-4.5
estimated,43651,2000038823,17,5.2,7,-11.8
estimated,43652,2000038824,17,6.0,16,-11.0
estimated,43656,2000038828,12,6.6,4,-5.4
estimated,43657,2000038829,12,9.0,4,-3.0
estimated,43658,2000038830,12,7.1,4,-4.9
estimated,43664,2000038838,12,8.9,4,-3.1
estimated,43667,2000038841,12,8.1,4,-3.9
estimated,43683,2000038857,17,6.5,22,-10.5
estimated,43691,2000038865,12,9.4,6,-2.6
estimated,43695,2000038869,7.5,8.4,4,0.9
estimated,43697,2000038871,12,6.2,4,-5.8
estimated,43702,2000038876,12,7.1,6,-4.9
estimated,43705,2000038879,12,6.8,5,-5.2
estimated,43708,2000038882,12,7.6,4,-4.4
estimated,43716,2000038890,12,11.2,7,-0.8
estimated,43729,2000038904,17,7.4,10,-9.6
estimated,43735,2000038910,7.5,8.0,4,0.5
estimated,43762,2000038942,12,8.3,5,-3.7
estimated,43763,2000038943,12,5.9,9,-6.1
estimated,43769,2000038949,12,7.7,4,-4.3
estimated,43773,2000038953,12,9.3,6,-2.7
estimated,43776,2000038956,7.5,6.4,4,-1.1
estimated,43781,2000038961,7.5,4.9,4,-2.6
estimated,43784,2000038964,12,9.5,6,-2.5
estimated,43797,2000038979,12,5.5,6,-6.5
estimated,43798,2000038980,12,6.0,4,-6.0
estimated,43808,2000038990,12,6.5,8,-5.5
estimated,43809,2000038991,12,8.2,4,-3.8
estimated,43813,2000038995,12,8.2,4,-3.8
estimated,43814,2000038996,12,7.5,7,-4.5
estimated,43817,2000038999,12,4.6,5,-7.4
estimated,43825,2000039007,12,5.3,4,-6.7
estimated,43838,2000039021,7.5,9.8,5,2.3
estimated,43851,2000039035,7.5,9.1,4,1.6
estimated,43860,2000039044,24,16.5,72,-7.5
estimated,43866,2000039051,12,11.4,6,-0.6
estimated,43885,2000039075,7.5,9.0,4,1.5
estimated,43889,2000039080,12,4.3,6,-7.7
estimated,43901,2000039093,12,13.1,4,1.1
estimated,43905,2000039097,7.5,6.8,4,-0.7
estimated,43914,2000039106,12,9.7,5,-2.3
estimated,43920,2000039112,24,11.6,115,-12.4
estimated,43924,2000039116,12,8.9,8,-3.1
estimated,43927,2000039119,12,8.3,5,-3.7
estimated,43928,2000039120,12,6.4,8,-5.6
estimated,43933,2000039126,17,7.3,13,-9.7
estimated,43944,2000039138,12,6.3,6,-5.7
estimated,43949,2000039143,17,4.8,16,-12.2
estimated,43956,2000039151,12,14.0,6,2.0
estimated,43958,2000039153,12,8.1,5,-3.9
estimated,43965,2000039161,17,7.4,17,-9.6
estimated,43966,2000039162,12,6.1,11,-5.9
estimated,43967,2000039163,17,6.4,26,-10.6
estimated,43968,2000039164,12,6.6,6,-5.4
estimated,43973,2000039169,17,9.9,29,-7.1
estimated,43974,2000039170,12,11.5,8,-0.5
estimated,43981,2000039177,17,7.4,17,-9.6
estimated,43982,2000039178,7.5,5.6,4,-1.9
estimated,43984,2000039180,12,4.4,6,-7.6
estimated,43985,2000039181,17,3.7,8,-13.3
estimated,43993,2000039189,7.5,5.5,4,-2.0
estimated,43996,2000039192,12,5.4,5,-6.6
estimated,44008,2000039205,7.5,5.8,4,-1.7
estimated,44021,2000039219,17,6.1,18,-10.9
estimated,44022,2000039220,7.5,5.4,4,-2.1
estimated,44024,2000039222,12,5.0,6,-7.0
estimated,44027,2000039225,12,4.8,5,-7.2
estimated,44031,2000039229,12,3.6,5,-8.4
estimated,44033,2000039231,7.5,4.8,4,-2.7
estimated,44034,2000039232,7.5,5.0,4,-2.5
estimated,44036,2000039234,17,6.1,21,-10.9
estimated,44053,2000039251,12,3.5,7,-8.5
estimated,44054,2000039252,7.5,5.6,4,-1.9
estimated,44074,2000039272,12,5.0,7,-7.0
estimated,44084,2000039282,7.5,5.2,4,-2.3
estimated,44091,2000039289,12,8.9,6,-3.1
estimated,44108,2000039307,12,6.8,5,-5.2
estimated,44113,2000039312,12,6.5,5,-5.5
estimated,44117,2000039316,12,6.4,4,-5.6
estimated,44129,2000039328,12,5.6,4,-6.4
estimated,44152,2000039351,12,7.0,4,-5.0
estimated,44154,2000039353,7.5,7.2,4,-0.3
estimated,44164,2000039363,12,7.4,4,-4.6
estimated,44174,2000039373,12,6.6,4,-5.4
estimated,44193,2000039392,12,5.0,4,-7.0
estimated,44228,2000039427,7.5,5.7,4,-1.8
estimated,44242,2000039441,7.5,5.8,4,-1.7
estimated,44245,2000039444,12,10.4,4,-1.6
estimated,44250,2000039449,7.5,5.8,4,-1.7
estimated,44254,2000039453,12,8.7,7,-3.3
estimated,44270,2000039470,12,7.4,5,-4.6
estimated,44274,2000039474,12,5.1,4,-6.9
estimated,44290,2000039490,12,6.0,8,-6.0
estimated,44295,2000039495,12,6.5,4,-5.5
estimated,44296,2000039496,12,5.6,4,-6.4
estimated,44297,2000039497,12,9.7,4,-2.3
estimated,44298,2000039498,12,6.8,9,-5.2
estimated,44301,2000039501,12,4.4,4,-7.6
estimated,44317,2000039518,17,5.4,22,-11.6
estimated,44318,2000039519,12,7.7,4,-4.3
estimated,44321,2000039522,17,8.1,21,-8.9
estimated,44326,2000039527,7.5,7.2,4,-0.3
estimated,44331,2000039532,7.5,6.6,4,-0.9
estimated,44336,2000039537,12,7.6,5,-4.4
estimated,44347,2000039548,12,6.5,6,-5.5
estimated,44349,2000039550,17,6.1,13,-10.9
estimated,44355,2000039556,12,7.7,10,-4.3
estimated,44359,2000039560,17,7.4,24,-9.6
estimated,44365,2000039566,12,5.5,6,-6.5
estimated,44382,2000039583,12,5.5,4,-6.5
estimated,44395,2000039596,7.5,7.9,4,0.4
estimated,44404,2000039605,12,6.1,6,-5.9
estimated,44405,2000039606,12,5.9,9,-6.1
estimated,44413,2000039614,7.5,10.0,4,2.5
estimated,44418,2000039619,12,7.3,4,-4.7
estimated,44421,2000039624,24,11.1,40,-12.9
estimated,44426,2000039630,17,8.7,14,-8.3
estimated,44427,2000039631,12,9.0,6,-3.0
estimated,44428,2000039633,12,7.6,5,-4.4
estimated,44433,2000039638,24,10.2,70,-13.8
estimated,44436,2000039641,12,6.4,10,-5.6
estimated,44444,2000039649,12,6.3,4,-5.7
estimated,44449,2000039654,12,6.0,5,-6.0
estimated,44455,2000039660,12,7.8,4,-4.2
estimated,44459,2000039664,17,11.5,27,-5.5
estimated,44464,2000039672,24,9.8,27,-14.2
estimated,44465,2000039673,17,12.3,25,-4.7
estimated,44470,2000039682,12,14.4,7,2.4
estimated,44489,2000039701,12,8.7,6,-3.3
estimated,44507,2000039722,12,4.7,6,-7.3
estimated,44509,2000039724,17,9.6,26,-7.4
estimated,44514,2000039729,7.5,5.7,4,-1.8
estimated,44525,2000039743,7.5,5.7,5,-1.8
estimated,44529,2000039747,17,8.3,15,-8.7
estimated,44532,2000039750,12,6.1,4,-5.9
estimated,44533,2000039751,12,15.7,4,3.7
estimated,44534,2000039752,12,6.9,4,-5.1
estimated,44538,2000039757,12,9.9,6,-2.1
estimated,44541,2000039760,12,7.1,9,-4.9
estimated,44543,2000039762,12,12.4,7,0.4
estimated,44552,2000039771,12,11.8,5,-0.2
estimated,44556,2000039776,12,7.1,4,-4.9
estimated,44558,2000039778,12,5.5,4,-6.5
estimated,44561,2000039781,17,9.1,26,-7.9
estimated,44566,2000039786,12,5.6,4,-6.4
estimated,44571,2000039791,7.5,5.6,5,-1.9
estimated,44573,2000039793,12,7.1,4,-4.9
estimated,44574,2000039794,12,7.4,4,-4.6
estimated,44576,2000039796,12,6.3,4,-5.7
estimated,44580,2000039800,12,6.4,7,-5.6
estimated,44582,2000039802,12,7.9,4,-4.1
estimated,44583,2000039804,24,13.0,52,-11.0
estimated,44585,2000039806,12,6.2,4,-5.8
estimated,44588,2000039810,17,9.9,12,-7.1
estimated,44590,2000039813,12,5.9,4,-6.1
estimated,44594,2000039818,7.5,5.9,4,-1.6
estimated,44595,2000039819,17,5.6,19,-11.4
estimated,44597,2000039821,17,8.6,22,-8.4
estimated,44602,2000039826,17,7.1,15,-9.9
estimated,44603,2000039827,12,7.3,8,-4.7
estimated,44604,2000039828,12,7.3,4,-4.7
estimated,44606,2000039830,17,7.6,21,-9.4
estimated,44608,2000039832,12,7.0,4,-5.0
estimated,44609,2000039833,12,6.9,5,-5.1
estimated,44610,2000039834,12,7.7,8,-4.3
estimated,44617,2000039843,17,8.1,9,-8.9
estimated,44625,2000039851,12,5.4,6,-6.6
estimated,44645,2000039878,12,6.7,5,-5.3
estimated,44646,2000039879,12,6.0,9,-6.0
estimated,44647,2000039880,12,6.7,4,-5.3
estimated,44649,2000039882,7.5,6.5,4,-1.0
estimated,44651,2000039887,17,6.2,21,-10.8
estimated,44662,2000039899,12,9.2,8,-2.8
estimated,44670,2000039908,12,6.7,7,-5.3
estimated,44671,2000039911,12,12.1,5,0.1
estimated,44699,2000039939,12,5.8,9,-6.2
estimated,44704,2000039944,12,8.5,9,-3.5
estimated,44713,2000039953,12,10.4,6,-1.6
estimated,44731,2000039972,12,6.0,7,-6.0
estimated,44732,2000039973,12,7.0,5,-5.0
estimated,44735,2000039976,7.5,6.5,4,-1.0
estimated,44738,2000039979,17,8.9,16,-8.1
estimated,44739,2000039980,12,11.3,8,-0.7
estimated,44741,2000039982,7.5,4.9,4,-2.6
estimated,44753,2000039994,12,6.8,5,-5.2
estimated,44755,2000039996,12,6.1,5,-5.9
estimated,44759,2000040000,12,6.4,5,-5.6
estimated,44761,2000040002,12,6.5,8,-5.5
estimated,44765,2000040006,12,6.3,4,-5.7
estimated,44766,2000040007,12,8.6,4,-3.4
estimated,44779,2000040020,12,5.8,6,-6.2
estimated,44800,2000040041,12,7.1,4,-4.9
estimated,44804,2000040045,7.5,5.4,4,-2.1
estimated,44805,2000040046,12,5.8,8,-6.2
estimated,44812,2000040053,12,5.9,4,-6.1
estimated,44816,2000040057,12,5.5,5,-6.5
estimated,44821,2000040062,12,8.9,4,-3.1
estimated,44822,2000040063,7.5,12.1,4,4.6
estimated,44830,2000040071,12,9.5,8,-2.5
estimated,44832,2000040073,12,7.3,10,-4.7
estimated,44835,2000040076,12,7.4,5,-4.6
estimated,44838,2000040079,7.5,7.8,4,0.3
estimated,44839,2000040080,12,8.4,5,-3.6
estimated,44847,2000040088,7.5,7.6,4,0.1
estimated,44848,2000040089,12,6.4,4,-5.6
estimated,44850,2000040091,7.5,7.1,5,-0.4
estimated,44862,2000040103,12,12.3,5,0.3
estimated,44863,2000040104,7.5,9.5,4,2.0
estimated,44864,2000040105,12,8.9,5,-3.1
estimated,44874,2000040115,17,7.6,15,-9.4
estimated,44875,2000040116,12,5.6,6,-6.4
estimated,44881,2000040122,17,8.0,8,-9.0
estimated,44884,2000040125,12,10.7,8,-1.3
estimated,44887,2000040128,12,7.6,12,-4.4
estimated,44896,2000040137,12,7.7,5,-4.3
estimated,44897,2000040138,12,8.6,7,-3.4
estimated,44898,2000040139,12,6.7,5,-5.3
estimated,44901,2000040142,7.5,5.6,4,-1.9
estimated,44906,2000040148,17,9.0,12,-8.0
estimated,44912,2000040154,12,6.8,4,-5.2
estimated,44913,2000040155,12,6.3,10,-5.7
estimated,44915,2000040160,12,5.1,6,-6.9
estimated,44923,2000040171,12,8.7,10,-3.3
estimated,44931,2000040180,12,5.9,4,-6.1
estimated,44940,2000040189,7.5,8.8,4,1.3
estimated,44945,2000040194,12,9.2,4,-2.8
estimated,44953,2000040202,17,8.6,10,-8.4
estimated,44977,2000040227,12,9.9,4,-2.1
estimated,44979,2000040229,7.5,8.3,4,0.8
estimated,44982,2000040232,12,9.1,4,-2.9
estimated,44983,2000040233,12,11.7,13,-0.3
estimated,44989,2000040239,17,10.0,16,-7.0
estimated,44991,2000040241,12,8.7,6,-3.3
estimated,45009,2000040260,12,8.3,6,-3.7
estimated,45010,2000040261,12,6.8,4,-5.2
estimated,45013,2000040264,17,6.7,10,-10.3
estimated,45019,2000040270,12,7.7,5,-4.3
estimated,45024,2000040275,12,12.8,6,0.8
estimated,45025,2000040276,12,12.5,7,0.5
estimated,45033,2000040284,12,4.1,6,-7.9
estimated,45039,2000040290,12,13.7,12,1.7
estimated,45041,2000040292,7.5,7.2,4,-0.3
estimated,45044,2000040295,7.5,7.5,5,-0.0
estimated,45059,2000040312,12,6.3,7,-5.7
estimated,45063,2000040317,12,7.9,11,-4.1
estimated,45064,2000040318,7.5,4.8,4,-2.7
estimated,45066,2000040321,12,7.7,4,-4.3
estimated,45069,2000040325,12,7.0,7,-5.0
estimated,45070,2000040326,7.5,8.1,4,0.6
estimated,45074,2000040330,12,8.3,4,-3.7
estimated,45078,2000040334,12,8.9,6,-3.1
estimated,45081,2000040337,12,9.5,6,-2.5
estimated,45084,2000040340,7.5,7.4,4,-0.1
estimated,45085,2000040341,12,8.5,6,-3.5
estimated,45089,2000040345,12,7.2,4,-4.8
estimated,45102,2000040358,7.5,6.8,5,-0.7
estimated,45113,2000040369,17,9.9,13,-7.1
estimated,45131,2000040388,7.5,9.1,4,1.6
estimated,45134,2000040391,12,8.1,4,-3.9
estimated,45142,2000040399,12,5.0,6,-7.0
estimated,45148,2000040406,17,10.8,12,-6.2
estimated,45156,2000040414,12,6.9,5,-5.1
estimated,45161,2000040419,7.5,7.4,4,-0.1
estimated,45172,2000040430,7.5,7.3,4,-0.2
estimated,45174,2000040432,7.5,5.2,4,-2.3
estimated,45175,2000040433,12,8.0,5,-4.0
estimated,45181,2000040439,12,8.0,4,-4.0
estimated,45182,2000040440,12,9.5,5,-2.5
estimated,45186,2000040444,12,8.7,7,-3.3
estimated,45187,2000040445,12,8.9,4,-3.1
estimated,45195,2000040453,12,9.7,5,-2.3
estimated,45201,2000040459,12,7.8,4,-4.2
estimated,45212,2000040470,12,7.4,5,-4.6
estimated,45214,2000040473,17,10.1,29,-6.9
estimated,45215,2000040474,17,10.9,22,-6.1
estimated,45216,2000040475,7.5,9.7,4,2.2
estimated,45221,2000040480,12,6.4,4,-5.6
estimated,45225,2000040484,12,13.3,5,1.3
estimated,45230,2000040489,12,7.8,4,-4.2
estimated,45231,2000040490,12,6.6,4,-5.4
estimated,45241,2000040501,12,8.2,6,-3.8
estimated,45243,2000040503,17,14.4,15,-2.6
estimated,45246,2000040506,12,6.8,4,-5.2
estimated,45248,2000040508,12,7.5,6,-4.5
estimated,45264,2000040526,12,7.4,4,-4.6
estimated,45267,2000040529,12,8.0,4,-4.0
estimated,45270,2000040532,12,6.6,4,-5.4
estimated,45272,2000040534,12,8.1,5,-3.9
estimated,45279,2000040541,12,7.8,5,-4.2
estimated,45280,2000040542,12,6.0,4,-6.0
estimated,45281,2000040543,12,7.6,4,-4.4
estimated,45288,2000040551,12,6.2,5,-5.8
estimated,45289,2000040552,12,7.2,7,-4.8
estimated,45295,2000040559,12,8.7,6,-3.3
estimated,45298,2000040562,12,7.5,7,-4.5
estimated,45299,2000040563,17,6.8,9,-10.2
estimated,45300,2000040564,12,6.1,7,-5.9
estimated,45301,2000040565,12,4.7,6,-7.3
estimated,45302,2000040566,12,5.0,5,-7.0
estimated,45303,2000040567,12,5.0,8,-7.0
estimated,45306,2000040570,12,9.7,8,-2.3
estimated,45307,2000040571,12,5.5,4,-6.5
estimated,45309,2000040574,12,6.8,6,-5.2
estimated,45315,2000040580,7.5,5.3,4,-2.2
estimated,45321,2000040589,12,7.5,9,-4.5
estimated,45322,2000040590,12,6.2,6,-5.8
estimated,45323,2000040591,12,5.5,5,-6.5
estimated,45324,2000040592,12,7.1,8,-4.9
estimated,45328,2000040596,17,6.4,13,-10.6
estimated,45336,2000040604,17,6.5,17,-10.5
estimated,45339,2000040607,17,4.7,9,-12.3
estimated,45344,2000040612,17,5.4,10,-11.6
estimated,45345,2000040614,12,5.9,9,-6.1
estimated,45347,2000040616,12,5.9,6,-6.1
estimated,45348,2000040617,12,7.2,6,-4.8
estimated,45349,2000040618,12,7.5,6,-4.5
estimated,45351,2000040620,17,5.9,11,-11.1
estimated,45353,2000040622,7.5,6.0,4,-1.5
estimated,45354,2000040623,17,5.3,19,-11.7
estimated,45356,2000040625,17,9.4,20,-7.6
estimated,45357,2000040626,24,6.4,46,-17.6
estimated,45358,2000040628,17,7.0,22,-10.0
estimated,45360,2000040630,17,10.7,17,-6.3
estimated,45361,2000040631,7.5,5.8,4,-1.7
estimated,45362,2000040632,7.5,7.1,4,-0.4
estimated,45363,2000040633,17,6.2,11,-10.8
estimated,45366,2000040636,7.5,7.4,4,-0.1
estimated,45369,2000040639,12,6.5,7,-5.5
estimated,45371,2000040641,12,5.3,5,-6.7
estimated,45379,2000040649,12,7.0,4,-5.0
estimated,45386,2000040656,12,7.6,4,-4.4
estimated,45388,2000040658,12,8.6,8,-3.4
estimated,45391,2000040661,17,7.3,16,-9.7
estimated,45394,2000040664,17,8.0,13,-9.0
estimated,45403,2000040675,12,6.3,4,-5.7
estimated,45405,2000040677,17,8.0,21,-9.0
estimated,45410,2000040682,12,5.9,6,-6.1
estimated,45413,2000040685,12,6.4,7,-5.6
estimated,45422,2000040695,12,12.2,4,0.2
estimated,45423,2000040696,17,7.0,10,-10.0
estimated,45424,2000040697,12,8.2,6,-3.8
estimated,45426,2000040699,12,10.9,9,-1.1
estimated,45427,2000040700,17,12.4,25,-4.6
estimated,45428,2000040701,12,15.4,8,3.4
estimated,45430,2000040703,12,12.9,4,0.9
estimated,45431,2000040704,12,12.6,6,0.6
estimated,45432,2000040705,17,12.8,12,-4.2
estimated,45435,2000040710,17,5.3,23,-11.7
estimated,45437,2000040712,17,6.9,15,-10.1
estimated,45438,2000040713,7.5,4.9,5,-2.6
estimated,45439,2000040714,12,5.4,4,-6.6
estimated,45440,2000040715,12,11.0,4,-1.0
estimated,45448,2000040723,7.5,8.5,4,1.0
estimated,45453,2000040728,12,6.4,10,-5.6
estimated,45456,2000040731,12,8.8,11,-3.2
estimated,45474,2000040749,12,18.7,11,6.7
estimated,45484,2000040759,12,5.7,6,-6.3
estimated,45495,2000040770,7.5,5.5,5,-2.0
estimated,45503,2000040778,7.5,7.3,4,-0.2
estimated,45507,2000040782,24,8.3,67,-15.7
estimated,45515,2000040790,12,5.1,4,-6.9
estimated,45518,2000040793,17,6.9,6,-10.1
estimated,45519,2000040794,12,10.1,5,-1.9
estimated,45520,2000040795,17,6.9,12,-10.1
estimated,45524,2000040799,12,6.0,8,-6.0
estimated,45527,2000040802,12,5.3,7,-6.7
estimated,45531,2000040806,17,5.3,11,-11.7
estimated,45532,2000040807,12,4.3,6,-7.7
estimated,45536,2000040811,12,8.7,4,-3.3
estimated,45539,2000040814,17,12.8,19,-4.2
estimated,45542,2000040817,17,8.1,15,-8.9
estimated,45543,2000040818,12,8.0,6,-4.0
estimated,45544,2000040819,7.5,7.5,4,-0.0
estimated,45549,2000040824,17,36.1,18,19.1
estimated,45550,2000040825,12,11.8,8,-0.2
estimated,45552,2000040827,12,16.6,5,4.6
estimated,45554,2000040829,17,7.6,13,-9.4
estimated,45555,2000040830,17,9.5,10,-7.5
estimated,45561,2000040836,12,9.2,4,-2.8
estimated,45564,2000040839,12,6.3,5,-5.7
estimated,45570,2000040845,17,6.2,20,-10.8
estimated,45572,2000040847,17,7.6,10,-9.4
estimated,45573,2000040848,17,5.9,12,-11.1
estimated,45574,2000040849,12,5.8,4,-6.2
estimated,45580,2000040855,12,9.6,4,-2.4
estimated,45585,2000040860,12,8.3,5,-3.7
estimated,45588,2000040864,12,5.9,8,-6.1
estimated,45596,2000040872,17,6.4,11,-10.6
estimated,45597,2000040873,12,5.4,4,-6.6
estimated,45599,2000040875,12,5.7,4,-6.3
estimated,45600,2000040876,12,5.4,6,-6.6
estimated,45604,2000040880,12,8.8,9,-3.2
estimated,45613,2000040890,12,13.1,4,1.1
estimated,45623,2000040900,12,6.0,4,-6.0
estimated,45626,2000040903,12,7.3,7,-4.7
estimated,45627,2000040904,12,6.8,7,-5.2
estimated,45628,2000040905,17,5.1,19,-11.9
estimated,45631,2000040908,12,4.7,6,-7.3
estimated,45633,2000040910,17,4.0,12,-13.0
estimated,45637,2000040915,17,5.9,19,-11.1
estimated,45638,2000040916,17,7.6,10,-9.4
estimated,45639,2000040917,17,7.1,9,-9.9
estimated,45640,2000040918,12,9.0,4,-3.0
estimated,45651,2000040929,12,7.6,5,-4.4
estimated,45652,2000040930,24,6.7,34,-17.3
estimated,45653,2000040931,17,12.8,9,-4.2
estimated,45657,2000040935,12,6.1,6,-5.9
estimated,45659,2000040937,12,6.5,12,-5.5
estimated,45662,2000040940,12,5.7,8,-6.3
estimated,45666,2000040944,12,4.9,5,-7.1
estimated,45667,2000040945,12,7.6,5,-4.4
estimated,45669,2000040947,12,5.5,5,-6.5
estimated,45670,2000040948,12,4.9,8,-7.1
estimated,45672,2000040950,12,8.4,4,-3.6
estimated,45674,2000040952,24,13.9,39,-10.1
estimated,45678,2000040956,12,5.5,6,-6.5
estimated,45685,2000040963,17,5.4,16,-11.6
estimated,45687,2000040965,12,5.3,4,-6.7
estimated,45689,2000040967,12,5.4,10,-6.6
estimated,45690,2000040968,12,5.4,8,-6.6
estimated,45691,2000040969,12,6.2,8,-5.8
estimated,45692,2000040971,12,5.7,7,-6.3
estimated,45702,2000040982,12,8.5,5,-3.5
estimated,45703,2000040983,12,5.0,4,-7.0
estimated,45705,2000040985,12,5.6,6,-6.4
estimated,45707,2000040987,17,5.3,14,-11.7
estimated,45710,2000040990,12,7.7,4,-4.3
estimated,45711,2000040991,24,9.0,45,-15.0
estimated,45726,2000041008,12,7.1,5,-4.9
estimated,45727,2000041009,17,6.3,10,-10.7
estimated,45728,2000041010,17,11.0,24,-6.0
estimated,45732,2000041014,12,6.1,6,-5.9
estimated,45735,2000041018,17,7.2,12,-9.8
estimated,45736,2000041019,17,8.7,10,-8.3
estimated,45737,2000041020,17,5.5,10,-11.5
estimated,45738,2000041021,12,7.7,7,-4.3
estimated,45742,2000041025,12,4.9,8,-7.1
estimated,45743,2000041026,12,6.3,9,-5.7
estimated,45745,2000041028,17,7.3,22,-9.7
estimated,45747,2000041030,12,6.2,6,-5.8
estimated,45748,2000041031,7.5,6.4,5,-1.1
estimated,45750,2000041033,17,6.2,18,-10.8
estimated,45751,2000041034,17,7.6,6,-9.4
estimated,45752,2000041035,12,5.9,9,-6.1
estimated,45754,2000041037,12,4.6,5,-7.4
estimated,45757,2000041040,17,4.4,8,-12.6
estimated,45762,2000041045,12,7.8,8,-4.2
estimated,45763,2000041046,12,6.6,9,-5.4
estimated,45764,2000041047,12,4.7,6,-7.3
estimated,45767,2000041050,17,4.7,9,-12.3
estimated,45769,2000041052,17,6.6,21,-10.4
estimated,45777,2000041060,17,5.5,19,-11.5
estimated,45783,2000041066,12,6.7,9,-5.3
estimated,45785,2000041068,12,4.4,5,-7.6
estimated,45786,2000041069,12,5.5,6,-6.5
estimated,45791,2000041074,17,5.9,10,-11.1
estimated,45795,2000041078,12,6.0,6,-6.0
estimated,45796,2000041079,12,6.2,5,-5.8
estimated,45798,2000041081,12,5.3,6,-6.7
estimated,45799,2000041082,12,6.8,6,-5.2
estimated,45802,2000041085,17,6.5,7,-10.5
estimated,45805,2000041088,12,5.6,6,-6.4
estimated,45806,2000041089,12,3.8,6,-8.2
estimated,45813,2000041096,12,6.2,6,-5.8
estimated,45816,2000041099,12,5.7,4,-6.3
estimated,45818,2000041101,17,9.2,14,-7.8
estimated,45819,2000041102,12,7.5,9,-4.5
estimated,45821,2000041104,12,5.3,4,-6.7
estimated,45824,2000041108,7.5,5.8,4,-1.7
estimated,45825,2000041109,17,6.1,19,-10.9
estimated,45827,2000041111,17,5.9,13,-11.1
estimated,45843,2000041129,17,9.4,15,-7.6
estimated,45844,2000041130,12,6.1,7,-5.9
estimated,45850,2000041137,12,6.0,5,-6.0
estimated,45851,2000041138,17,10.3,13,-6.7
estimated,45853,2000041140,12,10.3,5,-1.7
estimated,45854,2000041141,12,10.7,9,-1.3
estimated,45856,2000041143,17,10.3,14,-6.7
estimated,45857,2000041144,12,7.6,8,-4.4
estimated,45859,2000041146,12,8.6,6,-3.4
estimated,45862,2000041149,12,4.8,4,-7.2
estimated,45863,2000041150,12,5.7,6,-6.3
estimated,45867,2000041155,12,5.1,6,-6.9
estimated,45868,2000041156,17,6.6,22,-10.4
estimated,45870,2000041158,17,9.0,14,-8.0
estimated,45871,2000041159,12,9.0,6,-3.0
estimated,45872,2000041160,7.5,6.5,4,-1.0
estimated,45874,2000041162,12,5.9,4,-6.1
estimated,45875,2000041163,12,6.3,5,-5.7
estimated,45878,2000041166,12,6.1,4,-5.9
estimated,45881,2000041169,12,7.1,4,-4.9
estimated,45882,2000041170,17,5.8,7,-11.2
estimated,45883,2000041171,7.5,6.7,4,-0.8
estimated,45885,2000041173,17,5.3,7,-11.7
estimated,45886,2000041174,12,5.1,6,-6.9
estimated,45888,2000041176,12,4.6,4,-7.4
estimated,45891,2000041180,12,5.0,4,-7.0
estimated,45894,2000041183,17,8.7,11,-8.3
estimated,45895,2000041184,12,7.2,6,-4.8
estimated,45897,2000041186,12,7.1,11,-4.9
estimated,45899,2000041188,12,7.4,6,-4.6
estimated,45900,2000041189,12,9.7,6,-2.3
estimated,45901,2000041190,17,6.9,26,-10.1
estimated,45903,2000041192,17,6.6,10,-10.4
estimated,45905,2000041194,17,6.7,16,-10.3
estimated,45906,2000041195,12,8.0,9,-4.0
estimated,45907,2000041196,12,7.4,5,-4.6
estimated,45908,2000041197,12,7.4,6,-4.6
estimated,45909,2000041198,12,5.8,4,-6.2
estimated,45910,2000041199,17,7.5,12,-9.5
estimated,45911,2000041200,17,8.2,20,-8.8
estimated,45912,2000041201,12,6.2,6,-5.8
estimated,45913,2000041202,12,5.8,7,-6.2
estimated,45915,2000041204,12,7.3,11,-4.7
estimated,45916,2000041205,12,6.2,9,-5.8
estimated,45918,2000041207,17,7.3,12,-9.7
estimated,45919,2000041208,17,10.4,8,-6.6
estimated,45920,2000041209,17,7.1,25,-9.9
estimated,45921,2000041210,17,8.1,22,-8.9
estimated,45922,2000041211,12,6.8,5,-5.2
estimated,45923,2000041212,17,6.9,13,-10.1
estimated,45924,2000041213,12,5.6,7,-6.4
estimated,45925,2000041214,12,6.0,7,-6.0
estimated,45931,2000041220,12,6.0,4,-6.0
estimated,45935,2000041224,17,5.7,9,-11.3
estimated,45941,2000041231,12,9.1,7,-2.9
estimated,45944,2000041234,7.5,11.3,4,3.8
estimated,45947,2000041239,12,5.9,4,-6.1
estimated,45950,2000041242,12,8.5,6,-3.5
estimated,45951,2000041243,12,11.2,7,-0.8
estimated,45952,2000041244,12,9.1,4,-2.9
estimated,45953,2000041245,17,8.4,13,-8.6
estimated,45954,2000041246,17,9.6,12,-7.4
estimated,45957,2000041249,12,9.4,8,-2.6
estimated,45959,2000041251,17,8.4,18,-8.6
estimated,45964,2000041256,12,5.4,8,-6.6
estimated,45970,2000041263,17,5.8,14,-11.2
estimated,45971,2000041264,12,5.8,4,-6.2
estimated,45972,2000041265,12,6.2,7,-5.8
estimated,45980,2000041274,17,9.5,8,-7.5
estimated,45981,2000041276,12,7.0,6,-5.0
estimated,45994,2000041289,12,6.3,5,-5.7
estimated,45995,2000041290,17,6.1,18,-10.9
estimated,45998,2000041295,12,5.3,4,-6.7
estimated,45999,2000041296,17,4.9,10,-12.1
estimated,46004,2000041304,12,5.9,4,-6.1
estimated,46010,2000041310,17,6.7,13,-10.3
estimated,46011,2000041311,17,7.7,16,-9.3
estimated,46022,2000041323,12,7.6,5,-4.4
estimated,46024,2000041325,12,5.6,7,-6.4
estimated,46029,2000041330,12,7.6,4,-4.4
estimated,46030,2000041331,12,8.1,8,-3.9
estimated,46032,2000041333,12,7.7,6,-4.3
estimated,46033,2000041334,17,8.6,28,-8.4
estimated,46037,2000041338,12,5.7,8,-6.3
estimated,46038,2000041339,24,6.7,34,-17.3
estimated,46046,2000041348,12,6.6,4,-5.4
estimated,46048,2000041350,17,5.8,9,-11.2
estimated,46050,2000041352,12,7.2,7,-4.8
estimated,46051,2000041353,17,7.1,10,-9.9
estimated,46053,2000041355,12,7.9,11,-4.1
estimated,46054,2000041356,12,7.2,6,-4.8
estimated,46057,2000041359,12,7.8,4,-4.2
estimated,46060,2000041366,12,7.9,6,-4.1
estimated,46063,2000041369,17,8.0,13,-9.0
estimated,46065,2000041371,17,6.1,26,-10.9
estimated,46072,2000041379,12,6.3,10,-5.7
estimated,46073,2000041380,12,5.5,6,-6.5
estimated,46077,2000041384,7.5,6.2,4,-1.3
estimated,46078,2000041385,12,5.2,4,-6.8
estimated,46080,2000041388,12,5.5,10,-6.5
estimated,46082,2000041390,17,6.1,24,-10.9
estimated,46086,2000041394,12,8.5,8,-3.5
estimated,46090,2000041398,12,7.3,5,-4.7
estimated,46091,2000041399,17,6.6,13,-10.4
estimated,46095,2000041405,12,5.9,4,-6.1
estimated,46101,2000041412,12,5.0,4,-7.0
estimated,46102,2000041413,12,4.8,4,-7.2
estimated,46106,2000041417,17,6.2,16,-10.8
estimated,46110,2000041421,12,7.8,5,-4.2
estimated,46114,2000041425,12,5.6,6,-6.4
estimated,46116,2000041427,17,5.8,13,-11.2
estimated,46119,2000041430,12,6.0,7,-6.0
estimated,46120,2000041431,7.5,5.3,4,-2.2
estimated,46121,2000041432,12,5.9,4,-6.1
estimated,46126,2000041437,12,6.0,6,-6.0
estimated,46141,2000041453,12,5.4,4,-6.6
estimated,46145,2000041457,24,5.2,35,-18.8
estimated,46146,2000041458,12,5.8,11,-6.2
estimated,46147,2000041461,12,6.3,7,-5.7
estimated,46150,2000041464,7.5,7.3,4,-0.2
estimated,46152,2000041466,12,5.7,4,-6.3
estimated,46154,2000041468,17,5.3,16,-11.7
estimated,46156,2000041470,12,6.6,5,-5.4
estimated,46159,2000041473,24,5.5,40,-18.5
estimated,46166,2000041482,17,7.1,12,-9.9
estimated,46168,2000041484,12,5.6,6,-6.4
estimated,46176,2000041492,12,8.3,7,-3.7
estimated,46179,2000041495,12,7.0,8,-5.0
estimated,46181,2000041497,17,6.8,17,-10.2
estimated,46182,2000041498,12,7.2,5,-4.8
estimated,46183,2000041499,12,6.3,4,-5.7
estimated,46184,2000041500,7.5,6.9,4,-0.6
estimated,46188,2000041504,12,5.6,10,-6.4
estimated,46192,2000041508,12,8.3,5,-3.7
estimated,46195,2000041511,12,6.1,7,-5.9
estimated,46198,2000041514,12,8.2,8,-3.8
estimated,46199,2000041515,17,7.9,22,-9.1
estimated,46200,2000041516,17,9.3,11,-7.7
estimated,46202,2000041518,12,8.4,8,-3.6
estimated,46203,2000041519,17,6.9,20,-10.1
estimated,46208,2000041524,12,8.4,7,-3.6
estimated,46209,2000041525,7.5,9.1,4,1.6
estimated,46212,2000041528,12,10.7,5,-1.3
estimated,46214,2000041530,12,8.0,6,-4.0
estimated,46216,2000041532,12,8.2,8,-3.8
estimated,46219,2000041535,12,8.0,4,-4.0
estimated,46232,2000041549,17,7.7,24,-9.3
estimated,46233,2000041550,12,8.4,9,-3.6
estimated,46234,2000041551,12,8.0,4,-4.0
estimated,46237,2000041554,17,7.9,13,-9.1
estimated,46239,2000041556,12,5.5,4,-6.5
estimated,46241,2000041558,17,6.2,14,-10.8
estimated,46244,2000041562,12,12.2,9,0.2
estimated,46246,2000041565,12,5.6,6,-6.4
estimated,46250,2000041570,17,7.9,12,-9.1
estimated,46254,2000041575,17,7.5,26,-9.5
estimated,46256,2000041577,17,9.2,9,-7.8
estimated,46264,2000041587,17,5.6,14,-11.4
estimated,46265,2000041588,12,6.5,4,-5.5
estimated,46268,2000041591,12,7.3,8,-4.7
estimated,46272,2000041595,17,7.3,10,-9.7
estimated,46274,2000041597,12,8.9,6,-3.1
estimated,46275,2000041598,17,8.3,12,-8.7
estimated,46277,2000041600,17,7.7,10,-9.3
estimated,46286,2000041609,12,5.4,7,-6.6
estimated,46288,2000041611,12,6.9,11,-5.1
estimated,46290,2000041613,17,5.1,12,-11.9
estimated,46291,2000041614,12,5.8,7,-6.2
estimated,46292,2000041615,17,7.2,15,-9.8
estimated,46295,2000041619,12,5.3,5,-6.7
estimated,46296,2000041620,12,6.5,4,-5.5
estimated,46300,2000041624,17,9.4,10,-7.6
estimated,46303,2000041627,12,8.6,4,-3.4
estimated,46304,2000041628,12,11.5,5,-0.5
estimated,46307,2000041632,12,12.0,6,0.0
estimated,46311,2000041636,12,8.4,5,-3.6
estimated,46318,2000041644,12,8.4,7,-3.6
estimated,46319,2000041645,12,8.0,8,-4.0
estimated,46324,2000041650,12,9.3,5,-2.7
estimated,46325,2000041651,12,7.2,4,-4.8
estimated,46326,2000041652,12,9.0,6,-3.0
estimated,46334,2000041660,12,8.3,4,-3.7
estimated,46335,2000041661,12,7.9,8,-4.1
estimated,46337,2000041663,17,6.1,7,-10.9
estimated,46339,2000041665,12,8.3,5,-3.7
estimated,46340,2000041666,17,7.2,9,-9.8
estimated,46341,2000041667,17,8.0,22,-9.0
estimated,46342,2000041668,12,6.8,8,-5.2
estimated,46350,2000041676,12,9.2,4,-2.8
estimated,46351,2000041677,12,8.0,7,-4.0
estimated,46354,2000041680,7.5,8.4,4,0.9
estimated,46356,2000041682,12,7.8,12,-4.2
estimated,46357,2000041683,12,10.0,6,-2.0
estimated,46361,2000041687,7.5,10.3,4,2.8
estimated,46362,2000041688,17,10.5,18,-6.5
estimated,46371,2000041697,12,13.1,6,1.1
estimated,46381,2000041707,12,6.2,6,-5.8
estimated,46382,2000041708,17,5.6,17,-11.4
estimated,46388,2000041714,12,7.7,9,-4.3
estimated,46389,2000041715,12,9.7,5,-2.3
estimated,46394,2000041720,12,14.5,5,2.5
estimated,46399,2000041725,12,9.2,6,-2.8
estimated,46400,2000041726,12,8.0,6,-4.0
estimated,46401,2000041727,12,8.9,5,-3.1
estimated,46404,2000041730,12,7.8,7,-4.2
estimated,46406,2000041732,12,9.7,4,-2.3
estimated,46410,2000041736,17,13.7,7,-3.3
estimated,46415,2000041741,12,10.3,4,-1.7
estimated,46420,2000041746,12,6.6,9,-5.4
estimated,46421,2000041747,12,6.3,5,-5.7
estimated,46422,2000041748,12,6.3,5,-5.7
estimated,46424,2000041750,12,5.4,7,-6.6
estimated,46428,2000041754,12,6.4,7,-5.6
estimated,46431,2000041757,17,6.3,23,-10.7
estimated,46434,2000041760,17,7.6,11,-9.4
estimated,46436,2000041762,7.5,13.6,4,6.1
estimated,46443,2000041769,12,7.1,7,-4.9
estimated,46445,2000041771,7.5,5.7,4,-1.8
estimated,46448,2000041774,12,6.2,5,-5.8
estimated,46450,2000041776,17,6.8,12,-10.2
estimated,46452,2000041778,7.5,7.6,4,0.1
estimated,46454,2000041781,12,6.9,11,-5.1
estimated,46459,2000041786,12,7.0,5,-5.0
estimated,46463,2000041790,17,7.5,12,-9.5
estimated,46465,2000041792,12,7.5,6,-4.5
estimated,46467,2000041794,12,6.8,4,-5.2
estimated,46470,2000041797,17,12.4,24,-4.6
estimated,46474,2000041801,12,3.9,4,-8.1
estimated,46477,2000041804,17,5.7,11,-11.3
estimated,46478,2000041805,12,5.8,7,-6.2
estimated,46484,2000041811,12,5.8,9,-6.2
estimated,46486,2000041813,12,6.3,9,-5.7
estimated,46490,2000041817,17,6.1,15,-10.9
estimated,46491,2000041818,12,8.8,4,-3.2
estimated,46492,2000041819,12,7.2,4,-4.8
estimated,46493,2000041820,12,9.0,7,-3.0
estimated,46495,2000041823,12,10.4,4,-1.6
estimated,46496,2000041824,12,9.1,5,-2.9
estimated,46498,2000041826,12,8.3,6,-3.7
estimated,46499,2000041829,17,9.3,11,-7.7
estimated,46503,2000041833,17,8.6,17,-8.4
estimated,46504,2000041834,7.5,7.0,4,-0.5
estimated,46507,2000041837,12,6.3,7,-5.7
estimated,46508,2000041838,7.5,8.0,4,0.5
estimated,46511,2000041841,12,6.5,5,-5.5
estimated,46513,2000041843,12,7.4,4,-4.6
estimated,46514,2000041844,12,7.4,6,-4.6
estimated,46516,2000041846,12,7.3,5,-4.7
estimated,46523,2000041856,12,13.7,6,1.7
estimated,46530,2000041863,12,9.7,5,-2.3
estimated,46531,2000041865,17,8.4,13,-8.6
estimated,46532,2000041866,17,7.5,15,-9.5
estimated,46534,2000041868,17,6.3,12,-10.7
estimated,46541,2000041875,17,9.6,7,-7.4
estimated,46544,2000041878,12,6.8,10,-5.2
estimated,46545,2000041879,17,7.2,9,-9.8
estimated,46547,2000041881,12,5.9,5,-6.1
estimated,46562,2000041896,12,6.8,6,-5.2
estimated,46566,2000041900,17,6.9,14,-10.1
estimated,46570,2000041904,12,6.7,5,-5.3
estimated,46571,2000041905,12,6.5,6,-5.5
estimated,46573,2000041907,12,5.9,10,-6.1
estimated,46576,2000041910,7.5,6.3,6,-1.2
estimated,46578,2000041912,12,5.5,5,-6.5
estimated,46580,2000041914,12,5.6,10,-6.4
estimated,46581,2000041915,12,5.5,9,-6.5
estimated,46583,2000041917,12,6.9,5,-5.1
estimated,46584,2000041918,12,5.6,5,-6.4
estimated,46586,2000041920,12,5.8,5,-6.2
estimated,46589,2000041923,17,7.1,15,-9.9
estimated,46590,2000041924,12,6.0,5,-6.0
estimated,46594,2000041928,17,7.8,21,-9.2
estimated,46595,2000041929,12,10.9,10,-1.1
estimated,46596,2000041930,12,8.8,4,-3.2
estimated,46600,2000041934,12,10.0,9,-2.0
estimated,46603,2000041937,17,7.4,12,-9.6
estimated,46604,2000041938,12,8.3,6,-3.7
estimated,46608,2000041942,12,8.5,5,-3.5
estimated,46611,2000041945,17,6.0,15,-11.0
estimated,46613,2000041947,12,6.6,6,-5.4
estimated,46626,2000041960,12,7.0,5,-5.0
estimated,46627,2000041961,12,7.1,4,-4.9
estimated,46629,2000041963,17,8.4,31,-8.6
estimated,46632,2000041966,12,7.1,11,-4.9
estimated,46633,2000041967,12,5.9,6,-6.1
estimated,46638,2000041972,17,6.1,6,-10.9
estimated,46641,2000041975,12,6.1,10,-5.9
estimated,46642,2000041976,12,5.6,9,-6.4
estimated,46644,2000041978,12,5.8,4,-6.2
estimated,46647,2000041981,7.5,6.4,4,-1.1
estimated,46663,2000041997,17,7.0,16,-10.0
estimated,46673,2000042007,7.5,8.0,4,0.5
estimated,46676,2000042010,17,7.0,22,-10.0
estimated,46677,2000042011,17,6.7,26,-10.3
estimated,46678,2000042012,12,10.9,6,-1.1
estimated,46679,2000042013,17,11.5,13,-5.5
estimated,46680,2000042014,12,6.9,4,-5.1
estimated,46684,2000042018,12,11.3,6,-0.7
estimated,46685,2000042019,24,8.3,36,-15.7
estimated,46686,2000042020,17,7.1,10,-9.9
estimated,46690,2000042024,24,7.4,41,-16.6
estimated,46694,2000042028,12,8.1,6,-3.9
estimated,46698,2000042032,17,6.0,12,-11.0
estimated,46700,2000042035,17,12.3,22,-4.7
estimated,46714,2000042049,7.5,7.1,6,-0.4
estimated,46719,2000042054,12,7.0,5,-5.0
estimated,46727,2000042063,12,9.6,4,-2.4
estimated,46729,2000042065,12,8.7,5,-3.3
estimated,46743,2000042079,12,6.8,5,-5.2
estimated,46747,2000042083,12,7.2,7,-4.8
estimated,46748,2000042084,12,6.1,6,-5.9
estimated,46752,2000042088,12,6.3,6,-5.7
estimated,46753,2000042089,12,7.3,5,-4.7
estimated,46754,2000042090,17,7.4,28,-9.6
estimated,46758,2000042094,12,7.1,5,-4.9
estimated,46768,2000042104,7.5,5.8,4,-1.7
estimated,46779,2000042115,12,7.3,4,-4.7
estimated,46786,2000042123,12,8.8,7,-3.2
estimated,46830,2000042169,24,6.4,65,-17.6
estimated,46831,2000042170,12,6.7,9,-5.3
estimated,46834,2000042173,17,6.7,29,-10.3
estimated,46835,2000042174,12,5.7,7,-6.3
estimated,46837,2000042176,17,7.2,33,-9.8
estimated,46840,2000042179,12,6.0,6,-6.0
estimated,46841,2000042180,12,6.2,4,-5.8
estimated,46843,2000042182,7.5,9.3,4,1.8
estimated,46845,2000042184,12,10.0,5,-2.0
estimated,46847,2000042186,12,6.7,5,-5.3
estimated,46848,2000042187,12,6.7,8,-5.3
estimated,46849,2000042188,12,7.2,4,-4.8
estimated,46853,2000042192,12,7.7,4,-4.3
estimated,46856,2000042195,12,7.3,10,-4.7
estimated,46859,2000042198,12,6.9,8,-5.1
estimated,46861,2000042200,17,5.9,24,-11.1
estimated,46874,2000042213,17,6.6,20,-10.4
estimated,46876,2000042215,12,6.8,7,-5.2
estimated,46880,2000042219,17,6.6,16,-10.4
estimated,46881,2000042220,12,6.0,5,-6.0
estimated,46882,2000042221,12,6.1,5,-5.9
estimated,46897,2000042236,12,6.2,4,-5.8
estimated,46898,2000042237,12,7.0,6,-5.0
estimated,46900,2000042239,12,7.5,5,-4.5
estimated,46902,2000042241,12,9.7,5,-2.3
estimated,46903,2000042242,7.5,6.6,5,-0.9
estimated,46910,2000042249,12,6.1,5,-5.9
estimated,46918,2000042257,12,7.0,5,-5.0
estimated,46921,2000042260,17,5.8,13,-11.2
estimated,46931,2000042270,12,10.3,4,-1.7
estimated,46938,2000042279,17,9.2,29,-7.8
estimated,46939,2000042280,12,6.4,5,-5.6
estimated,46941,2000042282,12,6.7,6,-5.3
estimated,46943,2000042284,7.5,6.1,4,-1.4
estimated,46947,2000042288,12,7.6,4,-4.4
estimated,46956,2000042297,12,8.7,5,-3.3
estimated,46963,2000042304,17,6.1,15,-10.9
estimated,46968,2000042309,12,5.7,4,-6.3
estimated,46971,2000042312,12,6.6,6,-5.4
estimated,46973,2000042315,12,8.8,5,-3.2
estimated,46974,2000042316,12,11.6,6,-0.4
estimated,46976,2000042318,12,6.2,4,-5.8
estimated,46977,2000042319,17,7.4,19,-9.6
estimated,46980,2000042322,12,6.4,6,-5.6
estimated,46981,2000042323,12,7.7,6,-4.3
estimated,46982,2000042324,12,5.9,7,-6.1
estimated,46987,2000042329,17,5.0,15,-12.0
estimated,46991,2000042333,12,4.6,4,-7.4
estimated,46992,2000042334,12,5.5,6,-6.5
estimated,46994,2000042336,12,6.0,4,-6.0
estimated,46999,2000042341,17,8.7,16,-8.3
estimated,47003,2000042345,12,8.4,7,-3.6
estimated,47005,2000042347,7.5,5.6,4,-1.9
estimated,47017,2000042359,17,10.2,25,-6.8
estimated,47019,2000042361,12,8.5,4,-3.5
estimated,47021,2000042363,7.5,8.7,4,1.2
estimated,47024,2000042366,12,5.8,4,-6.2
estimated,47028,2000042370,17,7.2,13,-9.8
estimated,47029,2000042371,12,6.9,6,-5.1
estimated,47038,2000042380,12,9.8,4,-2.2
estimated,47046,2000042388,17,12.3,15,-4.7
estimated,47052,2000042394,7.5,6.5,4,-1.0
estimated,47054,2000042396,17,7.4,12,-9.6
estimated,47055,2000042397,12,7.1,7,-4.9
estimated,47057,2000042399,12,7.2,6,-4.8
estimated,47069,2000042411,12,24.3,4,12.3
estimated,47113,2000042462,12,8.5,4,-3.5
estimated,47114,2000042463,12,13.3,6,1.3
estimated,47115,2000042464,12,17.5,7,5.5
estimated,47116,2000042465,7.5,15.9,4,8.4
estimated,47117,2000042466,17,18.3,8,1.3
estimated,47120,2000042469,12,16.6,5,4.6
estimated,47124,2000042473,12,8.1,7,-3.9
estimated,47127,2000042476,12,7.2,5,-4.8
estimated,47135,2000042484,17,10.9,6,-6.1
estimated,47139,2000042488,12,7.9,5,-4.1
estimated,47142,2000042492,12,8.9,6,-3.1
estimated,47144,2000042494,12,6.4,7,-5.6
estimated,47149,2000042499,12,9.7,4,-2.3
estimated,47153,2000042503,12,11.1,6,-0.9
estimated,47154,2000042504,12,9.5,6,-2.5
estimated,47160,2000042511,12,6.7,6,-5.3
estimated,47162,2000042513,12,8.9,6,-3.1
estimated,47163,2000042514,12,7.8,7,-4.2
estimated,47164,2000042515,12,6.3,8,-5.7
estimated,47165,2000042516,12,5.4,4,-6.6
estimated,47168,2000042519,12,8.4,4,-3.6
estimated,47169,2000042520,12,7.7,8,-4.3
estimated,47170,2000042521,12,7.5,5,-4.5
estimated,47175,2000042526,12,5.9,8,-6.1
estimated,47177,2000042528,17,6.3,14,-10.7
estimated,47179,2000042530,12,8.2,6,-3.8
estimated,47180,2000042531,12,6.9,4,-5.1
estimated,47183,2000042534,12,6.4,5,-5.6
estimated,47184,2000042535,12,7.8,5,-4.2
estimated,47186,2000042537,17,9.5,7,-7.5
estimated,47190,2000042546,17,9.6,10,-7.4
estimated,47198,2000042562,12,6.6,6,-5.4
estimated,47203,2000042567,12,7.5,4,-4.5
estimated,47204,2000042568,12,7.8,6,-4.2
estimated,47210,2000042575,12,8.7,6,-3.3
estimated,47212,2000042577,17,6.6,12,-10.4
estimated,47216,2000042581,12,6.6,4,-5.4
estimated,47219,2000042584,12,6.5,5,-5.5
estimated,47220,2000042585,12,7.7,4,-4.3
estimated,47224,2000042592,12,7.3,4,-4.7
estimated,47229,2000042597,12,7.8,4,-4.2
estimated,47230,2000042598,12,8.3,9,-3.7
estimated,47236,2000042604,7.5,7.2,4,-0.3
estimated,47241,2000042609,12,7.1,7,-4.9
estimated,47242,2000042611,12,7.4,7,-4.6
estimated,47244,2000042614,12,6.6,8,-5.4
estimated,47254,2000042624,12,14.0,7,2.0
estimated,47255,2000042625,17,14.0,15,-3.0
estimated,47259,2000042629,17,8.5,12,-8.5
estimated,47261,2000042631,17,6.7,14,-10.3
estimated,47262,2000042632,12,6.9,4,-5.1
estimated,47263,2000042633,12,8.3,11,-3.7
estimated,47264,2000042634,12,6.7,10,-5.3
estimated,47270,2000042640,12,6.9,12,-5.1
estimated,47271,2000042641,17,7.1,11,-9.9
estimated,47273,2000042643,17,6.2,7,-10.8
estimated,47277,2000042647,17,18.9,12,1.9
estimated,47278,2000042649,12,6.8,7,-5.2
estimated,47280,2000042651,12,7.9,5,-4.1
estimated,47281,2000042652,12,8.9,4,-3.1
estimated,47282,2000042653,12,7.2,7,-4.8
estimated,47284,2000042655,17,8.6,18,-8.4
estimated,47286,2000042657,12,8.5,4,-3.5
estimated,47287,2000042658,12,6.0,6,-6.0
estimated,47290,2000042661,12,7.6,4,-4.4
estimated,47299,2000042671,12,19.0,6,7.0
estimated,47305,2000042677,12,6.4,6,-5.6
estimated,47307,2000042679,12,8.8,8,-3.2
estimated,47309,2000042681,12,6.6,5,-5.4
estimated,47310,2000042682,12,7.7,5,-4.3
estimated,47312,2000042684,12,6.6,9,-5.4
estimated,47313,2000042685,12,6.7,4,-5.3
estimated,47315,2000042687,12,7.6,4,-4.4
estimated,47317,2000042689,17,6.6,12,-10.4
estimated,47320,2000042692,12,10.0,4,-2.0
estimated,47322,2000042694,12,8.2,4,-3.8
estimated,47331,2000042703,12,9.5,6,-2.5
estimated,47333,2000042705,12,10.8,9,-1.2
estimated,47347,2000042722,7.5,13.2,4,5.7
estimated,47348,2000042723,12,13.4,4,1.4
estimated,47356,2000042732,12,7.5,10,-4.5
estimated,47361,2000042737,17,5.5,11,-11.5
estimated,47362,2000042738,12,5.9,11,-6.1
estimated,47363,2000042739,17,7.5,28,-9.5
estimated,47368,2000042744,24,7.4,38,-16.6
estimated,47369,2000042745,17,7.2,27,-9.8
estimated,47370,2000042746,12,6.0,7,-6.0
estimated,47373,2000042750,12,6.0,5,-6.0
estimated,47375,2000042752,12,8.8,6,-3.2
estimated,47376,2000042753,12,8.6,4,-3.4
estimated,47380,2000042758,7.5,7.1,4,-0.4
estimated,47381,2000042759,17,7.3,15,-9.7
estimated,47385,2000042763,12,5.1,7,-6.9
estimated,47392,2000042770,17,12.5,26,-4.5
estimated,47393,2000042771,12,9.1,6,-2.9
estimated,47400,2000042778,12,10.3,5,-1.7
estimated,47412,2000042790,12,10.9,6,-1.1
estimated,47413,2000042791,17,9.2,12,-7.8
estimated,47417,2000042796,12,12.9,6,0.9
estimated,47419,2000042798,17,7.4,10,-9.6
estimated,47420,2000042799,12,7.2,6,-4.8
estimated,47428,2000042807,12,7.6,12,-4.4
estimated,47429,2000042809,12,8.1,6,-3.9
estimated,47433,2000042814,17,13.3,14,-3.7
estimated,47442,2000042823,17,10.4,10,-6.6
estimated,47443,2000042824,17,9.9,11,-7.1
estimated,47444,2000042825,17,11.0,10,-6.0
estimated,47450,2000042831,17,10.4,11,-6.6
estimated,47455,2000042839,12,6.4,5,-5.6
estimated,47463,2000042847,7.5,8.4,4,0.9
estimated,47467,2000042851,12,5.3,5,-6.7
estimated,47469,2000042853,12,5.8,5,-6.2
estimated,47472,2000042856,17,6.4,15,-10.6
estimated,47475,2000042859,12,6.5,4,-5.5
estimated,47477,2000042861,12,7.9,7,-4.1
estimated,47479,2000042863,7.5,7.4,4,-0.1
estimated,47480,2000042864,12,7.2,4,-4.8
estimated,47481,2000042865,17,7.2,11,-9.8
estimated,47488,2000042872,12,5.0,8,-7.0
estimated,47489,2000042873,17,5.8,10,-11.2
estimated,47491,2000042875,12,5.0,6,-7.0
estimated,47494,2000042878,12,6.1,8,-5.9
estimated,47495,2000042879,12,7.1,6,-4.9
estimated,47496,2000042880,12,6.0,5,-6.0
estimated,47497,2000042881,17,4.9,12,-12.1
estimated,47498,2000042882,12,5.2,6,-6.8
estimated,47502,2000042886,12,6.9,5,-5.1
estimated,47505,2000042889,12,6.7,5,-5.3
estimated,47506,2000042890,12,11.0,7,-1.0
estimated,47514,2000042898,12,8.2,4,-3.8
estimated,47516,2000042901,12,5.6,5,-6.4
estimated,47520,2000042905,12,6.1,5,-5.9
estimated,47524,2000042913,12,14.2,6,2.2
estimated,47527,2000042917,12,9.1,5,-2.9
estimated,47535,2000042926,12,11.9,7,-0.1
estimated,47538,2000042930,7.5,11.4,4,3.9
estimated,47543,2000042935,12,10.4,11,-1.6
estimated,47558,2000042952,12,5.4,4,-6.6
estimated,47559,2000042953,12,6.0,4,-6.0
estimated,47561,2000042955,12,6.4,4,-5.6
estimated,47562,2000042956,12,7.7,4,-4.3
estimated,47568,2000042962,17,8.0,10,-9.0
estimated,47569,2000042963,7.5,6.7,4,-0.8
estimated,47570,2000042964,12,9.4,7,-2.6
estimated,47571,2000042965,12,12.5,8,0.5
estimated,47572,2000042966,12,12.2,11,0.2
estimated,47573,2000042967,12,11.6,7,-0.4
estimated,47576,2000042970,7.5,9.1,4,1.6
estimated,47577,2000042971,17,8.6,13,-8.4
estimated,47579,2000042973,12,6.9,10,-5.1
estimated,47581,2000042975,12,7.3,7,-4.7
estimated,47583,2000042977,12,5.3,4,-6.7
estimated,47589,2000042983,17,6.3,17,-10.7
estimated,47591,2000042985,12,8.4,4,-3.6
estimated,47593,2000042987,17,7.7,21,-9.3
estimated,47597,2000042991,12,5.3,5,-6.7
estimated,47599,2000042993,12,7.8,6,-4.2
estimated,47600,2000042994,12,5.9,4,-6.1
estimated,47602,2000042996,12,5.3,4,-6.7
estimated,47604,2000042998,17,4.9,7,-12.1
estimated,47607,2000043001,17,7.6,11,-9.4
estimated,47610,2000043004,12,8.5,4,-3.5
estimated,47614,2000043009,12,7.4,8,-4.6
estimated,47616,2000043011,17,7.3,13,-9.7
estimated,47620,2000043015,12,5.6,7,-6.4
estimated,47621,2000043016,12,4.9,4,-7.1
estimated,47625,2000043020,12,5.4,11,-6.6
estimated,47627,2000043022,12,5.3,9,-6.7
estimated,47628,2000043023,12,4.8,7,-7.2
estimated,47629,2000043024,17,6.5,12,-10.5
estimated,47640,2000043035,12,7.0,9,-5.0
estimated,47641,2000043036,12,5.8,8,-6.2
estimated,47645,2000043040,7.5,6.0,6,-1.5
estimated,47646,2000043041,17,5.3,14,-11.7
estimated,47648,2000043043,12,6.5,4,-5.5
estimated,47652,2000043047,7.5,7.7,5,0.2
estimated,47654,2000043049,12,7.6,7,-4.4
estimated,47656,2000043051,17,7.6,10,-9.4
estimated,47657,2000043052,12,6.1,4,-5.9
estimated,47670,2000043065,17,7.2,14,-9.8
estimated,47676,2000043071,12,8.5,5,-3.5
estimated,47680,2000043075,7.5,8.2,4,0.7
estimated,47681,2000043076,12,8.7,11,-3.3
estimated,47682,2000043077,12,10.2,7,-1.8
estimated,47684,2000043079,17,7.8,11,-9.2
estimated,47685,2000043080,12,10.0,7,-2.0
estimated,47686,2000043081,17,8.9,13,-8.1
estimated,47687,2000043082,17,8.5,14,-8.5
estimated,47690,2000043085,12,11.8,8,-0.2
estimated,47691,2000043086,12,7.3,8,-4.7
estimated,47693,2000043088,17,8.1,24,-8.9
estimated,47694,2000043089,12,7.4,8,-4.6
estimated,47698,2000043093,17,8.9,29,-8.1
estimated,47699,2000043094,12,8.5,7,-3.5
estimated,47700,2000043095,12,6.5,5,-5.5
estimated,47702,2000043097,17,8.9,8,-8.1
estimated,47709,2000043104,7.5,6.4,4,-1.1
estimated,47719,2000043115,17,21.3,14,4.3
estimated,47722,2000043118,12,22.1,5,10.1
estimated,47723,2000043119,12,16.8,4,4.8
estimated,47731,2000043131,12,6.3,5,-5.7
estimated,47733,2000043133,17,8.0,28,-9.0
estimated,47736,2000043136,17,8.0,12,-9.0
estimated,47737,2000043137,7.5,10.9,4,3.4
estimated,47738,2000043138,17,8.5,11,-8.5
estimated,47741,2000043142,12,8.2,5,-3.8
estimated,47742,2000043143,12,9.1,8,-2.9
estimated,47745,2000043146,12,8.6,6,-3.4
estimated,47747,2000043148,17,7.7,16,-9.3
estimated,47749,2000043150,12,10.9,8,-1.1
estimated,47751,2000043152,12,10.0,5,-2.0
estimated,47753,2000043154,17,9.0,25,-8.0
estimated,47756,2000043158,12,5.8,6,-6.2
estimated,47758,2000043160,12,10.2,5,-1.8
estimated,47768,2000043170,17,10.2,9,-6.8
estimated,47769,2000043171,12,9.3,7,-2.7
estimated,47774,2000043176,12,6.9,5,-5.1
estimated,47775,2000043177,17,7.9,21,-9.1
estimated,47776,2000043178,12,7.1,5,-4.9
estimated,47777,2000043179,17,11.3,24,-5.7
estimated,47786,2000043188,17,7.3,15,-9.7
estimated,47787,2000043189,12,7.4,4,-4.6
estimated,47791,2000043196,12,6.6,4,-5.4
estimated,47792,2000043197,17,6.3,10,-10.7
estimated,47795,2000043200,12,10.8,5,-1.2
estimated,47798,2000043206,17,7.2,7,-9.8
estimated,47799,2000043207,12,7.1,8,-4.9
estimated,47802,2000043210,12,10.6,4,-1.4
estimated,47808,2000043219,17,8.1,8,-8.9
estimated,47812,2000043223,12,11.1,7,-0.9
estimated,47814,2000043225,12,6.7,5,-5.3
estimated,47817,2000043228,12,13.3,6,1.3
estimated,47818,2000043229,12,9.7,8,-2.3
estimated,47821,2000043232,12,6.4,4,-5.6
estimated,47822,2000043233,17,9.0,8,-8.0
estimated,47824,2000043235,12,6.3,4,-5.7
estimated,47825,2000043236,17,12.2,23,-4.8
estimated,47829,2000043240,17,5.9,14,-11.1
estimated,47839,2000043252,12,7.3,5,-4.7
estimated,47840,2000043253,12,8.0,5,-4.0
estimated,47843,2000043256,12,7.5,8,-4.5
estimated,47850,2000043263,17,7.4,26,-9.6
estimated,47852,2000043265,12,10.0,9,-2.0
estimated,47853,2000043266,12,9.7,5,-2.3
estimated,47854,2000043267,17,5.3,8,-11.7
estimated,47855,2000043268,17,9.6,27,-7.4
estimated,47856,2000043269,12,11.8,8,-0.2
estimated,47858,2000043271,12,7.3,7,-4.7
estimated,47861,2000043274,17,8.2,13,-8.8
estimated,47864,2000043277,12,7.8,4,-4.2
estimated,47871,2000043285,12,6.4,8,-5.6
estimated,47872,2000043286,12,6.2,6,-5.8
estimated,47883,2000043297,12,7.2,4,-4.8
estimated,47885,2000043299,17,5.9,21,-11.1
estimated,47888,2000043302,12,6.0,7,-6.0
estimated,47894,2000043309,12,6.4,6,-5.6
estimated,47897,2000043312,7.5,5.3,4,-2.2
estimated,47898,2000043313,12,5.7,7,-6.3
estimated,47902,2000043317,12,7.1,6,-4.9
estimated,47903,2000043318,12,7.2,10,-4.8
estimated,47904,2000043319,12,9.0,10,-3.0
estimated,47905,2000043320,7.5,6.6,4,-0.9
estimated,47906,2000043321,12,6.2,5,-5.8
estimated,47907,2000043322,12,6.7,4,-5.3
estimated,47908,2000043323,12,7.4,6,-4.6
estimated,47909,2000043324,12,5.6,7,-6.4
estimated,47911,2000043326,12,5.1,4,-6.9
estimated,47912,2000043327,12,6.1,12,-5.9
estimated,47914,2000043329,17,7.7,9,-9.3
estimated,47917,2000043332,12,6.6,5,-5.4
estimated,47921,2000043337,12,6.6,8,-5.4
estimated,47922,2000043338,12,5.8,10,-6.2
estimated,47923,2000043339,12,7.8,6,-4.2
estimated,47924,2000043340,12,7.9,10,-4.1
estimated,47925,2000043341,12,8.9,7,-3.1
estimated,47935,2000043352,17,16.2,11,-0.8
estimated,47936,2000043353,17,11.3,9,-5.7
estimated,47938,2000043357,17,13.4,31,-3.6
estimated,47940,2000043360,12,6.5,4,-5.5
estimated,47943,2000043364,7.5,7.5,4,-0.0
estimated,47946,2000043367,12,8.5,6,-3.5
estimated,47947,2000043368,12,10.1,5,-1.9
estimated,47952,2000043373,12,14.2,5,2.2
estimated,47953,2000043375,12,14.7,4,2.7
estimated,47955,2000043379,12,11.1,4,-0.9
estimated,47961,2000043386,17,8.0,17,-9.0
estimated,47965,2000043390,12,10.4,4,-1.6
estimated,47969,2000043394,12,8.7,6,-3.3
estimated,47970,2000043395,12,5.7,4,-6.3
estimated,47977,2000043402,12,6.0,5,-6.0
estimated,47980,2000043405,12,5.7,5,-6.3
estimated,47982,2000043407,12,6.0,8,-6.0
estimated,47983,2000043408,12,4.4,4,-7.6
estimated,47987,2000043413,12,5.8,4,-6.2
estimated,47991,2000043417,12,4.7,7,-7.3
estimated,47993,2000043419,12,6.7,4,-5.3
estimated,47999,2000043425,7.5,6.0,4,-1.5
estimated,48001,2000043427,12,7.6,7,-4.4
estimated,48003,2000043429,12,5.0,5,-7.0
estimated,48005,2000043431,12,8.0,12,-4.0
estimated,48006,2000043432,12,8.9,4,-3.1
estimated,48010,2000043436,12,6.5,4,-5.5
estimated,48014,2000043440,17,6.5,8,-10.5
estimated,48016,2000043442,17,7.2,18,-9.8
estimated,48018,2000043444,12,9.5,6,-2.5
estimated,48019,2000043446,12,6.2,7,-5.8
estimated,48020,2000043447,12,12.1,10,0.1
estimated,48022,2000043449,12,13.6,6,1.6
estimated,48025,2000043452,12,9.9,4,-2.1
estimated,48029,2000043456,12,13.0,5,1.0
estimated,48030,2000043457,12,10.2,4,-1.8
estimated,48038,2000043465,12,7.2,7,-4.8
estimated,48039,2000043466,12,6.1,7,-5.9
estimated,48040,2000043467,7.5,8.5,4,1.0
estimated,48045,2000043472,12,8.7,6,-3.3
estimated,48046,2000043473,12,7.3,4,-4.7
estimated,48050,2000043477,12,9.7,6,-2.3
estimated,48051,2000043478,12,8.9,4,-3.1
estimated,48054,2000043481,12,9.2,5,-2.8
estimated,48058,2000043485,12,6.5,5,-5.5
estimated,48067,2000043494,7.5,7.1,4,-0.4
estimated,48069,2000043496,7.5,8.0,5,0.5
estimated,48070,2000043497,12,8.0,6,-4.0
estimated,48077,2000043511,12,18.5,5,6.5
estimated,48078,2000043512,12,9.5,7,-2.5
estimated,48080,2000043515,12,6.5,4,-5.5
estimated,48093,2000043528,12,19.5,6,7.5
estimated,48097,2000043532,17,15.1,9,-1.9
estimated,48101,2000043536,17,13.7,11,-3.3
estimated,48107,2000043542,12,8.0,6,-4.0
estimated,48111,2000043546,12,8.3,8,-3.7
estimated,48112,2000043547,12,10.4,4,-1.6
estimated,48116,2000043551,12,10.8,7,-1.2
estimated,48121,2000043556,12,12.2,6,0.2
estimated,48125,2000043563,12,11.1,7,-0.9
estimated,48126,2000043564,12,14.9,5,2.9
estimated,48129,2000043567,12,17.8,5,5.8
estimated,48136,2000043574,12,7.5,12,-4.5
estimated,48137,2000043575,12,7.3,8,-4.7
estimated,48140,2000043578,17,8.5,10,-8.5
estimated,48147,2000043585,7.5,8.3,4,0.8
estimated,48148,2000043586,12,5.1,5,-6.9
estimated,48150,2000043588,17,7.6,16,-9.4
estimated,48157,2000043595,17,11.6,16,-5.4
estimated,48161,2000043599,17,9.1,7,-7.9
estimated,48164,2000043603,12,13.6,5,1.6
estimated,48167,2000043607,17,14.8,11,-2.2
estimated,48168,2000043608,12,12.1,7,0.1
estimated,48174,2000043614,12,10.0,4,-2.0
estimated,48179,2000043621,12,8.0,4,-4.0
estimated,48180,2000043622,12,8.7,7,-3.3
estimated,48182,2000043624,12,8.0,4,-4.0
estimated,48183,2000043625,12,7.9,4,-4.1
estimated,48185,2000043627,12,8.4,8,-3.6
estimated,48189,2000043631,12,10.6,8,-1.4
estimated,48194,2000043636,17,13.1,14,-3.9
estimated,48195,2000043637,12,17.5,6,5.5
estimated,48196,2000043638,17,16.4,29,-0.6
estimated,48197,2000043639,12,14.3,4,2.3
estimated,48199,2000043641,12,12.7,7,0.7
estimated,48209,2000043653,17,9.3,10,-7.7
estimated,48210,2000043654,12,12.1,7,0.1
estimated,48211,2000043655,12,5.8,6,-6.2
estimated,48212,2000043656,12,7.0,6,-5.0
estimated,48213,2000043657,12,8.3,5,-3.7
estimated,48217,2000043661,12,6.5,5,-5.5
estimated,48220,2000043664,12,6.2,6,-5.8
estimated,48233,2000043677,12,10.0,11,-2.0
estimated,48236,2000043680,17,12.0,34,-5.0
estimated,48237,2000043681,17,10.0,12,-7.0
estimated,48242,2000043686,17,9.1,8,-7.9
estimated,48248,2000043692,7.5,10.3,4,2.8
estimated,48250,2000043694,12,6.6,7,-5.4
estimated,48254,2000043699,12,10.2,7,-1.8
estimated,48255,2000043700,12,9.5,8,-2.5
estimated,48256,2000043701,17,7.5,20,-9.5
estimated,48257,2000043703,12,7.0,10,-5.0
estimated,48270,2000043717,12,27.0,4,15.0
estimated,48275,2000043722,17,11.7,8,-5.3
estimated,48276,2000043723,12,8.7,7,-3.3
estimated,48277,2000043724,12,10.7,5,-1.3
estimated,48279,2000043726,12,14.2,8,2.2
estimated,48280,2000043727,12,12.9,9,0.9
estimated,48286,2000043733,17,4.1,12,-12.9
estimated,48288,2000043735,17,6.4,14,-10.6
estimated,48289,2000043736,12,6.6,6,-5.4
estimated,48292,2000043739,12,5.1,6,-6.9
estimated,48295,2000043742,12,21.4,6,9.4
estimated,48299,2000043746,12,8.3,10,-3.7
estimated,48300,2000043747,12,7.3,10,-4.7
estimated,48301,2000043748,12,7.0,7,-5.0
estimated,48304,2000043751,12,10.1,6,-1.9
estimated,48307,2000043754,12,9.5,6,-2.5
estimated,48310,2000043757,12,6.7,4,-5.3
estimated,48314,2000043761,12,6.9,5,-5.1
estimated,48317,2000043764,12,4.5,4,-7.5
estimated,48319,2000043766,17,46.0,11,29.0
estimated,48331,2000043778,12,6.9,4,-5.1
estimated,48334,2000043781,12,6.8,6,-5.2
estimated,48336,2000043783,12,7.0,6,-5.0
estimated,48337,2000043784,17,7.8,13,-9.2
estimated,48338,2000043785,12,6.8,4,-5.2
estimated,48343,2000043791,12,8.8,5,-3.2
estimated,48345,2000043795,12,16.9,6,4.9
estimated,48353,2000043803,12,7.6,9,-4.4
estimated,48358,2000043808,12,9.6,11,-2.4
estimated,48359,2000043809,17,8.8,16,-8.2
estimated,48362,2000043813,12,5.0,4,-7.0
estimated,48365,2000043816,17,5.3,15,-11.7
estimated,48368,2000043819,12,9.2,8,-2.8
estimated,48381,2000043832,12,5.8,5,-6.2
estimated,48384,2000043835,17,8.2,11,-8.8
estimated,48386,2000043837,12,6.4,9,-5.6
estimated,48393,2000043844,12,9.9,4,-2.1
estimated,48404,2000043857,17,10.5,12,-6.5
estimated,48409,2000043862,12,5.2,7,-6.8
estimated,48410,2000043863,17,5.3,11,-11.7
estimated,48413,2000043866,17,6.7,14,-10.3
estimated,48418,2000043872,12,10.0,6,-2.0
estimated,48420,2000043874,17,7.9,13,-9.1
estimated,48424,2000043878,12,6.7,4,-5.3
estimated,48426,2000043880,12,6.8,7,-5.2
estimated,48427,2000043881,17,6.6,11,-10.4
estimated,48428,2000043882,12,6.7,4,-5.3
estimated,48429,2000043883,12,8.7,4,-3.3
estimated,48430,2000043884,12,9.3,4,-2.7
estimated,48432,2000043886,12,8.6,4,-3.4
estimated,48433,2000043887,12,10.9,5,-1.1
estimated,48436,2000043890,12,12.7,5,0.7
estimated,48437,2000043891,12,8.7,4,-3.3
estimated,48438,2000043895,17,10.3,26,-6.7
estimated,48440,2000043897,17,14.2,10,-2.8
estimated,48441,2000043898,12,10.5,7,-1.5
estimated,48442,2000043899,12,11.2,4,-0.8
estimated,48443,2000043900,17,12.9,11,-4.1
estimated,48446,2000043903,17,16.0,13,-1.0
estimated,48449,2000043906,17,14.1,14,-2.9
estimated,48451,2000043908,12,9.8,11,-2.2
estimated,48454,2000043911,12,7.0,7,-5.0
estimated,48455,2000043912,12,5.8,4,-6.2
estimated,48462,2000043919,12,9.1,8,-2.9
estimated,48464,2000043922,12,12.3,8,0.3
estimated,48465,2000043923,12,8.0,8,-4.0
estimated,48473,2000043933,12,5.7,4,-6.3
estimated,48474,2000043934,12,6.8,8,-5.2
estimated,48479,2000043939,12,5.5,10,-6.5
estimated,48482,2000043942,12,10.8,10,-1.2
estimated,48485,2000043945,12,15.2,8,3.2
estimated,48487,2000043947,12,7.9,7,-4.1
estimated,48488,2000043948,12,6.6,4,-5.4
estimated,48494,2000043954,17,5.3,25,-11.7
estimated,48496,2000043956,12,8.7,9,-3.3
estimated,48502,2000043962,12,7.2,4,-4.8
estimated,48508,2000043971,12,4.4,7,-7.6
estimated,48513,2000043976,12,7.9,4,-4.1
estimated,48515,2000043978,12,12.3,7,0.3
estimated,48516,2000043979,12,8.4,6,-3.6
estimated,48518,2000043981,12,8.8,6,-3.2
estimated,48521,2000043984,12,10.2,9,-1.8
estimated,48522,2000043985,17,10.1,20,-6.9
estimated,48523,2000043986,12,10.2,4,-1.8
estimated,48524,2000043987,7.5,11.5,4,4.0
estimated,48530,2000043994,12,4.4,5,-7.6
estimated,48531,2000043995,12,18.1,6,6.1
estimated,48533,2000043997,7.5,6.2,4,-1.3
estimated,48536,2000044000,12,6.9,5,-5.1
estimated,48537,2000044001,12,7.1,6,-4.9
estimated,48539,2000044003,7.5,7.1,4,-0.4
estimated,48542,2000044006,12,8.3,4,-3.7
estimated,48545,2000044009,17,4.9,13,-12.1
estimated,48548,2000044012,12,5.3,4,-6.7
estimated,48551,2000044015,12,14.9,5,2.9
estimated,48552,2000044016,12,7.9,7,-4.1
estimated,48553,2000044017,12,6.8,10,-5.2
estimated,48557,2000044021,17,10.8,15,-6.2
estimated,48561,2000044025,12,7.3,8,-4.7
estimated,48562,2000044026,12,7.5,8,-4.5
estimated,48563,2000044027,12,9.3,6,-2.7
estimated,48568,2000044034,17,19.1,12,2.1
estimated,48569,2000044035,12,18.4,4,6.4
estimated,48571,2000044037,17,14.8,13,-2.2
estimated,48576,2000044042,12,11.0,5,-1.0
estimated,48578,2000044044,12,9.8,6,-2.2
estimated,48579,2000044045,12,10.3,4,-1.7
estimated,48581,2000044047,12,9.9,6,-2.1
estimated,48583,2000044050,12,10.2,6,-1.8
estimated,48589,2000044056,12,7.8,6,-4.2
estimated,48605,2000044077,17,7.2,15,-9.8
estimated,48607,2000044079,12,9.9,4,-2.1
estimated,48608,2000044080,17,9.6,8,-7.4
estimated,48611,2000044083,12,4.4,7,-7.6
estimated,48612,2000044084,17,8.6,16,-8.4
estimated,48613,2000044085,24,6.6,46,-17.4
estimated,48614,2000044086,17,9.1,21,-7.9
estimated,48618,2000044090,12,9.1,6,-2.9
estimated,48620,2000044092,7.5,9.3,4,1.8
estimated,48627,2000044099,12,5.5,5,-6.5
estimated,48631,2000044103,12,4.7,5,-7.3
estimated,48634,2000044108,17,5.8,10,-11.2
estimated,48636,2000044110,12,5.8,4,-6.2
estimated,48637,2000044111,12,6.0,5,-6.0
estimated,48638,2000044112,12,6.0,4,-6.0
estimated,48647,2000044122,17,6.2,18,-10.8
estimated,48661,2000044136,7.5,7.0,4,-0.5
estimated,48663,2000044138,12,6.0,4,-6.0
estimated,48666,2000044141,12,5.7,6,-6.3
estimated,48669,2000044145,17,5.4,11,-11.6
estimated,48673,2000044149,12,6.5,4,-5.5
estimated,48675,2000044151,12,11.0,5,-1.0
estimated,48686,2000044168,12,16.3,5,4.3
estimated,48688,2000044170,12,13.0,4,1.0
estimated,48692,2000044174,12,8.1,5,-3.9
estimated,48693,2000044175,12,9.8,9,-2.2
estimated,48708,2000044194,12,7.1,10,-4.9
estimated,48713,2000044199,12,6.1,7,-5.9
estimated,48714,2000044200,7.5,6.9,4,-0.6
estimated,48718,2000044204,12,6.5,4,-5.5
estimated,48722,2000044208,12,12.3,4,0.3
estimated,48723,2000044209,12,10.0,8,-2.0
estimated,48728,2000044214,12,8.2,7,-3.8
estimated,48735,2000044222,17,8.0,10,-9.0
estimated,48736,2000044223,17,7.4,8,-9.6
estimated,48743,2000044231,12,10.4,6,-1.6
estimated,48749,2000044238,12,8.7,7,-3.3
estimated,48750,2000044239,17,9.1,14,-7.9
estimated,48751,2000044240,12,10.0,7,-2.0
estimated,48752,2000044241,17,11.8,8,-5.2
estimated,48756,2000044247,12,6.8,4,-5.2
estimated,48757,2000044248,17,7.7,9,-9.3
estimated,48758,2000044249,7.5,8.4,4,0.9
estimated,48759,2000044250,17,4.9,15,-12.1
estimated,48760,2000044251,17,4.9,6,-12.1
estimated,48761,2000044253,12,4.9,5,-7.1
estimated,48764,2000044256,12,4.6,10,-7.4
estimated,48765,2000044257,12,4.0,5,-8.0
estimated,48767,2000044259,12,5.2,4,-6.8
estimated,48774,2000044267,12,4.0,6,-8.0
estimated,48776,2000044270,17,6.1,9,-10.9
estimated,48778,2000044274,12,7.2,6,-4.8
estimated,48779,2000044275,7.5,6.8,4,-0.7
estimated,48780,2000044276,12,5.8,6,-6.2
estimated,48783,2000044280,12,4.9,7,-7.1
estimated,48784,2000044281,17,5.6,27,-11.4
estimated,48790,2000044287,17,5.6,18,-11.4
estimated,48791,2000044288,12,5.3,7,-6.7
estimated,48796,2000044293,17,4.4,7,-12.6
estimated,48797,2000044294,12,4.9,4,-7.1
estimated,48805,2000044302,17,4.7,13,-12.3
estimated,48806,2000044303,12,5.2,6,-6.8
estimated,48811,2000044309,12,7.1,9,-4.9
estimated,48812,2000044310,17,7.1,11,-9.9
estimated,48818,2000044317,17,7.3,18,-9.7
estimated,48820,2000044319,17,5.6,9,-11.4
estimated,48824,2000044325,17,7.2,11,-9.8
estimated,48825,2000044327,12,7.7,6,-4.3
estimated,48827,2000044329,17,8.7,13,-8.3
estimated,48831,2000044335,12,5.7,5,-6.3
estimated,48832,2000044336,12,6.9,9,-5.1
estimated,48834,2000044339,12,8.4,10,-3.6
estimated,48835,2000044340,12,9.9,6,-2.1
estimated,48862,2000044371,12,5.8,5,-6.2
estimated,48863,2000044372,17,5.9,15,-11.1
estimated,48864,2000044373,12,5.5,4,-6.5
estimated,48871,2000044382,12,6.8,4,-5.2
estimated,48879,2000044390,12,6.3,6,-5.7
estimated,48881,2000044392,12,5.8,9,-6.2
estimated,48887,2000044398,12,6.1,10,-5.9
estimated,48889,2000044400,17,4.2,11,-12.8
estimated,48892,2000044405,12,5.4,6,-6.6
estimated,48901,2000044415,7.5,6.9,4,-0.6
estimated,48903,2000044417,7.5,6.1,5,-1.4
estimated,48904,2000044418,12,6.1,8,-5.9
estimated,48905,2000044419,12,5.9,8,-6.1
estimated,48912,2000044428,12,5.5,8,-6.5
estimated,48913,2000044429,17,7.9,10,-9.1
estimated,48914,2000044431,12,10.9,4,-1.1
estimated,48916,2000044433,12,8.1,4,-3.9
estimated,48917,2000044434,17,12.6,8,-4.4
estimated,48919,2000044436,17,10.7,11,-6.3
estimated,48921,2000044439,12,7.7,6,-4.3
estimated,48922,2000044440,12,6.9,5,-5.1
estimated,48924,2000044443,12,6.7,5,-5.3
estimated,48927,2000044447,12,7.3,8,-4.7
estimated,48928,2000044448,12,7.3,10,-4.7
estimated,48930,2000044450,12,18.5,6,6.5
estimated,48931,2000044451,17,7.0,23,-10.0
estimated,48932,2000044452,12,8.2,7,-3.8
estimated,48933,2000044453,12,7.3,5,-4.7
estimated,48940,2000044461,17,6.8,9,-10.2
estimated,48941,2000044462,12,8.7,6,-3.3
estimated,48942,2000044463,17,7.3,12,-9.7
estimated,48943,2000044464,12,6.1,4,-5.9
estimated,48944,2000044465,12,9.0,10,-3.0
estimated,48946,2000044467,12,6.2,7,-5.8
estimated,48955,2000044476,12,7.8,10,-4.2
estimated,48957,2000044478,12,8.2,9,-3.8
estimated,48958,2000044479,17,6.1,11,-10.9
estimated,48959,2000044480,17,6.8,10,-10.2
estimated,48960,2000044481,7.5,6.9,4,-0.6
estimated,48963,2000044484,17,7.0,13,-10.0
estimated,48964,2000044485,12,7.2,6,-4.8
estimated,48965,2000044486,17,7.1,11,-9.9
estimated,48968,2000044489,12,5.8,8,-6.2
estimated,48972,2000044493,17,7.1,14,-9.9
estimated,48973,2000044494,12,7.8,9,-4.2
estimated,48974,2000044495,12,6.4,11,-5.6
estimated,48975,2000044497,17,7.4,9,-9.6
estimated,48977,2000044499,12,6.7,6,-5.3
estimated,48978,2000044500,12,6.1,4,-5.9
estimated,48981,2000044503,12,8.0,10,-4.0
estimated,48982,2000044504,12,6.7,8,-5.3
estimated,48983,2000044505,12,6.3,6,-5.7
estimated,48984,2000044506,17,8.2,8,-8.8
estimated,48985,2000044507,12,8.4,5,-3.6
estimated,48986,2000044508,17,7.7,5,-9.3
estimated,48988,2000044510,12,9.4,9,-2.6
estimated,48989,2000044511,17,7.7,12,-9.3
estimated,48990,2000044512,17,5.5,14,-11.5
estimated,48991,2000044513,12,5.9,7,-6.1
estimated,48992,2000044514,17,8.0,20,-9.0
estimated,48994,2000044516,12,6.4,7,-5.6
estimated,48995,2000044517,12,5.8,4,-6.2
estimated,48997,2000044519,12,6.9,6,-5.1
estimated,48998,2000044520,17,8.1,11,-8.9
estimated,48999,2000044521,12,5.2,6,-6.8
estimated,49001,2000044523,7.5,7.3,4,-0.2
estimated,49003,2000044525,7.5,6.3,4,-1.2
estimated,49004,2000044526,17,6.0,8,-11.0
estimated,49008,2000044531,12,6.5,7,-5.5
estimated,49009,2000044532,12,7.2,8,-4.8
estimated,49012,2000044535,17,6.2,11,-10.8
estimated,49013,2000044536,17,5.4,6,-11.6
estimated,49014,2000044537,12,5.1,4,-6.9
estimated,49015,2000044538,12,7.6,7,-4.4
estimated,49022,2000044545,7.5,6.4,5,-1.1
estimated,49026,2000044549,17,7.3,14,-9.7
estimated,49030,2000044553,12,7.2,5,-4.8
estimated,49032,2000044555,17,6.1,9,-10.9
estimated,49033,2000044556,12,5.0,5,-7.0
estimated,49034,2000044558,17,5.4,13,-11.6
estimated,49036,2000044560,17,6.9,9,-10.1
estimated,49037,2000044561,7.5,7.0,4,-0.5
estimated,49039,2000044563,12,7.1,9,-4.9
estimated,49040,2000044564,12,7.9,5,-4.1
estimated,49045,2000044569,12,5.2,4,-6.8
estimated,49053,2000044577,12,5.6,6,-6.4
estimated,49061,2000044585,12,6.9,6,-5.1
estimated,49064,2000044588,12,6.9,4,-5.1
estimated,49065,2000044589,12,6.1,10,-5.9
estimated,49066,2000044590,12,6.0,4,-6.0
estimated,49067,2000044591,12,7.7,6,-4.3
estimated,49068,2000044592,12,6.5,10,-5.5
estimated,49074,2000044602,17,6.2,19,-10.8
estimated,49079,2000044609,12,4.9,4,-7.1
estimated,49081,2000044611,17,5.2,20,-11.8
estimated,49083,2000044613,12,5.0,6,-7.0
estimated,49084,2000044614,17,5.3,13,-11.7
estimated,49085,2000044616,12,5.5,9,-6.5
estimated,49086,2000044618,12,9.6,6,-2.4
estimated,49087,2000044619,12,9.6,4,-2.4
estimated,49091,2000044623,12,8.6,4,-3.4
estimated,49093,2000044625,12,6.8,6,-5.2
estimated,49099,2000044636,12,4.6,8,-7.4
estimated,49102,2000044639,24,6.4,43,-17.6
estimated,49110,2000044647,12,8.1,4,-3.9
estimated,49112,2000044649,12,5.6,6,-6.4
estimated,49117,2000044656,12,9.4,12,-2.6
estimated,49118,2000044657,12,6.1,4,-5.9
estimated,49119,2000044658,12,6.4,7,-5.6
estimated,49123,2000044663,12,8.4,6,-3.6
estimated,49128,2000044668,12,7.9,10,-4.1
estimated,49129,2000044669,17,9.0,18,-8.0
estimated,49130,2000044670,12,11.0,8,-1.0
estimated,49132,2000044673,12,6.5,7,-5.5
estimated,49134,2000044676,12,6.7,6,-5.3
estimated,49136,2000044678,12,5.1,8,-6.9
estimated,49139,2000044681,17,6.8,7,-10.2
estimated,49140,2000044682,17,7.1,16,-9.9
estimated,49141,2000044683,12,7.9,5,-4.1
estimated,49150,2000044692,12,7.2,4,-4.8
estimated,49151,2000044693,12,8.2,6,-3.8
estimated,49153,2000044695,12,12.2,7,0.2
estimated,49155,2000044697,17,6.9,9,-10.1
estimated,49157,2000044699,17,5.8,33,-11.2
estimated,49159,2000044701,12,4.4,8,-7.6
estimated,49167,2000044711,12,7.1,4,-4.9
estimated,49169,2000044714,12,6.1,12,-5.9
estimated,49170,2000044715,12,6.0,4,-6.0
estimated,49171,2000044716,12,6.9,8,-5.1
estimated,49172,2000044717,12,5.7,6,-6.3
estimated,49174,2000044719,12,6.9,9,-5.1
estimated,49176,2000044721,17,6.3,13,-10.7
estimated,49178,2000044723,12,6.0,6,-6.0
estimated,49179,2000044724,12,6.5,5,-5.5
estimated,49183,2000044728,17,5.2,15,-11.8
estimated,49185,2000044733,12,5.7,6,-6.3
estimated,49196,2000044744,12,9.1,4,-2.9
estimated,49197,2000044745,12,9.8,4,-2.2
estimated,49200,2000044750,12,8.9,4,-3.1
estimated,49204,2000044757,12,8.5,9,-3.5
estimated,49207,2000044760,12,6.9,4,-5.1
estimated,49210,2000044763,12,7.5,5,-4.5
estimated,49212,2000044766,12,12.3,4,0.3
estimated,49215,2000044769,12,11.2,12,-0.8
estimated,49216,2000044770,17,6.6,11,-10.4
estimated,49218,2000044772,12,13.6,5,1.6
estimated,49221,2000044775,17,6.2,16,-10.8
estimated,49229,2000044784,12,5.3,5,-6.7
estimated,49230,2000044785,12,5.7,7,-6.3
estimated,49231,2000044786,12,5.3,9,-6.7
estimated,49232,2000044787,12,6.2,6,-5.8
estimated,49233,2000044788,12,6.9,12,-5.1
estimated,49235,2000044791,12,6.9,7,-5.1
estimated,49236,2000044792,7.5,6.8,4,-0.7
estimated,49237,2000044793,12,8.6,6,-3.4
estimated,49238,2000044794,12,6.7,4,-5.3
estimated,49240,2000044796,7.5,4.0,4,-3.5
estimated,49246,2000044802,12,5.8,10,-6.2
estimated,49248,2000044804,12,7.1,5,-4.9
estimated,49255,2000044811,17,7.4,8,-9.6
estimated,49257,2000044813,17,6.9,19,-10.1
estimated,49259,2000044815,12,5.3,5,-6.7
estimated,49260,2000044816,17,6.8,8,-10.2
estimated,49261,2000044817,17,10.0,16,-7.0
estimated,49262,2000044818,12,8.7,6,-3.3
estimated,49263,2000044819,12,5.1,5,-6.9
estimated,49267,2000044823,12,5.3,4,-6.7
estimated,49268,2000044824,12,6.2,6,-5.8
estimated,49276,2000044835,12,5.9,5,-6.1
estimated,49277,2000044836,17,7.0,20,-10.0
estimated,49282,2000044841,17,6.3,13,-10.7
estimated,49286,2000044846,12,6.9,6,-5.1
estimated,49287,2000044847,17,5.1,11,-11.9
estimated,49289,2000044849,24,6.3,55,-17.7
estimated,49292,2000044852,12,6.0,4,-6.0
estimated,49294,2000044854,12,8.9,9,-3.1
estimated,49295,2000044855,12,5.0,6,-7.0
estimated,49298,2000044858,17,5.0,8,-12.0
estimated,49299,2000044859,12,6.1,6,-5.9
estimated,49300,2000044860,17,6.6,7,-10.4
estimated,49301,2000044861,12,5.6,6,-6.4
estimated,49302,2000044862,12,5.8,7,-6.2
estimated,49304,2000044864,12,5.5,4,-6.5
estimated,49308,2000044868,17,6.7,8,-10.3
estimated,49311,2000044871,17,5.5,12,-11.5
estimated,49312,2000044872,12,5.6,5,-6.4
estimated,49314,2000044874,17,5.9,16,-11.1
estimated,49319,2000044879,12,6.4,5,-5.6
estimated,49323,2000044883,12,7.8,5,-4.2
estimated,49325,2000044885,7.5,6.7,4,-0.8
estimated,49327,2000044888,12,7.4,4,-4.6
estimated,49328,2000044889,12,8.3,4,-3.7
estimated,49330,2000044891,17,5.5,25,-11.5
estimated,49331,2000044892,17,5.3,20,-11.7
estimated,49332,2000044894,12,6.0,4,-6.0
estimated,49335,2000044897,17,6.9,10,-10.1
estimated,49338,2000044901,17,10.8,15,-6.2
estimated,49339,2000044902,12,9.1,10,-2.9
estimated,49340,2000044903,12,10.5,4,-1.5
estimated,49345,2000044909,17,5.3,9,-11.7
estimated,49346,2000044910,12,6.7,6,-5.3
estimated,49347,2000044911,17,5.9,13,-11.1
estimated,49349,2000044913,7.5,8.0,5,0.5
estimated,49350,2000044914,12,5.8,5,-6.2
estimated,49353,2000044920,12,6.4,6,-5.6
estimated,49357,2000044925,7.5,6.7,4,-0.8
estimated,49365,2000044933,12,6.4,7,-5.6
estimated,49366,2000044934,17,9.2,15,-7.8
estimated,49367,2000044935,17,11.2,9,-5.8
estimated,49373,2000044941,17,8.6,8,-8.4
estimated,49375,2000044943,12,8.4,5,-3.6
estimated,49377,2000044945,17,7.5,12,-9.5
estimated,49378,2000044946,17,8.6,21,-8.4
estimated,49380,2000044948,12,7.4,4,-4.6
estimated,49382,2000044950,17,6.8,31,-10.2
estimated,49388,2000044957,12,8.2,5,-3.8
estimated,49389,2000044958,17,7.0,16,-10.0
estimated,49392,2000044961,12,11.0,10,-1.0
estimated,49396,2000044965,12,11.5,12,-0.5
estimated,49397,2000044966,17,10.8,29,-6.2
estimated,49399,2000044968,12,6.4,5,-5.6
estimated,49400,2000044969,12,7.2,4,-4.8
estimated,49401,2000044970,17,5.6,6,-11.4
estimated,49402,2000044971,12,8.4,8,-3.6
estimated,49403,2000044972,17,8.3,36,-8.7
estimated,49404,2000044973,12,6.8,6,-5.2
estimated,49405,2000044974,17,7.3,11,-9.7
estimated,49406,2000044975,12,9.4,7,-2.6
estimated,49410,2000044980,7.5,6.3,4,-1.2
estimated,49416,2000044986,12,5.5,9,-6.5
estimated,49417,2000044987,17,6.4,17,-10.6
estimated,49418,2000044991,7.5,6.2,4,-1.3
estimated,49419,2000044992,17,7.2,7,-9.8
estimated,49422,2000044995,17,5.1,27,-11.9
estimated,49425,2000044998,17,6.6,20,-10.4
estimated,49428,2000045001,17,6.6,14,-10.4
estimated,49429,2000045002,17,7.6,20,-9.4
estimated,49431,2000045004,12,4.1,9,-7.9
estimated,49434,2000045007,17,11.0,14,-6.0
estimated,49438,2000045011,12,10.0,4,-2.0
estimated,49450,2000045023,17,14.1,17,-2.9
estimated,49452,2000045025,12,6.5,9,-5.5
estimated,49454,2000045027,12,5.5,7,-6.5
estimated,49456,2000045029,12,6.5,7,-5.5
estimated,49462,2000045035,12,6.6,5,-5.4
estimated,49465,2000045038,17,6.1,14,-10.9
estimated,49473,2000045049,17,9.3,9,-7.7
estimated,49477,2000045054,17,9.8,12,-7.2
estimated,49478,2000045055,12,11.7,12,-0.3
estimated,49480,2000045057,12,9.9,4,-2.1
estimated,49482,2000045059,12,6.5,6,-5.5
estimated,49486,2000045063,12,5.0,6,-7.0
estimated,49504,2000045083,12,4.4,5,-7.6
estimated,49512,2000045093,12,4.0,6,-8.0
estimated,49513,2000045094,12,5.1,5,-6.9
estimated,49517,2000045099,12,5.3,5,-6.7
estimated,49519,2000045101,17,6.2,16,-10.8
estimated,49520,2000045102,7.5,4.6,4,-2.9
estimated,49521,2000045103,17,5.1,25,-11.9
estimated,49523,2000045105,12,5.5,5,-6.5
estimated,49528,2000045111,17,6.4,20,-10.6
estimated,49543,2000045128,12,6.0,4,-6.0
estimated,49544,2000045129,12,6.1,5,-5.9
estimated,49546,2000045132,17,7.5,13,-9.5
estimated,49547,2000045133,12,7.7,5,-4.3
estimated,49548,2000045134,12,11.4,4,-0.6
estimated,49556,2000045144,17,5.6,8,-11.4
estimated,49558,2000045146,12,6.5,7,-5.5
estimated,49559,2000045147,12,5.5,6,-6.5
estimated,49561,2000045149,12,3.9,5,-8.1
estimated,49564,2000045154,12,5.5,6,-6.5
estimated,49565,2000045155,12,5.7,4,-6.3
estimated,49569,2000045159,12,6.8,6,-5.2
estimated,49570,2000045160,12,7.0,5,-5.0
estimated,49572,2000045163,17,4.9,13,-12.1
estimated,49579,2000045174,12,5.2,5,-6.8
estimated,49580,2000045175,12,4.6,5,-7.4
estimated,49582,2000045177,17,5.3,9,-11.7
estimated,49583,2000045178,17,4.7,14,-12.3
estimated,49584,2000045179,12,7.0,7,-5.0
estimated,49586,2000045181,17,7.8,14,-9.2
estimated,49588,2000045183,12,5.0,4,-7.0
estimated,49589,2000045185,12,6.8,8,-5.2
estimated,49594,2000045192,17,5.6,11,-11.4
estimated,49600,2000045198,12,6.6,6,-5.4
estimated,49601,2000045199,12,6.3,8,-5.7
estimated,49602,2000045200,12,6.5,6,-5.5
estimated,49604,2000045202,7.5,5.9,4,-1.6
estimated,49605,2000045203,12,5.4,9,-6.6
estimated,49606,2000045204,17,5.5,15,-11.5
estimated,49607,2000045205,12,5.1,9,-6.9
estimated,49609,2000045207,17,4.9,13,-12.1
estimated,49610,2000045208,17,5.2,14,-11.8
estimated,49614,2000045213,17,5.6,12,-11.4
estimated,49615,2000045214,12,5.5,7,-6.5
estimated,49616,2000045215,12,5.8,4,-6.2
estimated,49619,2000045218,12,6.8,4,-5.2
estimated,49623,2000045222,12,4.4,6,-7.6
estimated,49628,2000045228,12,5.3,4,-6.7
estimated,49630,2000045230,12,4.4,4,-7.6
estimated,49631,2000045231,12,5.8,8,-6.2
estimated,49635,2000045237,12,5.7,8,-6.3
estimated,49637,2000045239,12,7.2,8,-4.8
estimated,49639,2000045241,17,6.9,16,-10.1
estimated,49642,2000045244,12,6.1,7,-5.9
estimated,49643,2000045245,17,4.7,14,-12.3
estimated,49645,2000045247,17,11.3,8,-5.7
estimated,49648,2000045251,12,6.9,8,-5.1
estimated,49655,2000045258,17,5.3,9,-11.7
estimated,49659,2000045262,12,9.1,6,-2.9
estimated,49661,2000045265,7.5,9.9,5,2.4
estimated,49662,2000045266,12,6.9,8,-5.1
estimated,49663,2000045267,12,7.9,9,-4.1
estimated,49668,2000045273,17,13.3,24,-3.7
estimated,49669,2000045274,12,11.7,5,-0.3
estimated,49670,2000045275,12,6.8,5,-5.2
estimated,49671,2000045277,12,8.3,10,-3.7
estimated,49690,2000045296,12,11.7,6,-0.3
estimated,49691,2000045297,17,12.0,16,-5.0
estimated,49692,2000045298,12,11.7,5,-0.3
estimated,49697,2000045303,7.5,6.4,4,-1.1
estimated,49699,2000045305,12,5.6,9,-6.4
estimated,49702,2000045310,17,6.0,11,-11.0
estimated,49710,2000045321,12,90.7,8,78.7
estimated,49711,2000045322,17,80.8,18,63.8
estimated,49719,2000045331,17,10.6,9,-6.4
estimated,49734,2000045348,12,5.0,8,-7.0
estimated,49738,2000045352,17,4.6,9,-12.4
estimated,49739,2000045353,12,6.3,7,-5.7
estimated,49749,2000045363,17,9.0,11,-8.0
estimated,49752,2000045366,7.5,7.0,4,-0.5
estimated,49753,2000045367,12,4.6,4,-7.4
estimated,49755,2000045371,12,10.7,9,-1.3
estimated,49756,2000045372,17,9.6,14,-7.4
estimated,49758,2000045375,17,8.7,8,-8.3
estimated,49765,2000045383,12,8.4,7,-3.6
estimated,49784,2000045406,12,13.2,8,1.2
estimated,49785,2000045407,12,14.3,5,2.3
estimated,49788,2000045410,17,5.4,9,-11.6
estimated,49791,2000045413,17,5.6,22,-11.4
estimated,49792,2000045414,12,5.6,4,-6.4
estimated,49793,2000045415,7.5,6.6,4,-0.9
estimated,49795,2000045417,12,5.1,7,-6.9
estimated,49797,2000045419,17,4.9,15,-12.1
estimated,49798,2000045420,17,5.4,16,-11.6
estimated,49801,2000045424,12,5.7,5,-6.3
estimated,49803,2000045426,17,5.8,11,-11.2
estimated,49805,2000045430,12,5.4,5,-6.6
estimated,49809,2000045436,7.5,6.1,4,-1.4
estimated,49813,2000045442,12,7.2,5,-4.8
estimated,49820,2000045449,17,6.2,22,-10.8
estimated,49821,2000045450,7.5,5.8,4,-1.7
estimated,49823,2000045452,12,5.0,5,-7.0
estimated,49827,2000045459,12,6.4,5,-5.6
estimated,49829,2000045462,12,7.1,6,-4.9
estimated,49833,2000045466,12,11.0,5,-1.0
estimated,49835,2000045468,12,8.5,5,-3.5
estimated,49837,2000045470,12,7.2,5,-4.8
estimated,49841,2000045474,12,9.7,7,-2.3
estimated,49842,2000045475,12,8.6,7,-3.4
estimated,49846,2000045479,12,7.4,7,-4.6
estimated,49849,2000045482,12,10.0,9,-2.0
estimated,49853,2000045486,12,7.9,7,-4.1
estimated,49856,2000045489,12,5.4,5,-6.6
estimated,49858,2000045491,12,6.2,6,-5.8
estimated,49865,2000045498,17,7.9,36,-9.1
estimated,49867,2000045500,17,13.8,8,-3.2
estimated,49868,2000045501,12,11.0,6,-1.0
estimated,49869,2000045502,17,13.6,19,-3.4
estimated,49873,2000045506,12,6.0,8,-6.0
estimated,49876,2000045510,17,13.3,20,-3.7
estimated,49877,2000045511,17,6.7,18,-10.3
estimated,49881,2000045515,12,6.7,4,-5.3
estimated,49889,2000045523,17,6.3,7,-10.7
estimated,49892,2000045526,12,5.5,10,-6.5
estimated,49898,2000045532,12,6.1,4,-5.9
estimated,49905,2000045539,12,5.3,5,-6.7
estimated,49911,2000045545,12,4.9,5,-7.1
estimated,49915,2000045550,12,5.5,6,-6.5
estimated,49917,2000045552,12,5.9,6,-6.1
estimated,49918,2000045553,12,7.8,7,-4.2
estimated,49926,2000045561,12,5.6,5,-6.4
estimated,49927,2000045562,12,6.5,7,-5.5
estimated,49929,2000045564,12,5.0,6,-7.0
estimated,49931,2000045567,7.5,5.3,4,-2.2
estimated,49936,2000045572,12,5.6,8,-6.4
estimated,49941,2000045578,12,8.3,9,-3.7
estimated,49942,2000045579,12,8.3,6,-3.7
estimated,49943,2000045580,12,6.7,9,-5.3
estimated,49945,2000045582,12,5.9,6,-6.1
estimated,49952,2000045590,12,8.3,10,-3.7
estimated,49954,2000045592,12,8.5,7,-3.5
estimated,49956,2000045594,17,5.7,7,-11.3
estimated,49963,2000045601,17,15.9,21,-1.1
estimated,49965,2000045603,17,8.6,19,-8.4
estimated,49966,2000045604,12,9.8,4,-2.2
estimated,49967,2000045605,12,8.3,8,-3.7
estimated,49968,2000045606,12,7.8,5,-4.2
estimated,49969,2000045607,17,10.3,18,-6.7
estimated,49970,2000045608,7.5,10.0,4,2.5
estimated,49972,2000045610,12,7.2,12,-4.8
estimated,49973,2000045611,17,8.2,16,-8.8
estimated,49977,2000045615,17,11.4,15,-5.6
estimated,49985,2000045628,12,11.8,5,-0.2
estimated,49986,2000045629,17,12.9,16,-4.1
estimated,49987,2000045630,12,11.1,4,-0.9
estimated,49989,2000045633,17,13.8,27,-3.2
estimated,49990,2000045635,17,6.2,14,-10.8
estimated,49991,2000045636,17,10.4,15,-6.6
estimated,49992,2000045637,12,9.4,5,-2.6
estimated,49995,2000045640,12,6.1,9,-5.9
estimated,50003,2000045648,12,5.1,4,-6.9
estimated,50004,2000045649,17,5.6,10,-11.4
estimated,50005,2000045650,12,5.4,5,-6.6
estimated,50013,2000045660,17,5.7,11,-11.3
estimated,50017,2000045664,12,5.0,13,-7.0
estimated,50018,2000045665,7.5,6.2,4,-1.3
estimated,50019,2000045667,17,5.2,11,-11.8
estimated,50024,2000045673,17,7.6,12,-9.4
estimated,50029,2000045678,12,8.8,5,-3.2
estimated,50033,2000045682,12,6.9,13,-5.1
estimated,50034,2000045683,17,7.3,12,-9.7
estimated,50038,2000045688,24,8.9,29,-15.1
estimated,50042,2000045695,12,6.2,8,-5.8
estimated,50045,2000045698,12,5.5,6,-6.5
estimated,50072,2000045728,12,6.4,4,-5.6
estimated,50086,2000045743,12,6.1,4,-5.9
estimated,50090,2000045747,12,7.3,6,-4.7
estimated,50096,2000045755,12,6.2,6,-5.8
estimated,50099,2000045758,12,6.2,4,-5.8
estimated,50104,2000045765,17,6.8,12,-10.2
estimated,50105,2000045766,12,6.9,6,-5.1
estimated,50106,2000045767,17,7.3,15,-9.7
estimated,50111,2000045774,12,7.2,5,-4.8
estimated,50112,2000045775,12,8.6,5,-3.4
estimated,50115,2000045779,12,5.9,4,-6.1
estimated,50127,2000045791,17,8.5,20,-8.5
estimated,50128,2000045792,17,5.7,16,-11.3
estimated,50131,2000045795,12,10.8,4,-1.2
estimated,50133,2000045797,17,7.6,17,-9.4
estimated,50134,2000045798,17,8.5,13,-8.5
estimated,50135,2000045799,17,7.1,21,-9.9
estimated,50138,2000045803,17,8.5,9,-8.5
estimated,50139,2000045804,12,9.5,6,-2.5
estimated,50141,2000045807,12,13.2,4,1.2
estimated,50144,2000045814,17,6.9,11,-10.1
estimated,50145,2000045815,17,7.6,9,-9.4
estimated,50147,2000045817,17,7.4,11,-9.6
estimated,50150,2000045822,12,8.5,12,-3.5
estimated,50153,2000045825,12,5.6,4,-6.4
estimated,50155,2000045827,17,7.5,23,-9.5
estimated,50156,2000045828,12,7.4,7,-4.6
estimated,50157,2000045829,12,4.7,5,-7.3
estimated,50160,2000045832,12,10.4,4,-1.6
estimated,50161,2000045833,12,10.1,12,-1.9
estimated,50162,2000045834,24,10.7,35,-13.3
estimated,50165,2000045837,12,7.1,5,-4.9
estimated,50167,2000045839,12,8.4,10,-3.6
estimated,50169,2000045841,12,9.5,9,-2.5
estimated,50174,2000045846,12,5.7,4,-6.3
estimated,50175,2000045847,12,7.6,4,-4.4
estimated,50179,2000045851,12,7.1,6,-4.9
estimated,50180,2000045852,12,6.8,5,-5.2
estimated,50181,2000045853,17,6.4,19,-10.6
estimated,50185,2000045857,12,5.3,6,-6.7
estimated,50191,2000045864,12,6.1,6,-5.9
estimated,50192,2000045866,17,7.4,12,-9.6
estimated,50193,2000045867,12,5.7,10,-6.3
estimated,50194,2000045868,17,5.9,11,-11.1
estimated,50197,2000045872,12,5.8,7,-6.2
estimated,50199,2000045874,12,6.2,7,-5.8
estimated,50201,2000045876,12,6.1,4,-5.9
estimated,50202,2000045877,12,7.0,4,-5.0
estimated,50203,2000045878,12,6.2,5,-5.8
estimated,50204,2000045879,17,6.7,15,-10.3
estimated,50205,2000045880,7.5,6.5,4,-1.0
estimated,50206,2000045881,12,7.1,10,-4.9
estimated,50207,2000045882,12,7.3,9,-4.7
estimated,50208,2000045883,12,7.3,6,-4.7
estimated,50215,2000045890,12,6.2,8,-5.8
estimated,50217,2000045892,12,7.2,5,-4.8
estimated,50218,2000045893,12,7.3,5,-4.7
estimated,50221,2000045897,12,6.5,8,-5.5
estimated,50223,2000045899,12,4.8,5,-7.2
estimated,50225,2000045902,12,3.9,4,-8.1
estimated,50226,2000045903,12,8.9,5,-3.1
estimated,50227,2000045904,7.5,6.8,4,-0.7
estimated,50228,2000045905,12,8.6,5,-3.4
estimated,50232,2000045909,12,7.2,4,-4.8
estimated,50235,2000045912,12,6.5,9,-5.5
estimated,50237,2000045914,12,11.5,12,-0.5
estimated,50239,2000045917,12,6.8,6,-5.2
estimated,50240,2000045918,12,9.8,5,-2.2
estimated,50241,2000045919,12,7.0,8,-5.0
estimated,50242,2000045920,12,8.2,9,-3.8
estimated,50243,2000045921,12,5.6,4,-6.4
estimated,50244,2000045922,12,6.7,8,-5.3
estimated,50245,2000045924,12,4.8,4,-7.2
estimated,50247,2000045927,12,6.2,5,-5.8
estimated,50248,2000045928,12,6.0,5,-6.0
estimated,50250,2000045930,12,7.6,6,-4.4
estimated,50251,2000045931,17,6.4,10,-10.6
estimated,50253,2000045933,12,9.6,6,-2.4
estimated,50254,2000045935,17,8.6,12,-8.4
estimated,50256,2000045939,17,12.2,9,-4.8
estimated,50257,2000045940,12,31.7,4,19.7
estimated,50258,2000045941,17,27.3,9,10.3
estimated,50266,2000045950,17,7.8,9,-9.2
estimated,50268,2000045952,17,6.5,10,-10.5
estimated,50271,2000045955,12,6.6,9,-5.4
estimated,50272,2000045956,12,9.4,6,-2.6
estimated,50274,2000045958,7.5,8.2,4,0.7
estimated,50276,2000045960,12,9.6,8,-2.4
estimated,50292,2000045977,12,5.6,5,-6.4
estimated,50294,2000045979,12,6.9,10,-5.1
estimated,50296,2000045981,17,10.1,8,-6.9
estimated,50299,2000045984,17,18.0,11,1.0
estimated,50300,2000045986,17,15.4,9,-1.6
estimated,50301,2000045987,17,10.8,16,-6.2
estimated,50303,2000045989,12,9.6,7,-2.4
estimated,50305,2000045991,12,8.4,6,-3.6
estimated,50307,2000045993,17,6.3,20,-10.7
estimated,50308,2000045994,17,6.4,11,-10.6
estimated,50309,2000045995,12,5.4,8,-6.6
estimated,50310,2000045998,12,11.6,9,-0.4
estimated,50311,2000045999,17,9.6,10,-7.4
estimated,50312,2000046000,17,9.7,14,-7.3
estimated,50314,2000046002,17,10.4,27,-6.6
estimated,50315,2000046003,17,15.1,30,-1.9
estimated,50316,2000046005,12,9.7,5,-2.3
estimated,50321,2000046011,17,8.3,18,-8.7
estimated,50322,2000046013,17,9.5,14,-7.5
estimated,50325,2000046017,12,5.8,5,-6.2
estimated,50326,2000046018,7.5,6.2,6,-1.3
estimated,50327,2000046019,12,5.6,4,-6.4
estimated,50329,2000046023,12,7.1,4,-4.9
estimated,50332,2000046026,17,6.6,30,-10.4
estimated,50335,2000046029,12,4.1,6,-7.9
estimated,50337,2000046031,12,7.0,9,-5.0
estimated,50338,2000046032,24,22.4,61,-1.6
estimated,50339,2000046034,12,6.8,5,-5.2
estimated,50340,2000046035,17,7.6,21,-9.4
estimated,50341,2000046036,17,6.9,20,-10.1
estimated,50342,2000046037,17,7.1,11,-9.9
estimated,50344,2000046039,12,8.9,9,-3.1
estimated,50345,2000046040,17,10.2,11,-6.8
estimated,50347,2000046042,17,5.5,10,-11.5
estimated,50352,2000046047,24,7.1,91,-16.9
estimated,50354,2000046049,17,11.9,12,-5.1
estimated,50358,2000046054,12,10.7,5,-1.3
estimated,50361,2000046058,17,14.6,19,-2.4
estimated,50365,2000046062,12,9.8,5,-2.2
estimated,50366,2000046063,17,9.1,13,-7.9
estimated,50373,2000046074,12,11.7,10,-0.3
estimated,50374,2000046075,12,12.6,6,0.6
estimated,50376,2000046077,12,9.9,6,-2.1
estimated,50378,2000046080,12,13.4,4,1.4
estimated,50384,2000046088,7.5,10.9,4,3.4
estimated,50390,2000046096,17,8.9,17,-8.1
estimated,50395,2000046101,17,10.1,14,-6.9
estimated,50400,2000046106,12,9.7,8,-2.3
estimated,50401,2000046107,17,9.1,12,-7.9
estimated,50403,2000046109,17,7.5,14,-9.5
estimated,50404,2000046110,17,8.9,20,-8.1
estimated,50405,2000046111,12,6.4,8,-5.6
estimated,50410,2000046116,17,6.9,20,-10.1
estimated,50411,2000046117,17,7.9,19,-9.1
estimated,50418,2000046128,12,5.8,12,-6.2
estimated,50420,2000046130,12,5.6,6,-6.4
estimated,50423,2000046133,12,8.0,9,-4.0
estimated,50425,2000046136,17,7.1,8,-9.9
estimated,50426,2000046137,17,5.5,35,-11.5
estimated,50431,2000046143,12,6.1,8,-5.9
estimated,50434,2000046146,12,5.2,8,-6.8
estimated,50435,2000046147,17,6.1,26,-10.9
estimated,50439,2000046151,12,2.7,6,-9.3
estimated,50444,2000046157,17,6.3,6,-10.7
estimated,50446,2000046159,12,5.1,4,-6.9
estimated,50449,2000046163,7.5,5.2,4,-2.3
estimated,50450,2000046164,17,4.9,13,-12.1
estimated,50452,2000046166,17,5.3,12,-11.7
estimated,50455,2000046169,17,6.9,23,-10.1
estimated,50457,2000046171,17,7.1,9,-9.9
estimated,50463,2000046177,12,10.9,4,-1.1
estimated,50464,2000046178,17,7.9,17,-9.1
estimated,50466,2000046180,7.5,7.9,4,0.4
estimated,50468,2000046182,12,8.7,11,-3.3
estimated,50477,2000046192,7.5,8.4,4,0.9
estimated,50478,2000046193,12,7.4,7,-4.6
estimated,50479,2000046194,12,7.7,8,-4.3
estimated,50480,2000046195,17,7.0,13,-10.0
estimated,50481,2000046196,17,8.4,16,-8.6
estimated,50483,2000046198,12,8.6,8,-3.4
estimated,50485,2000046200,12,8.1,9,-3.9
estimated,50487,2000046202,12,9.9,5,-2.1
estimated,50490,2000046206,12,8.4,7,-3.6
estimated,50491,2000046207,12,6.1,4,-5.9
estimated,50492,2000046208,12,8.5,6,-3.5
estimated,50497,2000046214,7.5,7.3,4,-0.2
estimated,50498,2000046215,17,5.7,12,-11.3
estimated,50501,2000046219,17,7.9,12,-9.1
estimated,50502,2000046220,12,10.7,6,-1.3
estimated,50503,2000046221,17,6.0,11,-11.0
estimated,50506,2000046224,7.5,5.3,4,-2.2
estimated,50510,2000046228,12,7.1,11,-4.9
estimated,50512,2000046230,17,12.3,17,-4.7
estimated,50515,2000046233,17,7.7,15,-9.3
estimated,50516,2000046234,17,8.0,10,-9.0
estimated,50520,2000046238,17,6.3,19,-10.7
estimated,50523,2000046242,12,7.3,7,-4.7
estimated,50524,2000046243,12,9.2,4,-2.8
estimated,50525,2000046244,7.5,9.4,4,1.9
estimated,50526,2000046245,17,7.3,10,-9.7
estimated,50527,2000046246,12,9.5,5,-2.5
estimated,50529,2000046248,17,10.4,11,-6.6
estimated,50532,2000046251,12,7.4,8,-4.6
estimated,50537,2000046256,17,7.5,13,-9.5
estimated,50540,2000046259,12,6.8,6,-5.2
estimated,50543,2000046262,12,7.8,8,-4.2
estimated,50547,2000046266,12,6.1,7,-5.9
estimated,50548,2000046267,7.5,6.7,4,-0.8
estimated,50549,2000046268,7.5,6.6,4,-0.9
estimated,50551,2000046270,12,6.3,4,-5.7
estimated,50556,2000046275,12,7.6,4,-4.4
estimated,50559,2000046278,17,7.9,15,-9.1
estimated,50560,2000046279,12,8.4,7,-3.6
estimated,50561,2000046280,12,8.3,12,-3.7
estimated,50562,2000046282,12,7.0,6,-5.0
estimated,50565,2000046285,17,6.8,13,-10.2
estimated,50571,2000046291,12,8.9,4,-3.1
estimated,50574,2000046294,12,6.7,6,-5.3
estimated,50575,2000046295,12,7.9,5,-4.1
estimated,50577,2000046297,12,5.9,5,-6.1
estimated,50580,2000046300,7.5,4.7,4,-2.8
estimated,50581,2000046301,12,5.2,5,-6.8
estimated,50582,2000046302,12,9.5,6,-2.5
estimated,50585,2000046305,12,5.2,4,-6.8
estimated,50593,2000046313,12,7.0,6,-5.0
estimated,50599,2000046319,7.5,7.5,4,0.0
estimated,50604,2000046324,12,5.9,10,-6.1
estimated,50609,2000046329,12,6.0,7,-6.0
estimated,50611,2000046331,12,6.0,7,-6.0
estimated,50612,2000046332,12,5.0,4,-7.0
estimated,50614,2000046334,17,5.8,15,-11.2
estimated,50615,2000046335,12,6.4,6,-5.6
estimated,50616,2000046336,17,7.9,14,-9.1
estimated,50619,2000046339,12,8.9,6,-3.1
estimated,50625,2000046347,12,7.6,4,-4.4
estimated,50635,2000046358,12,5.3,6,-6.7
estimated,50643,2000046367,17,8.2,15,-8.8
estimated,50647,2000046371,12,6.8,12,-5.2
estimated,50649,2000046373,7.5,10.9,4,3.4
estimated,50652,2000046378,7.5,6.6,4,-0.9
estimated,50654,2000046380,17,8.1,20,-8.9
estimated,50657,2000046383,17,7.3,25,-9.7
estimated,50659,2000046386,12,6.3,4,-5.7
estimated,50660,2000046387,17,5.5,10,-11.5
estimated,50663,2000046390,12,7.7,6,-4.3
estimated,50671,2000046398,12,7.0,8,-5.0
estimated,50672,2000046399,12,7.5,4,-4.5
estimated,50673,2000046400,17,8.3,10,-8.7
estimated,50674,2000046401,17,7.7,11,-9.3
estimated,50676,2000046403,12,12.9,5,0.9
estimated,50678,2000046406,12,8.9,8,-3.1
estimated,50684,2000046413,12,12.3,4,0.3
estimated,50688,2000046417,12,5.3,6,-6.7
estimated,50691,2000046420,12,7.3,6,-4.7
estimated,50692,2000046421,17,6.2,19,-10.8
estimated,50697,2000046426,12,6.1,7,-5.9
estimated,50698,2000046428,12,7.7,7,-4.3
estimated,50699,2000046429,12,7.4,8,-4.6
estimated,50700,2000046430,12,5.1,4,-6.9
estimated,50701,2000046431,17,5.1,15,-11.9
estimated,50707,2000046437,12,7.0,6,-5.0
estimated,50709,2000046439,12,5.7,8,-6.3
estimated,50711,2000046441,12,6.4,10,-5.6
estimated,50713,2000046443,12,7.9,6,-4.1
estimated,50715,2000046445,12,7.7,8,-4.3
estimated,50719,2000046449,12,7.3,4,-4.7
estimated,50720,2000046450,12,7.4,8,-4.6
estimated,50721,2000046451,17,6.7,12,-10.3
estimated,50726,2000046456,12,10.8,4,-1.2
estimated,50727,2000046457,12,9.0,8,-3.0
estimated,50728,2000046458,12,9.2,7,-2.8
estimated,50729,2000046459,12,8.3,7,-3.7
estimated,50733,2000046463,17,6.1,24,-10.9
estimated,50738,2000046471,17,11.5,27,-5.5
estimated,50744,2000046477,7.5,12.6,4,5.1
estimated,50749,2000046483,12,7.1,4,-4.9
estimated,50751,2000046487,12,5.5,5,-6.5
estimated,50753,2000046490,12,6.9,6,-5.1
estimated,50762,2000046501,12,7.2,6,-4.8
estimated,50770,2000046509,12,4.1,5,-7.9
estimated,50773,2000046512,12,10.8,8,-1.2
estimated,50777,2000046517,17,10.5,20,-6.5
estimated,50779,2000046519,12,8.4,4,-3.6
estimated,50780,2000046520,12,7.2,5,-4.8
estimated,50783,2000046525,12,8.3,4,-3.7
estimated,50786,2000046528,12,8.4,10,-3.6
estimated,50787,2000046529,12,6.8,8,-5.2
estimated,50788,2000046530,17,9.2,23,-7.8
estimated,50795,2000046537,17,8.2,19,-8.8
estimated,50800,2000046545,12,14.8,4,2.8
estimated,50807,2000046552,7.5,5.2,4,-2.3
estimated,50811,2000046561,17,18.6,15,1.6
estimated,50813,2000046564,12,10.9,6,-1.1
estimated,50814,2000046565,12,16.4,5,4.4
estimated,50816,2000046567,12,12.8,4,0.8
estimated,50817,2000046568,12,12.1,7,0.1
estimated,50823,2000046577,12,8.8,5,-3.2
estimated,50834,2000046592,12,11.6,4,-0.4
estimated,50837,2000046595,12,11.3,6,-0.7
estimated,50838,2000046596,12,10.3,9,-1.7
estimated,50841,2000046602,17,14.7,6,-2.3
estimated,50842,2000046603,12,12.1,5,0.1
estimated,50843,2000046605,12,15.3,10,3.3
estimated,50844,2000046606,12,16.0,5,4.0
estimated,50845,2000046608,7.5,10.9,4,3.4
estimated,50847,2000046610,17,9.2,6,-7.8
estimated,50848,2000046611,17,10.5,10,-6.5
estimated,50852,2000046615,17,6.4,14,-10.6
estimated,50856,2000046619,12,8.1,8,-3.9
estimated,50858,2000046621,17,11.8,9,-5.2
estimated,50859,2000046622,12,14.0,9,2.0
estimated,50861,2000046624,12,16.8,6,4.8
estimated,50862,2000046625,12,16.2,5,4.2
estimated,50864,2000046627,12,10.9,4,-1.1
estimated,50867,2000046630,17,12.6,16,-4.4
estimated,50869,2000046632,12,13.3,8,1.3
estimated,50870,2000046633,12,12.6,4,0.6
estimated,50871,2000046634,17,11.9,12,-5.1
estimated,50874,2000046637,12,7.5,5,-4.5
estimated,50875,2000046638,17,7.3,11,-9.7
estimated,50876,2000046639,7.5,5.6,4,-1.9
estimated,50878,2000046641,7.5,6.1,4,-1.4
estimated,50881,2000046647,12,5.6,4,-6.4
estimated,50885,2000046651,12,6.3,9,-5.7
estimated,50886,2000046652,12,8.0,10,-4.0
estimated,50887,2000046653,12,4.9,4,-7.1
estimated,50893,2000046659,12,7.2,6,-4.8
estimated,50894,2000046660,12,7.8,7,-4.2
estimated,50896,2000046662,17,6.6,10,-10.4
estimated,50898,2000046664,7.5,6.2,4,-1.3
estimated,50900,2000046666,12,5.8,4,-6.2
estimated,50901,2000046667,12,7.0,6,-5.0
estimated,50907,2000046674,12,8.0,4,-4.0
estimated,50909,2000046676,12,6.7,4,-5.3
estimated,50910,2000046677,12,6.6,5,-5.4
estimated,50912,2000046679,12,5.5,8,-6.5
estimated,50913,2000046680,12,8.6,4,-3.4
estimated,50915,2000046683,12,12.3,9,0.3
estimated,50919,2000046690,17,7.4,17,-9.6
estimated,50932,2000046714,12,6.7,4,-5.3
estimated,50933,2000046715,12,6.6,9,-5.4
estimated,50934,2000046716,12,6.0,5,-6.0
estimated,50935,2000046717,17,5.9,16,-11.1
estimated,50937,2000046722,12,5.9,4,-6.1
estimated,50940,2000046728,12,7.8,5,-4.2
estimated,50942,2000046731,12,5.8,6,-6.2
estimated,50951,2000046743,12,9.4,6,-2.6
estimated,50955,2000046750,12,5.4,6,-6.6
estimated,50956,2000046751,12,7.8,4,-4.2
estimated,50957,2000046752,12,8.5,5,-3.5
estimated,50958,2000046756,17,7.5,13,-9.5
estimated,50964,2000046762,12,4.5,8,-7.5
estimated,50965,2000046763,17,5.5,34,-11.5
estimated,50967,2000046765,12,7.0,4,-5.0
estimated,50970,2000046768,17,5.4,16,-11.6
estimated,50972,2000046770,12,9.4,9,-2.6
estimated,50973,2000046771,12,8.7,7,-3.3
estimated,50974,2000046772,7.5,8.0,4,0.5
estimated,50977,2000046775,12,8.9,7,-3.1
estimated,50979,2000046777,12,6.7,7,-5.3
estimated,50982,2000046780,17,8.6,13,-8.4
estimated,50985,2000046783,12,6.4,4,-5.6
estimated,50987,2000046785,17,7.4,21,-9.6
estimated,50988,2000046786,12,6.4,4,-5.6
estimated,50989,2000046787,12,8.3,8,-3.7
estimated,50991,2000046789,12,6.8,4,-5.2
estimated,50992,2000046790,12,8.5,9,-3.5
estimated,50995,2000046793,12,7.5,10,-4.5
estimated,50996,2000046794,12,8.6,8,-3.4
estimated,50997,2000046795,12,6.5,9,-5.5
estimated,50998,2000046796,12,6.4,7,-5.6
estimated,50999,2000046797,17,8.5,14,-8.5
estimated,51000,2000046798,12,6.5,4,-5.5
estimated,51001,2000046799,17,6.8,20,-10.2
estimated,51002,2000046800,7.5,8.5,4,1.0
estimated,51004,2000046802,12,5.9,6,-6.1
estimated,51005,2000046803,12,8.3,4,-3.7
estimated,51011,2000046809,12,5.6,6,-6.4
estimated,51012,2000046810,12,5.9,4,-6.1
estimated,51016,2000046814,12,5.7,9,-6.3
estimated,51017,2000046816,12,5.1,6,-6.9
estimated,51032,2000046833,12,4.6,6,-7.4
estimated,51038,2000046842,12,4.7,4,-7.3
estimated,51041,2000046846,17,5.9,8,-11.1
estimated,51050,2000046856,12,13.7,6,1.7
estimated,51051,2000046859,12,7.4,6,-4.6
estimated,51054,2000046863,12,12.7,7,0.7
estimated,51055,2000046867,7.5,5.9,4,-1.6
estimated,51057,2000046869,12,6.3,5,-5.7
estimated,51058,2000046870,12,6.1,5,-5.9
estimated,51067,2000046880,12,6.1,4,-5.9
estimated,51077,2000046893,17,6.7,16,-10.3
estimated,51078,2000046894,12,5.8,6,-6.2
estimated,51079,2000046897,12,7.7,11,-4.3
estimated,51080,2000046898,17,6.3,14,-10.7
estimated,51081,2000046899,17,9.1,11,-7.9
estimated,51083,2000046901,12,12.5,4,0.5
estimated,51085,2000046903,17,6.9,12,-10.1
estimated,51099,2000046920,12,5.4,6,-6.6
estimated,51102,2000046926,12,7.8,11,-4.2
estimated,51104,2000046928,12,6.9,11,-5.1
estimated,51105,2000046930,12,8.2,4,-3.8
estimated,51106,2000046931,12,9.4,8,-2.6
estimated,51107,2000046932,12,9.4,7,-2.6
estimated,51110,2000046935,17,6.8,17,-10.2
estimated,51112,2000046937,12,6.0,4,-6.0
estimated,51113,2000046938,17,6.0,17,-11.0
estimated,51115,2000046941,17,5.9,9,-11.1
estimated,51116,2000046942,17,5.7,11,-11.3
estimated,51117,2000046943,12,6.7,5,-5.3
estimated,51123,2000046949,12,6.8,7,-5.2
estimated,51124,2000046955,24,6.9,30,-17.1
estimated,51129,2000046961,12,4.6,4,-7.4
estimated,51134,2000046968,7.5,8.2,4,0.7
estimated,51136,2000046970,12,8.4,12,-3.6
estimated,51137,2000046971,7.5,8.3,4,0.8
estimated,51139,2000046973,17,8.8,11,-8.2
estimated,51141,2000046975,17,5.4,14,-11.6
estimated,51143,2000046977,12,7.1,7,-4.9
estimated,51145,2000046979,12,7.2,6,-4.8
estimated,51147,2000046981,12,7.2,6,-4.8
estimated,51148,2000046982,17,6.1,19,-10.9
estimated,51149,2000046983,17,6.0,14,-11.0
estimated,51150,2000046985,12,4.6,8,-7.4
estimated,51153,2000046989,12,8.7,4,-3.3
estimated,51154,2000046990,12,8.2,5,-3.8
estimated,51155,2000046992,12,6.8,4,-5.2
estimated,51159,2000046996,12,4.4,10,-7.6
estimated,51162,2000046999,12,5.8,6,-6.2
estimated,51164,2000047001,12,9.7,5,-2.3
estimated,51183,2000047027,12,5.8,8,-6.2
estimated,51185,2000047029,12,9.0,5,-3.0
estimated,51186,2000047032,12,5.0,8,-7.0
estimated,51191,2000047037,12,5.3,5,-6.7
estimated,51192,2000047038,17,6.8,15,-10.2
estimated,51196,2000047042,12,8.2,5,-3.8
estimated,51197,2000047043,12,10.9,7,-1.1
estimated,51199,2000047045,12,9.1,6,-2.9
estimated,51202,2000047048,17,8.7,11,-8.3
estimated,51203,2000047049,12,8.2,6,-3.8
estimated,51204,2000047050,12,8.3,5,-3.7
estimated,51206,2000047052,12,7.8,5,-4.2
estimated,51207,2000047053,12,7.2,5,-4.8
estimated,51208,2000047054,12,6.4,4,-5.6
estimated,51209,2000047055,12,7.1,6,-4.9
estimated,51210,2000047056,12,6.0,10,-6.0
estimated,51222,2000047070,17,9.6,17,-7.4
estimated,51224,2000047072,12,4.5,5,-7.5
estimated,51225,2000047073,12,9.2,6,-2.8
estimated,51226,2000047074,12,10.0,6,-2.0
estimated,51227,2000047075,17,8.0,31,-9.0
estimated,51231,2000047079,12,5.5,6,-6.5
estimated,51233,2000047081,17,12.9,15,-4.1
estimated,51235,2000047083,12,12.7,5,0.7
estimated,51238,2000047087,12,9.1,5,-2.9
estimated,51239,2000047088,12,6.9,8,-5.1
estimated,51241,2000047090,17,6.8,12,-10.2
estimated,51248,2000047098,12,6.6,5,-5.4
estimated,51250,2000047100,12,7.0,8,-5.0
estimated,51251,2000047101,12,8.4,8,-3.6
estimated,51252,2000047102,12,8.7,4,-3.3
estimated,51253,2000047103,12,8.7,8,-3.3
estimated,51254,2000047104,12,7.0,6,-5.0
estimated,51256,2000047106,12,7.7,4,-4.3
estimated,51257,2000047107,12,10.1,11,-1.9
estimated,51258,2000047108,12,9.7,4,-2.3
estimated,51259,2000047109,12,11.1,8,-0.9
estimated,51260,2000047110,17,8.4,5,-8.6
estimated,51261,2000047111,12,9.2,5,-2.8
estimated,51263,2000047113,17,6.8,9,-10.2
estimated,51264,2000047114,12,7.8,6,-4.2
estimated,51267,2000047117,17,4.1,14,-12.9
estimated,51269,2000047119,17,12.4,24,-4.6
estimated,51270,2000047120,24,10.0,63,-14.0
estimated,51275,2000047125,12,7.9,4,-4.1
estimated,51278,2000047128,12,12.1,6,0.1
estimated,51279,2000047129,12,10.1,6,-1.9
estimated,51280,2000047130,17,11.8,18,-5.2
estimated,51281,2000047131,17,11.1,8,-5.9
estimated,51282,2000047132,12,5.8,5,-6.2
estimated,51283,2000047133,17,14.6,20,-2.4
estimated,51284,2000047134,17,8.8,9,-8.2
estimated,51287,2000047137,17,8.3,23,-8.7
estimated,51290,2000047140,17,4.9,10,-12.1
estimated,51294,2000047144,17,7.4,22,-9.6
estimated,51295,2000047145,17,6.4,14,-10.6
estimated,51309,2000047163,17,5.6,26,-11.4
estimated,51311,2000047165,12,5.2,4,-6.8
estimated,51312,2000047166,17,5.8,10,-11.2
estimated,51313,2000047167,12,5.0,8,-7.0
estimated,51314,2000047168,12,5.1,6,-6.9
estimated,51317,2000047173,17,8.0,23,-9.0
estimated,51318,2000047174,12,6.6,4,-5.4
estimated,51321,2000047177,12,5.8,6,-6.2
estimated,51323,2000047179,12,7.0,9,-5.0
estimated,51325,2000047181,12,10.1,8,-1.9
estimated,51326,2000047182,12,8.4,12,-3.6
estimated,51327,2000047183,17,6.6,10,-10.4
estimated,51331,2000047187,12,8.5,5,-3.5
estimated,51333,2000047189,12,7.5,5,-4.5
estimated,51334,2000047190,12,5.7,4,-6.3
estimated,51335,2000047191,17,4.3,14,-12.7
estimated,51337,2000047193,12,6.3,12,-5.7
estimated,51338,2000047194,12,8.0,8,-4.0
estimated,51339,2000047195,12,5.7,6,-6.3
estimated,51340,2000047196,12,6.2,4,-5.8
estimated,51343,2000047199,7.5,6.6,4,-0.9
estimated,51346,2000047202,12,7.0,7,-5.0
estimated,51347,2000047203,17,6.6,14,-10.4
estimated,51348,2000047204,12,7.2,4,-4.8
estimated,51349,2000047205,12,8.3,4,-3.7
estimated,51357,2000047213,12,6.0,5,-6.0
estimated,51360,2000047216,12,17.4,4,5.4
estimated,51369,2000047226,12,6.7,4,-5.3
estimated,51375,2000047232,17,8.5,19,-8.5
estimated,51378,2000047235,17,14.0,15,-3.0
estimated,51380,2000047237,12,14.4,5,2.4
estimated,51384,2000047241,17,7.7,10,-9.3
estimated,51386,2000047243,12,11.5,4,-0.5
estimated,51387,2000047244,12,9.5,4,-2.5
estimated,51388,2000047245,17,5.5,18,-11.5
estimated,51389,2000047246,17,5.4,9,-11.6
estimated,51390,2000047247,7.5,6.6,4,-0.9
estimated,51391,2000047248,12,8.0,5,-4.0
estimated,51392,2000047249,12,8.7,5,-3.3
estimated,51397,2000047254,17,6.3,21,-10.7
estimated,51399,2000047264,12,7.2,6,-4.8
estimated,51400,2000047265,17,23.0,6,6.0
estimated,51401,2000047266,17,7.9,11,-9.1
estimated,51402,2000047267,12,6.9,4,-5.1
estimated,51405,2000047270,12,7.7,4,-4.3
estimated,51407,2000047272,12,8.4,4,-3.6
estimated,51408,2000047273,17,14.1,9,-2.9
estimated,51409,2000047274,12,12.6,4,0.6
estimated,51415,2000047281,17,7.6,15,-9.4
estimated,51418,2000047284,17,17.9,8,0.9
estimated,51421,2000047287,12,9.4,7,-2.6
estimated,51422,2000047288,12,8.7,4,-3.3
estimated,51433,2000047299,17,5.9,29,-11.1
estimated,51435,2000047301,12,11.1,6,-0.9
estimated,51440,2000047313,24,5.5,57,-18.5
estimated,51442,2000047315,17,6.3,12,-10.7
estimated,51444,2000047317,12,6.4,6,-5.6
estimated,51451,2000047333,12,6.4,7,-5.6
estimated,51452,2000047334,12,8.3,9,-3.7
estimated,51453,2000047335,17,5.9,12,-11.1
estimated,51456,2000047339,12,5.7,6,-6.3
estimated,51459,2000047342,17,8.6,33,-8.4
estimated,51462,2000047345,17,7.1,16,-9.9
estimated,51463,2000047346,17,8.1,29,-8.9
estimated,51464,2000047347,17,5.7,26,-11.3
estimated,51465,2000047348,17,6.2,18,-10.8
estimated,51466,2000047349,12,5.4,7,-6.6
estimated,51469,2000047353,17,5.9,7,-11.1
estimated,51471,2000047356,12,9.9,7,-2.1
estimated,51473,2000047358,17,9.4,16,-7.6
estimated,51474,2000047359,17,9.2,13,-7.8
estimated,51475,2000047360,12,6.9,5,-5.1
estimated,51482,2000047367,17,6.2,19,-10.8
estimated,51483,2000047368,7.5,10.4,4,2.9
estimated,51486,2000047371,12,7.0,11,-5.0
estimated,51487,2000047372,12,9.5,5,-2.5
estimated,51492,2000047377,12,7.7,8,-4.3
estimated,51493,2000047378,17,6.6,10,-10.4
estimated,51499,2000047385,17,9.6,8,-7.4
estimated,51500,2000047386,17,8.8,8,-8.2
estimated,51503,2000047389,17,8.0,10,-9.0
estimated,51517,2000047407,12,6.9,6,-5.1
estimated,51525,2000047415,12,3.6,5,-8.4
estimated,51529,2000047419,17,6.0,19,-11.0
estimated,51530,2000047420,17,8.4,35,-8.6
estimated,51532,2000047422,17,7.9,13,-9.1
estimated,51534,2000047424,12,9.0,8,-3.0
estimated,51543,2000047433,12,7.5,9,-4.5
estimated,51544,2000047434,17,8.9,6,-8.1
estimated,51545,2000047435,12,6.7,4,-5.3
estimated,51548,2000047438,12,9.8,7,-2.2
estimated,51555,2000047445,12,7.0,6,-5.0
estimated,51557,2000047447,12,6.4,7,-5.6
estimated,51559,2000047449,12,5.4,4,-6.6
estimated,51565,2000047455,12,8.1,8,-3.9
estimated,51572,2000047462,12,9.3,5,-2.7
estimated,51574,2000047464,17,5.3,24,-11.7
estimated,51577,2000047467,12,7.4,4,-4.6
estimated,51579,2000047469,17,6.8,13,-10.2
estimated,51582,2000047472,12,6.5,4,-5.5
estimated,51584,2000047474,12,10.0,8,-2.0
estimated,51587,2000047477,12,8.9,4,-3.1
estimated,51588,2000047478,12,16.4,6,4.4
estimated,51609,2000047502,12,10.9,5,-1.1
estimated,51610,2000047503,12,4.4,4,-7.6
estimated,51611,2000047504,17,6.0,11,-11.0
estimated,51613,2000047506,12,5.7,5,-6.3
estimated,51614,2000047507,7.5,7.1,4,-0.4
estimated,51616,2000047509,12,5.1,5,-6.9
estimated,51617,2000047510,12,4.8,4,-7.2
estimated,51618,2000047511,12,5.9,7,-6.1
estimated,51622,2000047515,12,7.9,5,-4.1
estimated,51623,2000047516,12,8.2,4,-3.8
estimated,51627,2000047520,12,8.7,4,-3.3
estimated,51638,2000047531,12,9.8,4,-2.2
estimated,51644,2000047537,17,13.8,23,-3.2
estimated,51645,2000047538,12,10.9,8,-1.1
estimated,51646,2000047539,17,6.6,9,-10.4
estimated,51647,2000047542,12,9.0,10,-3.0
estimated,51648,2000047543,12,12.6,10,0.6
estimated,51649,2000047544,12,6.4,10,-5.6
estimated,51651,2000047547,17,6.0,10,-11.0
estimated,51654,2000047551,12,5.8,8,-6.2
estimated,51655,2000047552,17,5.6,11,-11.4
estimated,51660,2000047558,17,12.5,13,-4.5
estimated,51665,2000047564,12,8.3,5,-3.7
estimated,51666,2000047565,12,6.5,5,-5.5
estimated,51668,2000047567,12,6.5,6,-5.5
estimated,51670,2000047569,17,6.0,14,-11.0
estimated,51674,2000047574,12,9.9,5,-2.1
estimated,51677,2000047577,12,9.3,4,-2.7
estimated,51679,2000047580,17,8.3,27,-8.7
estimated,51680,2000047581,12,7.5,5,-4.5
estimated,51682,2000047583,17,11.7,14,-5.3
estimated,51683,2000047584,12,13.5,8,1.5
estimated,51685,2000047586,17,5.8,7,-11.2
estimated,51688,2000047589,12,11.2,4,-0.8
estimated,51690,2000047591,17,8.5,17,-8.5
estimated,51691,2000047593,12,7.1,8,-4.9
estimated,51696,2000047598,7.5,10.8,4,3.3
estimated,51697,2000047599,12,14.8,4,2.8
estimated,51699,2000047601,12,10.8,5,-1.2
estimated,51700,2000047602,7.5,11.4,4,3.9
estimated,51702,2000047604,17,7.8,22,-9.2
estimated,51708,2000047610,17,5.2,20,-11.8
estimated,51709,2000047611,12,4.8,8,-7.2
estimated,51711,2000047613,12,5.8,4,-6.2
estimated,51712,2000047614,12,8.1,7,-3.9
estimated,51713,2000047615,12,5.8,4,-6.2
estimated,51725,2000047629,12,7.5,7,-4.5
estimated,51731,2000047635,12,10.7,9,-1.3
estimated,51732,2000047636,12,10.1,4,-1.9
estimated,51735,2000047639,12,7.9,6,-4.1
estimated,51736,2000047640,12,7.8,10,-4.2
estimated,51742,2000047646,12,8.6,6,-3.4
estimated,51748,2000047652,12,7.7,6,-4.3
estimated,51749,2000047653,12,8.3,5,-3.7
estimated,51754,2000047658,12,6.5,4,-5.5
estimated,51756,2000047660,12,8.0,6,-4.0
estimated,51758,2000047662,12,14.1,7,2.1
estimated,51759,2000047663,17,10.0,10,-7.0
estimated,51762,2000047667,12,10.5,4,-1.5
estimated,51765,2000047670,12,12.7,6,0.7
estimated,51766,2000047671,12,10.1,7,-1.9
estimated,51772,2000047677,12,12.1,5,0.1
estimated,51774,2000047679,12,7.7,5,-4.3
estimated,51775,2000047680,17,10.9,33,-6.1
estimated,51777,2000047682,12,8.4,5,-3.6
estimated,51781,2000047686,7.5,8.8,4,1.3
estimated,51782,2000047689,7.5,12.1,4,4.6
estimated,51784,2000047697,12,7.0,6,-5.0
estimated,51786,2000047699,12,8.9,5,-3.1
estimated,51787,2000047700,17,8.0,10,-9.0
estimated,51795,2000047715,12,10.6,6,-1.4
estimated,51800,2000047723,12,7.4,4,-4.6
estimated,51810,2000047736,7.5,7.4,4,-0.1
estimated,51811,2000047737,17,11.2,6,-5.8
estimated,51812,2000047738,7.5,10.7,4,3.2
estimated,51827,2000047764,12,10.8,4,-1.2
estimated,51841,2000047784,12,10.3,5,-1.7
estimated,51844,2000047787,17,11.0,14,-6.0
estimated,51847,2000047790,12,8.8,4,-3.2
estimated,51855,2000047803,12,8.3,6,-3.7
estimated,51856,2000047804,12,5.4,6,-6.6
estimated,51857,2000047805,12,5.4,4,-6.6
estimated,51859,2000047807,12,4.8,4,-7.2
estimated,51860,2000047808,12,6.7,4,-5.3
estimated,51861,2000047809,12,6.1,6,-5.9
estimated,51862,2000047810,17,6.0,27,-11.0
estimated,51865,2000047814,12,6.3,6,-5.7
estimated,51880,2000047830,12,8.3,4,-3.7
estimated,51883,2000047834,12,8.8,9,-3.2
estimated,51886,2000047837,12,5.9,8,-6.1
estimated,51887,2000047839,12,5.1,4,-6.9
estimated,51890,2000047843,12,5.7,7,-6.3
estimated,51894,2000047847,17,5.7,18,-11.3
estimated,51895,2000047848,17,6.3,27,-10.7
estimated,51896,2000047849,17,6.0,8,-11.0
estimated,51897,2000047850,12,5.3,7,-6.7
estimated,51899,2000047853,17,7.5,18,-9.5
estimated,51900,2000047854,17,7.0,18,-10.0
estimated,51914,2000047869,17,10.5,9,-6.5
estimated,51915,2000047870,12,10.0,9,-2.0
estimated,51923,2000047879,12,6.9,4,-5.1
estimated,51924,2000047882,17,5.7,13,-11.3
estimated,51925,2000047883,12,10.6,4,-1.4
estimated,51926,2000047884,12,5.8,8,-6.2
estimated,51932,2000047890,12,9.1,4,-2.9
estimated,51935,2000047893,12,6.4,4,-5.6
estimated,51938,2000047896,12,8.0,9,-4.0
estimated,51940,2000047898,12,5.2,8,-6.8
estimated,51942,2000047900,12,6.4,7,-5.6
estimated,51945,2000047903,12,6.6,8,-5.4
estimated,51947,2000047905,12,6.3,4,-5.7
estimated,51949,2000047907,12,5.5,5,-6.5
estimated,51950,2000047908,12,7.2,7,-4.8
estimated,51963,2000047925,12,6.7,5,-5.3
estimated,51965,2000047927,12,8.5,5,-3.5
estimated,51971,2000047938,17,9.0,10,-8.0
estimated,51972,2000047939,12,7.5,4,-4.5
estimated,51979,2000047949,17,7.9,13,-9.1
estimated,51980,2000047950,12,6.5,7,-5.5
estimated,51983,2000047953,12,6.3,4,-5.7
estimated,51984,2000047954,12,8.4,6,-3.6
estimated,51988,2000047958,12,8.9,11,-3.1
estimated,51990,2000047960,17,6.3,10,-10.7
estimated,51991,2000047961,12,11.3,4,-0.7
estimated,51995,2000047965,12,14.2,6,2.2
estimated,51997,2000047967,17,10.4,11,-6.6
estimated,52011,2000048004,12,6.1,5,-5.9
estimated,52014,2000048022,17,5.2,17,-11.8
estimated,52017,2000048029,17,9.0,7,-8.0
estimated,52021,2000048033,12,9.9,9,-2.1
estimated,52030,2000048057,12,4.8,4,-7.2
estimated,52031,2000048058,12,5.1,5,-6.9
estimated,52032,2000048059,12,6.7,8,-5.3
estimated,52037,2000048068,12,11.5,10,-0.5
estimated,52041,2000048074,7.5,6.8,4,-0.7
estimated,52048,2000048085,7.5,9.4,4,1.9
estimated,52049,2000048086,12,6.5,6,-5.5
estimated,52050,2000048087,12,5.5,8,-6.5
estimated,52055,2000048092,12,6.2,8,-5.8
estimated,52058,2000048095,12,9.2,7,-2.8
estimated,52074,2000048123,12,7.4,7,-4.6
estimated,52075,2000048125,17,5.5,12,-11.5
estimated,52078,2000048139,12,7.4,8,-4.6
estimated,52080,2000048141,12,5.1,6,-6.9
estimated,52085,2000048158,17,7.8,8,-9.2
estimated,52087,2000048160,12,6.0,6,-6.0
estimated,52102,2000048183,12,6.8,9,-5.2
estimated,52109,2000048191,7.5,8.9,5,1.4
estimated,52110,2000048192,12,5.2,5,-6.8
estimated,52124,2000048214,12,6.5,4,-5.5
estimated,52132,2000048225,17,9.2,7,-7.8
estimated,52134,2000048228,17,10.9,13,-6.1
estimated,52142,2000048251,17,12.3,15,-4.7
estimated,52150,2000048277,12,5.2,4,-6.8
estimated,52151,2000048278,12,6.6,5,-5.4
estimated,52153,2000048282,12,7.8,5,-4.2
estimated,52154,2000048283,7.5,6.6,4,-0.9
estimated,52159,2000048295,12,6.6,5,-5.4
estimated,52161,2000048297,12,6.0,6,-6.0
estimated,52171,2000048310,12,6.8,7,-5.2
estimated,52183,2000048326,7.5,8.7,4,1.2
estimated,52186,2000048329,12,9.7,6,-2.3
estimated,52188,2000048333,12,11.9,4,-0.1
estimated,52211,2000048362,12,8.0,6,-4.0
estimated,52224,2000048382,12,24.0,8,12.0
estimated,52225,2000048383,17,24.9,10,7.9
estimated,52235,2000048396,12,7.1,4,-4.9
estimated,52236,2000048397,12,8.1,8,-3.9
estimated,52240,2000048402,12,5.2,6,-6.8
estimated,52241,2000048403,17,5.7,13,-11.3
estimated,52245,2000048410,12,6.9,5,-5.1
estimated,52252,2000048426,17,8.9,33,-8.1
estimated,52254,2000048428,17,6.2,8,-10.8
estimated,52255,2000048429,17,7.1,21,-9.9
estimated,52257,2000048431,12,32.6,4,20.6
estimated,52266,2000048444,12,12.9,11,0.9
estimated,52269,2000048447,12,16.8,4,4.8
estimated,52270,2000048448,17,16.0,14,-1.0
estimated,52273,2000048451,12,16.1,4,4.1
estimated,52274,2000048452,17,17.1,14,0.1
estimated,52278,2000048456,17,8.1,11,-8.9
estimated,52286,2000048466,12,17.0,6,5.0
estimated,52289,2000048469,12,18.3,8,6.3
estimated,52291,2000048471,12,16.2,7,4.2
estimated,52292,2000048472,12,11.7,5,-0.3
estimated,52293,2000048473,12,16.1,4,4.1
estimated,52294,2000048474,12,16.0,9,4.0
estimated,52295,2000048475,12,12.8,9,0.8
estimated,52298,2000048478,7.5,18.1,5,10.6
estimated,52299,2000048479,12,18.5,6,6.5
estimated,52305,2000048485,17,13.5,14,-3.5
estimated,52306,2000048486,12,15.9,6,3.9
estimated,52311,2000048491,12,18.6,4,6.6
estimated,52319,2000048500,12,6.4,4,-5.6
estimated,52322,2000048506,7.5,14.5,4,7.0
estimated,52330,2000048515,12,20.5,10,8.5
estimated,52331,2000048516,12,9.1,6,-2.9
estimated,52336,2000048521,12,6.0,7,-6.0
estimated,52347,2000048533,12,13.9,12,1.9
estimated,52351,2000048539,12,6.0,5,-6.0
estimated,52356,2000048544,17,19.1,11,2.1
estimated,52362,2000048550,12,11.7,4,-0.3
estimated,52366,2000048554,12,10.0,4,-2.0
estimated,52367,2000048555,17,10.5,10,-6.5
estimated,52368,2000048556,12,11.9,7,-0.1
estimated,52372,2000048561,7.5,9.3,4,1.8
estimated,52376,2000048565,12,7.4,4,-4.6
estimated,52377,2000048566,17,9.0,17,-8.0
estimated,52378,2000048567,12,7.7,5,-4.3
estimated,52379,2000048568,12,8.4,7,-3.6
estimated,52380,2000048571,17,14.4,16,-2.6
estimated,52384,2000048575,17,11.0,19,-6.0
estimated,52385,2000048576,12,8.9,5,-3.1
estimated,52386,2000048577,12,8.8,8,-3.2
estimated,52391,2000048582,12,7.0,7,-5.0
estimated,52395,2000048586,12,6.8,6,-5.2
estimated,52396,2000048587,7.5,6.6,4,-0.9
estimated,52399,2000048590,17,6.7,10,-10.3
estimated,52403,2000048595,12,6.2,8,-5.8
estimated,52404,2000048596,17,8.4,16,-8.6
estimated,52416,2000048612,12,7.8,4,-4.2
estimated,52418,2000048614,17,9.6,14,-7.4
estimated,52420,2000048617,17,12.9,10,-4.1
estimated,52421,2000048618,12,11.4,6,-0.6
estimated,52422,2000048619,7.5,10.2,4,2.7
estimated,52423,2000048620,12,13.0,8,1.0
estimated,52425,2000048623,7.5,18.5,4,11.0
estimated,52426,2000048624,24,18.5,45,-5.5
estimated,52427,2000048625,12,16.4,5,4.4
estimated,52435,2000048635,12,12.6,4,0.6
estimated,52436,2000048636,12,12.2,4,0.2
estimated,52437,2000048637,12,16.5,7,4.5
estimated,52448,2000048648,17,11.9,12,-5.1
estimated,52462,2000048665,17,9.8,12,-7.2
estimated,52463,2000048666,12,9.8,8,-2.2
estimated,52464,2000048667,12,10.7,4,-1.3
estimated,52465,2000048669,12,8.6,6,-3.4
estimated,52467,2000048671,12,10.7,4,-1.3
estimated,52468,2000048672,12,9.0,10,-3.0
estimated,52469,2000048673,7.5,8.2,4,0.7
estimated,52470,2000048674,12,8.6,7,-3.4
estimated,52472,2000048676,12,15.3,6,3.3
estimated,52476,2000048682,7.5,6.1,4,-1.4
estimated,52483,2000048689,12,12.6,9,0.6
estimated,52485,2000048691,12,9.3,6,-2.7
estimated,52486,2000048692,12,7.6,4,-4.4
estimated,52487,2000048693,17,9.1,12,-7.9
estimated,52491,2000048697,12,8.4,6,-3.6
estimated,52492,2000048698,12,8.2,6,-3.8
estimated,52493,2000048699,12,7.1,4,-4.9
estimated,52496,2000048702,12,9.5,7,-2.5
estimated,52497,2000048703,12,9.4,5,-2.6
estimated,52498,2000048704,17,7.9,10,-9.1
estimated,52500,2000048706,12,7.2,5,-4.8
estimated,52502,2000048709,7.5,6.0,4,-1.5
estimated,52505,2000048712,12,6.6,6,-5.4
estimated,52506,2000048713,12,7.6,13,-4.4
estimated,52507,2000048714,12,7.2,4,-4.8
estimated,52508,2000048715,12,8.9,5,-3.1
estimated,52509,2000048716,12,8.4,6,-3.6
estimated,52512,2000048719,12,7.0,9,-5.0
estimated,52513,2000048720,12,6.7,4,-5.3
estimated,52514,2000048721,12,8.7,6,-3.3
estimated,52515,2000048722,7.5,13.5,5,6.0
estimated,52519,2000048727,12,8.4,6,-3.6
estimated,52521,2000048730,12,6.2,4,-5.8
estimated,52525,2000048734,12,6.6,6,-5.4
estimated,52526,2000048735,12,6.7,13,-5.3
estimated,52531,2000048741,12,13.9,4,1.9
estimated,52533,2000048743,12,7.2,4,-4.8
estimated,52536,2000048746,7.5,7.1,4,-0.4
estimated,52540,2000048752,17,9.4,12,-7.6
estimated,52541,2000048753,12,8.0,7,-4.0
estimated,52542,2000048754,7.5,8.2,4,0.7
estimated,52544,2000048756,12,10.1,4,-1.9
estimated,52545,2000048757,12,9.7,6,-2.3
estimated,52551,2000048763,12,9.7,5,-2.3
estimated,52552,2000048764,12,6.5,4,-5.5
estimated,52557,2000048769,12,7.9,4,-4.1
estimated,52559,2000048771,17,4.9,8,-12.1
estimated,52564,2000048776,12,6.1,8,-5.9
estimated,52566,2000048778,17,6.1,19,-10.9
estimated,52568,2000048780,12,7.4,5,-4.6
estimated,52574,2000048786,12,8.9,6,-3.1
estimated,52576,2000048788,12,6.9,6,-5.1
estimated,52578,2000048790,12,8.4,5,-3.6
estimated,52582,2000048794,12,10.3,7,-1.7
estimated,52588,2000048800,12,6.8,5,-5.2
estimated,52591,2000048804,12,7.2,4,-4.8
estimated,52596,2000048809,12,9.8,4,-2.2
estimated,52601,2000048815,12,7.0,7,-5.0
estimated,52603,2000048817,12,6.6,4,-5.4
estimated,52606,2000048820,12,6.1,8,-5.9
estimated,52607,2000048821,12,10.2,9,-1.8
estimated,52608,2000048822,12,7.6,8,-4.4
estimated,52611,2000048825,17,7.4,22,-9.6
estimated,52612,2000048826,12,7.9,4,-4.1
estimated,52622,2000048836,17,4.5,9,-12.5
estimated,52625,2000048839,17,7.7,17,-9.3
estimated,52626,2000048840,24,7.5,36,-16.5
estimated,52627,2000048842,12,12.5,8,0.5
estimated,52629,2000048845,12,8.0,8,-4.0
estimated,52632,2000048848,12,9.9,6,-2.1
estimated,52634,2000048850,12,11.4,9,-0.6
estimated,52637,2000048853,12,7.2,4,-4.8
estimated,52640,2000048856,12,6.9,5,-5.1
estimated,52641,2000048857,12,13.8,6,1.8
estimated,52653,2000048870,12,4.5,4,-7.5
estimated,52654,2000048871,12,4.5,4,-7.5
estimated,52655,2000048872,12,4.5,10,-7.5
estimated,52659,2000048876,7.5,14.7,4,7.2
estimated,52661,2000048878,12,10.1,6,-1.9
estimated,52663,2000048880,17,6.0,28,-11.0
estimated,52665,2000048882,12,7.1,7,-4.9
estimated,52667,2000048884,12,8.4,6,-3.6
estimated,52670,2000048887,12,4.3,8,-7.7
estimated,52671,2000048888,17,5.8,9,-11.2
estimated,52672,2000048889,12,6.4,6,-5.6
estimated,52673,2000048890,17,5.4,10,-11.6
estimated,52680,2000048898,12,4.4,8,-7.6
estimated,52681,2000048899,12,6.5,4,-5.5
estimated,52683,2000048901,12,6.9,8,-5.1
estimated,52685,2000048904,17,5.7,14,-11.3
estimated,52690,2000048909,12,3.7,6,-8.3
estimated,52691,2000048910,24,4.9,47,-19.1
estimated,52693,2000048912,24,5.1,67,-18.9
estimated,52696,2000048915,24,5.6,36,-18.4
estimated,52697,2000048917,12,5.1,10,-6.9
estimated,52707,2000048929,17,5.6,8,-11.4
estimated,52708,2000048931,12,9.4,4,-2.6
estimated,52712,2000048935,12,7.9,10,-4.1
estimated,52713,2000048936,17,7.1,17,-9.9
estimated,52714,2000048937,12,6.3,9,-5.7
estimated,52719,2000048942,12,4.5,5,-7.5
estimated,52724,2000048947,17,5.3,12,-11.7
estimated,52725,2000048948,17,5.7,12,-11.3
estimated,52730,2000048953,12,6.1,6,-5.9
estimated,52731,2000048954,17,11.3,19,-5.7
estimated,52733,2000048956,24,9.1,53,-14.9
estimated,52740,2000048963,24,12.2,38,-11.8
estimated,52761,2000048984,17,6.0,11,-11.0
estimated,52762,2000048985,12,4.9,5,-7.1
estimated,52772,2000048996,12,20.8,6,8.8
estimated,52776,2000049000,12,23.7,9,11.7
estimated,52779,2000049004,17,12.9,12,-4.1
estimated,52781,2000049006,12,6.8,7,-5.2
estimated,52782,2000049007,17,14.4,11,-2.6
estimated,52783,2000049008,12,8.9,4,-3.1
estimated,52786,2000049011,12,13.2,9,1.2
estimated,52788,2000049013,12,15.7,10,3.7
estimated,52790,2000049015,17,13.2,19,-3.8
estimated,52797,2000049022,12,17.5,6,5.5
estimated,52799,2000049024,12,14.6,6,2.6
estimated,52800,2000049025,12,15.1,11,3.1
estimated,52804,2000049030,7.5,10.7,4,3.2
estimated,52805,2000049031,12,9.8,6,-2.2
estimated,52806,2000049032,12,18.8,6,6.8
estimated,52807,2000049033,12,16.5,5,4.5
estimated,52808,2000049034,12,16.4,4,4.4
estimated,52812,2000049038,12,15.0,5,3.0
estimated,52813,2000049039,12,17.2,4,5.2
estimated,52815,2000049041,12,19.8,10,7.8
estimated,52816,2000049042,12,19.2,9,7.2
estimated,52821,2000049047,12,13.7,12,1.7
estimated,52822,2000049048,12,11.8,8,-0.2
estimated,52823,2000049049,12,7.8,7,-4.2
estimated,52824,2000049050,12,8.7,7,-3.3
estimated,52828,2000049054,12,11.2,10,-0.8
estimated,52829,2000049055,17,5.6,15,-11.4
estimated,52830,2000049056,24,7.0,83,-17.0
estimated,52831,2000049057,17,8.5,10,-8.5
estimated,52832,2000049059,12,4.7,8,-7.3
estimated,52835,2000049063,12,14.4,4,2.4
estimated,52836,2000049064,17,7.7,12,-9.3
estimated,52839,2000049071,17,12.4,12,-4.6
estimated,52842,2000049074,12,9.2,9,-2.8
estimated,52845,2000049078,12,7.0,4,-5.0
estimated,52846,2000049079,12,9.3,4,-2.7
estimated,52847,2000049080,12,7.2,6,-4.8
estimated,52848,2000049081,17,10.4,17,-6.6
estimated,52852,2000049085,12,14.6,4,2.6
estimated,52856,2000049089,12,21.6,5,9.6
estimated,52859,2000049092,12,9.4,6,-2.6
estimated,52860,2000049093,17,9.3,21,-7.7
estimated,52862,2000049096,12,3.6,6,-8.4
estimated,52866,2000049102,12,10.3,5,-1.7
estimated,52876,2000049115,17,6.1,12,-10.9
estimated,52882,2000049121,24,8.4,132,-15.6
estimated,52889,2000049128,24,15.0,87,-9.0
estimated,52895,2000049135,12,16.1,4,4.1
estimated,52901,2000049143,12,4.1,7,-7.9
estimated,52914,2000049157,12,7.3,6,-4.7
estimated,52918,2000049162,17,11.1,8,-5.9
estimated,52920,2000049164,12,8.6,7,-3.4
estimated,52942,2000049194,12,5.5,7,-6.5
estimated,52945,2000049199,12,6.2,7,-5.8
estimated,52965,2000049225,17,10.2,10,-6.8
estimated,52968,2000049230,17,7.1,10,-9.9
estimated,52976,2000049239,12,7.6,6,-4.4
estimated,52991,2000049259,17,11.2,24,-5.8
estimated,53029,2000049316,17,7.1,12,-9.9
estimated,53031,2000049318,17,13.7,13,-3.3
estimated,53035,2000049323,7.5,11.2,4,3.7
estimated,53045,2000049339,12,5.4,7,-6.6
estimated,53046,2000049340,12,6.5,6,-5.5
estimated,53047,2000049341,17,5.0,10,-12.0
estimated,53051,2000049345,12,5.5,10,-6.5
estimated,53052,2000049346,12,4.8,5,-7.2
estimated,53053,2000049347,12,6.9,6,-5.1
estimated,53055,2000049349,12,3.5,5,-8.5
estimated,53067,2000049364,17,4.7,9,-12.3
estimated,53068,2000049365,17,5.0,8,-12.0
estimated,53072,2000049383,12,6.7,8,-5.3
estimated,53074,2000049394,17,5.7,27,-11.3
estimated,53089,2000049416,12,4.5,6,-7.5
estimated,53098,2000049434,24,8.4,137,-15.6
estimated,53101,2000049438,12,4.7,4,-7.3
estimated,53102,2000049439,12,5.0,4,-7.0
estimated,53107,2000049445,12,5.5,4,-6.5
estimated,53125,2000049474,12,32.7,4,20.7
estimated,53127,2000049479,17,14.5,19,-2.5
estimated,53135,2000049492,12,21.9,9,9.9
estimated,53137,2000049494,12,29.1,4,17.1
estimated,53156,2000049535,17,22.8,23,5.8
estimated,53158,2000049538,12,36.4,5,24.4
estimated,53160,2000049541,17,10.4,12,-6.6
estimated,53161,2000049545,12,9.3,4,-2.7
estimated,53164,2000049548,17,16.8,12,-0.2
estimated,53165,2000049549,12,20.5,5,8.5
estimated,53168,2000049552,17,66.1,27,49.1
estimated,53169,2000049553,17,55.2,10,38.2
estimated,53170,2000049554,24,18.1,26,-5.9
estimated,53173,2000049557,24,37.4,40,13.4
estimated,53174,2000049558,17,33.4,29,16.4
estimated,53175,2000049559,12,13.5,6,1.5
estimated,53177,2000049561,12,12.2,11,0.2
estimated,53178,2000049562,17,11.9,16,-5.1
estimated,53179,2000049563,17,14.8,9,-2.2
estimated,53180,2000049564,17,24.2,29,7.2
estimated,53181,2000049565,17,11.1,11,-5.9
estimated,53184,2000049568,12,12.5,8,0.5
estimated,53185,2000049569,12,12.0,4,-0.0
estimated,53186,2000049570,17,13.2,11,-3.8
estimated,53187,2000049571,12,14.2,6,2.2
estimated,53210,2000049595,17,16.2,16,-0.8
estimated,53211,2000049596,17,19.4,13,2.4
estimated,53226,2000049611,17,11.6,7,-5.4
estimated,53228,2000049613,17,13.6,17,-3.4
estimated,53240,2000049628,17,27.4,10,10.4
estimated,53245,2000049633,12,29.1,4,17.1
estimated,53253,2000049641,17,20.0,17,3.0
estimated,53254,2000049642,12,15.8,5,3.8
estimated,53255,2000049643,12,18.8,4,6.8
estimated,53256,2000049644,12,13.6,5,1.6
estimated,53257,2000049645,12,13.9,4,1.9
estimated,53258,2000049646,12,14.9,8,2.9
estimated,53259,2000049647,7.5,17.8,4,10.3
estimated,53262,2000049650,12,8.2,6,-3.8
estimated,53263,2000049651,12,12.5,4,0.5
estimated,53264,2000049652,17,13.9,12,-3.1
estimated,53269,2000049657,12,10.5,4,-1.5
estimated,53271,2000049659,17,9.6,13,-7.4
estimated,53272,2000049660,12,6.6,6,-5.4
estimated,53276,2000049668,12,21.2,10,9.2
estimated,53277,2000049669,12,16.4,7,4.4
estimated,53286,2000049679,12,66.3,4,54.3
estimated,53291,2000049684,17,19.5,20,2.5
estimated,53292,2000049685,12,29.3,4,17.3
estimated,53294,2000049687,12,20.4,8,8.4
estimated,53295,2000049688,12,12.4,7,0.4
estimated,53297,2000049690,17,30.2,10,13.2
estimated,53298,2000049691,12,19.6,9,7.6
estimated,53302,2000049695,12,5.5,6,-6.5
estimated,53357,2000049774,17,16.0,13,-1.0
estimated,53358,2000049775,17,18.3,12,1.3
estimated,53360,2000049777,17,15.4,14,-1.6
estimated,53361,2000049778,17,16.5,13,-0.5
estimated,53362,2000049780,17,31.4,11,14.4
estimated,53363,2000049781,17,27.6,13,10.6
estimated,53365,2000049783,17,19.9,17,2.9
estimated,53366,2000049784,17,15.1,9,-1.9
estimated,53367,2000049785,17,24.6,12,7.6
estimated,53368,2000049786,17,14.6,11,-2.4
estimated,53369,2000049787,17,13.9,12,-3.1
estimated,53372,2000049790,17,16.9,11,-0.1
estimated,53373,2000049791,17,16.3,14,-0.7
estimated,53374,2000049792,17,15.8,10,-1.2
estimated,53375,2000049793,17,19.7,9,2.7
estimated,53379,2000049799,17,14.3,10,-2.7
estimated,53381,2000049801,17,20.4,35,3.4
estimated,53383,2000049803,17,19.9,11,2.9
estimated,53385,2000049805,17,21.3,13,4.3
estimated,53390,2000049810,17,15.1,11,-1.9
estimated,53391,2000049811,12,12.9,9,0.9
estimated,53392,2000049812,17,18.0,10,1.0
estimated,53393,2000049813,17,13.7,10,-3.3
estimated,53394,2000049814,12,15.6,9,3.6
estimated,53396,2000049816,24,7.0,37,-17.0
estimated,53409,2000049829,17,4.5,7,-12.5
estimated,53422,2000049844,17,7.7,16,-9.3
estimated,53424,2000049846,24,8.4,53,-15.6
estimated,53435,2000049857,17,4.1,9,-12.9
estimated,53437,2000049859,12,3.0,5,-9.0
estimated,53438,2000049860,12,3.1,6,-8.9
estimated,53445,2000049867,17,3.0,9,-14.0
estimated,53465,2000049888,24,3.3,30,-20.7
estimated,53510,2000049960,12,12.6,8,0.6
estimated,53514,2000049966,12,11.0,4,-1.0
estimated,53515,2000049968,12,10.3,6,-1.7
estimated,53516,2000049969,12,8.8,5,-3.2
estimated,53517,2000049971,12,12.0,5,0.0
estimated,53518,2000049975,7.5,7.1,4,-0.4
estimated,53519,2000049976,12,10.1,6,-1.9
estimated,53521,2000049980,17,9.7,6,-7.3
estimated,53523,2000049982,17,6.8,21,-10.2
estimated,53524,2000049983,17,14.3,9,-2.7
estimated,53525,2000049984,12,9.9,8,-2.1
estimated,53526,2000049985,17,7.7,15,-9.3
estimated,53527,2000049986,17,8.3,7,-8.7
estimated,53536,2000049995,12,5.2,4,-6.8
estimated,53541,2000050001,12,7.0,7,-5.0
estimated,53542,2000050002,12,9.7,8,-2.3
estimated,53544,2000050004,12,7.3,4,-4.7
estimated,53545,2000050005,17,7.3,17,-9.7
estimated,53547,2000050009,12,6.7,5,-5.3
estimated,53548,2000050010,12,6.8,9,-5.2
estimated,53549,2000050024,12,6.1,8,-5.9
estimated,53551,2000050028,7.5,7.4,4,-0.1
estimated,53552,2000050029,12,7.0,6,-5.0
estimated,53553,2000050030,12,8.8,5,-3.2
estimated,53554,2000050031,24,7.7,42,-16.3
estimated,53560,2000050044,12,4.5,9,-7.5
estimated,53571,2000050063,12,4.3,4,-7.7
estimated,53573,2000050067,12,4.3,8,-7.7
estimated,53606,2000050121,17,5.9,14,-11.1
estimated,53607,2000050122,12,7.8,10,-4.2
estimated,53614,2000050129,12,7.6,6,-4.4
estimated,53615,2000050130,12,5.6,8,-6.4
estimated,53618,2000050133,12,9.3,9,-2.7
estimated,53620,2000050135,7.5,8.1,4,0.6
estimated,53626,2000050141,7.5,5.3,4,-2.2
estimated,53632,2000050147,24,6.8,43,-17.2
estimated,53634,2000050149,7.5,6.8,4,-0.7
estimated,53637,2000050152,17,8.0,17,-9.0
estimated,53638,2000050153,17,9.4,14,-7.6
estimated,53644,2000050159,12,5.5,4,-6.5
estimated,53648,2000050163,17,8.7,11,-8.3
estimated,53649,2000050164,12,14.0,6,2.0
estimated,53651,2000050166,12,8.2,6,-3.8
estimated,53652,2000050167,12,8.3,5,-3.7
estimated,53653,2000050168,12,9.7,9,-2.3
estimated,53655,2000050170,17,6.9,16,-10.1
estimated,53656,2000050171,17,12.7,13,-4.3
estimated,53660,2000050175,12,5.9,5,-6.1
estimated,53661,2000050176,17,6.4,15,-10.6
estimated,53662,2000050177,12,5.3,5,-6.7
estimated,53665,2000050180,12,5.6,9,-6.4
estimated,53667,2000050182,12,6.2,10,-5.8
estimated,53671,2000050186,24,8.6,46,-15.4
estimated,53672,2000050187,12,6.8,6,-5.2
estimated,53673,2000050188,17,6.3,11,-10.7
estimated,53674,2000050189,12,7.6,6,-4.4
estimated,53675,2000050190,12,7.5,7,-4.5
estimated,53676,2000050191,12,7.7,5,-4.3
estimated,53677,2000050192,12,7.3,5,-4.7
estimated,53681,2000050196,12,10.7,4,-1.3
estimated,53682,2000050197,12,11.1,4,-0.9
estimated,53683,2000050198,12,8.2,6,-3.8
estimated,53686,2000050201,17,7.2,19,-9.8
estimated,53689,2000050204,17,7.3,12,-9.7
estimated,53690,2000050205,17,5.0,10,-12.0
estimated,53691,2000050206,17,7.9,19,-9.1
estimated,53694,2000050209,12,5.7,7,-6.3
estimated,53695,2000050210,17,6.5,37,-10.5
estimated,53696,2000050211,12,7.9,9,-4.1
estimated,53702,2000050217,12,6.3,5,-5.7
estimated,53706,2000050221,12,6.3,11,-5.7
estimated,53707,2000050222,12,6.1,5,-5.9
estimated,53711,2000050226,12,7.7,4,-4.3
estimated,53712,2000050227,17,7.4,22,-9.6
estimated,53721,2000050236,12,5.0,4,-7.0
estimated,53722,2000050237,17,5.7,14,-11.3
estimated,53732,2000050249,12,4.9,5,-7.1
estimated,53733,2000050250,17,5.6,9,-11.4
estimated,53734,2000050251,17,5.4,21,-11.6
estimated,53735,2000050252,17,5.3,13,-11.7
estimated,53737,2000050254,12,5.1,5,-6.9
estimated,53738,2000050255,12,5.6,9,-6.4
estimated,53739,2000050256,12,5.4,7,-6.6
estimated,53749,2000050266,12,5.8,6,-6.2
estimated,53751,2000050268,12,6.2,4,-5.8
estimated,53752,2000050269,12,4.7,5,-7.3
estimated,53756,2000050273,17,8.3,25,-8.7
estimated,53762,2000050279,12,10.0,6,-2.0
estimated,53768,2000050285,7.5,7.0,4,-0.5
estimated,53771,2000050288,17,6.0,10,-11.0
estimated,53773,2000050290,12,5.1,6,-6.9
estimated,53775,2000050292,12,5.4,6,-6.6
estimated,53777,2000050294,7.5,6.7,4,-0.8
estimated,53782,2000050299,17,4.7,7,-12.3
estimated,53783,2000050300,17,7.8,32,-9.2
estimated,53789,2000050306,17,5.3,19,-11.7
estimated,53792,2000050309,12,6.0,5,-6.0
estimated,53795,2000050312,17,5.2,8,-11.8
estimated,53796,2000050313,12,7.5,10,-4.5
estimated,53798,2000050315,12,5.2,4,-6.8
estimated,53799,2000050316,12,4.5,4,-7.5
estimated,53801,2000050318,17,4.8,15,-12.2
estimated,53808,2000050325,12,7.0,5,-5.0
estimated,53809,2000050326,12,4.6,5,-7.4
estimated,53810,2000050327,12,7.5,4,-4.5
estimated,53813,2000050330,12,5.9,6,-6.1
estimated,53814,2000050331,12,5.8,8,-6.2
estimated,53816,2000050333,7.5,4.9,4,-2.6
estimated,53819,2000050336,17,5.1,22,-11.9
estimated,53824,2000050341,7.5,5.1,4,-2.4
estimated,53827,2000050344,12,4.0,7,-8.0
estimated,53829,2000050346,12,5.4,5,-6.6
estimated,53832,2000050349,12,5.5,5,-6.5
estimated,53833,2000050350,7.5,6.0,4,-1.5
estimated,53834,2000050351,12,4.9,6,-7.1
estimated,53836,2000050353,12,5.1,5,-6.9
estimated,53838,2000050355,12,5.1,6,-6.9
estimated,53839,2000050356,12,5.5,8,-6.5
estimated,53845,2000050362,7.5,5.9,4,-1.6
estimated,53847,2000050364,12,8.4,5,-3.6
estimated,53849,2000050366,7.5,9.5,4,2.0
estimated,53854,2000050371,17,11.3,10,-5.7
estimated,53855,2000050372,17,11.8,29,-5.2
estimated,53856,2000050373,12,7.9,5,-4.1
estimated,53858,2000050375,12,7.7,5,-4.3
estimated,53865,2000050382,7.5,5.4,4,-2.1
estimated,53866,2000050383,17,5.3,18,-11.7
estimated,53869,2000050386,17,4.6,12,-12.4
estimated,53870,2000050387,17,5.8,13,-11.2
estimated,53871,2000050388,12,5.8,9,-6.2
estimated,53873,2000050390,12,7.2,4,-4.8
estimated,53874,2000050391,12,6.5,11,-5.5
estimated,53878,2000050395,12,5.4,5,-6.6
estimated,53893,2000050410,17,12.0,16,-5.0
estimated,53896,2000050413,12,13.5,4,1.5
estimated,53897,2000050414,17,5.5,15,-11.5
estimated,53900,2000050417,12,16.8,5,4.8
estimated,53901,2000050418,7.5,13.2,4,5.7
estimated,53903,2000050420,12,8.8,6,-3.2
estimated,53906,2000050423,12,11.3,5,-0.7
estimated,53907,2000050424,12,13.1,7,1.1
estimated,53909,2000050426,12,12.3,6,0.3
estimated,53914,2000050431,12,6.7,8,-5.3
estimated,53915,2000050432,12,6.9,4,-5.1
estimated,53917,2000050434,12,6.0,5,-6.0
estimated,53922,2000050439,12,6.3,7,-5.7
estimated,53923,2000050440,12,7.3,5,-4.7
estimated,53928,2000050445,17,6.4,18,-10.6
estimated,53930,2000050447,12,4.8,7,-7.2
estimated,53931,2000050448,17,4.8,9,-12.2
estimated,53933,2000050450,17,5.1,16,-11.9
estimated,53936,2000050453,12,3.8,5,-8.2
estimated,53939,2000050456,12,4.4,4,-7.6
estimated,53940,2000050457,17,6.1,12,-10.9
estimated,53941,2000050458,12,6.3,4,-5.7
estimated,53953,2000050470,17,5.9,15,-11.1
estimated,53954,2000050471,12,6.1,9,-5.9
estimated,53957,2000050474,12,5.4,4,-6.6
estimated,53966,2000050483,17,7.8,10,-9.2
estimated,53967,2000050484,12,11.4,4,-0.6
estimated,53968,2000050485,12,5.9,4,-6.1
estimated,53969,2000050486,12,12.9,6,0.9
estimated,53973,2000050490,12,6.5,7,-5.5
estimated,53974,2000050491,12,4.9,4,-7.1
estimated,53980,2000050497,17,7.8,9,-9.2
estimated,53982,2000050499,12,6.3,5,-5.7
estimated,53983,2000050500,17,6.7,9,-10.3
estimated,53984,2000050501,12,5.5,5,-6.5
estimated,53998,2000050515,12,6.8,5,-5.2
estimated,54004,2000050521,12,11.2,9,-0.8
estimated,54008,2000050525,17,10.0,7,-7.0
estimated,54009,2000050526,12,11.1,4,-0.9
estimated,54014,2000050531,12,8.3,4,-3.7
estimated,54015,2000050532,12,6.6,8,-5.4
estimated,54020,2000050537,12,7.6,10,-4.4
estimated,54023,2000050540,12,5.3,7,-6.7
estimated,54032,2000050549,24,5.3,33,-18.7
estimated,54036,2000050553,12,6.8,5,-5.2
estimated,54037,2000050554,12,5.8,7,-6.2
estimated,54038,2000050555,12,5.7,6,-6.3
estimated,54042,2000050559,12,5.2,8,-6.8
estimated,54048,2000050565,17,6.7,18,-10.3
estimated,54051,2000050568,24,20.6,45,-3.4
estimated,54052,2000050569,17,6.5,27,-10.5
estimated,54057,2000050575,17,6.5,15,-10.5
estimated,54059,2000050577,12,7.3,10,-4.7
estimated,54060,2000050578,12,7.3,4,-4.7
estimated,54061,2000050579,12,6.6,5,-5.4
estimated,54062,2000050580,12,5.2,5,-6.8
estimated,54063,2000050581,7.5,6.0,4,-1.5
estimated,54064,2000050582,17,7.4,14,-9.6
estimated,54065,2000050583,17,6.4,22,-10.6
estimated,54069,2000050587,12,4.9,4,-7.1
estimated,54070,2000050588,12,6.3,8,-5.7
estimated,54071,2000050589,12,6.2,4,-5.8
estimated,54072,2000050590,12,6.6,4,-5.4
estimated,54078,2000050596,17,6.4,11,-10.6
estimated,54079,2000050597,12,6.2,5,-5.8
estimated,54080,2000050598,17,6.3,14,-10.7
estimated,54081,2000050599,12,4.6,7,-7.4
estimated,54082,2000050600,17,5.0,10,-12.0
estimated,54085,2000050603,12,3.8,4,-8.2
estimated,54086,2000050604,12,4.6,7,-7.4
estimated,54087,2000050605,12,3.7,6,-8.3
estimated,54088,2000050606,17,4.5,23,-12.5
estimated,54090,2000050608,17,4.4,11,-12.6
estimated,54093,2000050611,12,5.3,6,-6.7
estimated,54097,2000050615,7.5,5.9,4,-1.6
estimated,54098,2000050616,12,5.6,7,-6.4
estimated,54099,2000050617,12,5.2,5,-6.8
estimated,54101,2000050619,12,8.3,4,-3.7
estimated,54105,2000050623,12,5.9,8,-6.1
estimated,54106,2000050624,24,5.7,38,-18.3
estimated,54109,2000050627,12,6.4,4,-5.6
estimated,54114,2000050632,12,6.0,6,-6.0
estimated,54118,2000050636,12,7.0,9,-5.0
estimated,54120,2000050638,12,5.9,7,-6.1
estimated,54125,2000050643,24,6.6,48,-17.4
estimated,54127,2000050645,12,5.9,4,-6.1
estimated,54128,2000050646,12,5.5,6,-6.5
estimated,54129,2000050647,12,6.1,6,-5.9
estimated,54131,2000050649,12,7.9,5,-4.1
estimated,54132,2000050650,12,6.1,5,-5.9
estimated,54137,2000050657,12,9.7,6,-2.3
estimated,54138,2000050658,17,7.3,24,-9.7
estimated,54141,2000050661,17,7.3,30,-9.7
estimated,54145,2000050665,17,7.1,25,-9.9
estimated,54146,2000050666,12,7.8,9,-4.2
estimated,54152,2000050673,17,7.7,25,-9.3
estimated,54154,2000050676,12,9.4,9,-2.6
estimated,54159,2000050681,12,7.7,4,-4.3
estimated,54160,2000050682,12,6.1,6,-5.9
estimated,54162,2000050684,12,10.4,6,-1.6
estimated,54167,2000050689,17,9.3,30,-7.7
estimated,54171,2000050693,12,5.2,7,-6.8
estimated,54172,2000050694,12,7.2,7,-4.8
estimated,54177,2000050699,17,6.7,22,-10.3
estimated,54182,2000050704,12,8.4,6,-3.6
estimated,54185,2000050707,17,7.3,16,-9.7
estimated,54186,2000050708,17,6.3,15,-10.7
estimated,54187,2000050709,12,7.0,6,-5.0
estimated,54188,2000050710,12,7.4,6,-4.6
estimated,54192,2000050714,17,6.4,17,-10.6
estimated,54193,2000050715,12,6.0,5,-6.0
estimated,54194,2000050716,12,6.2,8,-5.8
estimated,54195,2000050717,24,6.6,29,-17.4
estimated,54200,2000050722,12,6.4,9,-5.6
estimated,54201,2000050723,7.5,6.1,4,-1.4
estimated,54204,2000050726,17,5.4,17,-11.6
estimated,54205,2000050727,12,7.2,6,-4.8
estimated,54213,2000050735,12,5.0,4,-7.0
estimated,54214,2000050736,12,8.1,5,-3.9
estimated,54215,2000050737,17,9.1,14,-7.9
estimated,54219,2000050741,12,4.7,4,-7.3
estimated,54226,2000050748,12,7.0,4,-5.0
estimated,54231,2000050753,12,4.1,4,-7.9
estimated,54232,2000050754,7.5,6.2,4,-1.3
estimated,54233,2000050755,12,7.6,9,-4.4
estimated,54237,2000050759,17,7.8,28,-9.2
estimated,54238,2000050760,12,6.8,4,-5.2
estimated,54239,2000050761,12,6.9,7,-5.1
estimated,54244,2000050766,12,7.7,6,-4.3
estimated,54245,2000050767,17,7.9,9,-9.1
estimated,54247,2000050769,12,8.2,9,-3.8
estimated,54248,2000050770,12,8.4,5,-3.6
estimated,54249,2000050771,24,7.3,61,-16.7
estimated,54250,2000050772,12,6.5,5,-5.5
estimated,54251,2000050773,12,6.7,4,-5.3
estimated,54253,2000050775,17,6.5,9,-10.5
estimated,54268,2000050813,17,5.1,9,-11.9
estimated,54270,2000050815,12,6.5,10,-5.5
estimated,54274,2000050819,17,4.8,10,-12.2
estimated,54276,2000050821,17,5.8,13,-11.2
estimated,54278,2000050823,17,4.3,9,-12.7
estimated,54283,2000050828,12,5.2,5,-6.8
estimated,54287,2000050832,12,4.5,4,-7.5
estimated,54288,2000050833,12,5.5,6,-6.5
estimated,54292,2000050837,17,7.1,8,-9.9
estimated,54300,2000050847,12,5.7,4,-6.3
estimated,54302,2000050849,17,5.9,10,-11.1
estimated,54306,2000050853,12,9.9,5,-2.1
estimated,54308,2000050855,12,8.3,7,-3.7
estimated,54317,2000050864,12,9.4,4,-2.6
estimated,54318,2000050865,12,10.1,4,-1.9
estimated,54320,2000050867,12,8.0,5,-4.0
estimated,54322,2000050869,12,17.0,6,5.0
estimated,54324,2000050871,12,9.2,4,-2.8
estimated,54327,2000050874,17,6.8,36,-10.2
estimated,54329,2000050876,12,7.5,6,-4.5
estimated,54332,2000050879,7.5,6.7,4,-0.8
estimated,54333,2000050880,12,6.8,7,-5.2
estimated,54334,2000050881,12,6.2,4,-5.8
estimated,54342,2000050889,17,6.5,12,-10.5
estimated,54345,2000050892,17,6.7,16,-10.3
estimated,54346,2000050893,17,6.2,19,-10.8
estimated,54347,2000050894,12,5.5,5,-6.5
estimated,54348,2000050895,12,6.0,6,-6.0
estimated,54349,2000050896,12,6.0,5,-6.0
estimated,54351,2000050898,12,5.6,9,-6.4
estimated,54354,2000050901,12,6.2,7,-5.8
estimated,54356,2000050903,12,7.4,5,-4.6
estimated,54357,2000050904,17,6.7,14,-10.3
estimated,54358,2000050905,7.5,5.6,4,-1.9
estimated,54359,2000050906,12,5.5,5,-6.5
estimated,54363,2000050910,12,7.2,4,-4.8
estimated,54366,2000050913,12,12.4,4,0.4
estimated,54380,2000050927,12,5.8,8,-6.2
estimated,54381,2000050928,17,6.3,13,-10.7
estimated,54382,2000050929,17,5.7,13,-11.3
estimated,54386,2000050933,12,5.7,4,-6.3
estimated,54388,2000050935,7.5,5.6,4,-1.9
estimated,54390,2000050937,17,5.7,11,-11.3
estimated,54391,2000050938,12,4.6,5,-7.4
estimated,54392,2000050939,17,6.6,9,-10.4
estimated,54395,2000050942,12,6.2,8,-5.8
estimated,54397,2000050944,12,6.6,5,-5.4
estimated,54399,2000050946,17,7.4,24,-9.6
estimated,54405,2000050952,12,5.7,6,-6.3
estimated,54408,2000050955,12,5.4,8,-6.6
estimated,54411,2000050958,17,5.1,10,-11.9
estimated,54412,2000050959,12,4.9,7,-7.1
estimated,54414,2000050961,12,4.8,5,-7.2
estimated,54415,2000050962,12,5.2,6,-6.8
estimated,54416,2000050963,12,6.3,6,-5.7
estimated,54417,2000050964,12,6.3,5,-5.7
estimated,54418,2000050965,7.5,7.3,4,-0.2
estimated,54430,2000050987,17,21.8,14,4.8
estimated,54431,2000050989,7.5,14.1,4,6.6
estimated,54440,2000051009,7.5,3.5,4,-4.0
estimated,54442,2000051012,12,6.4,5,-5.6
estimated,54443,2000051016,12,6.2,8,-5.8
estimated,54445,2000051019,12,5.5,9,-6.5
estimated,54447,2000051021,12,6.9,5,-5.1
estimated,54451,2000051027,12,6.0,5,-6.0
estimated,54460,2000051041,12,9.0,6,-3.0
estimated,54462,2000051043,12,9.2,4,-2.8
estimated,54465,2000051046,7.5,7.0,4,-0.5
estimated,54469,2000051050,12,7.3,6,-4.7
estimated,54470,2000051051,12,8.2,4,-3.8
estimated,54475,2000051058,12,5.8,12,-6.2
estimated,54477,2000051062,12,7.1,4,-4.9
estimated,54479,2000051064,12,6.3,6,-5.7
estimated,54481,2000051066,12,7.2,5,-4.8
estimated,54482,2000051067,12,6.4,4,-5.6
estimated,54489,2000051075,7.5,8.8,4,1.3
estimated,54491,2000051077,12,8.4,5,-3.6
estimated,54492,2000051078,12,9.0,7,-3.0
estimated,54497,2000051084,12,6.4,8,-5.6
estimated,54498,2000051085,12,6.6,5,-5.4
estimated,54499,2000051086,12,7.4,4,-4.6
estimated,54502,2000051089,12,7.1,4,-4.9
estimated,54506,2000051093,12,5.3,5,-6.7
estimated,54508,2000051096,12,8.0,6,-4.0
estimated,54511,2000051099,17,7.3,11,-9.7
estimated,54516,2000051106,12,5.5,7,-6.5
estimated,54518,2000051108,12,5.8,8,-6.2
estimated,54519,2000051109,12,6.1,6,-5.9
estimated,54521,2000051111,12,5.6,6,-6.4
estimated,54522,2000051112,12,5.2,6,-6.8
estimated,54523,2000051113,12,5.6,8,-6.4
estimated,54527,2000051117,12,7.3,4,-4.7
estimated,54529,2000051119,12,6.9,7,-5.1
estimated,54530,2000051120,17,5.0,8,-12.0
estimated,54532,2000051122,12,4.9,4,-7.1
estimated,54534,2000051124,12,6.6,5,-5.4
estimated,54535,2000051125,12,6.7,4,-5.3
estimated,54536,2000051126,12,4.8,5,-7.2
estimated,54539,2000051129,12,4.8,5,-7.2
estimated,54540,2000051130,12,6.5,5,-5.5
estimated,54541,2000051131,12,6.9,5,-5.1
estimated,54544,2000051134,12,7.0,6,-5.0
estimated,54545,2000051135,12,6.1,4,-5.9
estimated,54548,2000051138,12,5.7,6,-6.3
estimated,54553,2000051143,12,6.0,8,-6.0
estimated,54554,2000051144,17,6.2,14,-10.8
estimated,54558,2000051148,17,5.4,24,-11.6
estimated,54560,2000051150,12,6.0,6,-6.0
estimated,54566,2000051156,12,4.5,7,-7.5
estimated,54567,2000051157,12,4.7,7,-7.3
estimated,54568,2000051158,17,4.7,15,-12.3
estimated,54570,2000051160,12,5.4,9,-6.6
estimated,54574,2000051164,12,4.5,5,-7.5
estimated,54581,2000051171,17,5.4,7,-11.6
estimated,54584,2000051174,12,7.0,6,-5.0
estimated,54585,2000051175,12,5.2,8,-6.8
estimated,54593,2000051183,12,6.8,6,-5.2
estimated,54594,2000051184,17,5.9,12,-11.1
estimated,54601,2000051191,12,5.9,7,-6.1
estimated,54604,2000051194,12,5.9,8,-6.1
estimated,54607,2000051197,17,5.2,11,-11.8
estimated,54608,2000051198,17,5.5,19,-11.5
estimated,54610,2000051200,12,7.2,6,-4.8
estimated,54611,2000051201,12,5.9,4,-6.1
estimated,54617,2000051207,7.5,6.8,4,-0.7
estimated,54618,2000051208,12,7.5,4,-4.5
estimated,54619,2000051209,12,7.4,9,-4.6
estimated,54621,2000051211,7.5,6.4,5,-1.1
estimated,54629,2000051219,12,11.0,6,-1.0
estimated,54632,2000051222,12,6.4,7,-5.6
estimated,54637,2000051227,12,5.7,4,-6.3
estimated,54638,2000051228,12,5.5,4,-6.5
estimated,54639,2000051229,17,6.2,11,-10.8
estimated,54640,2000051230,17,5.5,21,-11.5
estimated,54643,2000051233,12,7.7,6,-4.3
estimated,54646,2000051236,12,5.7,7,-6.3
estimated,54657,2000051247,12,6.2,5,-5.8
estimated,54660,2000051250,12,5.2,8,-6.8
estimated,54661,2000051251,12,5.3,8,-6.7
estimated,54663,2000051253,12,5.1,5,-6.9
estimated,54667,2000051257,17,5.4,12,-11.6
estimated,54670,2000051260,17,5.4,11,-11.6
estimated,54671,2000051261,17,4.9,10,-12.1
estimated,54673,2000051263,12,6.8,8,-5.2
estimated,54675,2000051265,17,5.7,11,-11.3
estimated,54677,2000051267,12,6.4,4,-5.6
estimated,54679,2000051269,12,5.1,6,-6.9
estimated,54680,2000051270,7.5,6.1,4,-1.4
estimated,54682,2000051272,17,6.6,13,-10.4
estimated,54683,2000051273,12,6.6,4,-5.4
estimated,54684,2000051274,12,4.4,7,-7.6
estimated,54685,2000051275,7.5,5.4,4,-2.1
estimated,54686,2000051276,17,5.1,14,-11.9
estimated,54689,2000051279,12,6.0,6,-6.0
estimated,54692,2000051282,12,5.0,12,-7.0
estimated,54694,2000051284,12,5.4,6,-6.6
estimated,54695,2000051285,12,4.6,4,-7.4
estimated,54706,2000051296,12,6.5,6,-5.5
estimated,54709,2000051299,12,4.9,4,-7.1
estimated,54713,2000051303,17,5.0,11,-12.0
estimated,54714,2000051304,12,5.7,5,-6.3
estimated,54715,2000051305,7.5,5.9,4,-1.6
estimated,54718,2000051308,17,7.4,19,-9.6
estimated,54719,2000051309,7.5,6.4,4,-1.1
estimated,54725,2000051315,12,5.2,7,-6.8
estimated,54728,2000051318,12,8.5,4,-3.5
estimated,54730,2000051320,12,5.7,5,-6.3
estimated,54742,2000051332,12,6.6,5,-5.4
estimated,54743,2000051333,12,5.7,12,-6.3
estimated,54745,2000051335,12,6.5,7,-5.5
estimated,54746,2000051336,12,6.0,10,-6.0
estimated,54747,2000051337,12,5.3,5,-6.7
estimated,54748,2000051338,12,5.5,4,-6.5
estimated,54749,2000051339,12,6.2,8,-5.8
estimated,54753,2000051343,12,5.1,5,-6.9
estimated,54754,2000051344,12,5.2,5,-6.8
estimated,54756,2000051346,17,6.1,17,-10.9
estimated,54763,2000051353,17,7.2,15,-9.8
estimated,54771,2000051361,12,6.6,6,-5.4
estimated,54772,2000051362,7.5,7.2,5,-0.3
estimated,54773,2000051363,12,6.1,8,-5.9
estimated,54777,2000051367,12,12.9,4,0.9
estimated,54779,2000051369,12,6.0,6,-6.0
estimated,54780,2000051370,17,5.9,11,-11.1
estimated,54783,2000051373,12,5.7,4,-6.3
estimated,54787,2000051377,12,7.7,8,-4.3
estimated,54788,2000051378,12,6.5,5,-5.5
estimated,54790,2000051380,12,9.4,6,-2.6
estimated,54792,2000051382,12,7.1,4,-4.9
estimated,54793,2000051383,12,6.3,5,-5.7
estimated,54796,2000051386,12,5.4,5,-6.6
estimated,54799,2000051389,17,8.7,13,-8.3
estimated,54800,2000051390,12,5.7,9,-6.3
estimated,54803,2000051393,17,14.5,27,-2.5
estimated,54807,2000051397,12,5.9,5,-6.1
estimated,54809,2000051399,12,7.1,6,-4.9
estimated,54810,2000051400,7.5,8.9,4,1.4
estimated,54811,2000051401,12,8.9,7,-3.1
estimated,54812,2000051402,12,5.9,7,-6.1
estimated,54814,2000051404,12,6.0,10,-6.0
estimated,54819,2000051409,12,9.3,4,-2.7
estimated,54820,2000051410,17,7.0,11,-10.0
estimated,54822,2000051412,12,6.9,6,-5.1
estimated,54823,2000051413,12,7.2,5,-4.8
estimated,54825,2000051415,17,7.5,17,-9.5
estimated,54827,2000051417,12,11.0,4,-1.0
estimated,54828,2000051418,12,12.9,5,0.9
estimated,54830,2000051420,17,11.0,19,-6.0
estimated,54831,2000051421,12,7.3,12,-4.7
estimated,54836,2000051426,12,10.0,5,-2.0
estimated,54837,2000051427,12,6.7,5,-5.3
estimated,54839,2000051429,12,9.2,9,-2.8
estimated,54841,2000051431,17,9.6,18,-7.4
estimated,54843,2000051433,12,6.4,6,-5.6
estimated,54844,2000051434,17,7.2,30,-9.8
estimated,54845,2000051435,12,5.8,8,-6.2
estimated,54846,2000051436,12,7.1,5,-4.9
estimated,54847,2000051437,12,8.5,11,-3.5
estimated,54848,2000051438,12,9.7,4,-2.3
estimated,54853,2000051443,17,17.3,25,0.3
estimated,54854,2000051444,12,5.3,4,-6.7
estimated,54858,2000051448,12,7.1,4,-4.9
estimated,54859,2000051449,17,7.8,12,-9.2
estimated,54860,2000051450,12,6.7,8,-5.3
estimated,54862,2000051452,12,6.6,7,-5.4
estimated,54863,2000051453,17,6.9,37,-10.1
estimated,54867,2000051457,12,6.3,6,-5.7
estimated,54870,2000051460,17,7.4,22,-9.6
estimated,54872,2000051462,12,6.6,4,-5.4
estimated,54874,2000051464,7.5,7.6,4,0.1
estimated,54876,2000051466,17,7.0,17,-10.0
estimated,54877,2000051467,17,6.2,13,-10.8
estimated,54878,2000051468,12,8.1,7,-3.9
estimated,54880,2000051470,12,7.2,4,-4.8
estimated,54883,2000051473,12,5.4,6,-6.6
estimated,54889,2000051479,12,6.0,5,-6.0
estimated,54890,2000051480,12,6.6,8,-5.4
estimated,54893,2000051483,12,6.9,9,-5.1
estimated,54894,2000051484,12,6.4,8,-5.6
estimated,54896,2000051487,12,7.1,6,-4.9
estimated,54897,2000051488,12,5.4,4,-6.6
estimated,54899,2000051490,12,6.7,5,-5.3
estimated,54901,2000051492,12,5.4,6,-6.6
estimated,54906,2000051502,12,8.5,9,-3.5
estimated,54911,2000051507,12,7.6,6,-4.4
estimated,54912,2000051508,17,7.0,6,-10.0
estimated,54915,2000051511,17,8.0,18,-9.0
estimated,54919,2000051515,17,6.1,38,-10.9
estimated,54930,2000051586,12,6.0,4,-6.0
estimated,54936,2000051600,12,4.9,8,-7.1
estimated,54945,2000051609,12,5.3,7,-6.7
estimated,54946,2000051610,12,5.3,5,-6.7
estimated,54950,2000051614,12,4.8,4,-7.2
estimated,54951,2000051615,12,5.3,7,-6.7
estimated,54952,2000051616,12,6.6,7,-5.4
estimated,54955,2000051625,12,6.1,6,-5.9
estimated,54958,2000051628,12,6.5,4,-5.5
estimated,54961,2000051631,12,7.2,5,-4.8
estimated,54963,2000051633,12,6.4,9,-5.6
estimated,54968,2000051638,17,6.1,10,-10.9
estimated,54969,2000051639,12,8.8,5,-3.2
estimated,54973,2000051643,17,6.6,19,-10.4
estimated,54975,2000051645,12,6.3,8,-5.7
estimated,54976,2000051646,12,5.8,7,-6.2
estimated,54980,2000051650,12,5.6,5,-6.4
estimated,54981,2000051651,12,6.2,10,-5.8
estimated,54983,2000051653,12,6.6,5,-5.4
estimated,54984,2000051654,12,7.2,5,-4.8
estimated,54986,2000051656,12,5.1,5,-6.9
estimated,54987,2000051657,17,5.4,17,-11.6
estimated,54988,2000051658,17,5.9,13,-11.1
estimated,54989,2000051659,12,6.0,4,-6.0
estimated,54990,2000051660,12,6.2,11,-5.8
estimated,54995,2000051665,12,5.4,4,-6.6
estimated,54996,2000051666,17,5.2,12,-11.8
estimated,54997,2000051667,12,4.8,4,-7.2
estimated,54998,2000051668,12,5.0,6,-7.0
estimated,55000,2000051670,12,5.0,4,-7.0
estimated,55003,2000051673,12,5.1,4,-6.9
estimated,55010,2000051680,12,5.2,6,-6.8
estimated,55011,2000051681,12,5.1,5,-6.9
estimated,55017,2000051687,12,6.0,4,-6.0
estimated,55018,2000051688,7.5,6.1,4,-1.4
estimated,55022,2000051692,12,8.2,4,-3.8
estimated,55023,2000051693,12,4.3,5,-7.7
estimated,55026,2000051696,17,5.2,13,-11.8
estimated,55029,2000051699,17,7.4,17,-9.6
estimated,55032,2000051702,17,7.4,6,-9.6
estimated,55033,2000051703,12,7.4,8,-4.6
estimated,55038,2000051708,12,6.6,4,-5.4
estimated,55053,2000051727,12,6.6,5,-5.4
estimated,55054,2000051728,12,10.5,7,-1.5
estimated,55058,2000051732,12,6.8,5,-5.2
estimated,55065,2000051739,12,7.1,8,-4.9
estimated,55069,2000051743,12,5.6,10,-6.4
estimated,55070,2000051746,12,11.9,8,-0.1
estimated,55071,2000051747,17,13.2,11,-3.8
estimated,55072,2000051750,12,6.4,8,-5.6
estimated,55073,2000051751,12,5.5,7,-6.5
estimated,55078,2000051761,17,12.5,23,-4.5
estimated,55079,2000051762,17,11.5,17,-5.5
estimated,55080,2000051763,24,9.3,36,-14.7
estimated,55082,2000051765,24,7.4,56,-16.6
estimated,55086,2000051769,17,8.4,11,-8.6
estimated,55088,2000051771,17,11.6,14,-5.4
estimated,55089,2000051776,12,10.7,4,-1.3
estimated,55090,2000051777,17,11.2,29,-5.8
estimated,55094,2000051781,12,9.0,9,-3.0
estimated,55095,2000051782,17,8.4,18,-8.6
estimated,55096,2000051784,12,5.8,9,-6.2
estimated,55100,2000051788,17,13.0,17,-4.0
estimated,55114,2000051803,12,6.0,5,-6.0
estimated,55116,2000051805,12,6.1,7,-5.9
estimated,55121,2000051820,12,5.3,4,-6.7
estimated,55123,2000051822,7.5,5.2,4,-2.3
estimated,55129,2000051832,17,6.1,29,-10.9
estimated,55153,2000051857,12,8.7,5,-3.3
estimated,55155,2000051859,12,8.4,5,-3.6
estimated,55162,2000051866,12,7.4,6,-4.6
estimated,55165,2000051869,17,7.0,9,-10.0
estimated,55177,2000051881,17,6.8,9,-10.2
estimated,55184,2000051888,12,6.2,4,-5.8
estimated,55195,2000051899,12,7.3,6,-4.7
estimated,55197,2000051901,12,5.5,9,-6.5
estimated,55199,2000051903,17,11.0,8,-6.0
estimated,55200,2000051904,12,8.1,8,-3.9
estimated,55201,2000051905,12,8.4,4,-3.6
estimated,55203,2000051907,12,8.3,5,-3.7
estimated,55207,2000051914,17,6.1,10,-10.9
estimated,55213,2000051920,12,7.0,8,-5.0
estimated,55217,2000051924,12,5.1,4,-6.9
estimated,55218,2000051925,12,5.4,4,-6.6
estimated,55220,2000051927,12,7.8,5,-4.2
estimated,55223,2000051930,12,7.7,5,-4.3
estimated,55226,2000051933,17,10.0,16,-7.0
estimated,55227,2000051934,12,8.0,9,-4.0
estimated,55238,2000051949,12,8.2,5,-3.8
estimated,55239,2000051951,17,6.8,11,-10.2
estimated,55242,2000051956,12,5.6,11,-6.4
estimated,55243,2000051957,17,5.4,17,-11.6
estimated,55244,2000051958,12,8.1,9,-3.9
estimated,55248,2000051966,12,10.7,5,-1.3
estimated,55249,2000051967,12,7.3,4,-4.7
estimated,55250,2000051968,12,7.8,6,-4.2
estimated,55252,2000051970,17,7.8,12,-9.2
estimated,55253,2000051971,17,8.8,27,-8.2
estimated,55256,2000051974,17,9.0,25,-8.0
estimated,55257,2000051975,12,8.3,5,-3.7
estimated,55258,2000051976,12,7.7,4,-4.3
estimated,55261,2000051979,12,5.5,6,-6.5
estimated,55262,2000051980,17,6.2,18,-10.8
estimated,55266,2000051984,12,4.3,4,-7.7
estimated,55267,2000051985,12,8.7,4,-3.3
estimated,55273,2000051991,12,8.2,4,-3.8
estimated,55277,2000051997,17,6.4,10,-10.6
estimated,55282,2000052003,17,5.6,16,-11.4
estimated,55283,2000052007,17,6.0,24,-11.0
estimated,55284,2000052009,12,5.7,7,-6.3
estimated,55287,2000052013,12,6.4,4,-5.6
estimated,55291,2000052018,12,5.7,4,-6.3
estimated,55297,2000052026,12,8.4,9,-3.6
estimated,55298,2000052027,17,6.7,12,-10.3
estimated,55317,2000052048,12,4.2,7,-7.8
estimated,55321,2000052056,7.5,6.0,4,-1.5
estimated,55322,2000052057,17,8.5,13,-8.5
estimated,55323,2000052058,12,8.6,5,-3.4
estimated,55325,2000052060,12,6.4,5,-5.6
estimated,55326,2000052061,12,7.0,4,-5.0
estimated,55329,2000052064,12,7.3,4,-4.7
estimated,55332,2000052068,12,7.1,6,-4.9
estimated,55338,2000052075,17,7.7,10,-9.3
estimated,55342,2000052079,12,5.2,7,-6.8
estimated,55350,2000052089,12,7.0,6,-5.0
estimated,55358,2000052098,12,8.3,7,-3.7
estimated,55360,2000052100,12,7.0,5,-5.0
estimated,55362,2000052102,12,6.7,7,-5.3
estimated,55364,2000052104,17,5.0,9,-12.0
estimated,55365,2000052105,12,8.3,4,-3.7
estimated,55375,2000052128,12,6.5,7,-5.5
estimated,55387,2000052141,17,6.2,33,-10.8
estimated,55389,2000052143,17,5.6,8,-11.4
estimated,55391,2000052145,12,4.2,4,-7.8
estimated,55393,2000052147,12,5.9,4,-6.1
estimated,55398,2000052152,12,14.0,5,2.0
estimated,55399,2000052153,7.5,10.6,4,3.1
estimated,55413,2000052181,12,5.9,7,-6.1
estimated,55426,2000052197,12,8.9,4,-3.1
estimated,55428,2000052199,12,8.8,10,-3.2
estimated,55430,2000052201,12,10.9,5,-1.1
estimated,55431,2000052202,12,10.5,9,-1.5
estimated,55432,2000052203,12,10.3,6,-1.7
estimated,55433,2000052204,12,13.5,4,1.5
estimated,55437,2000052211,17,24.3,23,7.3
estimated,55445,2000052221,12,10.2,4,-1.8
estimated,55446,2000052222,12,8.1,4,-3.9
estimated,55452,2000052228,12,10.3,6,-1.7
estimated,55456,2000052233,12,7.9,7,-4.1
estimated,55457,2000052235,12,10.2,8,-1.8
estimated,55460,2000052238,12,8.5,4,-3.5
estimated,55461,2000052239,17,7.7,30,-9.3
estimated,55465,2000052244,12,13.1,5,1.1
estimated,55471,2000052250,12,6.6,4,-5.4
estimated,55475,2000052257,12,9.5,8,-2.5
estimated,55478,2000052260,12,7.2,5,-4.8
estimated,55479,2000052261,12,6.0,4,-6.0
estimated,55481,2000052264,7.5,7.8,4,0.3
estimated,55483,2000052269,17,7.1,18,-9.9
estimated,55484,2000052272,12,8.3,4,-3.7
estimated,55487,2000052275,12,8.5,4,-3.5
estimated,55491,2000052279,17,9.3,11,-7.7
estimated,55494,2000052282,12,7.4,8,-4.6
estimated,55496,2000052284,12,6.8,7,-5.2
estimated,55497,2000052285,12,4.7,4,-7.3
estimated,55498,2000052286,17,6.5,15,-10.5
estimated,55499,2000052287,12,9.7,7,-2.3
estimated,55500,2000052288,12,7.1,4,-4.9
estimated,55501,2000052289,7.5,6.1,4,-1.4
estimated,55503,2000052291,12,7.3,9,-4.7
estimated,55504,2000052292,12,11.3,5,-0.7
estimated,55506,2000052294,12,13.8,4,1.8
estimated,55509,2000052298,12,8.7,9,-3.3
estimated,55512,2000052301,7.5,10.3,4,2.8
estimated,55518,2000052308,7.5,9.9,5,2.4
estimated,55520,2000052310,12,8.2,4,-3.8
estimated,55521,2000052311,12,9.4,4,-2.6
estimated,55525,2000052316,12,5.3,8,-6.7
estimated,55526,2000052318,12,8.0,4,-4.0
estimated,55528,2000052320,12,6.4,5,-5.6
estimated,55529,2000052321,12,6.8,4,-5.2
estimated,55531,2000052324,12,13.4,8,1.4
estimated,55541,2000052334,12,10.6,6,-1.4
estimated,55542,2000052336,12,7.7,6,-4.3
estimated,55545,2000052339,12,16.6,5,4.6
estimated,55551,2000052345,7.5,9.8,4,2.3
estimated,55556,2000052351,7.5,7.3,4,-0.2
estimated,55557,2000052353,17,8.6,12,-8.4
estimated,55558,2000052354,17,8.5,39,-8.5
estimated,55560,2000052356,12,6.9,5,-5.1
estimated,55563,2000052361,12,10.5,10,-1.5
estimated,55564,2000052363,12,7.2,4,-4.8
estimated,55567,2000052366,17,8.7,10,-8.3
estimated,55568,2000052367,17,9.7,16,-7.3
estimated,55570,2000052369,17,10.1,11,-6.9
estimated,55571,2000052370,12,13.2,8,1.2
estimated,55578,2000052378,12,6.9,4,-5.1
estimated,55585,2000052386,17,12.2,8,-4.8
estimated,55587,2000052389,12,14.9,8,2.9
estimated,55598,2000052402,12,8.3,11,-3.7
estimated,55601,2000052405,12,8.7,5,-3.3
estimated,55610,2000052416,12,7.2,4,-4.8
estimated,55618,2000052425,12,9.6,4,-2.4
estimated,55626,2000052435,12,6.7,9,-5.3
estimated,55630,2000052439,12,7.9,8,-4.1
estimated,55635,2000052444,12,10.1,5,-1.9
estimated,55636,2000052445,17,6.5,11,-10.5
estimated,55639,2000052448,12,7.6,4,-4.4
estimated,55640,2000052449,12,10.3,10,-1.7
estimated,55643,2000052454,12,7.9,5,-4.1
estimated,55647,2000052459,7.5,7.0,6,-0.5
estimated,55650,2000052463,7.5,6.6,4,-0.9
estimated,55651,2000052467,12,6.1,6,-5.9
estimated,55653,2000052473,12,5.7,6,-6.3
estimated,55654,2000052474,7.5,5.7,4,-1.8
estimated,55655,2000052475,12,6.2,9,-5.8
estimated,55656,2000052476,12,5.1,4,-6.9
estimated,55657,2000052477,12,5.5,4,-6.5
estimated,55661,2000052483,17,7.2,17,-9.8
estimated,55664,2000052486,12,5.5,5,-6.5
estimated,55665,2000052487,12,5.1,6,-6.9
estimated,55666,2000052488,12,5.3,7,-6.7
estimated,55670,2000052492,7.5,5.6,4,-1.9
estimated,55671,2000052493,12,7.2,9,-4.8
estimated,55672,2000052494,12,6.1,4,-5.9
estimated,55673,2000052495,12,5.8,10,-6.2
estimated,55675,2000052497,17,8.3,23,-8.7
estimated,55676,2000052498,12,8.0,9,-4.0
estimated,55683,2000052506,17,4.8,7,-12.2
estimated,55685,2000052508,17,12.4,16,-4.6
estimated,55695,2000052523,12,17.1,4,5.1
estimated,55702,2000052535,17,12.6,19,-4.4
estimated,55706,2000052542,12,6.4,4,-5.6
estimated,55712,2000052551,12,8.1,7,-3.9
estimated,55713,2000052554,17,6.5,6,-10.5
estimated,55715,2000052556,12,7.1,8,-4.9
estimated,55716,2000052557,17,5.9,30,-11.1
estimated,55717,2000052558,17,12.8,24,-4.2
estimated,55720,2000052561,17,9.0,12,-8.0
estimated,55722,2000052563,12,5.9,7,-6.1
estimated,55727,2000052568,12,6.2,6,-5.8
estimated,55734,2000052577,17,12.5,18,-4.5
estimated,55735,2000052578,12,13.6,4,1.6
estimated,55737,2000052580,17,8.9,9,-8.1
estimated,55741,2000052584,12,12.9,4,0.9
estimated,55742,2000052585,12,6.8,4,-5.2
estimated,55749,2000052596,17,10.2,20,-6.8
estimated,55750,2000052597,12,14.6,5,2.6
estimated,55751,2000052598,17,10.5,7,-6.5
estimated,55752,2000052599,17,12.2,10,-4.8
estimated,55754,2000052602,12,12.4,5,0.4
estimated,55755,2000052603,12,13.3,5,1.3
estimated,55759,2000052610,7.5,5.8,4,-1.7
estimated,55769,2000052625,12,15.6,6,3.6
estimated,55770,2000052626,12,16.4,4,4.4
estimated,55773,2000052629,17,12.1,14,-4.9
estimated,55777,2000052635,17,15.9,27,-1.1
estimated,55787,2000052647,12,7.4,5,-4.6
estimated,55788,2000052648,17,9.9,11,-7.1
estimated,55792,2000052652,12,6.6,4,-5.4
estimated,55793,2000052653,7.5,11.2,4,3.7
estimated,55795,2000052655,7.5,8.7,4,1.2
estimated,55797,2000052657,12,9.8,4,-2.2
estimated,55801,2000052662,12,11.5,6,-0.5
estimated,55805,2000052667,7.5,12.5,4,5.0
estimated,55806,2000052668,17,9.0,10,-8.0
estimated,55810,2000052672,12,12.2,4,0.2
estimated,55813,2000052676,17,7.4,14,-9.6
estimated,55815,2000052680,12,6.6,7,-5.4
estimated,55822,2000052688,17,13.7,8,-3.3
estimated,55823,2000052689,12,13.4,4,1.4
estimated,55827,2000052694,12,6.9,8,-5.1
estimated,55828,2000052695,17,8.4,44,-8.6
estimated,55830,2000052697,12,4.6,5,-7.4
estimated,55832,2000052699,12,9.5,4,-2.5
estimated,55834,2000052701,12,20.4,5,8.4
estimated,55835,2000052702,12,11.0,4,-1.0
estimated,55837,2000052704,12,19.5,4,7.5
estimated,55842,2000052710,12,12.0,5,-0.0
estimated,55843,2000052711,7.5,12.4,4,4.9
estimated,55848,2000052717,12,15.7,5,3.7
estimated,55849,2000052718,17,18.5,7,1.5
estimated,55850,2000052719,12,11.4,4,-0.6
estimated,55851,2000052720,17,8.8,13,-8.2
estimated,55852,2000052721,12,8.9,6,-3.1
estimated,55853,2000052722,12,9.9,9,-2.1
estimated,55854,2000052723,12,10.5,5,-1.5
estimated,55855,2000052724,12,12.2,6,0.2
estimated,55857,2000052726,12,10.8,6,-1.2
estimated,55858,2000052727,12,9.9,7,-2.1
estimated,55860,2000052730,17,8.6,11,-8.4
estimated,55861,2000052731,12,10.4,4,-1.6
estimated,55864,2000052734,7.5,10.2,4,2.7
estimated,55870,2000052744,12,6.0,5,-6.0
estimated,55871,2000052745,17,18.1,17,1.1
estimated,55872,2000052748,12,15.9,5,3.9
estimated,55877,2000052753,12,13.0,7,1.0
estimated,55878,2000052755,12,7.6,6,-4.4
estimated,55892,2000052770,17,17.7,19,0.7
estimated,55893,2000052771,17,13.9,37,-3.1
estimated,55895,2000052774,12,13.2,10,1.2
estimated,55896,2000052775,12,18.8,9,6.8
estimated,55899,2000052783,12,15.0,6,3.0
estimated,55900,2000052784,12,14.0,5,2.0
estimated,55903,2000052789,17,8.7,21,-8.3
estimated,55906,2000052792,7.5,14.3,4,6.8
estimated,55908,2000052794,17,10.4,17,-6.6
estimated,55909,2000052795,12,11.5,4,-0.5
estimated,55910,2000052796,12,11.7,6,-0.3
estimated,55911,2000052798,12,8.5,8,-3.5
estimated,55914,2000052807,12,10.5,6,-1.5
estimated,55916,2000052809,17,13.9,17,-3.1
estimated,55919,2000052812,12,11.5,6,-0.5
estimated,55921,2000052815,17,11.1,21,-5.9
estimated,55922,2000052817,12,11.9,8,-0.1
estimated,55925,2000052821,7.5,10.4,4,2.9
estimated,55930,2000052827,12,8.2,4,-3.8
estimated,55931,2000052828,12,6.8,6,-5.2
estimated,55933,2000052830,12,12.4,4,0.4
estimated,55934,2000052831,12,8.8,4,-3.2
estimated,55938,2000052835,12,11.3,4,-0.7
estimated,55940,2000052837,12,11.7,4,-0.3
estimated,55941,2000052838,12,9.6,4,-2.4
estimated,55942,2000052839,12,8.8,8,-3.2
estimated,55944,2000052841,12,8.7,4,-3.3
estimated,55948,2000052845,12,8.6,8,-3.4
estimated,55949,2000052847,12,8.3,6,-3.7
estimated,55958,2000052857,12,9.7,4,-2.3
estimated,55959,2000052863,17,8.2,19,-8.8
estimated,55960,2000052864,12,11.9,9,-0.1
estimated,55962,2000052868,17,15.5,15,-1.5
estimated,55969,2000052875,12,10.5,11,-1.5
estimated,55970,2000052876,17,10.0,12,-7.0
estimated,55973,2000052879,17,8.6,16,-8.4
estimated,55980,2000052886,12,10.0,8,-2.0
estimated,55985,2000052892,12,11.0,4,-1.0
estimated,55987,2000052894,17,8.1,9,-8.9
estimated,55989,2000052896,12,8.4,9,-3.6
estimated,55990,2000052897,17,8.3,14,-8.7
estimated,55991,2000052898,12,11.7,4,-0.3
estimated,55994,2000052901,17,9.8,37,-7.2
estimated,55997,2000052904,24,12.6,37,-11.4
estimated,55998,2000052905,12,12.8,4,0.8
estimated,55999,2000052906,17,13.3,9,-3.7
estimated,56000,2000052907,17,14.0,17,-3.0
estimated,56002,2000052910,12,13.6,6,1.6
estimated,56004,2000052913,12,12.6,7,0.6
estimated,56017,2000052927,17,6.2,19,-10.8
estimated,56018,2000052928,17,8.1,11,-8.9
estimated,56023,2000052934,12,12.2,6,0.2
estimated,56024,2000052935,17,13.0,39,-4.0
estimated,56025,2000052936,17,7.7,16,-9.3
estimated,56027,2000052939,17,13.8,27,-3.2
estimated,56028,2000052940,17,12.8,15,-4.2
estimated,56029,2000052941,12,7.0,5,-5.0
estimated,56031,2000052943,12,8.5,10,-3.5
estimated,56033,2000052945,12,9.0,4,-3.0
estimated,56035,2000052947,12,9.2,6,-2.8
estimated,56036,2000052948,17,8.6,14,-8.4
estimated,56037,2000052949,17,10.0,20,-7.0
estimated,56038,2000052950,12,8.9,9,-3.1
estimated,56041,2000052954,12,8.7,10,-3.3
estimated,56042,2000052955,12,10.8,5,-1.2
estimated,56043,2000052956,12,9.0,9,-3.0
estimated,56044,2000052957,17,10.1,15,-6.9
estimated,56048,2000052961,12,9.9,4,-2.1
estimated,56050,2000052963,17,9.9,19,-7.1
estimated,56051,2000052964,17,11.2,14,-5.8
estimated,56052,2000052965,17,11.5,11,-5.5
estimated,56054,2000052967,17,9.6,22,-7.4
estimated,56055,2000052968,24,9.4,52,-14.6
estimated,56059,2000052972,17,11.2,22,-5.8
estimated,56062,2000052975,12,6.8,10,-5.2
estimated,56063,2000052976,12,5.5,4,-6.5
estimated,56064,2000052977,12,9.3,7,-2.7
estimated,56065,2000052979,12,9.3,5,-2.7
estimated,56067,2000052982,17,6.0,13,-11.0
estimated,56070,2000052985,17,12.8,11,-4.2
estimated,56071,2000052986,17,12.4,10,-4.6
estimated,56081,2000053000,17,7.4,19,-9.6
estimated,56084,2000053006,12,11.1,8,-0.9
estimated,56087,2000053013,12,11.7,8,-0.3
estimated,56088,2000053015,12,15.4,4,3.4
estimated,56089,2000053016,17,13.1,17,-3.9
estimated,56090,2000053020,12,11.3,4,-0.7
estimated,56097,2000053028,7.5,11.4,4,3.9
estimated,56103,2000053034,17,9.2,19,-7.8
estimated,56105,2000053036,12,8.4,6,-3.6
estimated,56110,2000053042,12,10.9,4,-1.1
estimated,56118,2000053053,12,11.9,4,-0.1
estimated,56121,2000053056,12,10.0,8,-2.0
estimated,56128,2000053063,12,5.2,4,-6.8
estimated,56135,2000053078,17,10.1,15,-6.9
estimated,56144,2000053088,12,7.1,4,-4.9
estimated,56149,2000053097,17,9.4,12,-7.6
estimated,56154,2000053106,12,12.0,5,-0.0
estimated,56155,2000053107,12,13.2,10,1.2
estimated,56159,2000053111,12,8.4,9,-3.6
estimated,56160,2000053112,12,9.5,6,-2.5
estimated,56164,2000053116,12,13.1,7,1.1
estimated,56167,2000053119,12,12.1,7,0.1
estimated,56170,2000053127,12,15.1,4,3.1
estimated,56173,2000053130,12,13.2,5,1.2
estimated,56174,2000053131,17,18.3,37,1.3
estimated,56176,2000053133,12,15.8,8,3.8
estimated,56182,2000053145,12,9.7,5,-2.3
estimated,56183,2000053146,12,9.4,5,-2.6
estimated,56184,2000053147,12,8.8,9,-3.2
estimated,56186,2000053150,12,9.0,10,-3.0
estimated,56189,2000053155,12,10.2,5,-1.8
estimated,56191,2000053157,12,11.1,8,-0.9
estimated,56192,2000053158,12,6.1,10,-5.9
estimated,56193,2000053159,12,8.3,6,-3.7
estimated,56194,2000053160,17,8.3,12,-8.7
estimated,56195,2000053161,17,8.4,20,-8.6
estimated,56198,2000053164,17,7.2,19,-9.8
estimated,56199,2000053165,12,7.6,4,-4.4
estimated,56204,2000053171,12,7.2,4,-4.8
estimated,56209,2000053182,12,8.0,8,-4.0
estimated,56216,2000053192,17,7.3,17,-9.7
estimated,56217,2000053193,17,7.6,22,-9.4
estimated,56221,2000053198,12,5.7,5,-6.3
estimated,56223,2000053201,12,5.1,4,-6.9
estimated,56226,2000053204,17,6.9,29,-10.1
estimated,56229,2000053207,12,5.6,4,-6.4
estimated,56231,2000053209,12,6.6,7,-5.4
estimated,56235,2000053214,17,6.2,15,-10.8
estimated,56238,2000053217,17,5.9,7,-11.1
estimated,56241,2000053220,12,5.4,6,-6.6
estimated,56242,2000053221,12,6.7,6,-5.3
estimated,56245,2000053224,12,6.4,7,-5.6
estimated,56246,2000053225,12,4.4,8,-7.6
estimated,56247,2000053226,7.5,5.2,4,-2.3
estimated,56248,2000053227,12,4.8,6,-7.2
estimated,56261,2000053252,17,5.0,10,-12.0
estimated,56264,2000053256,12,10.5,6,-1.5
estimated,56265,2000053257,12,9.1,11,-2.9
estimated,56271,2000053265,17,6.1,12,-10.9
estimated,56279,2000053281,12,8.2,5,-3.8
estimated,56286,2000053288,12,5.8,6,-6.2
estimated,56287,2000053289,12,6.5,10,-5.5
estimated,56288,2000053290,12,5.4,4,-6.6
estimated,56291,2000053293,12,6.4,11,-5.6
estimated,56294,2000053296,12,5.7,6,-6.3
estimated,56314,2000053317,12,6.8,5,-5.2
estimated,56315,2000053318,12,6.2,5,-5.8
estimated,56318,2000053321,12,7.0,8,-5.0
estimated,56319,2000053322,12,7.7,7,-4.3
estimated,56320,2000053323,12,9.2,5,-2.8
estimated,56323,2000053326,7.5,8.4,4,0.9
estimated,56330,2000053336,12,6.7,4,-5.3
estimated,56331,2000053337,12,6.6,5,-5.4
estimated,56343,2000053354,17,6.6,20,-10.4
estimated,56346,2000053357,12,5.3,9,-6.7
estimated,56349,2000053360,12,9.9,5,-2.1
estimated,56354,2000053365,17,6.4,12,-10.6
estimated,56355,2000053366,17,9.9,29,-7.1
estimated,56362,2000053373,12,7.4,7,-4.6
estimated,56363,2000053374,12,8.6,8,-3.4
estimated,56364,2000053375,17,6.7,14,-10.3
estimated,56367,2000053378,12,10.9,10,-1.1
estimated,56371,2000053382,17,11.0,13,-6.0
estimated,56373,2000053384,17,5.0,11,-12.0
estimated,56375,2000053386,17,13.8,17,-3.2
estimated,56376,2000053388,12,13.7,5,1.7
estimated,56377,2000053389,17,13.0,29,-4.0
estimated,56378,2000053390,17,10.3,23,-6.7
estimated,56379,2000053391,12,12.1,10,0.1
estimated,56380,2000053392,12,8.6,8,-3.4
estimated,56381,2000053393,24,9.8,80,-14.2
estimated,56382,2000053394,12,6.7,4,-5.3
estimated,56386,2000053398,17,9.7,20,-7.3
estimated,56387,2000053399,17,8.0,24,-9.0
estimated,56388,2000053400,12,8.8,9,-3.2
estimated,56394,2000053406,12,7.2,6,-4.8
estimated,56396,2000053408,24,14.2,88,-9.8
estimated,56400,2000053415,12,9.6,6,-2.4
estimated,56402,2000053417,12,9.9,6,-2.1
estimated,56405,2000053423,12,6.5,7,-5.5
estimated,56410,2000053432,7.5,7.8,4,0.3
estimated,56412,2000053434,24,11.8,44,-12.2
estimated,56415,2000053437,12,10.0,6,-2.0
estimated,56416,2000053439,12,14.0,6,2.0
estimated,56421,2000053446,24,12.2,66,-11.8
estimated,56428,2000053456,17,11.9,10,-5.1
estimated,56430,2000053458,17,15.5,10,-1.5
estimated,56432,2000053461,12,12.3,7,0.3
estimated,56437,2000053466,12,11.6,5,-0.4
estimated,56438,2000053467,12,12.3,10,0.3
estimated,56439,2000053468,12,14.3,5,2.3
estimated,56443,2000053472,12,11.5,4,-0.5
estimated,56445,2000053474,17,10.7,16,-6.3
estimated,56447,2000053477,17,8.3,15,-8.7
estimated,56450,2000053481,12,11.3,4,-0.7
estimated,56465,2000053497,12,11.7,4,-0.3
estimated,56467,2000053500,12,10.6,7,-1.4
estimated,56468,2000053501,12,8.9,5,-3.1
estimated,56471,2000053505,12,4.9,6,-7.1
estimated,56475,2000053510,7.5,5.6,4,-1.9
estimated,56476,2000053511,17,5.4,14,-11.6
estimated,56479,2000053514,17,5.5,10,-11.5
estimated,56494,2000053534,12,7.1,6,-4.9
estimated,56495,2000053535,12,6.9,4,-5.1
estimated,56497,2000053537,12,9.1,8,-2.9
estimated,56498,2000053538,17,12.7,18,-4.3
estimated,56499,2000053539,12,10.1,4,-1.9
estimated,56504,2000053544,17,11.7,24,-5.3
estimated,56507,2000053547,17,25.4,31,8.4
estimated,56511,2000053551,12,8.2,8,-3.8
estimated,56512,2000053552,12,11.1,6,-0.9
estimated,56516,2000053557,12,9.5,4,-2.5
estimated,56517,2000053558,12,8.0,5,-4.0
estimated,56518,2000053559,17,9.2,10,-7.8
estimated,56519,2000053560,12,10.2,6,-1.8
estimated,56522,2000053564,24,15.8,173,-8.2
estimated,56526,2000053568,12,5.6,5,-6.4
estimated,56528,2000053570,12,5.6,4,-6.4
estimated,56530,2000053572,24,13.7,193,-10.3
estimated,56532,2000053575,17,6.0,11,-11.0
estimated,56533,2000053577,12,7.6,4,-4.4
estimated,56535,2000053579,17,7.8,16,-9.2
estimated,56537,2000053581,12,8.2,8,-3.8
estimated,56539,2000053583,17,6.1,12,-10.9
estimated,56541,2000053585,12,10.6,4,-1.4
estimated,56543,2000053587,12,9.1,5,-2.9
estimated,56548,2000053592,12,15.4,5,3.4
estimated,56551,2000053595,17,7.8,20,-9.2
estimated,56553,2000053597,17,7.1,34,-9.9
estimated,56554,2000053598,17,7.7,23,-9.3
estimated,56555,2000053599,7.5,7.1,4,-0.4
estimated,56556,2000053600,17,6.5,9,-10.5
estimated,56557,2000053601,12,9.8,5,-2.2
estimated,56558,2000053602,12,9.7,4,-2.3
estimated,56560,2000053606,17,12.3,17,-4.7
estimated,56561,2000053607,12,10.5,6,-1.5
estimated,56563,2000053610,17,10.2,11,-6.8
estimated,56565,2000053615,17,7.8,8,-9.2
estimated,56567,2000053617,12,10.1,5,-1.9
estimated,56569,2000053619,12,11.4,4,-0.6
estimated,56570,2000053620,12,11.7,5,-0.3
estimated,56576,2000053627,12,8.0,4,-4.0
estimated,56578,2000053629,12,16.8,4,4.8
estimated,56579,2000053631,12,11.0,6,-1.0
estimated,56580,2000053632,7.5,11.3,4,3.8
estimated,56581,2000053633,12,10.1,4,-1.9
estimated,56583,2000053636,12,15.4,5,3.4
estimated,56587,2000053641,12,12.9,6,0.9
estimated,56592,2000053647,12,8.7,7,-3.3
estimated,56599,2000053655,12,10.1,10,-1.9
estimated,56602,2000053658,12,10.3,9,-1.7
estimated,56603,2000053659,7.5,11.6,4,4.1
estimated,56610,2000053668,17,12.7,11,-4.3
estimated,56615,2000053673,17,11.0,11,-6.0
estimated,56623,2000053683,12,10.4,6,-1.6
estimated,56625,2000053686,17,12.4,10,-4.6
estimated,56627,2000053688,17,13.0,15,-4.0
estimated,56631,2000053694,17,9.8,12,-7.2
estimated,56633,2000053696,12,11.9,4,-0.1
estimated,56636,2000053700,12,8.2,6,-3.8
estimated,56637,2000053702,12,11.7,5,-0.3
estimated,56644,2000053710,7.5,13.6,5,6.1
estimated,56648,2000053714,17,11.5,31,-5.5
estimated,56653,2000053719,17,9.2,12,-7.8
estimated,56654,2000053720,12,9.1,4,-2.9
estimated,56656,2000053722,12,8.3,9,-3.7
estimated,56662,2000053732,12,9.3,10,-2.7
estimated,56663,2000053733,12,8.3,9,-3.7
estimated,56665,2000053735,17,18.0,35,1.0
estimated,56668,2000053738,7.5,10.2,4,2.7
estimated,56670,2000053740,17,7.3,20,-9.7
estimated,56671,2000053741,17,8.4,10,-8.6
estimated,56675,2000053745,12,5.4,9,-6.6
estimated,56685,2000053760,17,7.7,15,-9.3
estimated,56686,2000053761,12,7.8,11,-4.2
estimated,56687,2000053762,17,8.2,19,-8.8
estimated,56688,2000053763,17,11.4,12,-5.6
estimated,56689,2000053764,12,9.9,4,-2.1
estimated,56690,2000053765,12,10.7,4,-1.3
estimated,56693,2000053770,12,9.1,10,-2.9
estimated,56694,2000053771,12,9.1,7,-2.9
estimated,56695,2000053772,12,9.1,10,-2.9
estimated,56697,2000053775,12,7.6,5,-4.4
estimated,56698,2000053776,12,8.0,4,-4.0
estimated,56699,2000053777,17,6.9,16,-10.1
estimated,56701,2000053779,17,7.4,17,-9.6
estimated,56703,2000053782,12,8.7,7,-3.3
estimated,56706,2000053786,17,9.9,20,-7.1
estimated,56709,2000053790,12,11.4,6,-0.6
estimated,56710,2000053791,17,12.4,42,-4.6
estimated,56711,2000053792,12,13.1,8,1.1
estimated,56712,2000053793,12,12.3,4,0.3
estimated,56714,2000053795,17,15.9,10,-1.1
estimated,56718,2000053800,12,9.8,8,-2.2
estimated,56719,2000053801,12,10.1,5,-1.9
estimated,56724,2000053806,7.5,10.7,4,3.2
estimated,56731,2000053815,7.5,11.4,4,3.9
estimated,56733,2000053818,12,8.8,4,-3.2
estimated,56734,2000053820,17,6.5,23,-10.5
estimated,56735,2000053821,17,6.0,11,-11.0
estimated,56736,2000053822,12,6.9,10,-5.1
estimated,56739,2000053825,7.5,5.6,4,-1.9
estimated,56740,2000053826,17,6.9,12,-10.1
estimated,56743,2000053829,7.5,6.0,4,-1.5
estimated,56744,2000053830,12,5.9,9,-6.1
estimated,56749,2000053836,12,5.6,4,-6.4
estimated,56750,2000053837,12,7.0,10,-5.0
estimated,56755,2000053843,17,5.9,14,-11.1
estimated,56756,2000053844,12,6.5,7,-5.5
estimated,56759,2000053847,17,12.6,9,-4.4
estimated,56762,2000053850,12,7.1,4,-4.9
estimated,56763,2000053851,12,7.7,6,-4.3
estimated,56765,2000053853,17,8.0,12,-9.0
estimated,56766,2000053854,12,4.8,4,-7.2
estimated,56767,2000053855,17,5.1,8,-11.9
estimated,56768,2000053856,12,6.2,5,-5.8
estimated,56769,2000053857,12,6.2,9,-5.8
estimated,56770,2000053858,12,7.3,5,-4.7
estimated,56773,2000053861,12,6.0,5,-6.0
estimated,56774,2000053862,17,5.0,9,-12.0
estimated,56775,2000053863,12,5.2,4,-6.8
estimated,56777,2000053867,12,8.6,7,-3.4
estimated,56778,2000053868,17,10.2,12,-6.8
estimated,56779,2000053869,12,8.6,5,-3.4
estimated,56780,2000053870,12,5.3,7,-6.7
estimated,56782,2000053872,12,7.8,4,-4.2
estimated,56784,2000053874,12,7.4,7,-4.6
estimated,56787,2000053877,12,7.0,8,-5.0
estimated,56789,2000053883,12,7.6,4,-4.4
estimated,56796,2000053895,12,10.1,7,-1.9
estimated,56797,2000053896,12,10.6,9,-1.4
estimated,56800,2000053899,12,9.1,7,-2.9
estimated,56801,2000053900,12,9.9,6,-2.1
estimated,56802,2000053901,17,10.0,33,-7.0
estimated,56803,2000053902,12,7.6,9,-4.4
estimated,56804,2000053903,12,9.7,9,-2.3
estimated,56820,2000053919,12,5.6,7,-6.4
estimated,56824,2000053923,17,11.7,21,-5.3
estimated,56826,2000053925,17,6.1,9,-10.9
estimated,56832,2000053931,17,7.5,18,-9.5
estimated,56833,2000053932,12,5.3,4,-6.7
estimated,56837,2000053936,12,4.9,5,-7.1
estimated,56838,2000053937,12,5.1,7,-6.9
estimated,56843,2000053942,12,5.9,5,-6.1
estimated,56845,2000053944,12,5.6,7,-6.4
estimated,56846,2000053945,12,7.0,5,-5.0
estimated,56847,2000053946,17,11.0,17,-6.0
estimated,56849,2000053948,12,8.1,8,-3.9
estimated,56851,2000053950,17,11.9,13,-5.1
estimated,56852,2000053951,12,6.4,6,-5.6
estimated,56854,2000053953,17,8.7,12,-8.3
estimated,56856,2000053955,17,7.1,12,-9.9
estimated,56857,2000053956,17,12.3,25,-4.7
estimated,56859,2000053958,12,12.6,6,0.6
estimated,56860,2000053959,17,8.9,25,-8.1
estimated,56861,2000053960,12,9.2,7,-2.8
estimated,56862,2000053961,12,9.5,7,-2.5
estimated,56863,2000053962,17,9.4,23,-7.6
estimated,56864,2000053963,17,7.2,27,-9.8
estimated,56867,2000053966,17,8.4,15,-8.6
estimated,56869,2000053968,17,9.8,19,-7.2
estimated,56870,2000053969,12,11.7,5,-0.3
estimated,56871,2000053970,12,10.2,8,-1.8
estimated,56872,2000053971,17,18.1,17,1.1
estimated,56873,2000053974,24,11.3,38,-12.7
estimated,56874,2000053975,12,7.1,5,-4.9
estimated,56878,2000053982,12,9.5,9,-2.5
estimated,56880,2000053985,7.5,9.6,4,2.1
estimated,56882,2000053987,17,7.4,18,-9.6
estimated,56885,2000053990,17,8.0,12,-9.0
estimated,56887,2000053992,12,12.0,11,0.0
estimated,56888,2000053993,12,13.9,10,1.9
estimated,56889,2000053994,12,10.7,7,-1.3
estimated,56890,2000053995,17,13.7,21,-3.3
estimated,56895,2000054000,12,15.0,9,3.0
estimated,56896,2000054001,12,11.4,8,-0.6
estimated,56898,2000054003,17,10.2,16,-6.8
estimated,56899,2000054004,12,6.9,4,-5.1
estimated,56900,2000054005,12,9.3,5,-2.7
estimated,56902,2000054007,17,10.8,24,-6.2
estimated,56904,2000054009,17,8.5,14,-8.5
estimated,56905,2000054010,12,10.1,11,-1.9
estimated,56909,2000054014,12,9.2,5,-2.8
estimated,56911,2000054016,12,23.8,5,11.8
estimated,56912,2000054017,12,5.3,6,-6.7
estimated,56919,2000054024,12,24.7,6,12.7
estimated,56920,2000054025,12,12.2,6,0.2
estimated,56924,2000054029,12,7.9,8,-4.1
estimated,56925,2000054030,12,7.6,7,-4.4
estimated,56926,2000054031,17,7.5,12,-9.5
estimated,56930,2000054035,12,11.1,4,-0.9
estimated,56932,2000054037,17,8.0,14,-9.0
estimated,56933,2000054038,17,9.9,16,-7.1
estimated,56934,2000054039,17,7.8,17,-9.2
estimated,56936,2000054041,17,7.7,9,-9.3
estimated,56937,2000054042,7.5,6.4,4,-1.1
estimated,56939,2000054044,12,8.0,6,-4.0
estimated,56940,2000054045,12,8.7,4,-3.3
estimated,56941,2000054046,12,8.6,6,-3.4
estimated,56946,2000054052,17,9.5,12,-7.5
estimated,56947,2000054053,12,9.5,9,-2.5
estimated,56949,2000054055,12,6.9,4,-5.1
estimated,56954,2000054062,12,11.3,8,-0.7
estimated,56955,2000054063,12,7.8,8,-4.2
estimated,56956,2000054064,7.5,6.9,4,-0.6
estimated,56959,2000054069,17,4.8,10,-12.2
estimated,56960,2000054070,12,6.2,6,-5.8
estimated,56961,2000054071,12,10.5,10,-1.5
estimated,56962,2000054072,17,11.3,15,-5.7
estimated,56963,2000054073,7.5,18.1,4,10.6
estimated,56964,2000054074,12,8.5,9,-3.5
estimated,56966,2000054076,12,6.9,7,-5.1
estimated,56967,2000054077,17,6.3,10,-10.7
estimated,56969,2000054079,24,9.2,37,-14.8
estimated,56973,2000054093,12,11.2,6,-0.8
estimated,56974,2000054094,12,10.3,6,-1.7
estimated,56982,2000054102,12,7.3,4,-4.7
estimated,56984,2000054104,12,8.3,6,-3.7
estimated,56989,2000054109,17,9.7,28,-7.3
estimated,56991,2000054111,12,11.6,4,-0.4
estimated,56994,2000054115,12,11.1,4,-0.9
estimated,56996,2000054117,17,10.6,28,-6.4
estimated,56998,2000054121,17,8.8,16,-8.2
estimated,56999,2000054122,17,10.2,18,-6.8
estimated,57000,2000054123,12,7.7,7,-4.3
estimated,57001,2000054124,12,7.0,8,-5.0
estimated,57003,2000054127,17,7.8,22,-9.2
estimated,57005,2000054129,12,10.5,6,-1.5
estimated,57007,2000054131,24,6.5,56,-17.5
estimated,57008,2000054132,12,5.6,4,-6.4
estimated,57009,2000054133,12,6.5,5,-5.5
estimated,57010,2000054134,12,6.4,6,-5.6
estimated,57011,2000054135,12,9.4,10,-2.6
estimated,57012,2000054136,17,9.8,14,-7.2
estimated,57013,2000054137,17,6.2,36,-10.8
estimated,57018,2000054142,12,11.1,5,-0.9
estimated,57019,2000054143,12,8.6,7,-3.4
estimated,57021,2000054145,12,8.8,12,-3.2
estimated,57022,2000054146,12,8.7,6,-3.3
estimated,57024,2000054148,12,8.9,4,-3.1
estimated,57025,2000054149,12,7.2,6,-4.8
estimated,57027,2000054151,12,8.4,4,-3.6
estimated,57031,2000054155,12,9.4,11,-2.6
estimated,57032,2000054156,17,9.1,16,-7.9
estimated,57035,2000054159,12,9.9,6,-2.1
estimated,57037,2000054161,12,9.3,6,-2.7
estimated,57040,2000054164,7.5,8.9,4,1.4
estimated,57044,2000054168,17,8.7,15,-8.3
estimated,57045,2000054169,17,8.1,11,-8.9
estimated,57048,2000054172,12,7.6,5,-4.4
estimated,57049,2000054173,17,7.8,11,-9.2
estimated,57050,2000054174,17,7.9,17,-9.1
estimated,57054,2000054178,12,6.2,5,-5.8
estimated,57055,2000054179,12,11.2,6,-0.8
estimated,57057,2000054181,12,7.2,7,-4.8
estimated,57068,2000054199,17,13.9,11,-3.1
estimated,57072,2000054207,17,9.5,19,-7.5
estimated,57075,2000054210,17,10.8,12,-6.2
estimated,57086,2000054222,12,9.6,5,-2.4
estimated,57089,2000054229,24,7.9,28,-16.1
estimated,57090,2000054230,12,12.1,8,0.1
estimated,57091,2000054231,17,21.4,21,4.4
estimated,57094,2000054234,12,22.7,8,10.7
estimated,57099,2000054240,12,13.2,9,1.2
estimated,57100,2000054241,17,12.1,33,-4.9
estimated,57103,2000054244,12,9.1,6,-2.9
estimated,57106,2000054247,12,10.6,6,-1.4
estimated,57107,2000054248,12,7.3,8,-4.7
estimated,57109,2000054250,7.5,6.5,4,-1.0
estimated,57110,2000054251,12,6.6,4,-5.4
estimated,57111,2000054252,12,7.9,4,-4.1
estimated,57117,2000054258,17,9.3,15,-7.7
estimated,57119,2000054260,7.5,6.5,4,-1.0
estimated,57120,2000054261,7.5,6.2,4,-1.3
estimated,57124,2000054265,12,7.1,6,-4.9
estimated,57126,2000054268,12,5.3,6,-6.7
estimated,57131,2000054273,17,11.9,32,-5.1
estimated,57132,2000054274,17,13.1,18,-3.9
estimated,57136,2000054278,17,10.8,23,-6.2
estimated,57137,2000054280,12,9.4,4,-2.6
estimated,57139,2000054282,7.5,8.7,4,1.2
estimated,57145,2000054288,7.5,8.5,4,1.0
estimated,57147,2000054290,7.5,6.3,4,-1.2
estimated,57151,2000054294,12,9.3,8,-2.7
estimated,57155,2000054298,17,9.4,13,-7.6
estimated,57157,2000054300,12,8.8,4,-3.2
estimated,57162,2000054306,17,8.0,13,-9.0
estimated,57168,2000054312,17,9.2,9,-7.8
estimated,57170,2000054314,17,19.6,20,2.6
estimated,57171,2000054315,12,10.8,9,-1.2
estimated,57172,2000054316,17,7.7,15,-9.3
estimated,57175,2000054319,12,13.2,8,1.2
estimated,57176,2000054320,12,21.6,5,9.6
estimated,57181,2000054327,12,21.9,4,9.9
estimated,57193,2000054342,12,8.2,4,-3.8
estimated,57211,2000054402,12,9.8,8,-2.2
estimated,57212,2000054404,12,7.1,4,-4.9
estimated,57213,2000054405,12,6.8,5,-5.2
estimated,57215,2000054407,12,9.6,4,-2.4
estimated,57223,2000054427,12,7.1,10,-4.9
estimated,57224,2000054428,12,7.8,6,-4.2
estimated,57227,2000054431,12,5.2,6,-6.8
estimated,57230,2000054434,12,4.8,5,-7.2
estimated,57232,2000054457,12,4.9,4,-7.1
estimated,57233,2000054458,17,5.6,27,-11.4
estimated,57238,2000054467,12,9.0,4,-3.0
estimated,57244,2000054480,17,6.6,6,-10.4
estimated,57246,2000054482,17,8.4,13,-8.6
estimated,57247,2000054483,12,6.2,4,-5.8
estimated,57254,2000054490,12,5.3,7,-6.7
estimated,57258,2000054494,12,5.1,6,-6.9
estimated,57259,2000054495,12,7.1,9,-4.9
estimated,57262,2000054498,12,4.9,6,-7.1
estimated,57264,2000054500,12,6.8,5,-5.2
estimated,57265,2000054501,12,6.2,5,-5.8
estimated,57267,2000054503,12,8.8,4,-3.2
estimated,57270,2000054506,12,8.5,6,-3.5
estimated,57271,2000054507,17,6.2,9,-10.8
estimated,57272,2000054508,17,11.7,27,-5.3
estimated,57274,2000054510,17,7.6,15,-9.4
estimated,57278,2000054514,12,9.3,8,-2.7
estimated,57281,2000054518,12,26.9,7,14.9
estimated,57284,2000054521,12,9.8,8,-2.2
estimated,57285,2000054522,12,8.9,5,-3.1
estimated,57286,2000054523,12,9.9,6,-2.1
estimated,57290,2000054527,7.5,7.0,4,-0.5
estimated,57294,2000054531,17,7.3,12,-9.7
estimated,57296,2000054533,12,7.2,9,-4.8
estimated,57297,2000054534,12,7.2,5,-4.8
estimated,57298,2000054535,17,7.1,11,-9.9
estimated,57302,2000054541,12,10.1,4,-1.9
estimated,57310,2000054572,17,8.5,15,-8.5
estimated,57311,2000054573,17,8.5,20,-8.5
estimated,57314,2000054576,17,9.0,21,-8.0
estimated,57315,2000054577,17,8.6,15,-8.4
estimated,57318,2000054580,17,11.7,16,-5.3
estimated,57319,2000054581,12,9.7,4,-2.3
estimated,57320,2000054582,24,9.2,61,-14.8
estimated,57321,2000054583,24,8.0,46,-16.0
estimated,57322,2000054584,12,8.9,5,-3.1
estimated,57324,2000054586,12,5.9,6,-6.1
estimated,57325,2000054587,17,6.3,24,-10.7
estimated,57327,2000054589,17,6.5,12,-10.5
estimated,57333,2000054595,12,8.8,4,-3.2
estimated,57336,2000054600,12,6.8,5,-5.2
estimated,57337,2000054601,17,6.2,16,-10.8
estimated,57340,2000054604,17,6.4,10,-10.6
estimated,57341,2000054605,12,7.6,4,-4.4
estimated,57346,2000054610,12,8.3,5,-3.7
estimated,57350,2000054614,12,8.9,6,-3.1
estimated,57360,2000054637,12,10.2,4,-1.8
estimated,57380,2000054875,12,7.5,8,-4.5
estimated,57381,2000054876,12,6.6,6,-5.4
estimated,57388,2000054892,12,8.5,12,-3.5
estimated,57390,2000054894,12,6.4,4,-5.6
estimated,57394,2000054898,12,25.0,7,13.0
estimated,57395,2000054899,12,6.7,10,-5.3
estimated,57396,2000054900,17,7.6,19,-9.4
estimated,57401,2000054905,12,8.2,4,-3.8
estimated,57406,2000054910,12,9.8,7,-2.2
estimated,57424,2000054942,12,4.7,9,-7.3
estimated,57428,2000054947,7.5,5.9,4,-1.6
estimated,57438,2000054968,12,4.6,4,-7.4
estimated,57443,2000054980,17,17.2,18,0.2
estimated,57445,2000054982,17,21.3,19,4.3
estimated,57457,2000055000,24,29.5,41,5.5
estimated,57460,2000055003,17,18.3,17,1.3
estimated,57461,2000055004,17,16.1,15,-0.9
estimated,57479,2000055111,17,15.5,15,-1.5
estimated,57488,2000055122,24,15.7,46,-8.3
estimated,57489,2000055123,17,6.9,27,-10.1
estimated,57491,2000055125,17,8.2,12,-8.8
estimated,57520,2000055218,12,7.4,5,-4.6
estimated,57530,2000055230,24,14.9,44,-9.1
estimated,57531,2000055231,12,21.2,5,9.2
estimated,57532,2000055232,12,14.6,6,2.6
estimated,57535,2000055235,7.5,16.7,4,9.2
estimated,57538,2000055238,17,13.4,12,-3.6
estimated,57541,2000055244,12,5.2,4,-6.8
estimated,57547,2000055252,12,20.4,12,8.4
estimated,57548,2000055253,17,7.1,14,-9.9
estimated,57549,2000055254,12,7.7,6,-4.3
estimated,57551,2000055256,17,6.1,14,-10.9
estimated,57552,2000055257,24,15.4,71,-8.6
estimated,57554,2000055259,12,10.8,4,-1.2
estimated,57555,2000055260,17,8.4,26,-8.6
estimated,57561,2000055266,12,9.2,5,-2.8
estimated,57564,2000055269,12,5.4,7,-6.6
estimated,57565,2000055270,12,5.4,6,-6.6
estimated,57566,2000055271,12,8.1,8,-3.9
estimated,57568,2000055273,17,10.2,9,-6.8
estimated,57571,2000055276,7.5,7.0,4,-0.5
estimated,57572,2000055277,17,13.8,17,-3.2
estimated,57573,2000055278,12,16.4,5,4.4
estimated,57577,2000055285,12,12.1,4,0.1
estimated,57579,2000055288,12,9.7,8,-2.3
estimated,57580,2000055289,12,7.5,5,-4.5
estimated,57584,2000055293,17,19.1,29,2.1
estimated,57586,2000055295,17,7.0,16,-10.0
estimated,57600,2000055311,17,4.9,28,-12.1
estimated,57604,2000055316,12,4.9,9,-7.1
estimated,57605,2000055317,12,5.5,6,-6.5
estimated,57614,2000055326,12,17.2,4,5.2
estimated,57615,2000055327,12,16.7,4,4.7
estimated,57616,2000055328,12,7.3,4,-4.7
estimated,57617,2000055329,17,8.5,18,-8.5
estimated,57621,2000055333,24,9.7,39,-14.3
estimated,57622,2000055334,12,14.5,5,2.5
estimated,57626,2000055338,12,5.9,6,-6.1
estimated,57627,2000055339,12,5.6,4,-6.4
estimated,57631,2000055343,17,6.7,8,-10.3
estimated,57632,2000055344,17,5.7,18,-11.3
estimated,57633,2000055345,12,5.1,4,-6.9
estimated,57637,2000055349,17,6.6,5,-10.4
estimated,57639,2000055351,17,5.3,11,-11.7
estimated,57641,2000055353,12,5.9,9,-6.1
estimated,57645,2000055357,17,8.9,14,-8.1
estimated,57648,2000055360,12,10.3,8,-1.7
estimated,57649,2000055361,7.5,6.7,4,-0.8
estimated,57654,2000055366,12,5.9,9,-6.1
estimated,57658,2000055370,12,8.4,5,-3.6
estimated,57659,2000055371,17,8.2,18,-8.8
estimated,57662,2000055374,12,6.6,7,-5.4
estimated,57663,2000055375,12,6.6,4,-5.4
estimated,57665,2000055377,12,6.0,4,-6.0
estimated,57666,2000055378,17,6.4,22,-10.6
estimated,57668,2000055380,7.5,5.0,4,-2.5
estimated,57671,2000055383,12,6.2,4,-5.8
estimated,57672,2000055384,12,5.2,5,-6.8
estimated,57673,2000055385,17,6.6,15,-10.4
estimated,57676,2000055388,17,7.6,10,-9.4
estimated,57677,2000055389,17,9.3,9,-7.7
estimated,57679,2000055391,12,9.7,6,-2.3
estimated,57680,2000055392,12,11.5,4,-0.5
estimated,57682,2000055394,24,13.2,67,-10.8
estimated,57687,2000055399,17,10.3,13,-6.7
estimated,57688,2000055400,24,13.9,41,-10.1
estimated,57689,2000055401,12,8.6,7,-3.4
estimated,57692,2000055404,12,7.3,4,-4.7
estimated,57693,2000055405,17,6.4,8,-10.6
estimated,57694,2000055406,12,7.3,4,-4.7
estimated,57696,2000055408,7.5,7.3,4,-0.2
estimated,57697,2000055409,12,8.9,6,-3.1
estimated,57699,2000055411,17,8.5,13,-8.5
estimated,57700,2000055412,12,8.1,6,-3.9
estimated,57701,2000055414,17,8.7,12,-8.3
estimated,57703,2000055417,12,5.6,8,-6.4
estimated,57704,2000055418,12,7.1,10,-4.9
estimated,57705,2000055420,17,7.3,14,-9.7
estimated,57706,2000055421,17,14.6,26,-2.4
estimated,57710,2000055425,12,15.6,6,3.6
estimated,57713,2000055428,17,8.2,13,-8.8
estimated,57714,2000055429,12,8.8,6,-3.2
estimated,57717,2000055432,17,7.6,24,-9.4
estimated,57719,2000055434,17,9.3,18,-7.7
estimated,57720,2000055435,17,9.6,30,-7.4
estimated,57723,2000055438,17,7.5,19,-9.5
estimated,57725,2000055440,17,8.2,17,-8.8
estimated,57727,2000055442,12,18.0,6,6.0
estimated,57728,2000055443,17,11.0,9,-6.0
estimated,57729,2000055444,12,11.1,9,-0.9
estimated,57730,2000055445,12,7.6,4,-4.4
estimated,57731,2000055446,24,7.7,76,-16.3
estimated,57734,2000055449,17,6.2,15,-10.8
estimated,57735,2000055450,12,6.5,4,-5.5
estimated,57736,2000055451,17,7.3,15,-9.7
estimated,57737,2000055452,12,6.9,8,-5.1
estimated,57738,2000055453,12,7.5,7,-4.5
estimated,57741,2000055456,12,5.9,9,-6.1
estimated,57742,2000055457,12,5.0,8,-7.0
estimated,57744,2000055459,24,5.0,139,-19.0
estimated,57746,2000055461,17,7.7,14,-9.3
estimated,57748,2000055463,12,7.1,6,-4.9
estimated,57749,2000055464,7.5,7.0,4,-0.5
estimated,57751,2000055466,17,7.6,35,-9.4
estimated,57754,2000055469,12,12.5,4,0.5
estimated,57757,2000055472,12,7.5,6,-4.5
estimated,57760,2000055475,17,6.0,33,-11.0
estimated,57761,2000055476,12,6.5,6,-5.5
estimated,57765,2000055480,17,4.8,11,-12.2
estimated,57766,2000055481,12,5.2,6,-6.8
estimated,57767,2000055482,12,5.3,5,-6.7
estimated,57768,2000055483,17,4.8,15,-12.2
estimated,57769,2000055484,12,5.9,5,-6.1
estimated,57770,2000055485,17,5.0,12,-12.0
estimated,57771,2000055486,12,5.9,10,-6.1
estimated,57772,2000055487,17,5.8,23,-11.2
estimated,57773,2000055488,12,5.9,9,-6.1
estimated,57776,2000055491,12,5.2,4,-6.8
estimated,57781,2000055496,17,7.0,11,-10.0
estimated,57783,2000055498,17,5.6,13,-11.4
estimated,57790,2000055505,12,6.8,5,-5.2
estimated,57792,2000055507,12,4.4,5,-7.6
estimated,57793,2000055508,12,4.8,7,-7.2
estimated,57794,2000055509,12,5.8,5,-6.2
estimated,57797,2000055512,17,5.0,15,-12.0
estimated,57798,2000055513,17,5.3,14,-11.7
estimated,57800,2000055515,17,6.9,15,-10.1
estimated,57802,2000055517,12,4.6,7,-7.4
estimated,57803,2000055518,24,11.4,41,-12.6
estimated,57809,2000055524,17,5.8,15,-11.2
estimated,57810,2000055525,12,5.4,5,-6.6
estimated,57813,2000055528,12,5.3,7,-6.7
estimated,57815,2000055530,17,5.5,11,-11.5
estimated,57817,2000055532,17,6.9,17,-10.1
estimated,57821,2000055536,12,5.4,5,-6.6
estimated,57822,2000055537,12,6.1,11,-5.9
estimated,57823,2000055538,12,5.5,4,-6.5
estimated,57824,2000055539,12,5.5,7,-6.5
estimated,57828,2000055543,12,6.2,9,-5.8
estimated,57834,2000055549,12,6.3,4,-5.7
estimated,57835,2000055550,17,7.2,21,-9.8
estimated,57837,2000055552,12,4.6,7,-7.4
estimated,57838,2000055553,17,8.4,12,-8.6
estimated,57842,2000055557,24,6.6,43,-17.4
estimated,57843,2000055558,12,6.5,6,-5.5
estimated,57844,2000055559,17,6.5,13,-10.5
estimated,57845,2000055560,17,5.9,24,-11.1
estimated,57846,2000055561,12,7.1,6,-4.9
estimated,57847,2000055562,12,6.9,4,-5.1
estimated,57848,2000055563,12,7.0,4,-5.0
estimated,57849,2000055564,12,6.6,5,-5.4
estimated,57850,2000055565,12,7.2,4,-4.8
estimated,57852,2000055567,12,6.1,7,-5.9
estimated,57854,2000055569,17,7.1,9,-9.9
estimated,57863,2000055578,17,24.2,16,7.2
estimated,57864,2000055579,12,3.7,4,-8.3
estimated,57865,2000055580,12,4.3,6,-7.7
estimated,57866,2000055581,17,21.1,18,4.1
estimated,57868,2000055584,17,23.9,18,6.9
estimated,57869,2000055588,17,13.4,12,-3.6
estimated,57885,2000055613,12,5.5,11,-6.5
estimated,57893,2000055624,12,5.7,6,-6.3
estimated,57911,2000055647,12,7.4,5,-4.6
estimated,57913,2000055649,12,9.8,6,-2.2
estimated,57930,2000055667,17,6.4,8,-10.6
estimated,57931,2000055668,12,8.9,5,-3.1
estimated,57937,2000055674,12,6.6,6,-5.4
estimated,57938,2000055675,12,6.0,4,-6.0
estimated,57939,2000055676,12,6.1,5,-5.9
estimated,57941,2000055678,12,6.8,10,-5.2
estimated,57943,2000055680,17,5.4,17,-11.6
estimated,57945,2000055682,17,6.9,14,-10.1
estimated,57967,2000055708,17,8.9,23,-8.1
estimated,57969,2000055710,17,12.3,22,-4.7
estimated,57970,2000055712,17,6.6,10,-10.4
estimated,57983,2000055725,17,6.0,37,-11.0
estimated,57984,2000055726,12,4.8,9,-7.2
estimated,57986,2000055728,12,5.2,8,-6.8
estimated,57988,2000055730,12,6.6,14,-5.4
estimated,57989,2000055731,7.5,6.7,4,-0.8
estimated,57990,2000055732,12,6.8,12,-5.2
estimated,57991,2000055733,12,6.5,11,-5.5
estimated,57992,2000055734,17,8.0,24,-9.0
estimated,57995,2000055737,17,5.9,10,-11.1
estimated,57996,2000055738,17,7.7,7,-9.3
estimated,57998,2000055740,24,6.1,48,-17.9
estimated,57999,2000055741,17,7.8,40,-9.2
estimated,58000,2000055742,12,5.9,6,-6.1
estimated,58003,2000055745,17,7.5,20,-9.5
estimated,58005,2000055747,17,6.2,12,-10.8
estimated,58006,2000055748,12,6.1,6,-5.9
estimated,58009,2000055751,12,6.6,4,-5.4
estimated,58010,2000055752,12,9.1,7,-2.9
estimated,58011,2000055753,12,10.3,5,-1.7
estimated,58013,2000055755,12,8.1,6,-3.9
estimated,58014,2000055756,12,11.8,8,-0.2
estimated,58015,2000055757,12,11.4,4,-0.6
estimated,58016,2000055758,12,8.8,5,-3.2
estimated,58017,2000055759,12,11.2,7,-0.8
estimated,58018,2000055760,12,10.2,7,-1.8
estimated,58019,2000055761,17,8.4,10,-8.6
estimated,58026,2000055769,12,5.7,5,-6.3
estimated,58028,2000055771,12,6.7,4,-5.3
estimated,58030,2000055773,12,8.4,4,-3.6
estimated,58031,2000055774,12,6.7,8,-5.3
estimated,58033,2000055776,12,9.0,6,-3.0
estimated,58035,2000055778,17,7.2,13,-9.8
estimated,58036,2000055779,17,6.2,24,-10.8
estimated,58037,2000055780,24,7.2,44,-16.8
estimated,58038,2000055781,12,11.8,5,-0.2
estimated,58039,2000055782,17,8.0,31,-9.0
estimated,58040,2000055783,17,7.0,20,-10.0
estimated,58041,2000055784,12,9.5,5,-2.5
estimated,58044,2000055788,12,5.8,10,-6.2
estimated,58045,2000055789,24,7.3,71,-16.7
estimated,58052,2000055796,12,10.9,8,-1.1
estimated,58055,2000055799,12,9.5,8,-2.5
estimated,58058,2000055803,24,7.6,61,-16.4
estimated,58067,2000055812,12,8.4,9,-3.6
estimated,58068,2000055813,12,7.1,6,-4.9
estimated,58072,2000055818,7.5,6.5,4,-1.0
estimated,58077,2000055825,12,8.4,4,-3.6
estimated,58079,2000055827,17,8.8,23,-8.2
estimated,58080,2000055828,7.5,6.0,4,-1.5
estimated,58081,2000055829,12,5.2,4,-6.8
estimated,58082,2000055830,12,8.5,8,-3.5
estimated,58083,2000055831,17,10.4,13,-6.6
estimated,58086,2000055834,17,6.1,30,-10.9
estimated,58087,2000055835,17,6.8,14,-10.2
estimated,58088,2000055836,17,7.9,21,-9.1
estimated,58090,2000055838,24,8.7,47,-15.3
estimated,58093,2000055841,12,6.1,8,-5.9
estimated,58095,2000055843,12,5.1,4,-6.9
estimated,58097,2000055845,17,16.5,9,-0.5
estimated,58102,2000055851,17,5.7,6,-11.3
estimated,58103,2000055852,12,5.5,7,-6.5
estimated,58104,2000055853,12,4.8,7,-7.2
estimated,58106,2000055855,12,5.5,8,-6.5
estimated,58107,2000055856,17,7.5,11,-9.5
estimated,58108,2000055857,12,9.5,8,-2.5
estimated,58109,2000055858,12,10.5,7,-1.5
estimated,58110,2000055859,12,16.2,9,4.2
estimated,58111,2000055860,12,8.2,4,-3.8
estimated,58114,2000055863,12,7.2,7,-4.8
estimated,58117,2000055866,12,7.4,4,-4.6
estimated,58118,2000055867,12,7.4,6,-4.6
estimated,58121,2000055870,12,7.8,6,-4.2
estimated,58122,2000055871,17,10.2,7,-6.8
estimated,58123,2000055872,17,10.9,29,-6.1
estimated,58125,2000055874,12,7.6,5,-4.4
estimated,58127,2000055876,17,8.5,17,-8.5
estimated,58128,2000055877,12,6.0,6,-6.0
estimated,58129,2000055878,17,8.5,13,-8.5
estimated,58130,2000055879,17,9.7,21,-7.3
estimated,58132,2000055881,17,12.0,36,-5.0
estimated,58133,2000055882,24,11.0,64,-13.0
estimated,58134,2000055883,7.5,14.7,4,7.2
estimated,58135,2000055884,12,10.6,4,-1.4
estimated,58136,2000055885,12,14.7,6,2.7
estimated,58137,2000055886,12,9.9,4,-2.1
estimated,58139,2000055888,17,9.2,34,-7.8
estimated,58140,2000055889,17,11.9,38,-5.1
estimated,58141,2000055890,17,10.6,31,-6.4
estimated,58142,2000055891,12,6.0,8,-6.0
estimated,58143,2000055892,12,7.4,5,-4.6
estimated,58145,2000055894,17,10.0,13,-7.0
estimated,58149,2000055898,17,8.4,14,-8.6
estimated,58156,2000055905,17,13.3,11,-3.7
estimated,58158,2000055907,12,10.8,10,-1.2
estimated,58161,2000055911,17,7.8,34,-9.2
estimated,58162,2000055912,17,7.1,24,-9.9
estimated,58168,2000055918,17,6.3,16,-10.7
estimated,58172,2000055922,17,5.4,7,-11.6
estimated,58173,2000055923,17,12.3,10,-4.7
estimated,58175,2000055925,17,8.2,9,-8.8
estimated,58176,2000055926,17,7.6,17,-9.4
estimated,58177,2000055927,17,6.4,8,-10.6
estimated,58178,2000055928,17,7.7,10,-9.3
estimated,58179,2000055929,12,4.6,4,-7.4
estimated,58180,2000055930,17,7.6,10,-9.4
estimated,58182,2000055932,12,4.3,6,-7.7
estimated,58187,2000055937,12,5.8,6,-6.2
estimated,58188,2000055938,17,8.6,11,-8.4
estimated,58190,2000055940,12,10.1,4,-1.9
estimated,58194,2000055944,12,8.7,4,-3.3
estimated,58198,2000055948,17,7.6,13,-9.4
estimated,58199,2000055949,17,12.0,15,-5.0
estimated,58203,2000055953,12,5.6,6,-6.4
estimated,58204,2000055954,12,6.8,5,-5.2
estimated,58207,2000055957,12,5.3,6,-6.7
estimated,58212,2000055962,12,5.9,4,-6.1
estimated,58213,2000055963,12,5.3,5,-6.7
estimated,58215,2000055965,12,5.9,4,-6.1
estimated,58216,2000055966,17,5.8,25,-11.2
estimated,58217,2000055967,12,5.3,9,-6.7
estimated,58219,2000055969,12,6.3,7,-5.7
estimated,58220,2000055970,17,6.2,12,-10.8
estimated,58221,2000055971,12,4.2,5,-7.8
estimated,58222,2000055972,12,5.3,9,-6.7
estimated,58223,2000055973,12,5.2,9,-6.8
estimated,58226,2000055976,12,4.9,7,-7.1
estimated,58232,2000055982,12,5.1,6,-6.9
estimated,58238,2000055992,12,6.5,8,-5.5
estimated,58239,2000055993,12,6.6,6,-5.4
estimated,58241,2000055995,12,7.8,7,-4.2
estimated,58242,2000055996,12,10.3,7,-1.7
estimated,58243,2000055997,12,8.3,7,-3.7
estimated,58244,2000055998,12,8.0,6,-4.0
estimated,58245,2000055999,12,8.7,4,-3.3
estimated,58246,2000056000,17,6.8,12,-10.2
estimated,58248,2000056002,17,9.7,11,-7.3
estimated,58251,2000056005,12,6.9,7,-5.1
estimated,58254,2000056008,17,6.4,13,-10.6
estimated,58255,2000056009,17,7.4,8,-9.6
estimated,58257,2000056011,12,4.9,4,-7.1
estimated,58259,2000056014,17,4.0,9,-13.0
estimated,58261,2000056016,17,4.6,14,-12.4
estimated,58266,2000056021,12,5.5,8,-6.5
estimated,58271,2000056026,12,9.2,4,-2.8
estimated,58272,2000056027,12,6.2,6,-5.8
estimated,58273,2000056030,12,8.1,4,-3.9
estimated,58274,2000056031,12,6.7,9,-5.3
estimated,58276,2000056033,12,9.5,7,-2.5
estimated,58277,2000056034,17,7.3,20,-9.7
estimated,58278,2000056035,17,6.4,8,-10.6
estimated,58281,2000056038,17,11.0,13,-6.0
estimated,58282,2000056039,12,10.1,5,-1.9
estimated,58283,2000056040,12,9.9,7,-2.1
estimated,58285,2000056042,17,19.0,15,2.0
estimated,58286,2000056043,17,13.7,11,-3.3
estimated,58287,2000056044,17,6.1,12,-10.9
estimated,58290,2000056047,12,6.2,8,-5.8
estimated,58291,2000056048,17,12.7,18,-4.3
estimated,58294,2000056054,17,5.7,15,-11.3
estimated,58297,2000056057,17,3.7,13,-13.3
estimated,58304,2000056064,12,9.4,6,-2.6
estimated,58305,2000056065,17,8.0,14,-9.0
estimated,58313,2000056074,12,10.1,7,-1.9
estimated,58319,2000056088,17,6.7,17,-10.3
estimated,58320,2000056089,17,4.7,16,-12.3
estimated,58331,2000056107,12,7.6,8,-4.4
estimated,58335,2000056111,17,9.3,21,-7.7
estimated,58338,2000056114,17,9.3,12,-7.7
estimated,58339,2000056115,17,7.3,7,-9.7
estimated,58349,2000056126,12,7.5,4,-4.5
estimated,58350,2000056127,12,6.1,8,-5.9
estimated,58351,2000056128,12,15.4,5,3.4
estimated,58352,2000056129,12,9.3,5,-2.7
estimated,58356,2000056133,17,11.6,13,-5.4
estimated,58358,2000056135,12,6.6,8,-5.4
estimated,58360,2000056138,12,5.7,9,-6.3
estimated,58361,2000056139,12,5.3,4,-6.7
estimated,58366,2000056144,17,4.7,8,-12.3
estimated,58368,2000056146,17,7.9,10,-9.1
estimated,58377,2000056156,24,7.2,27,-16.8
estimated,58378,2000056157,12,4.3,5,-7.7
estimated,58388,2000056167,17,8.1,34,-8.9
estimated,58396,2000056183,12,11.5,5,-0.5
estimated,58397,2000056184,12,11.3,4,-0.7
estimated,58400,2000056187,12,14.0,12,2.0
estimated,58406,2000056198,12,8.1,6,-3.9
estimated,58412,2000056206,12,7.0,6,-5.0
estimated,58413,2000056208,12,16.0,5,4.0
estimated,58414,2000056209,12,15.7,6,3.7
estimated,58417,2000056216,12,9.4,8,-2.6
estimated,58418,2000056218,17,8.7,13,-8.3
estimated,58419,2000056219,17,8.5,9,-8.5
estimated,58427,2000056231,12,11.8,5,-0.2
estimated,58430,2000056236,12,11.2,4,-0.8
estimated,58432,2000056242,12,8.9,5,-3.1
estimated,58437,2000056250,12,12.9,4,0.9
estimated,58438,2000056251,17,11.4,13,-5.6
estimated,58440,2000056256,12,9.1,8,-2.9
estimated,58442,2000056261,12,7.0,5,-5.0
estimated,58445,2000056270,12,11.2,4,-0.8
estimated,58451,2000056283,12,13.0,6,1.0
estimated,58453,2000056285,17,15.0,6,-2.0
estimated,58455,2000056287,12,15.7,4,3.7
estimated,58456,2000056288,12,17.0,5,5.0
estimated,58458,2000056292,12,10.3,6,-1.7
estimated,58462,2000056304,12,9.7,4,-2.3
estimated,58463,2000056305,17,10.6,29,-6.4
estimated,58467,2000056310,17,12.9,7,-4.1
estimated,58469,2000056323,12,7.8,6,-4.2
estimated,58476,2000056331,12,19.1,4,7.1
estimated,58477,2000056333,12,16.6,6,4.6
estimated,58481,2000056340,17,21.9,19,4.9
estimated,58482,2000056341,17,15.6,14,-1.4
estimated,58485,2000056345,17,14.9,24,-2.1
estimated,58514,2000056400,12,6.1,4,-5.9
estimated,58516,2000056402,12,6.1,8,-5.9
estimated,58520,2000056410,7.5,5.8,4,-1.7
estimated,58524,2000056414,12,8.8,8,-3.2
estimated,58527,2000056417,12,5.8,8,-6.2
estimated,58539,2000056432,17,8.3,12,-8.7
estimated,58554,2000056447,17,6.7,12,-10.3
estimated,58556,2000056449,17,5.9,19,-11.1
estimated,58560,2000056457,17,6.5,17,-10.5
estimated,58563,2000056464,12,7.2,5,-4.8
estimated,58564,2000056465,17,6.4,34,-10.6
estimated,58569,2000056471,12,7.3,5,-4.7
estimated,58570,2000056476,12,5.8,8,-6.2
estimated,58571,2000056479,12,5.8,4,-6.2
estimated,58572,2000056481,12,10.3,6,-1.7
estimated,58574,2000056483,17,7.6,16,-9.4
estimated,58575,2000056484,17,6.7,20,-10.3
estimated,58577,2000056486,17,9.4,11,-7.6
estimated,58582,2000056491,12,10.1,5,-1.9
estimated,58584,2000056495,17,9.2,14,-7.8
estimated,58585,2000056496,12,9.4,8,-2.6
estimated,58588,2000056500,12,12.7,4,0.7
estimated,58592,2000056507,12,7.1,6,-4.9
estimated,58593,2000056508,12,5.9,5,-6.1
estimated,58604,2000056523,12,4.3,6,-7.7
estimated,58606,2000056525,17,8.0,8,-9.0
estimated,58607,2000056527,17,5.4,12,-11.6
estimated,58609,2000056529,12,4.4,6,-7.6
estimated,58611,2000056531,17,6.2,17,-10.8
estimated,58614,2000056535,12,7.2,6,-4.8
estimated,58615,2000056537,12,4.9,10,-7.1
estimated,58618,2000056542,7.5,9.7,4,2.2
estimated,58624,2000056550,12,10.5,8,-1.5
estimated,58625,2000056551,17,6.7,18,-10.3
estimated,58628,2000056554,12,3.6,4,-8.4
estimated,58631,2000056557,12,6.2,5,-5.8
estimated,58633,2000056561,7.5,5.8,4,-1.7
estimated,58635,2000056564,12,7.3,11,-4.7
estimated,58638,2000056567,12,5.5,4,-6.5
estimated,58650,2000056591,17,11.7,11,-5.3
estimated,58657,2000056620,12,6.5,4,-5.5
estimated,58659,2000056624,12,6.0,4,-6.0
estimated,58661,2000056629,12,7.3,5,-4.7
estimated,58663,2000056633,12,11.0,8,-1.0
estimated,58665,2000056635,12,8.3,5,-3.7
estimated,58666,2000056636,12,5.4,9,-6.6
estimated,58684,2000056709,12,6.2,4,-5.8
estimated,58687,2000056719,12,12.9,5,0.9
estimated,58688,2000056720,12,9.1,4,-2.9
estimated,58689,2000056726,17,7.6,10,-9.4
estimated,58691,2000056731,12,9.6,9,-2.4
estimated,58695,2000056737,12,5.3,6,-6.7
estimated,58704,2000056750,12,10.3,5,-1.7
estimated,58707,2000056755,12,8.0,4,-4.0
estimated,58708,2000056756,12,14.2,6,2.2
estimated,58710,2000056758,12,7.8,7,-4.2
estimated,58715,2000056763,12,6.6,8,-5.4
estimated,58717,2000056769,17,13.4,12,-3.6
estimated,58718,2000056770,12,6.7,8,-5.3
estimated,58724,2000056778,12,24.3,9,12.3
estimated,58725,2000056779,12,30.5,5,18.5
estimated,58728,2000056784,7.5,8.3,4,0.8
estimated,58729,2000056785,17,6.8,18,-10.2
estimated,58730,2000056786,12,5.5,7,-6.5
estimated,58731,2000056787,12,6.5,5,-5.5
estimated,58732,2000056789,17,7.5,9,-9.5
estimated,58733,2000056790,17,6.3,25,-10.7
estimated,58735,2000056793,17,6.3,16,-10.7
estimated,58741,2000056810,7.5,6.9,4,-0.6
estimated,58742,2000056811,12,7.0,5,-5.0
estimated,58744,2000056814,12,4.7,6,-7.3
estimated,58748,2000056822,12,5.3,4,-6.7
estimated,58749,2000056824,12,6.2,6,-5.8
estimated,58750,2000056825,12,6.5,4,-5.5
estimated,58754,2000056832,17,7.3,12,-9.7
estimated,58757,2000056840,17,5.7,9,-11.3
estimated,58764,2000056851,12,5.4,4,-6.6
estimated,58766,2000056856,12,3.6,6,-8.4
estimated,58774,2000056864,12,7.6,4,-4.4
estimated,58777,2000056868,7.5,5.7,4,-1.8
estimated,58779,2000056870,12,6.5,4,-5.5
estimated,58781,2000056872,12,4.7,7,-7.3
estimated,58782,2000056874,12,6.4,5,-5.6
estimated,58784,2000056881,12,9.7,9,-2.3
estimated,58789,2000056889,17,15.0,21,-2.0
estimated,58810,2000056929,12,5.3,5,-6.7
estimated,58811,2000056930,17,6.0,14,-11.0
estimated,58813,2000056932,12,10.7,7,-1.3
estimated,58815,2000056935,7.5,9.6,4,2.1
estimated,58820,2000056948,12,9.9,7,-2.1
estimated,58828,2000056956,12,7.9,7,-4.1
estimated,58829,2000056957,12,7.1,4,-4.9
estimated,58845,2000057002,12,5.8,4,-6.2
estimated,58849,2000057008,12,5.9,5,-6.1
estimated,58855,2000057026,12,7.6,8,-4.4
estimated,58861,2000057038,17,14.2,9,-2.8
estimated,58864,2000057041,17,8.1,13,-8.9
estimated,58866,2000057048,12,7.9,7,-4.1
estimated,58868,2000057052,12,7.6,5,-4.4
estimated,58869,2000057053,12,6.5,10,-5.5
estimated,58870,2000057054,12,7.1,4,-4.9
estimated,58871,2000057055,17,8.5,20,-8.5
estimated,58874,2000057058,12,6.9,5,-5.1
estimated,58878,2000057062,17,5.7,19,-11.3
estimated,58880,2000057064,7.5,5.6,4,-1.9
estimated,58884,2000057068,12,6.9,12,-5.1
estimated,58885,2000057069,17,4.6,14,-12.4
estimated,58889,2000057073,17,5.0,26,-12.0
estimated,58890,2000057074,17,4.9,21,-12.1
estimated,58902,2000057088,12,6.4,9,-5.6
estimated,58903,2000057089,12,5.1,6,-6.9
estimated,58908,2000057096,12,5.1,4,-6.9
estimated,58909,2000057097,7.5,6.3,4,-1.2
estimated,58910,2000057098,12,5.1,10,-6.9
estimated,58913,2000057101,17,6.7,9,-10.3
estimated,58914,2000057102,12,7.2,5,-4.8
estimated,58915,2000057103,17,5.6,15,-11.4
estimated,58918,2000057106,17,5.7,8,-11.3
estimated,58923,2000057111,17,4.9,23,-12.1
estimated,58925,2000057113,17,4.4,7,-12.6
estimated,58927,2000057115,17,4.9,16,-12.1
estimated,58928,2000057116,12,6.5,8,-5.5
estimated,58930,2000057118,12,7.6,8,-4.4
estimated,58931,2000057119,17,5.0,12,-12.0
estimated,58933,2000057121,12,4.7,7,-7.3
estimated,58940,2000057128,12,4.4,4,-7.6
estimated,58942,2000057130,12,3.3,4,-8.7
estimated,58951,2000057139,17,24.7,16,7.7
estimated,58953,2000057141,12,13.6,7,1.6
estimated,58954,2000057142,12,15.5,5,3.5
estimated,58956,2000057144,17,11.6,9,-5.4
estimated,58957,2000057145,17,10.8,22,-6.2
estimated,58959,2000057147,12,10.4,7,-1.6
estimated,58960,2000057148,12,12.2,7,0.2
estimated,58962,2000057150,17,13.5,13,-3.5
estimated,58965,2000057153,12,12.8,4,0.8
estimated,58967,2000057155,17,26.0,28,9.0
estimated,58972,2000057160,17,9.1,16,-7.9
estimated,58976,2000057164,17,14.1,11,-2.9
estimated,58977,2000057165,7.5,11.8,4,4.3
estimated,58979,2000057167,17,13.2,10,-3.8
estimated,58981,2000057169,12,11.8,6,-0.2
estimated,58989,2000057180,12,6.6,7,-5.4
estimated,58991,2000057182,12,16.4,9,4.4
estimated,58992,2000057183,17,10.3,10,-6.7
estimated,58995,2000057189,12,8.3,5,-3.7
estimated,59001,2000057205,12,4.5,8,-7.5
estimated,59004,2000057213,24,8.8,51,-15.2
estimated,59010,2000057229,12,4.5,5,-7.5
estimated,59016,2000057240,17,13.9,10,-3.1
estimated,59017,2000057241,12,15.6,5,3.6
estimated,59021,2000057245,12,13.1,6,1.1
estimated,59022,2000057246,12,9.3,4,-2.7
estimated,59024,2000057248,17,17.9,10,0.9
estimated,59026,2000057250,17,17.9,10,0.9
estimated,59027,2000057251,17,12.5,15,-4.5
estimated,59031,2000057255,17,7.5,6,-9.5
estimated,59032,2000057256,17,14.4,16,-2.6
estimated,59038,2000057263,12,12.4,6,0.4
estimated,59042,2000057267,17,10.0,17,-7.0
estimated,59044,2000057269,17,10.8,9,-6.2
estimated,59046,2000057271,17,7.1,8,-9.9
estimated,59066,2000057293,17,12.2,9,-4.8
estimated,59070,2000057297,17,11.3,11,-5.7
estimated,59071,2000057298,12,9.4,9,-2.6
estimated,59073,2000057300,12,10.5,4,-1.5
estimated,59077,2000057304,12,8.7,6,-3.3
estimated,59078,2000057305,12,7.8,6,-4.2
estimated,59083,2000057314,17,12.2,12,-4.8
estimated,59084,2000057315,17,3.7,7,-13.3
estimated,59085,2000057316,12,6.0,6,-6.0
estimated,59086,2000057317,12,4.3,4,-7.7
estimated,59087,2000057318,12,5.6,4,-6.4
estimated,59110,2000057341,12,6.9,4,-5.1
estimated,59115,2000057346,12,9.5,10,-2.5
estimated,59121,2000057354,12,5.8,11,-6.2
estimated,59125,2000057359,12,7.7,6,-4.3
estimated,59126,2000057360,12,6.6,7,-5.4
estimated,59128,2000057362,12,12.2,9,0.2
estimated,59130,2000057364,17,17.0,20,-0.0
estimated,59136,2000057379,17,11.3,21,-5.7
estimated,59138,2000057392,12,10.4,4,-1.6
estimated,59159,2000057453,17,4.6,15,-12.4
estimated,59168,2000057479,17,9.2,8,-7.8
estimated,59175,2000057505,12,16.4,5,4.4
estimated,59177,2000057510,12,5.8,8,-6.2
estimated,59179,2000057514,12,8.3,6,-3.7
estimated,59183,2000057521,17,10.4,16,-6.6
estimated,59191,2000057536,12,5.3,4,-6.7
estimated,59198,2000057548,17,13.1,10,-3.9
estimated,59201,2000057551,17,9.7,9,-7.3
estimated,59217,2000057588,17,7.4,9,-9.6
estimated,59221,2000057592,17,4.5,12,-12.5
estimated,59223,2000057594,17,6.0,17,-11.0
estimated,59225,2000057596,17,6.9,15,-10.1
estimated,59232,2000057603,17,3.4,14,-13.6
estimated,59245,2000057616,12,5.7,4,-6.3
estimated,59247,2000057618,17,12.8,10,-4.2
estimated,59248,2000057619,17,10.8,27,-6.2
estimated,59249,2000057621,12,6.2,8,-5.8
estimated,59250,2000057622,12,6.0,10,-6.0
estimated,59251,2000057623,17,4.6,8,-12.4
estimated,59259,2000057635,17,10.7,9,-6.3
estimated,59262,2000057638,12,9.9,7,-2.1
estimated,59265,2000057641,17,10.6,31,-6.4
estimated,59268,2000057644,12,8.9,5,-3.1
estimated,59269,2000057645,17,9.2,15,-7.8
estimated,59279,2000057655,12,13.8,5,1.8
estimated,59280,2000057656,12,9.7,5,-2.3
estimated,59281,2000057657,17,8.0,24,-9.0
estimated,59283,2000057659,12,13.1,10,1.1
estimated,59285,2000057661,12,10.2,10,-1.8
estimated,59286,2000057662,17,3.8,9,-13.2
estimated,59289,2000057665,17,3.0,7,-14.0
estimated,59290,2000057666,12,14.4,6,2.4
estimated,59294,2000057670,17,16.8,12,-0.2
estimated,59296,2000057672,17,23.0,14,6.0
estimated,59312,2000057688,17,4.8,9,-12.2
estimated,59313,2000057689,12,5.8,4,-6.2
estimated,59317,2000057693,12,9.3,8,-2.7
estimated,59318,2000057694,12,10.8,8,-1.2
estimated,59319,2000057695,12,10.3,8,-1.7
estimated,59320,2000057696,12,9.7,7,-2.3
estimated,59321,2000057697,17,8.7,10,-8.3
estimated,59323,2000057699,17,11.9,17,-5.1
estimated,59325,2000057701,17,7.6,9,-9.4
estimated,59330,2000057706,12,6.0,4,-6.0
estimated,59331,2000057707,12,5.4,5,-6.6
estimated,59333,2000057709,12,8.4,4,-3.6
estimated,59336,2000057712,12,7.6,5,-4.4
estimated,59337,2000057713,12,8.8,5,-3.2
estimated,59338,2000057714,17,6.6,11,-10.4
estimated,59339,2000057715,17,8.0,10,-9.0
estimated,59343,2000057719,17,7.3,8,-9.7
estimated,59344,2000057720,17,7.0,11,-10.0
estimated,59347,2000057723,12,8.9,7,-3.1
estimated,59348,2000057724,17,5.5,13,-11.5
estimated,59349,2000057725,17,6.3,13,-10.7
estimated,59351,2000057727,17,7.6,11,-9.4
estimated,59353,2000057729,17,5.2,22,-11.8
estimated,59355,2000057731,17,4.2,12,-12.8
estimated,59356,2000057732,12,4.1,5,-7.9
estimated,59358,2000057734,17,7.9,15,-9.1
estimated,59359,2000057735,17,6.1,12,-10.9
estimated,59361,2000057737,12,4.7,7,-7.3
estimated,59365,2000057741,17,7.8,8,-9.2
estimated,59366,2000057742,17,7.1,9,-9.9
estimated,59367,2000057743,12,7.9,6,-4.1
estimated,59369,2000057745,17,11.9,12,-5.1
estimated,59377,2000057753,12,4.2,5,-7.8
estimated,59381,2000057757,24,4.0,44,-20.0
estimated,59384,2000057760,12,5.9,7,-6.1
estimated,59396,2000057773,17,3.8,13,-13.2
estimated,59401,2000057778,12,4.2,6,-7.8
estimated,59405,2000057782,12,6.1,4,-5.9
estimated,59406,2000057783,7.5,6.3,4,-1.2
estimated,59407,2000057784,12,5.2,4,-6.8
estimated,59408,2000057785,24,5.0,49,-19.0
estimated,59411,2000057788,17,5.0,14,-12.0
estimated,59412,2000057789,17,4.0,12,-13.0
estimated,59413,2000057790,12,3.2,5,-8.8
estimated,59415,2000057792,12,4.6,5,-7.4
estimated,59429,2000057817,12,5.9,8,-6.1
estimated,59430,2000057818,12,7.7,10,-4.3
estimated,59436,2000057824,12,4.1,6,-7.9
estimated,59446,2000057834,12,3.9,4,-8.1
estimated,59451,2000057839,17,3.7,8,-13.3
estimated,59471,2000057859,12,4.2,8,-7.8
estimated,59472,2000057860,17,4.2,13,-12.8
estimated,59475,2000057863,12,4.7,4,-7.3
estimated,59477,2000057865,12,5.7,8,-6.3
estimated,59479,2000057867,12,4.5,11,-7.5
estimated,59481,2000057869,12,4.8,6,-7.2
estimated,59482,2000057870,12,5.5,6,-6.5
estimated,59483,2000057871,12,4.9,12,-7.1
estimated,59484,2000057872,12,5.7,4,-6.3
estimated,59498,2000057886,24,11.3,89,-12.7
estimated,59499,2000057887,12,5.7,6,-6.3
estimated,59501,2000057889,12,4.6,8,-7.4
estimated,59502,2000057890,12,4.4,6,-7.6
estimated,59503,2000057891,12,4.5,4,-7.5
estimated,59505,2000057893,12,4.7,7,-7.3
estimated,59508,2000057896,12,4.4,4,-7.6
estimated,59509,2000057897,17,7.0,14,-10.0
estimated,59510,2000057898,12,5.2,8,-6.8
estimated,59516,2000057904,17,22.3,15,5.3
estimated,59518,2000057906,17,14.1,20,-2.9
estimated,59521,2000057909,24,10.1,62,-13.9
estimated,59522,2000057910,17,8.2,11,-8.8
estimated,59525,2000057913,12,7.7,5,-4.3
estimated,59526,2000057914,17,6.5,22,-10.5
estimated,59529,2000057917,17,6.5,15,-10.5
estimated,59530,2000057918,17,7.9,8,-9.1
estimated,59532,2000057920,12,5.6,4,-6.4
estimated,59534,2000057922,12,4.8,6,-7.2
estimated,59535,2000057923,12,6.0,5,-6.0
estimated,59538,2000057926,12,10.8,6,-1.2
estimated,59546,2000057934,17,6.4,13,-10.6
estimated,59549,2000057937,12,4.4,5,-7.6
estimated,59551,2000057939,12,4.7,5,-7.3
estimated,59554,2000057942,12,4.2,6,-7.8
estimated,59570,2000057958,17,4.3,34,-12.7
estimated,59577,2000057965,17,4.2,6,-12.8
estimated,59582,2000057970,12,6.0,5,-6.0
estimated,59594,2000057982,17,4.7,12,-12.3
estimated,59597,2000057985,12,4.1,5,-7.9
estimated,59605,2000057994,24,6.1,44,-17.9
estimated,59606,2000057995,17,5.3,14,-11.7
estimated,59607,2000057996,12,5.0,7,-7.0
estimated,59609,2000057998,17,5.7,11,-11.3
estimated,59611,2000058000,17,6.2,14,-10.8
estimated,59615,2000058004,17,4.8,9,-12.2
estimated,59617,2000058006,17,3.8,20,-13.2
estimated,59627,2000058016,17,4.2,28,-12.8
estimated,59628,2000058017,17,4.7,7,-12.3
estimated,59643,2000058051,17,5.9,28,-11.1
estimated,59744,2000058295,12,12.1,11,0.1
estimated,59745,2000058296,17,12.3,8,-4.7
estimated,59766,2000058337,24,5.0,99,-19.0
estimated,59833,2000058417,17,5.8,15,-11.2
estimated,59843,2000058427,12,3.7,4,-8.3
estimated,59846,2000058430,12,5.4,4,-6.6
estimated,59848,2000058433,12,24.8,5,12.8
estimated,59887,2000058524,12,5.8,5,-6.2
estimated,59888,2000058525,17,5.9,14,-11.1
estimated,59889,2000058527,17,6.9,10,-10.1
estimated,59895,2000058536,12,5.7,5,-6.3
estimated,59896,2000058537,12,6.1,6,-5.9
estimated,59905,2000058551,12,7.0,4,-5.0
estimated,59907,2000058553,12,9.5,5,-2.5
estimated,59908,2000058554,24,11.1,37,-12.9
estimated,59910,2000058557,12,13.9,5,1.9
estimated,59912,2000058559,12,10.0,8,-2.0
estimated,59924,2000058576,12,9.5,6,-2.5
estimated,59928,2000058580,17,9.6,11,-7.4
estimated,59929,2000058581,12,7.7,4,-4.3
estimated,59936,2000058588,12,7.4,4,-4.6
estimated,59937,2000058589,12,12.2,4,0.2
estimated,59938,2000058590,12,6.3,6,-5.7
estimated,59941,2000058593,12,9.1,6,-2.9
estimated,59947,2000058599,7.5,7.0,5,-0.5
estimated,59948,2000058600,17,7.7,13,-9.3
estimated,59949,2000058601,17,6.0,21,-11.0
estimated,59950,2000058602,12,7.2,8,-4.8
estimated,59952,2000058604,12,6.9,5,-5.1
estimated,59953,2000058605,12,9.1,5,-2.9
estimated,59956,2000058608,17,6.7,28,-10.3
estimated,59957,2000058609,17,6.3,10,-10.7
estimated,59959,2000058611,17,10.1,12,-6.9
estimated,59960,2000058612,12,9.4,5,-2.6
estimated,59964,2000058616,12,10.5,5,-1.5
estimated,59967,2000058619,12,11.1,7,-0.9
estimated,59972,2000058624,17,6.8,12,-10.2
estimated,59974,2000058626,12,9.4,5,-2.6
estimated,59975,2000058627,12,9.8,4,-2.2
estimated,59979,2000058631,12,6.3,6,-5.7
estimated,59983,2000058635,12,9.2,10,-2.8
estimated,59988,2000058640,7.5,6.7,4,-0.8
estimated,59990,2000058642,17,5.6,9,-11.4
estimated,59992,2000058644,17,5.4,19,-11.6
estimated,59993,2000058645,7.5,5.1,4,-2.4
estimated,59994,2000058646,17,5.0,7,-12.0
estimated,59999,2000058651,12,5.8,6,-6.2
estimated,60000,2000058652,7.5,5.3,4,-2.2
estimated,60002,2000058654,12,5.5,4,-6.5
estimated,60003,2000058655,12,7.1,4,-4.9
estimated,60007,2000058659,17,7.1,10,-9.9
estimated,60008,2000058660,12,6.9,7,-5.1
estimated,60010,2000058662,12,6.0,6,-6.0
estimated,60011,2000058663,12,6.5,7,-5.5
estimated,60015,2000058668,12,6.3,4,-5.7
estimated,60018,2000058671,12,4.3,6,-7.7
estimated,60021,2000058674,7.5,5.5,6,-2.0
estimated,60024,2000058677,12,5.9,6,-6.1
estimated,60026,2000058679,17,5.9,12,-11.1
estimated,60033,2000058686,17,7.3,23,-9.7
estimated,60034,2000058687,12,5.8,7,-6.2
estimated,60035,2000058688,12,7.2,4,-4.8
estimated,60036,2000058689,12,8.6,4,-3.4
estimated,60037,2000058690,17,7.0,21,-10.0
estimated,60039,2000058692,12,5.0,8,-7.0
estimated,60042,2000058695,17,7.6,10,-9.4
estimated,60043,2000058696,12,7.5,6,-4.5
estimated,60045,2000058698,17,7.5,21,-9.5
estimated,60047,2000058700,12,6.5,5,-5.5
estimated,60050,2000058703,12,5.6,5,-6.4
estimated,60051,2000058704,12,5.9,5,-6.1
estimated,60052,2000058705,12,6.4,5,-5.6
estimated,60053,2000058706,17,6.5,12,-10.5
estimated,60054,2000058707,12,8.6,8,-3.4
estimated,60057,2000058710,12,7.0,4,-5.0
estimated,60058,2000058711,12,6.3,5,-5.7
estimated,60061,2000058714,17,6.2,11,-10.8
estimated,60063,2000058716,7.5,5.4,4,-2.1
estimated,60069,2000058722,12,5.6,6,-6.4
estimated,60071,2000058724,12,5.5,4,-6.5
estimated,60072,2000058725,12,5.7,4,-6.3
estimated,60073,2000058726,12,7.0,8,-5.0
estimated,60074,2000058727,12,5.3,4,-6.7
estimated,60075,2000058728,12,4.4,8,-7.6
estimated,60077,2000058730,17,6.0,18,-11.0
estimated,60079,2000058732,12,5.2,9,-6.8
estimated,60080,2000058733,12,4.4,7,-7.6
estimated,60082,2000058735,12,7.0,5,-5.0
estimated,60083,2000058736,17,5.3,22,-11.7
estimated,60085,2000058738,12,11.3,9,-0.7
estimated,60087,2000058740,7.5,8.4,4,0.9
estimated,60088,2000058741,17,6.9,8,-10.1
estimated,60096,2000058749,12,9.0,4,-3.0
estimated,60097,2000058750,12,6.2,4,-5.8
estimated,60109,2000058763,12,7.2,5,-4.8
estimated,60116,2000058770,12,6.3,7,-5.7
estimated,60119,2000058773,12,7.9,5,-4.1
estimated,60120,2000058774,17,9.1,15,-7.9
estimated,60126,2000058780,12,7.3,5,-4.7
estimated,60131,2000058785,12,10.3,4,-1.7
estimated,60134,2000058788,24,10.8,43,-13.2
estimated,60140,2000058795,12,7.6,6,-4.4
estimated,60141,2000058796,12,9.4,4,-2.6
estimated,60142,2000058797,12,5.0,5,-7.0
estimated,60147,2000058804,12,3.7,4,-8.3
estimated,60154,2000058814,17,6.7,11,-10.3
estimated,60162,2000058822,12,8.3,5,-3.7
estimated,60167,2000058827,12,5.1,4,-6.9
estimated,60176,2000058840,12,7.2,5,-4.8
estimated,60177,2000058841,12,7.6,5,-4.4
estimated,60181,2000058845,12,6.4,4,-5.6
estimated,60183,2000058847,7.5,6.9,4,-0.6
estimated,60184,2000058848,12,6.7,7,-5.3
estimated,60185,2000058849,12,6.3,6,-5.7
estimated,60187,2000058851,12,7.2,5,-4.8
estimated,60191,2000058855,12,8.0,7,-4.0
estimated,60194,2000058858,12,6.0,7,-6.0
estimated,60195,2000058859,17,7.6,22,-9.4
estimated,60199,2000058863,12,6.8,6,-5.2
estimated,60200,2000058864,12,5.7,5,-6.3
estimated,60204,2000058868,12,7.3,5,-4.7
estimated,60205,2000058869,12,5.8,4,-6.2
estimated,60213,2000058877,12,7.3,6,-4.7
estimated,60214,2000058878,12,6.5,6,-5.5
estimated,60215,2000058879,12,5.9,5,-6.1
estimated,60218,2000058882,17,7.1,12,-9.9
estimated,60220,2000058884,17,9.1,11,-7.9
estimated,60223,2000058888,12,7.2,10,-4.8
estimated,60224,2000058889,12,7.8,11,-4.2
estimated,60225,2000058890,12,7.3,4,-4.7
estimated,60226,2000058891,17,5.9,16,-11.1
estimated,60227,2000058892,17,5.5,15,-11.5
estimated,60230,2000058895,12,5.1,8,-6.9
estimated,60231,2000058896,12,4.7,6,-7.3
estimated,60232,2000058897,17,5.2,15,-11.8
estimated,60233,2000058898,12,8.3,4,-3.7
estimated,60234,2000058899,12,9.0,5,-3.0
estimated,60235,2000058900,12,6.4,5,-5.6
estimated,60239,2000058904,12,6.3,4,-5.7
estimated,60241,2000058906,12,8.0,5,-4.0
estimated,60242,2000058907,17,6.2,13,-10.8
estimated,60244,2000058909,12,6.6,4,-5.4
estimated,60246,2000058911,12,6.8,6,-5.2
estimated,60248,2000058913,12,6.1,8,-5.9
estimated,60249,2000058914,12,6.2,4,-5.8
estimated,60250,2000058915,12,6.7,5,-5.3
estimated,60251,2000058916,17,5.0,12,-12.0
estimated,60258,2000058923,12,5.7,5,-6.3
estimated,60260,2000058925,12,6.7,9,-5.3
estimated,60263,2000058928,12,5.8,5,-6.2
estimated,60264,2000058929,12,5.8,7,-6.2
estimated,60266,2000058931,12,6.1,8,-5.9
estimated,60268,2000058933,12,4.3,4,-7.7
estimated,60269,2000058934,12,5.4,6,-6.6
estimated,60270,2000058935,12,5.9,4,-6.1
estimated,60272,2000058937,17,6.0,11,-11.0
estimated,60274,2000058939,12,5.8,7,-6.2
estimated,60277,2000058942,12,5.9,9,-6.1
estimated,60278,2000058943,17,4.7,11,-12.3
estimated,60289,2000058954,12,5.7,4,-6.3
estimated,60294,2000058959,12,5.8,5,-6.2
estimated,60297,2000058962,7.5,6.8,5,-0.7
estimated,60306,2000058971,12,4.8,6,-7.2
estimated,60308,2000058973,12,4.8,5,-7.2
estimated,60309,2000058974,12,4.4,4,-7.6
estimated,60310,2000058975,12,5.3,8,-6.7
estimated,60311,2000058976,12,5.5,4,-6.5
estimated,60315,2000058980,17,5.3,13,-11.7
estimated,60318,2000058983,12,6.5,7,-5.5
estimated,60322,2000058987,12,6.2,6,-5.8
estimated,60324,2000058989,12,5.8,7,-6.2
estimated,60325,2000058990,17,5.5,12,-11.5
estimated,60326,2000058991,12,6.0,7,-6.0
estimated,60328,2000058993,17,5.1,16,-11.9
estimated,60329,2000058994,17,4.8,8,-12.2
estimated,60330,2000058995,12,4.7,5,-7.3
estimated,60331,2000058996,17,5.7,22,-11.3
estimated,60332,2000058997,17,5.0,34,-12.0
estimated,60333,2000058998,17,6.1,12,-10.9
estimated,60335,2000059000,12,5.9,4,-6.1
estimated,60340,2000059005,12,6.8,5,-5.2
estimated,60341,2000059006,17,6.4,9,-10.6
estimated,60342,2000059007,12,7.2,9,-4.8
estimated,60348,2000059013,12,6.2,6,-5.8
estimated,60349,2000059014,12,5.9,5,-6.1
estimated,60350,2000059015,12,5.0,6,-7.0
estimated,60352,2000059017,17,5.2,18,-11.8
estimated,60353,2000059018,12,5.8,4,-6.2
estimated,60357,2000059022,12,6.3,7,-5.7
estimated,60360,2000059025,17,9.0,17,-8.0
estimated,60365,2000059030,17,5.1,16,-11.9
estimated,60374,2000059039,12,5.5,10,-6.5
estimated,60375,2000059040,12,5.9,9,-6.1
estimated,60385,2000059050,17,5.1,9,-11.9
estimated,60386,2000059051,12,5.5,4,-6.5
estimated,60392,2000059057,17,9.0,14,-8.0
estimated,60398,2000059063,17,7.2,28,-9.8
estimated,60399,2000059064,24,4.9,36,-19.1
estimated,60400,2000059065,17,4.9,21,-12.1
estimated,60403,2000059068,12,7.7,10,-4.3
estimated,60404,2000059069,12,7.6,7,-4.4
estimated,60410,2000059075,12,6.6,4,-5.4
estimated,60412,2000059077,17,11.2,9,-5.8
estimated,60414,2000059079,12,9.3,4,-2.7
estimated,60415,2000059080,12,9.0,6,-3.0
estimated,60419,2000059084,12,5.5,4,-6.5
estimated,60420,2000059085,12,5.8,8,-6.2
estimated,60426,2000059091,12,6.4,5,-5.6
estimated,60427,2000059092,12,6.7,6,-5.3
estimated,60431,2000059096,12,6.7,4,-5.3
estimated,60433,2000059098,12,7.9,11,-4.1
estimated,60434,2000059099,7.5,8.7,4,1.2
estimated,60444,2000059109,12,8.5,5,-3.5
estimated,60446,2000059111,12,8.2,5,-3.8
estimated,60447,2000059112,17,3.7,7,-13.3
estimated,60468,2000059135,12,3.9,6,-8.1
estimated,60473,2000059140,17,3.2,7,-13.8
estimated,60476,2000059143,17,4.3,17,-12.7
estimated,60488,2000059155,12,6.5,4,-5.5
estimated,60491,2000059158,12,10.1,9,-1.9
estimated,60493,2000059160,12,14.3,6,2.3
estimated,60496,2000059163,17,5.1,12,-11.9
estimated,60497,2000059164,17,5.5,10,-11.5
estimated,60501,2000059168,12,10.1,4,-1.9
estimated,60515,2000059182,12,5.8,6,-6.2
estimated,60517,2000059184,12,6.2,6,-5.8
estimated,60520,2000059187,12,5.8,10,-6.2
estimated,60526,2000059193,12,8.2,11,-3.8
estimated,60533,2000059201,12,9.2,5,-2.8
estimated,60535,2000059203,12,8.2,6,-3.8
estimated,60536,2000059204,17,9.2,16,-7.8
estimated,60537,2000059205,12,6.9,7,-5.1
estimated,60539,2000059207,17,5.5,12,-11.5
estimated,60540,2000059208,17,5.3,15,-11.7
estimated,60542,2000059210,17,4.6,15,-12.4
estimated,60548,2000059216,12,6.4,12,-5.6
estimated,60550,2000059218,12,5.9,4,-6.1
estimated,60551,2000059219,12,5.0,8,-7.0
estimated,60552,2000059220,7.5,5.1,4,-2.4
estimated,60555,2000059223,12,6.4,6,-5.6
estimated,60556,2000059224,12,5.9,6,-6.1
estimated,60557,2000059225,12,9.8,6,-2.2
estimated,60558,2000059226,17,11.4,9,-5.6
estimated,60562,2000059230,17,8.6,19,-8.4
estimated,60566,2000059234,7.5,6.1,4,-1.4
estimated,60569,2000059237,12,6.6,5,-5.4
estimated,60571,2000059239,17,5.8,35,-11.2
estimated,60572,2000059240,12,4.9,4,-7.1
estimated,60573,2000059241,12,5.0,6,-7.0
estimated,60574,2000059242,12,5.0,13,-7.0
estimated,60576,2000059244,12,10.7,10,-1.3
estimated,60578,2000059246,12,7.6,4,-4.4
estimated,60582,2000059250,12,7.5,9,-4.5
estimated,60584,2000059252,17,7.6,11,-9.4
estimated,60586,2000059254,12,7.6,8,-4.4
estimated,60592,2000059260,24,7.7,111,-16.3
estimated,60595,2000059263,12,6.3,4,-5.7
estimated,60598,2000059266,17,5.6,25,-11.4
estimated,60599,2000059267,12,7.1,10,-4.9
estimated,60600,2000059268,17,6.2,19,-10.8
estimated,60604,2000059272,12,6.6,9,-5.4
estimated,60605,2000059273,12,5.8,5,-6.2
estimated,60613,2000059281,12,7.5,5,-4.5
estimated,60615,2000059283,12,7.2,4,-4.8
estimated,60617,2000059285,12,8.3,4,-3.7
estimated,60618,2000059286,7.5,9.0,4,1.5
estimated,60620,2000059288,12,7.3,6,-4.7
estimated,60621,2000059289,17,6.8,19,-10.2
estimated,60626,2000059294,12,8.3,5,-3.7
estimated,60629,2000059297,17,6.0,9,-11.0
estimated,60633,2000059301,12,7.1,4,-4.9
estimated,60634,2000059302,12,6.5,4,-5.5
estimated,60639,2000059307,17,7.6,22,-9.4
estimated,60641,2000059309,17,7.6,13,-9.4
estimated,60648,2000059316,12,6.3,8,-5.7
estimated,60649,2000059317,12,7.7,6,-4.3
estimated,60651,2000059319,17,6.6,18,-10.4
estimated,60652,2000059320,12,6.7,4,-5.3
estimated,60653,2000059321,12,6.5,6,-5.5
estimated,60655,2000059323,12,6.1,4,-5.9
estimated,60657,2000059325,12,7.9,11,-4.1
estimated,60658,2000059326,12,5.5,6,-6.5
estimated,60659,2000059327,17,7.0,11,-10.0
estimated,60660,2000059328,12,7.0,6,-5.0
estimated,60670,2000059338,12,7.5,9,-4.5
estimated,60671,2000059339,12,6.1,7,-5.9
estimated,60681,2000059349,17,8.1,10,-8.9
estimated,60684,2000059352,12,6.8,6,-5.2
estimated,60685,2000059353,17,5.9,11,-11.1
estimated,60686,2000059354,12,5.7,4,-6.3
estimated,60687,2000059355,7.5,6.8,4,-0.7
estimated,60692,2000059360,17,6.1,17,-10.9
estimated,60693,2000059361,12,5.6,6,-6.4
estimated,60696,2000059364,12,5.4,6,-6.6
estimated,60697,2000059365,12,7.0,5,-5.0
estimated,60698,2000059366,12,5.8,6,-6.2
estimated,60699,2000059367,12,6.9,4,-5.1
estimated,60705,2000059373,17,6.9,19,-10.1
estimated,60711,2000059379,17,9.3,20,-7.7
estimated,60712,2000059380,17,9.3,12,-7.7
estimated,60713,2000059381,12,9.0,9,-3.0
estimated,60715,2000059383,17,7.4,12,-9.6
estimated,60716,2000059384,17,8.4,16,-8.6
estimated,60717,2000059385,12,10.1,4,-1.9
estimated,60718,2000059386,12,8.2,8,-3.8
estimated,60720,2000059388,17,5.9,9,-11.1
estimated,60721,2000059389,12,9.0,4,-3.0
estimated,60727,2000059395,12,5.4,7,-6.6
estimated,60728,2000059396,12,6.2,10,-5.8
estimated,60730,2000059398,12,5.2,8,-6.8
estimated,60731,2000059399,12,10.8,5,-1.2
estimated,60733,2000059401,12,11.9,5,-0.1
estimated,60734,2000059402,12,9.8,7,-2.2
estimated,60736,2000059404,17,7.2,16,-9.8
estimated,60738,2000059406,12,7.4,4,-4.6
estimated,60740,2000059408,12,7.8,10,-4.2
estimated,60742,2000059410,17,7.4,13,-9.6
estimated,60746,2000059414,17,7.2,8,-9.8
estimated,60748,2000059416,12,8.0,5,-4.0
estimated,60755,2000059423,24,17.2,74,-6.8
estimated,60758,2000059427,12,9.1,10,-2.9
estimated,60759,2000059428,12,8.1,12,-3.9
estimated,60760,2000059429,12,8.5,4,-3.5
estimated,60761,2000059430,12,15.7,4,3.7
estimated,60762,2000059431,12,8.1,7,-3.9
estimated,60763,2000059432,12,12.2,6,0.2
estimated,60764,2000059433,12,9.4,4,-2.6
estimated,60765,2000059434,12,7.8,4,-4.2
estimated,60778,2000059447,12,11.2,5,-0.8
estimated,60788,2000059457,17,5.9,16,-11.1
estimated,60789,2000059458,17,7.5,17,-9.5
estimated,60790,2000059459,12,6.1,5,-5.9
estimated,60795,2000059464,12,5.5,5,-6.5
estimated,60796,2000059465,12,5.0,4,-7.0
estimated,60797,2000059466,12,5.8,6,-6.2
estimated,60800,2000059469,12,6.4,5,-5.6
estimated,60801,2000059470,12,5.9,6,-6.1
estimated,60805,2000059476,12,8.9,4,-3.1
estimated,60808,2000059479,12,6.2,5,-5.8
estimated,60809,2000059480,12,6.4,7,-5.6
estimated,60813,2000059484,12,6.3,4,-5.7
estimated,60819,2000059490,12,8.8,9,-3.2
estimated,60824,2000059495,12,7.2,4,-4.8
estimated,60826,2000059497,12,7.1,6,-4.9
estimated,60827,2000059498,17,6.0,7,-11.0
estimated,60829,2000059501,17,14.4,15,-2.6
estimated,60834,2000059506,12,9.5,8,-2.5
estimated,60836,2000059508,17,6.3,14,-10.7
estimated,60846,2000059519,17,5.8,34,-11.2
estimated,60847,2000059520,17,7.0,34,-10.0
estimated,60849,2000059522,24,7.8,140,-16.2
estimated,60850,2000059523,24,9.0,64,-15.0
estimated,60851,2000059524,24,9.1,346,-14.9
estimated,60854,2000059527,12,6.7,5,-5.3
estimated,60855,2000059528,12,5.7,6,-6.3
estimated,60860,2000059533,17,7.2,13,-9.8
estimated,60866,2000059539,12,6.2,4,-5.8
estimated,60868,2000059541,17,6.6,10,-10.4
estimated,60873,2000059546,24,7.0,38,-17.0
estimated,60876,2000059549,24,9.6,135,-14.4
estimated,60877,2000059550,17,6.9,15,-10.1
estimated,60878,2000059551,17,7.9,21,-9.1
estimated,60880,2000059553,17,9.0,13,-8.0
estimated,60882,2000059555,12,6.8,4,-5.2
estimated,60883,2000059556,12,7.2,8,-4.8
estimated,60884,2000059557,12,6.7,5,-5.3
estimated,60889,2000059562,17,8.6,19,-8.4
estimated,60890,2000059563,7.5,7.4,4,-0.1
estimated,60892,2000059565,12,6.7,4,-5.3
estimated,60900,2000059573,12,7.7,4,-4.3
estimated,60901,2000059574,12,7.3,10,-4.7
estimated,60905,2000059579,12,5.7,6,-6.3
estimated,60906,2000059580,12,5.6,6,-6.4
estimated,60911,2000059585,17,5.3,10,-11.7
estimated,60918,2000059592,12,5.9,4,-6.1
estimated,60919,2000059593,12,5.3,4,-6.7
estimated,60920,2000059594,17,7.0,8,-10.0
estimated,60921,2000059595,12,4.9,6,-7.1
estimated,60927,2000059601,17,7.9,13,-9.1
estimated,60931,2000059605,17,4.9,11,-12.1
estimated,60935,2000059609,17,8.6,9,-8.4
estimated,60936,2000059610,12,10.4,5,-1.6
estimated,60939,2000059614,17,5.2,17,-11.8
estimated,60940,2000059615,17,6.0,12,-11.0
estimated,60941,2000059616,17,5.3,12,-11.7
estimated,60946,2000059629,12,8.2,5,-3.8
estimated,60952,2000059635,12,7.8,6,-4.2
estimated,60953,2000059636,12,6.1,4,-5.9
estimated,60955,2000059638,12,6.2,7,-5.8
estimated,60956,2000059639,12,7.4,6,-4.6
estimated,60957,2000059640,12,7.6,7,-4.4
estimated,60959,2000059642,12,9.5,4,-2.5
estimated,60960,2000059643,12,9.4,4,-2.6
estimated,60961,2000059644,24,8.0,53,-16.0
estimated,60962,2000059645,12,11.4,8,-0.6
estimated,60965,2000059648,12,5.3,7,-6.7
estimated,60966,2000059649,17,6.4,24,-10.6
estimated,60967,2000059650,17,6.2,19,-10.8
estimated,60975,2000059658,12,7.6,4,-4.4
estimated,60977,2000059660,12,7.2,4,-4.8
estimated,60983,2000059666,12,11.4,4,-0.6
estimated,60987,2000059670,7.5,10.1,4,2.6
estimated,60990,2000059673,12,9.2,6,-2.8
estimated,60994,2000059677,12,6.3,4,-5.7
estimated,60997,2000059680,7.5,8.2,4,0.7
estimated,61003,2000059686,12,9.0,6,-3.0
estimated,61004,2000059687,17,6.1,10,-10.9
estimated,61007,2000059690,12,5.6,5,-6.4
estimated,61009,2000059692,12,4.8,9,-7.2
estimated,61011,2000059694,12,6.0,4,-6.0
estimated,61013,2000059696,17,8.0,8,-9.0
estimated,61015,2000059698,12,5.9,5,-6.1
estimated,61016,2000059699,12,6.1,6,-5.9
estimated,61017,2000059700,17,6.2,9,-10.8
estimated,61020,2000059703,12,10.1,5,-1.9
estimated,61021,2000059704,12,7.2,4,-4.8
estimated,61023,2000059706,17,9.6,15,-7.4
estimated,61024,2000059707,12,8.4,6,-3.6
estimated,61028,2000059711,12,8.3,4,-3.7
estimated,61031,2000059714,12,9.2,9,-2.8
estimated,61033,2000059716,12,5.8,10,-6.2
estimated,61039,2000059722,17,10.8,7,-6.2
estimated,61048,2000059732,12,5.1,7,-6.9
estimated,61049,2000059733,24,5.1,52,-18.9
estimated,61051,2000059735,12,4.9,4,-7.1
estimated,61053,2000059737,17,11.8,13,-5.2
estimated,61054,2000059738,12,11.7,9,-0.3
estimated,61058,2000059742,17,6.0,15,-11.0
estimated,61060,2000059744,17,7.4,18,-9.6
estimated,61064,2000059749,17,8.9,17,-8.1
estimated,61065,2000059750,12,6.5,9,-5.5
estimated,61066,2000059751,12,6.6,6,-5.4
estimated,61068,2000059753,12,6.5,7,-5.5
estimated,61075,2000059761,7.5,5.1,4,-2.4
estimated,61078,2000059764,12,7.3,10,-4.7
estimated,61080,2000059766,17,9.8,21,-7.2
estimated,61081,2000059767,7.5,4.8,4,-2.7
estimated,61084,2000059771,7.5,6.6,4,-0.9
estimated,61090,2000059779,12,7.2,10,-4.8
estimated,61119,2000059810,12,11.5,8,-0.5
estimated,61122,2000059813,12,4.4,4,-7.6
estimated,61124,2000059815,12,5.2,5,-6.8
estimated,61125,2000059816,17,4.8,8,-12.2
estimated,61127,2000059818,17,5.1,15,-11.9
estimated,61128,2000059819,12,4.8,4,-7.2
estimated,61130,2000059821,12,3.4,4,-8.6
estimated,61132,2000059823,12,4.7,8,-7.3
estimated,61136,2000059827,17,6.7,11,-10.3
estimated,61140,2000059831,12,8.1,6,-3.9
estimated,61145,2000059836,17,7.3,16,-9.7
estimated,61146,2000059837,17,6.5,15,-10.5
estimated,61154,2000059845,12,7.9,4,-4.1
estimated,61156,2000059847,12,6.5,10,-5.5
estimated,61157,2000059848,12,9.2,9,-2.8
estimated,61158,2000059849,12,5.0,4,-7.0
estimated,61159,2000059850,12,7.2,6,-4.8
estimated,61161,2000059852,12,4.5,5,-7.5
estimated,61164,2000059855,17,6.6,15,-10.4
estimated,61166,2000059857,17,5.2,12,-11.8
estimated,61172,2000059863,12,10.9,7,-1.1
estimated,61175,2000059866,17,9.7,28,-7.3
estimated,61176,2000059867,17,8.8,11,-8.2
estimated,61177,2000059868,12,8.6,6,-3.4
estimated,61186,2000059877,17,3.7,9,-13.3
estimated,61194,2000059885,17,4.4,7,-12.6
estimated,61206,2000059897,12,6.0,10,-6.0
estimated,61208,2000059899,12,5.7,4,-6.3
estimated,61209,2000059900,12,4.8,6,-7.2
estimated,61211,2000059902,17,4.7,11,-12.3
estimated,61213,2000059904,12,5.3,4,-6.7
estimated,61214,2000059905,12,6.0,6,-6.0
estimated,61218,2000059909,17,3.8,7,-13.2
estimated,61221,2000059912,12,6.1,8,-5.9
estimated,61223,2000059914,12,5.8,5,-6.2
estimated,61230,2000059921,12,5.8,8,-6.2
estimated,61232,2000059923,12,7.2,5,-4.8
estimated,61233,2000059924,12,7.4,4,-4.6
estimated,61236,2000059927,17,6.2,31,-10.8
estimated,61239,2000059930,12,8.4,6,-3.6
estimated,61242,2000059933,12,7.6,5,-4.4
estimated,61244,2000059935,17,13.7,10,-3.3
estimated,61245,2000059936,12,9.4,5,-2.6
estimated,61254,2000059945,12,5.7,6,-6.3
estimated,61260,2000059951,17,8.3,13,-8.7
estimated,61263,2000059954,12,6.9,6,-5.1
estimated,61265,2000059956,12,6.1,12,-5.9
estimated,61267,2000059958,12,5.1,8,-6.9
estimated,61268,2000059959,12,6.0,6,-6.0
estimated,61269,2000059960,12,6.3,5,-5.7
estimated,61271,2000059962,12,6.7,8,-5.3
estimated,61272,2000059963,12,7.0,5,-5.0
estimated,61273,2000059964,12,5.7,6,-6.3
estimated,61284,2000059975,12,3.5,4,-8.5
estimated,61286,2000059977,12,6.7,4,-5.3
estimated,61292,2000059983,17,5.8,12,-11.2
estimated,61299,2000059990,12,7.4,5,-4.6
estimated,61300,2000059991,12,5.4,6,-6.6
estimated,61310,2000060001,12,5.7,7,-6.3
estimated,61313,2000060004,12,7.7,5,-4.3
estimated,61317,2000060008,17,4.3,14,-12.7
estimated,61319,2000060010,17,5.6,9,-11.4
estimated,61321,2000060012,12,4.4,4,-7.6
estimated,61323,2000060014,12,4.4,4,-7.6
estimated,61334,2000060025,12,6.4,7,-5.6
estimated,61335,2000060026,7.5,7.7,4,0.2
estimated,61342,2000060033,12,6.7,6,-5.3
estimated,61343,2000060034,17,7.4,16,-9.6
estimated,61345,2000060036,12,10.4,5,-1.6
estimated,61349,2000060040,17,9.9,8,-7.1
estimated,61351,2000060042,17,8.4,11,-8.6
estimated,61352,2000060043,12,7.8,8,-4.2
estimated,61353,2000060044,17,8.0,14,-9.0
estimated,61354,2000060045,12,6.5,5,-5.5
estimated,61357,2000060048,12,6.2,7,-5.8
estimated,61358,2000060049,12,6.0,10,-6.0
estimated,61359,2000060050,7.5,7.1,4,-0.4
estimated,61360,2000060051,12,5.9,9,-6.1
estimated,61361,2000060052,12,6.6,8,-5.4
estimated,61362,2000060053,12,5.4,6,-6.6
estimated,61363,2000060054,12,4.8,4,-7.2
estimated,61364,2000060055,12,4.3,4,-7.7
estimated,61365,2000060056,7.5,5.6,4,-1.9
estimated,61372,2000060063,12,5.1,6,-6.9
estimated,61383,2000060074,12,5.5,4,-6.5
estimated,61384,2000060075,7.5,5.8,4,-1.7
estimated,61388,2000060079,12,5.9,4,-6.1
estimated,61389,2000060080,12,5.4,7,-6.6
estimated,61396,2000060087,12,5.1,8,-6.9
estimated,61398,2000060089,12,4.6,4,-7.4
estimated,61401,2000060092,12,3.7,7,-8.3
estimated,61403,2000060094,12,3.9,4,-8.1
estimated,61405,2000060096,12,6.2,4,-5.8
estimated,61410,2000060101,12,7.0,9,-5.0
estimated,61411,2000060102,17,8.7,12,-8.3
estimated,61412,2000060103,17,8.4,13,-8.6
estimated,61413,2000060104,17,6.7,26,-10.3
estimated,61417,2000060108,12,8.9,5,-3.1
estimated,61420,2000060111,17,11.3,19,-5.7
estimated,61421,2000060112,17,10.5,13,-6.5
estimated,61422,2000060113,17,6.4,14,-10.6
estimated,61425,2000060116,12,5.7,4,-6.3
estimated,61426,2000060117,17,5.7,18,-11.3
estimated,61428,2000060119,12,6.6,6,-5.4
estimated,61429,2000060120,12,6.4,4,-5.6
estimated,61433,2000060124,17,6.0,8,-11.0
estimated,61434,2000060125,12,6.4,5,-5.6
estimated,61438,2000060129,17,5.3,13,-11.7
estimated,61440,2000060131,17,6.8,17,-10.2
estimated,61441,2000060132,12,6.5,7,-5.5
estimated,61443,2000060134,12,7.3,4,-4.7
estimated,61445,2000060136,12,6.3,6,-5.7
estimated,61446,2000060137,12,6.6,7,-5.4
estimated,61449,2000060140,12,5.5,6,-6.5
estimated,61452,2000060143,12,6.4,4,-5.6
estimated,61453,2000060144,12,6.3,4,-5.7
estimated,61454,2000060145,12,5.0,10,-7.0
estimated,61456,2000060147,12,5.8,4,-6.2
estimated,61457,2000060148,12,5.9,6,-6.1
estimated,61458,2000060149,12,6.1,7,-5.9
estimated,61459,2000060150,17,6.5,16,-10.5
estimated,61461,2000060152,12,6.2,7,-5.8
estimated,61462,2000060153,12,4.6,4,-7.4
estimated,61465,2000060156,17,5.8,17,-11.2
estimated,61466,2000060157,17,6.1,13,-10.9
estimated,61467,2000060158,12,6.6,6,-5.4
estimated,61476,2000060167,7.5,7.2,4,-0.3
estimated,61479,2000060170,12,8.6,4,-3.4
estimated,61482,2000060173,12,4.5,6,-7.5
estimated,61485,2000060176,12,7.5,6,-4.5
estimated,61486,2000060177,12,7.1,6,-4.9
estimated,61487,2000060178,12,5.5,4,-6.5
estimated,61490,2000060181,12,6.8,5,-5.2
estimated,61491,2000060182,12,11.0,6,-1.0
estimated,61494,2000060185,17,8.7,18,-8.3
estimated,61499,2000060190,12,6.1,10,-5.9
estimated,61500,2000060191,12,5.1,4,-6.9
estimated,61503,2000060194,12,4.8,8,-7.2
estimated,61504,2000060195,12,4.6,7,-7.4
estimated,61506,2000060197,12,4.2,4,-7.8
estimated,61508,2000060199,12,6.0,4,-6.0
estimated,61512,2000060203,17,7.7,12,-9.3
estimated,61514,2000060205,12,5.4,6,-6.6
estimated,61515,2000060206,12,4.4,4,-7.6
estimated,61516,2000060207,12,4.0,5,-8.0
estimated,61520,2000060211,12,4.2,6,-7.8
estimated,61521,2000060212,12,5.0,5,-7.0
estimated,61522,2000060213,12,5.0,4,-7.0
estimated,61526,2000060217,12,4.2,5,-7.8
estimated,61529,2000060220,12,4.6,4,-7.4
estimated,61536,2000060227,12,5.6,9,-6.4
estimated,61537,2000060228,12,7.5,10,-4.5
estimated,61538,2000060229,12,5.7,4,-6.3
estimated,61539,2000060230,17,5.9,18,-11.1
estimated,61540,2000060231,12,5.0,4,-7.0
estimated,61552,2000060243,17,14.0,34,-3.0
estimated,61553,2000060244,12,4.2,4,-7.8
estimated,61559,2000060250,17,4.9,14,-12.1
estimated,61566,2000060257,17,6.4,13,-10.6
estimated,61571,2000060262,12,6.0,8,-6.0
estimated,61575,2000060266,7.5,7.7,4,0.2
estimated,61580,2000060271,12,4.6,8,-7.4
estimated,61583,2000060274,12,6.3,7,-5.7
estimated,61584,2000060275,12,4.8,4,-7.2
estimated,61585,2000060276,7.5,5.4,4,-2.1
estimated,61587,2000060278,17,12.9,13,-4.1
estimated,61588,2000060279,7.5,5.4,4,-2.1
estimated,61589,2000060280,12,8.8,6,-3.2
estimated,61590,2000060281,12,5.2,5,-6.8
estimated,61592,2000060283,12,5.4,4,-6.6
estimated,61595,2000060286,12,4.9,5,-7.1
estimated,61596,2000060287,12,6.2,7,-5.8
estimated,61598,2000060289,7.5,5.1,4,-2.4
estimated,61600,2000060291,12,6.4,4,-5.6
estimated,61601,2000060292,17,5.4,17,-11.6
estimated,61602,2000060293,7.5,5.9,5,-1.6
estimated,61606,2000060297,17,5.0,11,-12.0
estimated,61610,2000060301,12,5.5,10,-6.5
estimated,61615,2000060306,12,5.9,9,-6.1
estimated,61621,2000060312,12,6.1,5,-5.9
estimated,61623,2000060314,12,4.5,5,-7.5
estimated,61626,2000060317,17,5.4,11,-11.6
estimated,61629,2000060320,12,5.7,6,-6.3
estimated,61633,2000060324,12,6.3,8,-5.7
estimated,61635,2000060326,12,7.9,6,-4.1
estimated,61636,2000060327,12,5.8,6,-6.2
estimated,61637,2000060328,12,5.9,4,-6.1
estimated,61639,2000060330,12,6.2,8,-5.8
estimated,61642,2000060333,12,7.0,5,-5.0
estimated,61644,2000060335,12,5.7,7,-6.3
estimated,61645,2000060336,12,5.6,5,-6.4
estimated,61646,2000060337,12,5.0,5,-7.0
estimated,61647,2000060338,12,5.5,7,-6.5
estimated,61650,2000060341,12,7.0,5,-5.0
estimated,61656,2000060347,12,5.9,7,-6.1
estimated,61657,2000060348,12,5.5,4,-6.5
estimated,61660,2000060351,12,6.1,8,-5.9
estimated,61663,2000060354,17,6.1,10,-10.9
estimated,61664,2000060355,12,6.0,4,-6.0
estimated,61666,2000060357,12,6.8,6,-5.2
estimated,61667,2000060358,12,6.4,7,-5.6
estimated,61672,2000060363,12,7.0,6,-5.0
estimated,61674,2000060365,12,6.2,5,-5.8
estimated,61677,2000060368,17,6.5,10,-10.5
estimated,61682,2000060373,12,5.6,4,-6.4
estimated,61684,2000060375,12,7.8,5,-4.2
estimated,61685,2000060376,7.5,7.2,6,-0.3
estimated,61689,2000060380,17,6.6,13,-10.4
estimated,61693,2000060384,12,9.6,7,-2.4
estimated,61696,2000060387,12,6.1,8,-5.9
estimated,61697,2000060388,12,5.0,5,-7.0
estimated,61698,2000060389,17,6.0,16,-11.0
estimated,61702,2000060393,17,6.6,20,-10.4
estimated,61706,2000060397,12,5.8,4,-6.2
estimated,61708,2000060399,17,13.4,15,-3.6
estimated,61715,2000060406,12,6.4,5,-5.6
estimated,61716,2000060407,17,8.6,19,-8.4
estimated,61719,2000060410,17,7.8,7,-9.2
estimated,61720,2000060411,12,13.0,6,1.0
estimated,61723,2000060414,17,6.9,13,-10.1
estimated,61726,2000060417,12,5.7,8,-6.3
estimated,61736,2000060427,17,6.3,7,-10.7
estimated,61737,2000060428,12,6.2,4,-5.8
estimated,61740,2000060431,17,10.4,13,-6.6
estimated,61741,2000060432,12,7.2,5,-4.8
estimated,61744,2000060435,12,8.2,4,-3.8
estimated,61751,2000060442,17,5.6,8,-11.4
estimated,61753,2000060444,17,5.1,8,-11.9
estimated,61754,2000060445,12,6.5,6,-5.5
estimated,61757,2000060448,17,6.5,12,-10.5
estimated,61758,2000060449,12,6.5,8,-5.5
estimated,61760,2000060451,17,8.2,14,-8.8
estimated,61761,2000060452,12,5.9,6,-6.1
estimated,61763,2000060454,12,4.7,4,-7.3
estimated,61765,2000060456,7.5,7.1,4,-0.4
estimated,61766,2000060457,12,7.9,8,-4.1
estimated,61767,2000060458,24,7.0,46,-17.0
estimated,61769,2000060460,12,7.3,8,-4.7
estimated,61770,2000060461,12,6.8,4,-5.2
estimated,61774,2000060465,24,6.7,51,-17.3
estimated,61775,2000060466,17,5.8,16,-11.2
estimated,61777,2000060468,17,6.5,11,-10.5
estimated,61778,2000060469,12,8.2,9,-3.8
estimated,61781,2000060472,12,21.2,7,9.2
estimated,61783,2000060474,24,9.9,48,-14.1
estimated,61785,2000060476,17,6.8,12,-10.2
estimated,61786,2000060477,12,7.1,10,-4.9
estimated,61787,2000060478,12,7.6,8,-4.4
estimated,61788,2000060479,12,7.7,5,-4.3
estimated,61789,2000060480,17,7.9,13,-9.1
estimated,61794,2000060485,12,10.5,6,-1.5
estimated,61795,2000060486,12,10.7,6,-1.3
estimated,61797,2000060488,17,9.3,15,-7.7
estimated,61799,2000060490,12,7.3,8,-4.7
estimated,61801,2000060492,17,27.1,25,10.1
estimated,61803,2000060494,12,32.7,5,20.7
estimated,61804,2000060495,12,19.1,4,7.1
estimated,61805,2000060496,17,25.0,15,8.0
estimated,61811,2000060502,12,5.4,4,-6.6
estimated,61813,2000060504,17,6.9,20,-10.1
estimated,61817,2000060508,12,5.5,6,-6.5
estimated,61819,2000060510,12,5.7,8,-6.3
estimated,61821,2000060512,12,5.8,9,-6.2
estimated,61824,2000060515,12,7.6,4,-4.4
estimated,61826,2000060517,12,8.5,5,-3.5
estimated,61828,2000060519,12,7.3,5,-4.7
estimated,61830,2000060521,12,4.6,7,-7.4
estimated,61834,2000060525,12,6.7,5,-5.3
estimated,61839,2000060530,12,7.3,6,-4.7
estimated,61840,2000060531,7.5,6.7,4,-0.8
estimated,61843,2000060534,7.5,6.8,4,-0.7
estimated,61845,2000060536,17,5.9,13,-11.1
estimated,61847,2000060538,12,5.7,5,-6.3
estimated,61850,2000060541,12,5.5,6,-6.5
estimated,61853,2000060544,24,8.8,169,-15.2
estimated,61856,2000060547,24,7.5,186,-16.5
estimated,61862,2000060553,17,7.4,26,-9.6
estimated,61864,2000060555,12,7.0,6,-5.0
estimated,61871,2000060562,12,6.3,4,-5.7
estimated,61874,2000060565,12,4.7,5,-7.3
estimated,61877,2000060568,12,5.9,4,-6.1
estimated,61882,2000060573,12,3.5,5,-8.5
estimated,61884,2000060575,12,5.7,4,-6.3
estimated,61885,2000060576,12,5.3,5,-6.7
estimated,61890,2000060581,17,12.5,9,-4.5
estimated,61891,2000060582,12,11.1,6,-0.9
estimated,61893,2000060584,12,5.8,9,-6.2
estimated,61895,2000060586,7.5,6.5,4,-1.0
estimated,61897,2000060588,17,6.4,18,-10.6
estimated,61900,2000060591,12,7.0,8,-5.0
estimated,61901,2000060592,17,7.3,12,-9.7
estimated,61902,2000060593,12,5.6,7,-6.4
estimated,61903,2000060594,12,6.4,6,-5.6
estimated,61904,2000060595,12,5.4,5,-6.6
estimated,61905,2000060596,12,5.8,5,-6.2
estimated,61907,2000060598,12,5.3,7,-6.7
estimated,61908,2000060599,12,5.4,4,-6.6
estimated,61909,2000060600,17,6.5,20,-10.5
estimated,61910,2000060601,12,6.2,7,-5.8
estimated,61912,2000060603,12,6.2,4,-5.8
estimated,61913,2000060604,12,6.6,8,-5.4
estimated,61917,2000060608,17,6.7,16,-10.3
estimated,61920,2000060611,17,6.4,13,-10.6
estimated,61921,2000060612,12,5.8,4,-6.2
estimated,61922,2000060613,12,7.5,4,-4.5
estimated,61926,2000060617,17,5.6,18,-11.4
estimated,61927,2000060618,12,5.4,7,-6.6
estimated,61928,2000060619,12,6.0,5,-6.0
estimated,61929,2000060620,12,5.9,4,-6.1
estimated,61933,2000060624,12,6.4,6,-5.6
estimated,61936,2000060627,17,6.8,10,-10.2
estimated,61938,2000060629,12,6.0,5,-6.0
estimated,61942,2000060633,17,5.5,9,-11.5
estimated,61947,2000060638,12,7.8,5,-4.2
estimated,61949,2000060640,17,6.3,18,-10.7
estimated,61969,2000060660,12,5.2,7,-6.8
estimated,61972,2000060663,17,6.3,9,-10.7
estimated,61973,2000060664,12,5.4,5,-6.6
estimated,61975,2000060666,12,4.7,4,-7.3
estimated,61976,2000060667,12,5.9,12,-6.1
estimated,61977,2000060668,12,6.3,10,-5.7
estimated,61978,2000060669,12,7.8,5,-4.2
estimated,61980,2000060671,12,5.8,6,-6.2
estimated,61985,2000060676,7.5,9.0,4,1.5
estimated,61988,2000060679,17,5.4,9,-11.6
estimated,61990,2000060681,17,5.9,13,-11.1
estimated,61991,2000060682,12,7.2,4,-4.8
estimated,61995,2000060686,12,9.1,5,-2.9
estimated,61996,2000060687,12,8.2,6,-3.8
estimated,62000,2000060691,12,5.3,8,-6.7
estimated,62003,2000060694,12,6.8,10,-5.2
estimated,62005,2000060696,12,5.8,9,-6.2
estimated,62007,2000060698,12,5.5,5,-6.5
estimated,62011,2000060702,12,9.8,4,-2.2
estimated,62012,2000060703,12,9.6,11,-2.4
estimated,62014,2000060705,12,7.9,4,-4.1
estimated,62016,2000060707,12,6.8,5,-5.2
estimated,62018,2000060709,12,6.1,6,-5.9
estimated,62023,2000060714,12,6.3,4,-5.7
estimated,62024,2000060715,12,5.5,5,-6.5
estimated,62030,2000060721,12,8.0,6,-4.0
estimated,62032,2000060723,17,5.8,10,-11.2
estimated,62035,2000060726,17,6.0,14,-11.0
estimated,62036,2000060727,12,5.9,4,-6.1
estimated,62037,2000060728,12,6.2,7,-5.8
estimated,62038,2000060729,17,10.4,9,-6.6
estimated,62039,2000060730,17,6.0,19,-11.0
estimated,62048,2000060739,17,6.5,12,-10.5
estimated,62049,2000060740,12,7.5,12,-4.5
estimated,62050,2000060741,17,5.9,17,-11.1
estimated,62051,2000060742,12,6.1,6,-5.9
estimated,62056,2000060747,17,3.9,12,-13.1
estimated,62067,2000060758,12,6.6,11,-5.4
estimated,62068,2000060759,12,6.3,8,-5.7
estimated,62077,2000060768,17,6.9,19,-10.1
estimated,62079,2000060770,17,7.2,15,-9.8
estimated,62082,2000060773,12,8.2,12,-3.8
estimated,62083,2000060774,12,5.0,6,-7.0
estimated,62084,2000060775,12,5.3,5,-6.7
estimated,62086,2000060777,12,4.5,6,-7.5
estimated,62087,2000060778,12,4.9,6,-7.1
estimated,62089,2000060780,12,4.0,4,-8.0
estimated,62091,2000060782,12,4.6,5,-7.4
estimated,62094,2000060785,17,6.7,9,-10.3
estimated,62096,2000060787,12,7.2,5,-4.8
estimated,62097,2000060788,17,6.9,28,-10.1
estimated,62100,2000060791,17,5.5,27,-11.5
estimated,62107,2000060798,12,4.4,10,-7.6
estimated,62108,2000060799,12,4.5,7,-7.5
estimated,62109,2000060800,12,5.2,4,-6.8
estimated,62111,2000060802,12,6.3,5,-5.7
estimated,62112,2000060803,17,6.6,17,-10.4
estimated,62113,2000060804,12,6.8,7,-5.2
estimated,62116,2000060807,12,4.6,8,-7.4
estimated,62117,2000060808,12,6.8,6,-5.2
estimated,62119,2000060811,12,5.4,4,-6.6
estimated,62121,2000060813,12,6.5,6,-5.5
estimated,62122,2000060814,12,7.6,4,-4.4
estimated,62146,2000060849,12,4.4,5,-7.6
estimated,62147,2000060850,17,5.2,10,-11.8
estimated,62148,2000060851,12,3.6,5,-8.4
estimated,62167,2000060870,24,11.2,137,-12.8
estimated,62172,2000060875,24,12.7,130,-11.3
estimated,62173,2000060876,24,12.6,399,-11.4
estimated,62182,2000060885,24,9.8,111,-14.2
estimated,62183,2000060886,24,6.9,103,-17.1
estimated,62185,2000060888,24,7.5,123,-16.5
estimated,62186,2000060889,24,7.5,105,-16.5
estimated,62187,2000060890,24,7.4,218,-16.6
estimated,62189,2000060892,17,5.9,11,-11.1
estimated,62201,2000060904,17,5.4,12,-11.6
estimated,62202,2000060905,12,4.2,6,-7.8
estimated,62208,2000060911,7.5,5.4,4,-2.1
estimated,62214,2000060917,12,4.2,4,-7.8
estimated,62227,2000060932,17,4.5,8,-12.5
estimated,62228,2000060933,17,5.5,16,-11.5
estimated,62229,2000060934,12,6.7,10,-5.3
estimated,62230,2000060935,12,7.1,10,-4.9
estimated,62238,2000060943,17,8.1,22,-8.9
estimated,62244,2000060949,12,4.8,4,-7.2
estimated,62249,2000060954,12,4.0,4,-8.0
estimated,62254,2000060959,17,5.3,27,-11.7
estimated,62258,2000060963,12,6.7,5,-5.3
estimated,62263,2000060968,12,5.8,6,-6.2
estimated,62267,2000060972,17,5.4,12,-11.6
estimated,62268,2000060973,12,5.9,8,-6.1
estimated,62271,2000060976,17,8.7,25,-8.3
estimated,62276,2000060981,7.5,5.7,4,-1.8
estimated,62278,2000060983,7.5,5.8,4,-1.7
estimated,62282,2000060987,12,7.0,9,-5.0
estimated,62283,2000060988,12,7.2,5,-4.8
estimated,62284,2000060989,12,8.0,6,-4.0
estimated,62285,2000060990,17,6.3,11,-10.7
estimated,62286,2000060991,17,4.8,10,-12.2
estimated,62292,2000060997,12,9.8,8,-2.2
estimated,62295,2000061000,12,7.7,5,-4.3
estimated,62296,2000061001,12,9.0,7,-3.0
estimated,62297,2000061002,7.5,16.1,4,8.6
estimated,62298,2000061003,12,8.6,6,-3.4
estimated,62299,2000061004,7.5,7.2,4,-0.3
estimated,62301,2000061006,12,5.3,5,-6.7
estimated,62314,2000061019,12,6.5,8,-5.5
estimated,62315,2000061020,12,6.6,7,-5.4
estimated,62316,2000061021,12,4.8,4,-7.2
estimated,62317,2000061022,12,6.4,10,-5.6
estimated,62321,2000061026,12,6.5,4,-5.5
estimated,62322,2000061027,17,5.4,14,-11.6
estimated,62323,2000061028,12,6.1,6,-5.9
estimated,62328,2000061033,12,5.8,9,-6.2
estimated,62332,2000061037,12,6.7,4,-5.3
estimated,62333,2000061038,12,5.3,5,-6.7
estimated,62337,2000061042,17,6.6,15,-10.4
estimated,62340,2000061045,12,7.3,5,-4.7
estimated,62351,2000061056,12,8.4,7,-3.6
estimated,62352,2000061057,12,6.0,9,-6.0
estimated,62356,2000061061,12,5.2,5,-6.8
estimated,62357,2000061062,17,7.2,14,-9.8
estimated,62360,2000061065,17,5.1,8,-11.9
estimated,62361,2000061066,7.5,4.8,4,-2.7
estimated,62362,2000061067,12,5.7,4,-6.3
estimated,62364,2000061069,12,6.7,7,-5.3
estimated,62366,2000061071,12,6.1,6,-5.9
estimated,62367,2000061072,12,5.7,8,-6.3
estimated,62368,2000061073,12,5.5,6,-6.5
estimated,62371,2000061076,12,6.6,4,-5.4
estimated,62372,2000061077,12,6.9,6,-5.1
estimated,62375,2000061080,12,7.5,10,-4.5
estimated,62376,2000061081,17,7.0,12,-10.0
estimated,62378,2000061083,12,6.0,8,-6.0
estimated,62383,2000061088,12,6.4,6,-5.6
estimated,62386,2000061091,12,7.0,7,-5.0
estimated,62388,2000061093,7.5,7.4,4,-0.1
estimated,62391,2000061096,12,5.6,7,-6.4
estimated,62392,2000061097,17,5.8,16,-11.2
estimated,62395,2000061100,12,6.5,8,-5.5
estimated,62401,2000061106,12,5.5,9,-6.5
estimated,62404,2000061109,12,10.5,6,-1.5
estimated,62405,2000061110,12,6.9,4,-5.1
estimated,62407,2000061112,12,6.2,7,-5.8
estimated,62408,2000061113,12,7.5,5,-4.5
estimated,62413,2000061118,12,6.1,6,-5.9
estimated,62423,2000061128,12,5.9,9,-6.1
estimated,62430,2000061135,12,5.3,9,-6.7
estimated,62434,2000061139,12,5.4,9,-6.6
estimated,62435,2000061140,7.5,6.5,5,-1.0
estimated,62436,2000061141,12,5.7,6,-6.3
estimated,62438,2000061143,17,6.6,10,-10.4
estimated,62443,2000061148,12,5.0,6,-7.0
estimated,62446,2000061151,12,4.6,5,-7.4
estimated,62455,2000061160,17,6.4,25,-10.6
estimated,62456,2000061161,12,6.5,8,-5.5
estimated,62457,2000061162,12,6.2,6,-5.8
estimated,62459,2000061164,17,7.6,16,-9.4
estimated,62462,2000061167,12,10.0,5,-2.0
estimated,62464,2000061169,12,4.6,10,-7.4
estimated,62465,2000061170,12,4.2,7,-7.8
estimated,62466,2000061171,17,5.5,31,-11.5
estimated,62467,2000061172,12,5.5,10,-6.5
estimated,62468,2000061173,12,8.2,8,-3.8
estimated,62472,2000061177,17,4.7,9,-12.3
estimated,62474,2000061179,12,6.0,8,-6.0
estimated,62478,2000061183,17,9.4,16,-7.6
estimated,62479,2000061184,7.5,5.4,4,-2.1
estimated,62481,2000061186,7.5,6.0,4,-1.5
estimated,62483,2000061188,12,7.2,5,-4.8
estimated,62485,2000061190,7.5,8.2,5,0.7
estimated,62493,2000061198,12,6.5,8,-5.5
estimated,62495,2000061200,12,5.6,9,-6.4
estimated,62497,2000061202,12,7.7,4,-4.3
estimated,62504,2000061209,12,4.9,5,-7.1
estimated,62507,2000061212,12,4.4,5,-7.6
estimated,62512,2000061217,12,15.1,8,3.1
estimated,62513,2000061218,12,5.2,10,-6.8
estimated,62537,2000061242,17,7.0,8,-10.0
estimated,62538,2000061243,12,3.2,4,-8.8
estimated,62542,2000061247,17,5.6,6,-11.4
estimated,62545,2000061250,12,5.0,5,-7.0
estimated,62547,2000061252,12,5.3,7,-6.7
estimated,62560,2000061265,12,14.3,8,2.3
estimated,62561,2000061266,17,4.5,20,-12.5
estimated,62566,2000061271,7.5,5.0,5,-2.5
estimated,62577,2000061282,12,6.4,4,-5.6
estimated,62584,2000061290,17,7.0,12,-10.0
estimated,62586,2000061292,12,7.5,5,-4.5
estimated,62588,2000061294,24,7.8,410,-16.2
estimated,62594,2000061300,7.5,4.3,6,-3.2
estimated,62595,2000061301,24,7.1,107,-16.9
estimated,62598,2000061304,17,6.5,35,-10.5
estimated,62601,2000061307,7.5,8.6,4,1.1
estimated,62602,2000061308,12,10.2,6,-1.8
estimated,62603,2000061309,24,9.6,43,-14.4
estimated,62604,2000061310,17,7.8,18,-9.2
estimated,62617,2000061323,17,4.5,8,-12.5
estimated,62619,2000061325,24,5.5,48,-18.5
estimated,62620,2000061326,24,8.4,250,-15.6
estimated,62621,2000061327,17,8.7,41,-8.3
estimated,62628,2000061334,17,7.9,19,-9.1
estimated,62629,2000061335,24,9.3,118,-14.7
estimated,62633,2000061339,17,4.4,12,-12.6
estimated,62634,2000061340,12,4.1,4,-7.9
estimated,62646,2000061355,17,6.2,19,-10.8
estimated,62647,2000061356,12,4.3,4,-7.7
estimated,62648,2000061357,17,9.1,40,-7.9
estimated,62649,2000061359,7.5,5.6,6,-1.9
estimated,62652,2000061362,17,5.7,18,-11.3
estimated,62656,2000061366,12,7.4,5,-4.6
estimated,62660,2000061370,12,5.0,6,-7.0
estimated,62661,2000061371,12,5.3,4,-6.7
estimated,62662,2000061372,17,5.6,11,-11.4
estimated,62663,2000061373,7.5,4.2,4,-3.3
estimated,62664,2000061374,12,4.0,4,-8.0
estimated,62665,2000061375,12,5.2,8,-6.8
estimated,62668,2000061378,7.5,5.4,4,-2.1
estimated,62669,2000061379,12,6.2,8,-5.8
estimated,62671,2000061381,17,5.5,10,-11.5
estimated,62673,2000061383,12,6.4,12,-5.6
estimated,62677,2000061387,7.5,5.5,4,-2.0
estimated,62678,2000061388,7.5,6.3,4,-1.2
estimated,62682,2000061392,12,5.4,8,-6.6
estimated,62683,2000061394,12,5.6,6,-6.4
estimated,62684,2000061395,12,7.0,5,-5.0
estimated,62685,2000061396,12,6.2,4,-5.8
estimated,62686,2000061397,17,4.9,10,-12.1
estimated,62687,2000061398,12,4.4,7,-7.6
estimated,62688,2000061399,17,5.6,16,-11.4
estimated,62693,2000061405,24,6.2,49,-17.8
estimated,62694,2000061406,17,5.1,33,-11.9
estimated,62697,2000061409,24,6.3,54,-17.7
estimated,62698,2000061410,24,8.7,38,-15.3
estimated,62700,2000061412,12,6.5,13,-5.5
estimated,62702,2000061414,24,7.7,51,-16.3
estimated,62703,2000061415,7.5,8.6,4,1.1
estimated,62705,2000061417,17,6.9,35,-10.1
estimated,62706,2000061418,17,7.8,19,-9.2
estimated,62714,2000061426,17,6.9,11,-10.1
estimated,62715,2000061427,12,6.8,8,-5.2
estimated,62716,2000061428,12,4.7,7,-7.3
estimated,62718,2000061430,17,6.3,17,-10.7
estimated,62719,2000061431,12,6.0,4,-6.0
estimated,62720,2000061432,12,7.5,5,-4.5
estimated,62722,2000061434,12,6.0,4,-6.0
estimated,62726,2000061438,12,5.7,4,-6.3
estimated,62729,2000061441,12,8.1,4,-3.9
estimated,62730,2000061442,12,6.0,4,-6.0
estimated,62731,2000061443,12,4.6,5,-7.4
estimated,62736,2000061448,12,7.9,4,-4.1
estimated,62737,2000061449,12,8.7,9,-3.3
estimated,62739,2000061451,12,8.1,7,-3.9
estimated,62740,2000061452,17,6.4,18,-10.6
estimated,62745,2000061457,24,38.8,35,14.8
estimated,62746,2000061458,17,43.4,12,26.4
estimated,62749,2000061461,12,6.7,4,-5.3
estimated,62751,2000061463,17,6.9,34,-10.1
estimated,62752,2000061464,17,5.4,25,-11.6
estimated,62753,2000061465,17,5.1,24,-11.9
estimated,62756,2000061468,12,7.3,10,-4.7
estimated,62759,2000061471,17,9.0,27,-8.0
estimated,62760,2000061472,17,9.1,34,-7.9
estimated,62761,2000061474,17,8.8,14,-8.2
estimated,62762,2000061475,17,8.5,15,-8.5
estimated,62767,2000061481,12,5.4,6,-6.6
estimated,62769,2000061484,12,4.3,7,-7.7
estimated,62771,2000061486,24,7.3,147,-16.7
estimated,62781,2000061496,24,5.5,40,-18.5
estimated,62782,2000061497,24,8.8,80,-15.2
estimated,62783,2000061498,24,12.7,249,-11.3
estimated,62785,2000061500,17,15.5,18,-1.5
estimated,62798,2000061513,17,4.9,16,-12.1
estimated,62801,2000061516,17,6.4,14,-10.6
estimated,62802,2000061517,17,5.5,16,-11.5
estimated,62806,2000061521,17,6.7,14,-10.3
estimated,62807,2000061522,12,6.4,6,-5.6
estimated,62810,2000061525,12,6.8,9,-5.2
estimated,62811,2000061526,12,7.3,9,-4.7
estimated,62812,2000061527,12,5.6,7,-6.4
estimated,62813,2000061528,12,6.9,6,-5.1
estimated,62814,2000061529,17,5.9,10,-11.1
estimated,62815,2000061530,12,5.5,4,-6.5
estimated,62816,2000061531,17,7.4,12,-9.6
estimated,62817,2000061532,12,6.7,8,-5.3
estimated,62834,2000061549,24,6.1,158,-17.9
estimated,62838,2000061553,12,6.7,10,-5.3
estimated,62839,2000061554,12,6.6,4,-5.4
estimated,62840,2000061555,17,7.5,23,-9.5
estimated,62841,2000061556,17,6.5,31,-10.5
estimated,62843,2000061558,12,8.3,5,-3.7
estimated,62847,2000061562,12,5.3,7,-6.7
estimated,62851,2000061566,24,9.2,109,-14.8
estimated,62854,2000061569,12,4.2,4,-7.8
estimated,62858,2000061575,24,9.1,146,-14.9
estimated,62860,2000061577,24,7.0,89,-17.0
estimated,62862,2000061578,24,9.0,164,-15.0
estimated,62863,2000061579,12,7.6,8,-4.4
estimated,62864,2000061580,17,5.8,7,-11.2
estimated,62867,2000061583,24,11.6,149,-12.4
estimated,62868,2000061584,24,6.7,42,-17.3
estimated,62869,2000061585,17,6.9,16,-10.1
estimated,62872,2000061588,17,5.9,22,-11.1
estimated,62873,2000061589,17,3.5,14,-13.5
estimated,62875,2000061591,12,3.9,7,-8.1
estimated,62877,2000061593,12,5.1,5,-6.9
estimated,62879,2000061595,24,12.8,204,-11.2
estimated,62881,2000061597,12,11.0,12,-1.0
estimated,62882,2000061598,7.5,5.0,4,-2.5
estimated,62890,2000061606,24,11.8,53,-12.2
estimated,62892,2000061608,24,15.6,405,-8.4
estimated,62893,2000061609,17,5.9,16,-11.1
estimated,62910,2000061626,17,10.1,32,-6.9
estimated,62914,2000061630,24,9.4,103,-14.6
estimated,62918,2000061634,24,8.5,275,-15.5
estimated,62919,2000061635,17,7.9,22,-9.1
estimated,62923,2000061646,7.5,9.6,4,2.1
estimated,62924,2000061647,24,10.6,117,-13.4
estimated,62926,2000061649,17,10.8,21,-6.2
estimated,62927,2000061650,24,10.8,50,-13.2
estimated,62929,2000061652,12,6.0,5,-6.0
estimated,62930,2000061653,17,6.0,19,-11.0
estimated,62931,2000061654,12,5.8,7,-6.2
estimated,62938,2000061661,24,11.3,115,-12.7
estimated,62939,2000061662,24,9.3,94,-14.7
estimated,62942,2000061665,24,10.5,187,-13.5
estimated,62943,2000061666,17,9.4,24,-7.6
estimated,62944,2000061667,24,8.0,129,-16.0
estimated,62946,2000061669,24,9.3,49,-14.7
estimated,62948,2000061671,12,3.3,7,-8.7
estimated,62952,2000061675,17,5.3,23,-11.7
estimated,62953,2000061676,24,5.4,51,-18.6
estimated,62956,2000061679,17,8.0,22,-9.0
estimated,62957,2000061680,17,5.3,9,-11.7
estimated,62960,2000061683,24,8.5,47,-15.5
estimated,62962,2000061685,12,5.0,6,-7.0
estimated,62963,2000061686,24,9.3,65,-14.7
estimated,62965,2000061688,24,7.6,180,-16.4
estimated,62966,2000061689,24,8.0,105,-16.0
estimated,62969,2000061692,17,7.5,17,-9.5
estimated,62971,2000061694,12,6.3,5,-5.7
estimated,62973,2000061696,24,8.6,76,-15.4
estimated,62976,2000061699,24,8.4,177,-15.6
estimated,62977,2000061700,24,8.3,104,-15.7
estimated,62984,2000061707,17,5.7,25,-11.3
estimated,62988,2000061711,17,8.4,29,-8.6
estimated,62989,2000061713,17,8.4,27,-8.6
estimated,62990,2000061714,24,6.8,66,-17.2
estimated,62992,2000061716,17,10.3,25,-6.7
estimated,62993,2000061717,12,7.0,8,-5.0
estimated,62998,2000061722,17,13.9,42,-3.1
estimated,62999,2000061723,24,7.0,73,-17.0
estimated,63000,2000061724,24,9.8,92,-14.2
estimated,63003,2000061727,12,6.3,8,-5.7
estimated,63004,2000061728,24,10.8,75,-13.2
estimated,63006,2000061730,17,7.7,11,-9.3
estimated,63010,2000061734,17,8.0,26,-9.0
estimated,63012,2000061736,17,7.4,18,-9.6
estimated,63013,2000061737,24,9.0,128,-15.0
estimated,63015,2000061739,24,9.4,175,-14.6
estimated,63021,2000061745,17,5.9,15,-11.1
estimated,63022,2000061746,24,8.7,99,-15.3
estimated,63026,2000061750,17,12.3,28,-4.7
estimated,63027,2000061751,24,9.8,272,-14.2
estimated,63030,2000061754,24,9.2,86,-14.8
estimated,63031,2000061755,17,5.9,9,-11.1
estimated,63037,2000061761,24,7.3,83,-16.7
estimated,63050,2000061774,7.5,4.9,4,-2.6
estimated,63051,2000061775,12,4.5,4,-7.5
estimated,63056,2000061780,12,5.9,7,-6.1
estimated,63063,2000061787,12,5.1,9,-6.9
estimated,63064,2000061788,12,5.2,6,-6.8
estimated,63065,2000061789,12,5.7,4,-6.3
estimated,63066,2000061790,12,4.6,6,-7.4
estimated,63067,2000061791,12,6.2,6,-5.8
estimated,63070,2000061794,12,4.3,4,-7.7
estimated,63071,2000061795,12,3.4,4,-8.6
estimated,63075,2000061799,12,4.6,6,-7.4
estimated,63083,2000061807,17,5.7,14,-11.3
estimated,63084,2000061808,12,5.0,8,-7.0
estimated,63090,2000061814,12,3.7,4,-8.3
estimated,63091,2000061815,12,5.5,6,-6.5
estimated,63092,2000061816,17,6.2,16,-10.8
estimated,63093,2000061817,17,3.8,10,-13.2
estimated,63098,2000061822,24,8.7,37,-15.3
estimated,63104,2000061828,12,4.8,4,-7.2
estimated,63109,2000061833,12,4.7,5,-7.3
estimated,63111,2000061835,12,4.9,5,-7.1
estimated,63112,2000061836,12,4.8,7,-7.2
estimated,63115,2000061839,12,5.4,9,-6.6
estimated,63116,2000061840,12,5.4,7,-6.6
estimated,63119,2000061843,17,6.7,9,-10.3
estimated,63121,2000061845,24,5.9,37,-18.1
estimated,63133,2000061857,17,5.2,11,-11.8
estimated,63134,2000061858,12,4.8,4,-7.2
estimated,63137,2000061861,12,4.6,6,-7.4
estimated,63138,2000061862,12,4.1,9,-7.9
estimated,63142,2000061866,24,5.8,48,-18.2
estimated,63158,2000061882,17,7.3,25,-9.7
estimated,63159,2000061883,12,6.2,10,-5.8
estimated,63160,2000061884,17,5.5,12,-11.5
estimated,63165,2000061889,24,7.4,51,-16.6
estimated,63173,2000061897,17,5.4,10,-11.6
estimated,63181,2000061905,17,5.0,11,-12.0
estimated,63183,2000061907,12,6.2,10,-5.8
estimated,63186,2000061910,17,4.8,19,-12.2
estimated,63187,2000061911,12,5.8,6,-6.2
estimated,63198,2000061922,12,4.7,4,-7.3
estimated,63202,2000061926,12,4.5,4,-7.5
estimated,63208,2000061932,12,4.8,7,-7.2
estimated,63209,2000061933,12,4.5,6,-7.5
estimated,63212,2000061936,24,5.1,37,-18.9
estimated,63221,2000061945,12,4.3,5,-7.7
estimated,63222,2000061946,12,4.5,8,-7.5
estimated,63225,2000061949,17,7.1,13,-9.9
estimated,63231,2000061955,17,5.7,13,-11.3
estimated,63235,2000061959,12,6.5,8,-5.5
estimated,63236,2000061960,17,5.1,7,-11.9
estimated,63238,2000061962,12,5.5,7,-6.5
estimated,63240,2000061964,12,6.8,6,-5.2
estimated,63244,2000061968,17,4.4,7,-12.6
estimated,63252,2000061976,12,4.7,8,-7.3
estimated,63255,2000061979,12,5.1,4,-6.9
estimated,63256,2000061980,17,5.1,13,-11.9
estimated,63259,2000061983,17,4.8,18,-12.2
estimated,63262,2000061986,17,5.5,12,-11.5
estimated,63263,2000061987,17,4.7,15,-12.3
estimated,63264,2000061988,12,4.4,4,-7.6
estimated,63268,2000061992,17,5.3,16,-11.7
estimated,63269,2000061993,24,9.7,108,-14.3
estimated,63272,2000061996,24,9.1,121,-14.9
estimated,63273,2000061997,17,7.9,14,-9.1
estimated,63276,2000062000,24,8.1,122,-15.9
estimated,63277,2000062001,24,11.3,111,-12.7
estimated,63278,2000062002,24,7.2,121,-16.8
estimated,63280,2000062004,12,3.2,6,-8.8
estimated,63281,2000062005,12,10.0,5,-2.0
estimated,63284,2000062008,17,6.2,7,-10.8
estimated,63285,2000062009,24,7.9,199,-16.1
estimated,63286,2000062010,17,7.5,28,-9.5
estimated,63287,2000062011,17,5.0,18,-12.0
estimated,63288,2000062012,17,5.3,14,-11.7
estimated,63289,2000062013,24,5.7,38,-18.3
estimated,63290,2000062014,24,8.9,203,-15.1
estimated,63291,2000062015,17,5.5,26,-11.5
estimated,63293,2000062017,24,10.0,292,-14.0
estimated,63296,2000062020,24,9.0,75,-15.0
estimated,63297,2000062021,24,10.6,131,-13.4
estimated,63298,2000062022,17,10.4,25,-6.6
estimated,63301,2000062025,17,8.2,24,-8.8
estimated,63302,2000062026,24,8.5,92,-15.5
estimated,63305,2000062029,12,6.3,6,-5.7
estimated,63306,2000062030,24,7.0,66,-17.0
estimated,63307,2000062031,12,7.0,9,-5.0
estimated,63308,2000062032,12,6.1,4,-5.9
estimated,63309,2000062033,24,8.5,61,-15.5
estimated,63312,2000062036,24,8.8,67,-15.2
estimated,63316,2000062040,24,10.5,75,-13.5
estimated,63318,2000062042,17,10.4,24,-6.6
estimated,63319,2000062043,24,9.0,36,-15.0
estimated,63325,2000062049,12,4.6,8,-7.4
estimated,63328,2000062052,12,3.8,6,-8.2
estimated,63330,2000062054,17,4.9,9,-12.1
estimated,63343,2000062067,17,4.2,38,-12.8
estimated,63346,2000062070,12,3.6,5,-8.4
estimated,63348,2000062072,24,12.7,485,-11.3
estimated,63349,2000062073,24,5.9,37,-18.1
estimated,63352,2000062076,24,6.3,44,-17.7
estimated,63357,2000062081,17,3.4,9,-13.6
estimated,63360,2000062084,12,6.3,6,-5.7
estimated,63365,2000062089,12,6.2,5,-5.8
estimated,63366,2000062090,17,8.2,32,-8.8
estimated,63367,2000062091,17,7.5,8,-9.5
estimated,63371,2000062095,12,6.5,7,-5.5
estimated,63372,2000062097,24,8.8,52,-15.2
estimated,63374,2000062099,17,5.5,26,-11.5
estimated,63375,2000062100,24,8.0,77,-16.0
estimated,63378,2000062103,17,4.6,16,-12.4
estimated,63384,2000062110,24,26.9,100,2.9
estimated,63385,2000062111,24,25.3,79,1.3
estimated,63386,2000062112,24,19.8,98,-4.2
estimated,63387,2000062113,24,19.7,71,-4.3
estimated,63389,2000062115,17,4.5,14,-12.5
estimated,63392,2000062118,7.5,7.1,4,-0.4
estimated,63393,2000062119,17,13.8,13,-3.2
estimated,63400,2000062126,12,10.6,4,-1.4
estimated,63403,2000062129,17,5.9,11,-11.1
estimated,63406,2000062132,17,6.7,13,-10.3
estimated,63407,2000062136,17,6.5,15,-10.5
estimated,63411,2000062140,12,6.0,5,-6.0
estimated,63412,2000062141,17,5.5,20,-11.5
estimated,63414,2000062143,17,6.8,17,-10.2
estimated,63421,2000062151,24,11.7,73,-12.3
estimated,63424,2000062154,17,10.5,19,-6.5
estimated,63425,2000062155,24,9.0,52,-15.0
estimated,63427,2000062157,12,5.0,4,-7.0
estimated,63428,2000062158,24,12.9,718,-11.1
estimated,63433,2000062163,12,4.3,4,-7.7
estimated,63436,2000062166,24,11.4,41,-12.6
estimated,63441,2000062171,12,9.0,5,-3.0
estimated,63442,2000062172,12,10.1,9,-1.9
estimated,63443,2000062173,24,14.9,212,-9.1
estimated,63446,2000062176,17,7.3,20,-9.7
estimated,63447,2000062177,17,8.5,18,-8.5
estimated,63452,2000062182,17,12.2,24,-4.8
estimated,63455,2000062186,24,5.8,65,-18.2
estimated,63456,2000062187,12,6.9,6,-5.1
estimated,63458,2000062189,12,8.2,4,-3.8
estimated,63459,2000062190,17,7.9,15,-9.1
estimated,63461,2000062193,24,7.6,37,-16.4
estimated,63465,2000062198,24,10.4,606,-13.6
estimated,63468,2000062201,24,11.7,163,-12.3
estimated,63474,2000062207,24,10.3,39,-13.7
estimated,63479,2000062212,12,5.7,7,-6.3
estimated,63481,2000062214,24,7.5,152,-16.5
estimated,63483,2000062217,17,7.0,9,-10.0
estimated,63484,2000062218,12,8.2,9,-3.8
estimated,63485,2000062219,12,6.9,4,-5.1
estimated,63487,2000062221,12,6.6,4,-5.4
estimated,63496,2000062230,17,5.3,15,-11.7
estimated,63498,2000062232,12,4.5,7,-7.5
estimated,63502,2000062236,12,4.3,4,-7.7
estimated,63505,2000062239,17,5.3,11,-11.7
estimated,63506,2000062240,17,5.3,21,-11.7
estimated,63507,2000062241,17,5.6,22,-11.4
estimated,63511,2000062245,17,6.0,15,-11.0
estimated,63515,2000062250,17,7.2,30,-9.8
estimated,63522,2000062257,17,5.0,23,-12.0
estimated,63525,2000062260,24,12.0,110,-12.0
estimated,63528,2000062263,12,9.5,5,-2.5
estimated,63529,2000062264,24,9.2,119,-14.8
estimated,63533,2000062268,12,4.0,7,-8.0
estimated,63534,2000062269,17,6.2,20,-10.8
estimated,63543,2000062278,12,4.7,4,-7.3
estimated,63547,2000062282,24,14.0,133,-10.0
estimated,63548,2000062283,24,8.4,279,-15.6
estimated,63550,2000062285,24,12.2,92,-11.8
estimated,63560,2000062295,17,12.1,29,-4.9
estimated,63569,2000062304,17,4.1,19,-12.9
estimated,63573,2000062308,12,6.2,7,-5.8
estimated,63586,2000062321,17,4.7,14,-12.3
estimated,63594,2000062329,12,4.0,4,-8.0
estimated,63596,2000062331,17,4.3,9,-12.7
estimated,63601,2000062336,12,3.4,6,-8.6
estimated,63603,2000062338,24,10.4,197,-13.6
estimated,63608,2000062343,17,10.7,27,-6.3
estimated,63614,2000062349,12,3.2,4,-8.8
estimated,63616,2000062351,24,5.3,29,-18.7
estimated,63617,2000062352,24,4.7,31,-19.3
estimated,63632,2000062367,24,13.8,202,-10.2
estimated,63636,2000062371,24,7.3,92,-16.7
estimated,63639,2000062374,24,8.6,90,-15.4
estimated,63641,2000062376,24,8.1,99,-15.9
estimated,63658,2000062393,24,6.5,78,-17.5
estimated,63663,2000062398,12,4.9,11,-7.1
estimated,63664,2000062399,7.5,4.6,4,-2.9
estimated,63665,2000062400,12,4.3,6,-7.7
estimated,63668,2000062403,12,5.0,5,-7.0
estimated,63669,2000062404,12,5.5,5,-6.5
estimated,63672,2000062407,12,6.6,6,-5.4
estimated,63675,2000062410,12,6.4,4,-5.6
estimated,63676,2000062411,12,6.3,5,-5.7
estimated,63678,2000062413,12,5.2,4,-6.8
estimated,63681,2000062416,24,6.8,48,-17.2
estimated,63683,2000062418,12,4.2,5,-7.8
estimated,63684,2000062419,12,5.1,4,-6.9
estimated,63685,2000062420,12,4.6,5,-7.4
estimated,63686,2000062421,17,6.9,19,-10.1
estimated,63687,2000062422,7.5,5.7,5,-1.8
estimated,63689,2000062424,12,6.2,6,-5.8
estimated,63694,2000062429,12,6.4,7,-5.6
estimated,63704,2000062439,12,5.7,4,-6.3
estimated,63754,2000062489,12,4.5,4,-7.5
estimated,63755,2000062490,12,4.5,6,-7.5
estimated,63756,2000062491,12,3.0,5,-9.0
estimated,63757,2000062492,17,2.6,14,-14.4
estimated,63761,2000062496,24,6.0,60,-18.0
estimated,63764,2000062499,17,2.7,13,-14.3
estimated,63770,2000062505,24,7.4,100,-16.6
estimated,63782,2000062517,17,6.7,7,-10.3
estimated,63791,2000062526,24,8.4,48,-15.6
estimated,63793,2000062528,24,5.0,43,-19.0
estimated,63794,2000062529,17,7.0,16,-10.0
estimated,63798,2000062533,7.5,4.1,4,-3.4
estimated,63799,2000062534,17,5.6,10,-11.4
estimated,63800,2000062535,12,2.7,4,-9.3
estimated,63801,2000062536,12,3.2,11,-8.8
estimated,63804,2000062539,12,5.5,6,-6.5
estimated,63807,2000062543,24,7.6,315,-16.4
estimated,63811,2000062547,24,10.3,71,-13.7
estimated,63830,2000062566,12,7.1,7,-4.9
estimated,63836,2000062572,17,4.8,28,-12.2
estimated,63844,2000062580,12,3.4,6,-8.6
estimated,63845,2000062581,17,5.6,22,-11.4
estimated,63847,2000062585,24,15.8,120,-8.2
estimated,63848,2000062586,17,4.1,30,-12.9
estimated,63849,2000062587,24,10.1,43,-13.9
estimated,63850,2000062588,12,5.9,7,-6.1
estimated,63857,2000062596,12,5.4,6,-6.6
estimated,63860,2000062599,12,8.4,7,-3.6
estimated,63862,2000062601,17,4.9,26,-12.1
estimated,63870,2000062611,17,5.7,21,-11.3
estimated,63886,2000062634,12,9.6,5,-2.4
estimated,63890,2000062638,12,4.9,7,-7.1
estimated,63892,2000062640,17,8.8,7,-8.2
estimated,63894,2000062642,12,9.8,4,-2.2
estimated,63903,2000062651,17,3.7,9,-13.3
estimated,63914,2000062663,17,6.7,24,-10.3
estimated,63915,2000062664,17,7.2,6,-9.8
estimated,63916,2000062665,12,7.6,7,-4.4
estimated,63972,2000062746,24,6.1,38,-17.9
estimated,63974,2000062748,24,6.8,65,-17.2
estimated,63984,2000062758,12,3.9,4,-8.1
estimated,63994,2000062768,12,4.7,5,-7.3
estimated,64006,2000062780,17,7.3,7,-9.7
estimated,64016,2000062793,12,5.3,7,-6.7
estimated,64017,2000062794,12,4.9,6,-7.1
estimated,64018,2000062795,12,5.9,4,-6.1
estimated,64020,2000062798,12,4.8,5,-7.2
estimated,64024,2000062803,12,5.6,7,-6.4
estimated,64025,2000062804,12,5.1,7,-6.9
estimated,64027,2000062806,12,5.2,6,-6.8
estimated,64028,2000062807,17,4.7,18,-12.3
estimated,64036,2000062816,17,3.9,11,-13.1
estimated,64043,2000062823,24,5.1,29,-18.9
estimated,64045,2000062825,17,21.1,20,4.1
estimated,64047,2000062827,12,3.8,9,-8.2
estimated,64049,2000062829,17,5.9,14,-11.1
estimated,64050,2000062830,12,4.9,12,-7.1
estimated,64054,2000062834,17,4.2,17,-12.8
estimated,64058,2000062838,17,5.7,7,-11.3
estimated,64062,2000062842,12,6.9,4,-5.1
estimated,64063,2000062843,17,7.1,11,-9.9
estimated,64064,2000062844,24,6.2,39,-17.8
estimated,64068,2000062848,17,7.0,23,-10.0
estimated,64072,2000062852,17,4.3,16,-12.7
estimated,64078,2000062858,12,4.7,5,-7.3
estimated,64085,2000062865,12,5.6,6,-6.4
estimated,64086,2000062866,12,6.4,7,-5.6
estimated,64094,2000062874,17,5.9,15,-11.1
estimated,64095,2000062875,17,6.6,23,-10.4
estimated,64096,2000062876,12,5.9,12,-6.1
estimated,64097,2000062877,12,5.5,6,-6.5
estimated,64098,2000062878,12,5.4,9,-6.6
estimated,64099,2000062879,12,4.9,5,-7.1
estimated,64101,2000062882,17,4.5,10,-12.5
estimated,64102,2000062883,17,5.3,13,-11.7
estimated,64103,2000062884,12,5.7,7,-6.3
estimated,64107,2000062888,12,7.8,6,-4.2
estimated,64112,2000062893,12,5.4,4,-6.6
estimated,64113,2000062894,12,5.7,6,-6.3
estimated,64114,2000062895,17,9.5,16,-7.5
estimated,64116,2000062897,12,7.5,5,-4.5
estimated,64121,2000062902,12,7.5,4,-4.5
estimated,64124,2000062906,24,12.3,32,-11.7
estimated,64128,2000062912,12,3.9,4,-8.1
estimated,64129,2000062913,17,17.0,9,0.0
estimated,64131,2000062915,12,6.5,5,-5.5
estimated,64134,2000062918,12,6.3,4,-5.7
estimated,64142,2000062926,17,13.4,11,-3.6
estimated,64144,2000062928,17,11.4,9,-5.6
estimated,64145,2000062929,17,6.2,7,-10.8
estimated,64152,2000062936,24,7.6,36,-16.4
estimated,64153,2000062937,17,6.7,12,-10.3
estimated,64154,2000062938,17,8.4,15,-8.6
estimated,64155,2000062939,17,6.8,12,-10.2
estimated,64156,2000062940,12,5.8,4,-6.2
estimated,64159,2000062943,17,6.4,8,-10.6
estimated,64160,2000062944,12,6.2,4,-5.8
estimated,64163,2000062947,17,6.6,9,-10.4
estimated,64168,2000062955,12,8.5,10,-3.5
estimated,64172,2000062959,12,7.6,8,-4.4
estimated,64173,2000062960,12,8.7,5,-3.3
estimated,64175,2000062962,17,7.9,15,-9.1
estimated,64178,2000062967,12,5.5,7,-6.5
estimated,64184,2000062975,17,6.5,10,-10.5
estimated,64187,2000062979,12,5.2,6,-6.8
estimated,64189,2000062982,12,6.4,10,-5.6
estimated,64196,2000062990,17,10.6,17,-6.4
estimated,64200,2000062998,12,7.2,6,-4.8
estimated,64201,2000062999,17,8.2,18,-8.8
estimated,64203,2000063001,12,5.5,4,-6.5
estimated,64207,2000063006,17,11.7,12,-5.3
estimated,64208,2000063007,12,10.2,6,-1.8
estimated,64211,2000063012,17,7.8,23,-9.2
estimated,64212,2000063016,12,7.5,7,-4.5
estimated,64213,2000063018,17,6.1,25,-10.9
estimated,64215,2000063020,17,8.2,9,-8.8
estimated,64218,2000063024,17,8.8,24,-8.2
estimated,64223,2000063033,17,5.7,27,-11.3
estimated,64226,2000063037,12,4.7,6,-7.3
estimated,64229,2000063040,12,5.2,8,-6.8
estimated,64232,2000063047,17,6.0,19,-11.0
estimated,64234,2000063049,17,6.2,20,-10.8
estimated,64239,2000063058,17,6.4,9,-10.6
estimated,64241,2000063062,12,4.2,4,-7.8
estimated,64247,2000063070,12,8.9,8,-3.1
estimated,64248,2000063071,12,7.3,4,-4.7
estimated,64249,2000063072,24,7.6,40,-16.4
estimated,64250,2000063073,12,6.8,5,-5.2
estimated,64252,2000063075,24,6.9,60,-17.1
estimated,64253,2000063076,24,7.5,50,-16.5
estimated,64254,2000063077,17,7.2,33,-9.8
estimated,64255,2000063078,17,7.0,33,-10.0
estimated,64256,2000063079,12,11.6,5,-0.4
estimated,64258,2000063081,12,6.3,5,-5.7
estimated,64263,2000063086,12,6.5,4,-5.5
estimated,64264,2000063087,12,6.6,4,-5.4
estimated,64267,2000063090,17,5.4,26,-11.6
estimated,64271,2000063094,12,9.6,8,-2.4
estimated,64274,2000063097,17,7.6,26,-9.4
estimated,64275,2000063098,12,8.3,5,-3.7
estimated,64277,2000063101,17,7.9,23,-9.1
estimated,64282,2000063106,17,7.9,12,-9.1
estimated,64283,2000063107,12,5.7,5,-6.3
estimated,64286,2000063111,12,5.4,6,-6.6
estimated,64293,2000063118,7.5,7.3,4,-0.2
estimated,64294,2000063119,12,8.8,8,-3.2
estimated,64295,2000063120,12,10.1,6,-1.9
estimated,64298,2000063123,12,18.3,6,6.3
estimated,64299,2000063124,12,11.7,5,-0.3
estimated,64305,2000063130,12,14.4,7,2.4
estimated,64312,2000063137,12,7.4,7,-4.6
estimated,64313,2000063138,12,13.0,4,1.0
estimated,64315,2000063140,12,13.7,4,1.7
estimated,64332,2000063157,12,6.2,4,-5.8
estimated,64336,2000063161,12,5.2,7,-6.8
estimated,64337,2000063162,12,4.2,4,-7.8
estimated,64339,2000063164,12,5.0,6,-7.0
estimated,64340,2000063165,17,5.8,7,-11.2
estimated,64342,2000063167,17,5.9,28,-11.1
estimated,64347,2000063174,17,8.6,16,-8.4
estimated,64349,2000063176,24,9.1,46,-14.9
estimated,64351,2000063178,17,13.4,18,-3.6
estimated,64357,2000063184,12,9.9,4,-2.1
estimated,64361,2000063188,12,6.8,8,-5.2
estimated,64364,2000063191,24,6.8,112,-17.2
estimated,64369,2000063196,17,6.6,13,-10.4
estimated,64370,2000063197,12,6.9,10,-5.1
estimated,64376,2000063203,12,7.1,10,-4.9
estimated,64377,2000063204,12,8.8,4,-3.2
estimated,64379,2000063206,12,6.9,6,-5.1
estimated,64380,2000063207,17,11.5,21,-5.5
estimated,64382,2000063209,12,13.2,5,1.2
estimated,64384,2000063211,17,16.0,36,-1.0
estimated,64388,2000063216,7.5,5.6,4,-1.9
estimated,64389,2000063217,12,9.6,5,-2.4
estimated,64391,2000063219,17,11.4,12,-5.6
estimated,64402,2000063230,17,7.1,13,-9.9
estimated,64404,2000063232,12,4.9,4,-7.1
estimated,64406,2000063234,12,11.7,5,-0.3
estimated,64407,2000063235,12,6.6,9,-5.4
estimated,64408,2000063236,12,4.3,6,-7.7
estimated,64410,2000063238,17,6.1,11,-10.9
estimated,64413,2000063241,12,9.1,5,-2.9
estimated,64414,2000063242,12,6.9,7,-5.1
estimated,64417,2000063245,12,6.9,6,-5.1
estimated,64418,2000063246,12,6.8,11,-5.2
estimated,64421,2000063249,17,9.7,14,-7.3
estimated,64423,2000063252,12,8.9,5,-3.1
estimated,64424,2000063253,12,9.3,6,-2.7
estimated,64425,2000063254,17,8.4,18,-8.6
estimated,64432,2000063261,24,5.6,40,-18.4
estimated,64434,2000063263,17,14.7,14,-2.3
estimated,64435,2000063264,24,8.5,46,-15.5
estimated,64436,2000063265,12,9.2,5,-2.8
estimated,64437,2000063266,12,5.9,7,-6.1
estimated,64439,2000063268,17,7.0,10,-10.0
estimated,64442,2000063272,17,8.8,12,-8.2
estimated,64448,2000063279,12,10.7,8,-1.3
estimated,64449,2000063280,12,4.8,5,-7.2
estimated,64451,2000063282,24,6.5,35,-17.5
estimated,64460,2000063293,17,10.3,27,-6.7
estimated,64465,2000063298,12,8.8,7,-3.2
estimated,64466,2000063299,17,7.6,13,-9.4
estimated,64468,2000063301,12,9.8,4,-2.2
estimated,64470,2000063304,12,4.8,4,-7.2
estimated,64471,2000063305,12,4.3,5,-7.7
estimated,64485,2000063320,17,5.2,26,-11.8
estimated,64491,2000063329,17,10.4,21,-6.6
estimated,64492,2000063330,12,4.5,8,-7.5
estimated,64493,2000063331,12,4.5,6,-7.5
estimated,64496,2000063335,12,16.7,6,4.7
estimated,64499,2000063341,12,5.8,9,-6.2
estimated,64501,2000063343,17,6.4,14,-10.6
estimated,64502,2000063344,12,8.9,4,-3.1
estimated,64503,2000063345,12,5.8,8,-6.2
estimated,64505,2000063349,12,11.0,8,-1.0
estimated,64506,2000063350,17,8.8,24,-8.2
estimated,64508,2000063352,12,5.7,5,-6.3
estimated,64509,2000063353,12,6.9,5,-5.1
estimated,64511,2000063355,17,7.4,32,-9.6
estimated,64512,2000063356,12,5.7,11,-6.3
estimated,64515,2000063359,17,8.7,16,-8.3
estimated,64516,2000063360,17,7.1,12,-9.9
estimated,64517,2000063363,17,10.1,32,-6.9
estimated,64518,2000063364,17,9.4,13,-7.6
estimated,64520,2000063366,17,6.2,14,-10.8
estimated,64521,2000063369,17,8.5,10,-8.5
estimated,64522,2000063370,12,8.9,7,-3.1
estimated,64530,2000063380,17,5.8,11,-11.2
estimated,64532,2000063383,12,5.2,5,-6.8
estimated,64534,2000063385,17,9.6,21,-7.4
estimated,64535,2000063386,12,8.0,5,-4.0
estimated,64537,2000063388,12,7.2,5,-4.8
estimated,64539,2000063393,17,9.5,15,-7.5
estimated,64542,2000063396,12,6.7,6,-5.3
estimated,64543,2000063397,12,5.8,6,-6.2
estimated,64545,2000063399,12,6.3,5,-5.7
estimated,64564,2000063420,12,9.5,7,-2.5
estimated,64566,2000063422,12,14.5,4,2.5
estimated,64573,2000063429,17,21.2,16,4.2
estimated,64581,2000063437,12,6.5,6,-5.5
estimated,64597,2000063453,12,4.4,5,-7.6
estimated,64600,2000063456,17,11.5,15,-5.5
estimated,64604,2000063464,17,9.8,12,-7.2
estimated,64607,2000063467,17,5.9,10,-11.1
estimated,64609,2000063469,12,9.7,9,-2.3
estimated,64611,2000063471,17,13.7,14,-3.3
estimated,64612,2000063472,17,12.4,12,-4.6
estimated,64614,2000063474,17,8.0,15,-9.0
estimated,64616,2000063476,17,7.6,14,-9.4
estimated,64618,2000063478,17,6.8,16,-10.2
estimated,64619,2000063479,12,6.9,5,-5.1
estimated,64620,2000063480,12,8.1,5,-3.9
estimated,64623,2000063483,17,5.8,13,-11.2
estimated,64629,2000063490,17,7.9,14,-9.1
estimated,64630,2000063491,12,9.2,8,-2.8
estimated,64631,2000063492,12,9.2,4,-2.8
estimated,64632,2000063493,17,9.9,24,-7.1
estimated,64634,2000063495,12,13.5,5,1.5
estimated,64635,2000063497,17,8.6,26,-8.4
estimated,64636,2000063498,17,10.2,13,-6.8
estimated,64639,2000063501,12,10.2,4,-1.8
estimated,64644,2000063506,17,11.2,12,-5.8
estimated,64647,2000063511,12,9.1,7,-2.9
estimated,64649,2000063513,12,7.7,4,-4.3
estimated,64650,2000063514,12,8.8,5,-3.2
estimated,64651,2000063516,7.5,6.6,4,-0.9
estimated,64654,2000063519,12,6.9,6,-5.1
estimated,64655,2000063520,24,10.1,37,-13.9
estimated,64656,2000063521,17,10.5,26,-6.5
estimated,64657,2000063522,17,11.8,11,-5.2
estimated,64661,2000063529,12,15.1,5,3.1
estimated,64665,2000063533,17,18.7,12,1.7
estimated,64666,2000063534,12,16.9,7,4.9
estimated,64670,2000063539,17,10.6,15,-6.4
estimated,64672,2000063541,12,10.1,5,-1.9
estimated,64673,2000063542,12,9.9,10,-2.1
estimated,64674,2000063543,12,11.9,9,-0.1
estimated,64680,2000063549,12,5.8,7,-6.2
estimated,64681,2000063550,17,8.0,10,-9.0
estimated,64682,2000063551,12,5.4,11,-6.6
estimated,64684,2000063554,12,11.2,4,-0.8
estimated,64686,2000063556,12,5.7,6,-6.3
estimated,64689,2000063559,12,9.2,7,-2.8
estimated,64690,2000063560,17,8.2,14,-8.8
estimated,64691,2000063561,17,8.7,17,-8.3
estimated,64695,2000063565,12,8.2,4,-3.8
estimated,64697,2000063567,17,9.5,8,-7.5
estimated,64699,2000063569,12,10.8,7,-1.2
estimated,64700,2000063570,17,13.2,10,-3.8
estimated,64701,2000063571,17,13.6,31,-3.4
estimated,64703,2000063573,17,11.7,7,-5.3
estimated,64704,2000063574,17,14.1,8,-2.9
estimated,64705,2000063575,12,7.5,9,-4.5
estimated,64707,2000063577,12,8.5,5,-3.5
estimated,64709,2000063579,12,4.6,5,-7.4
estimated,64713,2000063583,7.5,6.1,4,-1.4
estimated,64719,2000063589,24,12.6,221,-11.4
estimated,64722,2000063592,24,13.7,223,-10.3
estimated,64724,2000063594,17,6.4,12,-10.6
estimated,64726,2000063596,17,6.9,8,-10.1
estimated,64727,2000063597,12,6.5,8,-5.5
estimated,64728,2000063598,17,6.2,7,-10.8
estimated,64729,2000063599,17,8.2,13,-8.8
estimated,64732,2000063602,17,8.9,29,-8.1
estimated,64740,2000063611,17,6.4,8,-10.6
estimated,64741,2000063613,17,7.4,17,-9.6
estimated,64745,2000063617,12,6.0,8,-6.0
estimated,64748,2000063620,12,7.8,10,-4.2
estimated,64749,2000063621,17,6.0,12,-11.0
estimated,64753,2000063625,17,21.4,9,4.4
estimated,64759,2000063632,17,14.8,41,-2.2
estimated,64764,2000063637,17,12.9,13,-4.1
estimated,64765,2000063638,12,7.9,6,-4.1
estimated,64766,2000063639,24,16.8,45,-7.2
estimated,64770,2000063643,12,12.5,8,0.5
estimated,64771,2000063644,17,8.5,16,-8.5
estimated,64774,2000063647,12,6.3,5,-5.7
estimated,64777,2000063650,12,14.1,4,2.1
estimated,64782,2000063656,12,5.7,5,-6.3
estimated,64786,2000063661,12,6.3,4,-5.7
estimated,64787,2000063663,17,4.8,7,-12.2
estimated,64788,2000063664,17,5.7,17,-11.3
estimated,64806,2000063683,12,6.0,6,-6.0
estimated,64808,2000063686,17,4.8,13,-12.2
estimated,64809,2000063687,12,8.6,6,-3.4
estimated,64812,2000063690,17,9.7,17,-7.3
estimated,64813,2000063691,12,10.5,6,-1.5
estimated,64819,2000063697,12,8.5,4,-3.5
estimated,64821,2000063699,7.5,11.6,4,4.1
estimated,64823,2000063701,17,7.1,12,-9.9
estimated,64824,2000063702,12,8.2,11,-3.8
estimated,64826,2000063704,12,10.6,4,-1.4
estimated,64829,2000063707,12,5.9,7,-6.1
estimated,64836,2000063716,12,5.0,4,-7.0
estimated,64840,2000063720,12,6.4,7,-5.6
estimated,64842,2000063722,12,6.4,4,-5.6
estimated,64843,2000063723,7.5,6.0,4,-1.5
estimated,64844,2000063724,17,7.2,11,-9.8
estimated,64847,2000063727,12,6.0,4,-6.0
estimated,64849,2000063733,12,5.9,4,-6.1
estimated,64855,2000063741,12,9.6,10,-2.4
estimated,64857,2000063743,12,5.5,7,-6.5
estimated,64858,2000063744,12,6.1,7,-5.9
estimated,64863,2000063751,17,7.2,11,-9.8
estimated,64864,2000063752,17,11.3,21,-5.7
estimated,64867,2000063755,12,6.5,4,-5.5
estimated,64868,2000063756,12,6.6,8,-5.4
estimated,64870,2000063758,17,7.6,10,-9.4
estimated,64871,2000063759,12,7.6,4,-4.4
estimated,64872,2000063760,12,9.4,12,-2.6
estimated,64874,2000063762,17,7.8,11,-9.2
estimated,64875,2000063763,17,9.0,21,-8.0
estimated,64876,2000063764,12,11.5,4,-0.5
estimated,64877,2000063765,12,12.4,7,0.4
estimated,64878,2000063766,17,15.0,26,-2.0
estimated,64879,2000063767,12,12.8,5,0.8
estimated,64882,2000063770,12,9.7,4,-2.3
estimated,64883,2000063771,17,9.8,11,-7.2
estimated,64884,2000063772,17,9.4,14,-7.6
estimated,64886,2000063774,12,10.4,7,-1.6
estimated,64889,2000063777,17,7.8,13,-9.2
estimated,64891,2000063779,17,7.6,20,-9.4
estimated,64892,2000063780,17,9.2,10,-7.8
estimated,64894,2000063782,7.5,7.4,4,-0.1
estimated,64897,2000063785,12,8.9,5,-3.1
estimated,64898,2000063786,17,9.8,10,-7.2
estimated,64899,2000063787,12,9.9,10,-2.1
estimated,64902,2000063790,24,6.1,37,-17.9
estimated,64903,2000063791,12,13.6,7,1.6
estimated,64905,2000063793,17,12.2,15,-4.8
estimated,64908,2000063796,24,6.9,43,-17.1
estimated,64909,2000063797,12,6.9,4,-5.1
estimated,64910,2000063799,17,8.0,10,-9.0
estimated,64911,2000063800,17,5.7,16,-11.3
estimated,64912,2000063801,12,13.2,6,1.2
estimated,64913,2000063802,17,5.4,14,-11.6
estimated,64917,2000063806,12,6.5,4,-5.5
estimated,64920,2000063809,12,5.8,7,-6.2
estimated,64922,2000063811,12,7.0,4,-5.0
estimated,64923,2000063812,12,5.6,6,-6.4
estimated,64924,2000063813,12,6.0,5,-6.0
estimated,64925,2000063814,12,5.9,7,-6.1
estimated,64926,2000063815,12,13.1,5,1.1
estimated,64927,2000063816,17,7.9,23,-9.1
estimated,64928,2000063817,24,6.2,35,-17.8
estimated,64933,2000063822,17,5.1,6,-11.9
estimated,64937,2000063827,12,5.3,5,-6.7
estimated,64938,2000063828,12,9.2,6,-2.8
estimated,64939,2000063830,12,7.7,6,-4.3
estimated,64940,2000063831,12,5.2,4,-6.8
estimated,64941,2000063832,12,5.2,8,-6.8
estimated,64947,2000063838,12,6.9,5,-5.1
estimated,64952,2000063843,17,7.6,18,-9.4
estimated,64953,2000063844,12,10.1,4,-1.9
estimated,64958,2000063849,17,8.3,9,-8.7
estimated,64961,2000063852,12,5.6,8,-6.4
estimated,64964,2000063856,17,9.4,21,-7.6
estimated,64968,2000063860,12,14.7,5,2.7
estimated,64969,2000063861,12,15.6,8,3.6
estimated,64970,2000063862,12,7.7,6,-4.3
estimated,64972,2000063864,12,5.4,6,-6.6
estimated,64974,2000063867,12,4.0,7,-8.0
estimated,64975,2000063868,17,4.5,7,-12.5
estimated,64978,2000063871,12,4.8,4,-7.2
estimated,64980,2000063873,17,5.4,10,-11.6
estimated,64984,2000063878,12,4.7,6,-7.3
estimated,64985,2000063879,17,6.9,17,-10.1
estimated,64986,2000063880,17,8.1,15,-8.9
estimated,64987,2000063881,17,5.0,37,-12.0
estimated,64989,2000063884,17,12.3,17,-4.7
estimated,64990,2000063885,17,11.0,8,-6.0
estimated,64995,2000063890,17,8.3,12,-8.7
estimated,64997,2000063892,12,8.2,7,-3.8
estimated,65001,2000063898,12,9.1,8,-2.9
estimated,65002,2000063899,17,5.3,17,-11.7
estimated,65006,2000063903,12,5.2,5,-6.8
estimated,65007,2000063904,12,5.6,14,-6.4
estimated,65010,2000063907,17,5.6,10,-11.4
estimated,65012,2000063909,17,5.2,9,-11.8
estimated,65014,2000063911,17,9.7,14,-7.3
estimated,65017,2000063914,12,6.1,8,-5.9
estimated,65018,2000063915,12,6.8,6,-5.2
estimated,65021,2000063918,17,6.2,12,-10.8
estimated,65026,2000063924,17,5.9,8,-11.1
estimated,65028,2000063928,12,5.3,4,-6.7
estimated,65030,2000063930,12,7.7,7,-4.3
estimated,65031,2000063931,12,7.8,7,-4.2
estimated,65032,2000063932,12,8.7,7,-3.3
estimated,65033,2000063933,12,9.1,7,-2.9
estimated,65034,2000063934,17,10.9,13,-6.1
estimated,65035,2000063935,12,11.7,10,-0.3
estimated,65036,2000063936,24,9.3,43,-14.7
estimated,65042,2000063942,17,12.2,26,-4.8
estimated,65043,2000063943,12,11.9,5,-0.1
estimated,65045,2000063945,12,8.1,8,-3.9
estimated,65052,2000063952,12,12.6,5,0.6
estimated,65055,2000063955,12,6.3,4,-5.7
estimated,65056,2000063956,12,6.7,4,-5.3
estimated,65057,2000063957,12,6.3,13,-5.7
estimated,65058,2000063959,12,7.8,11,-4.2
estimated,65061,2000063962,17,5.8,19,-11.2
estimated,65065,2000063966,12,5.9,9,-6.1
estimated,65068,2000063969,12,6.2,9,-5.8
estimated,65071,2000063975,24,7.8,51,-16.2
estimated,65073,2000063978,12,4.7,6,-7.3
estimated,65074,2000063979,17,9.7,18,-7.3
estimated,65075,2000063980,12,11.0,4,-1.0
estimated,65079,2000063984,12,8.3,7,-3.7
estimated,65080,2000063985,12,7.5,9,-4.5
estimated,65084,2000063990,12,9.8,4,-2.2
estimated,65087,2000063993,12,9.1,8,-2.9
estimated,65088,2000063994,12,9.2,8,-2.8
estimated,65089,2000063995,12,8.8,8,-3.2
estimated,65094,2000064001,17,7.9,10,-9.1
estimated,65095,2000064002,7.5,7.2,4,-0.3
estimated,65096,2000064003,24,7.4,45,-16.6
estimated,65101,2000064008,12,12.0,10,-0.0
estimated,65105,2000064012,12,8.3,5,-3.7
estimated,65107,2000064014,12,6.0,4,-6.0
estimated,65108,2000064015,12,7.7,6,-4.3
estimated,65109,2000064016,12,6.9,4,-5.1
estimated,65111,2000064018,12,5.5,5,-6.5
estimated,65112,2000064019,17,7.4,14,-9.6
estimated,65114,2000064021,12,6.7,5,-5.3
estimated,65116,2000064023,12,7.8,6,-4.2
estimated,65119,2000064026,17,5.8,13,-11.2
estimated,65133,2000064040,12,14.1,5,2.1
estimated,65136,2000064043,17,6.5,13,-10.5
estimated,65141,2000064048,12,9.0,7,-3.0
estimated,65146,2000064053,12,3.9,6,-8.1
estimated,65147,2000064055,17,7.9,9,-9.1
estimated,65155,2000064063,12,12.0,6,-0.0
estimated,65159,2000064067,17,9.0,9,-8.0
estimated,65162,2000064070,17,8.5,13,-8.5
estimated,65164,2000064072,12,9.9,10,-2.1
estimated,65165,2000064073,12,8.1,8,-3.9
estimated,65166,2000064074,17,6.1,12,-10.9
estimated,65170,2000064078,12,6.1,4,-5.9
estimated,65180,2000064090,7.5,6.7,4,-0.8
estimated,65183,2000064093,12,6.3,4,-5.7
estimated,65184,2000064094,12,7.2,4,-4.8
estimated,65185,2000064095,17,7.1,10,-9.9
estimated,65187,2000064097,12,7.1,11,-4.9
estimated,65188,2000064098,12,7.8,7,-4.2
estimated,65193,2000064103,17,8.5,10,-8.5
estimated,65197,2000064108,12,7.0,8,-5.0
estimated,65201,2000064112,12,6.6,4,-5.4
estimated,65204,2000064116,17,5.6,10,-11.4
estimated,65209,2000064121,17,7.4,15,-9.6
estimated,65216,2000064128,12,9.3,5,-2.7
estimated,65221,2000064133,17,7.5,14,-9.5
estimated,65222,2000064134,17,6.3,17,-10.7
estimated,65223,2000064135,12,6.3,5,-5.7
estimated,65224,2000064136,7.5,6.7,4,-0.8
estimated,65232,2000064151,12,7.6,5,-4.4
estimated,65234,2000064155,12,8.7,4,-3.3
estimated,65235,2000064156,12,8.4,4,-3.6
estimated,65237,2000064158,12,6.5,4,-5.5
estimated,65242,2000064166,17,9.5,15,-7.5
estimated,65243,2000064167,12,6.2,9,-5.8
estimated,65245,2000064170,12,9.4,4,-2.6
estimated,65250,2000064177,17,13.2,20,-3.8
estimated,65251,2000064178,12,3.8,6,-8.2
estimated,65256,2000064185,12,7.1,4,-4.9
estimated,65260,2000064189,12,5.3,5,-6.7
estimated,65261,2000064190,24,4.2,34,-19.8
estimated,65264,2000064194,17,5.4,12,-11.6
estimated,65267,2000064197,17,7.3,8,-9.7
estimated,65268,2000064199,17,20.2,12,3.2
estimated,65271,2000064202,12,8.5,6,-3.5
estimated,65273,2000064204,17,8.5,19,-8.5
estimated,65279,2000064216,17,10.2,17,-6.8
estimated,65280,2000064217,12,5.7,5,-6.3
estimated,65291,2000064254,17,8.9,13,-8.1
estimated,65293,2000064256,12,7.7,6,-4.3
estimated,65296,2000064266,17,7.3,14,-9.7
estimated,65299,2000064273,12,9.5,10,-2.5
estimated,65302,2000064277,17,7.5,15,-9.5
estimated,65307,2000064282,17,13.1,21,-3.9
estimated,65311,2000064286,12,7.1,4,-4.9
estimated,65319,2000064295,12,7.9,6,-4.1
estimated,65322,2000064299,17,4.7,12,-12.3
estimated,65326,2000064305,17,5.7,10,-11.3
estimated,65327,2000064306,17,9.1,12,-7.9
estimated,65328,2000064307,12,7.2,4,-4.8
estimated,65331,2000064311,12,7.4,8,-4.6
estimated,65333,2000064314,12,15.2,6,3.2
estimated,65335,2000064316,12,4.0,4,-8.0
estimated,65341,2000064322,12,4.6,9,-7.4
estimated,65349,2000064342,12,5.7,8,-6.3
estimated,65353,2000064349,12,4.8,4,-7.2
estimated,65354,2000064354,12,5.2,8,-6.8
estimated,65355,2000064358,12,4.9,4,-7.1
estimated,65360,2000064367,17,13.9,17,-3.1
estimated,65366,2000064374,12,4.9,6,-7.1
estimated,65367,2000064376,12,5.3,8,-6.7
estimated,65379,2000064394,17,4.3,7,-12.7
estimated,65385,2000064400,12,7.5,6,-4.5
estimated,65387,2000064402,12,5.5,4,-6.5
estimated,65390,2000064405,12,7.2,7,-4.8
estimated,65395,2000064411,17,5.3,23,-11.7
estimated,65396,2000064412,12,5.9,7,-6.1
estimated,65398,2000064414,17,7.0,20,-10.0
estimated,65400,2000064416,12,6.5,9,-5.5
estimated,65401,2000064417,12,6.6,8,-5.4
estimated,65404,2000064420,17,6.2,14,-10.8
estimated,65406,2000064422,12,7.3,8,-4.7
estimated,65407,2000064424,12,5.4,9,-6.6
estimated,65410,2000064427,12,5.9,4,-6.1
estimated,65412,2000064429,12,5.2,7,-6.8
estimated,65413,2000064430,12,6.9,6,-5.1
estimated,65416,2000064433,17,6.1,21,-10.9
estimated,65417,2000064434,17,4.2,12,-12.8
estimated,65422,2000064439,12,8.8,4,-3.2
estimated,65423,2000064440,17,8.3,12,-8.7
estimated,65424,2000064441,12,7.5,4,-4.5
estimated,65425,2000064443,12,6.2,6,-5.8
estimated,65426,2000064445,12,9.6,7,-2.4
estimated,65427,2000064446,12,8.8,5,-3.2
estimated,65428,2000064447,17,8.3,12,-8.7
estimated,65437,2000064458,12,10.3,8,-1.7
estimated,65438,2000064459,12,9.1,4,-2.9
estimated,65441,2000064462,12,6.5,8,-5.5
estimated,65442,2000064463,12,7.0,7,-5.0
estimated,65446,2000064467,12,6.9,5,-5.1
estimated,65451,2000064472,17,15.3,21,-1.7
estimated,65452,2000064473,17,12.9,21,-4.1
estimated,65454,2000064475,17,14.6,10,-2.4
estimated,65457,2000064478,12,15.4,6,3.4
estimated,65459,2000064480,17,17.3,17,0.3
estimated,65460,2000064481,17,13.2,14,-3.8
estimated,65461,2000064482,17,9.5,17,-7.5
estimated,65462,2000064483,17,18.9,9,1.9
estimated,65464,2000064485,24,13.3,98,-10.7
estimated,65469,2000064490,12,11.0,6,-1.0
estimated,65470,2000064491,17,11.3,8,-5.7
estimated,65472,2000064493,17,13.6,29,-3.4
estimated,65473,2000064494,17,17.1,9,0.1
estimated,65477,2000064499,17,9.6,10,-7.4
estimated,65480,2000064507,17,6.6,9,-10.4
estimated,65498,2000064542,12,15.5,6,3.5
estimated,65504,2000064549,12,3.7,5,-8.3
estimated,65506,2000064551,12,7.2,8,-4.8
estimated,65509,2000064554,12,5.7,9,-6.3
estimated,65511,2000064557,17,13.2,13,-3.8
estimated,65512,2000064558,12,12.9,5,0.9
estimated,65514,2000064561,17,4.6,16,-12.4
estimated,65516,2000064565,17,5.8,27,-11.2
estimated,65524,2000064576,17,12.7,5,-4.3
estimated,65525,2000064577,17,16.8,24,-0.2
estimated,65527,2000064579,12,13.6,6,1.6
estimated,65528,2000064580,12,9.6,6,-2.4
estimated,65529,2000064581,7.5,10.0,4,2.5
estimated,65531,2000064583,12,10.6,6,-1.4
estimated,65538,2000064593,17,6.7,8,-10.3
estimated,65540,2000064596,17,10.1,15,-6.9
estimated,65541,2000064597,17,11.0,11,-6.0
estimated,65542,2000064598,12,6.1,7,-5.9
estimated,65543,2000064601,17,8.5,13,-8.5
estimated,65545,2000064603,17,6.4,9,-10.6
estimated,65547,2000064606,12,10.7,5,-1.3
estimated,65549,2000064608,17,9.5,11,-7.5
estimated,65550,2000064610,17,7.6,16,-9.4
estimated,65551,2000064611,12,7.0,10,-5.0
estimated,65555,2000064618,12,6.4,5,-5.6
estimated,65562,2000064636,12,8.1,4,-3.9
estimated,65566,2000064641,12,15.6,5,3.6
estimated,65569,2000064644,17,16.9,9,-0.1
estimated,65574,2000064649,17,5.4,9,-11.6
estimated,65579,2000064654,12,6.9,6,-5.1
estimated,65581,2000064656,17,8.3,18,-8.7
estimated,65582,2000064657,17,10.1,21,-6.9
estimated,65583,2000064658,12,12.8,11,0.8
estimated,65584,2000064659,12,9.8,7,-2.2
estimated,65585,2000064660,17,10.8,18,-6.2
estimated,65586,2000064661,17,7.8,6,-9.2
estimated,65595,2000064670,17,9.3,11,-7.7
estimated,65606,2000064681,12,6.7,7,-5.3
estimated,65608,2000064683,17,10.5,18,-6.5
estimated,65611,2000064686,17,5.0,13,-12.0
estimated,65614,2000064689,17,4.9,11,-12.1
estimated,65615,2000064690,17,5.5,23,-11.5
estimated,65617,2000064692,17,5.6,10,-11.4
estimated,65618,2000064693,12,5.5,5,-6.5
estimated,65619,2000064694,12,6.4,11,-5.6
estimated,65620,2000064695,12,6.2,5,-5.8
estimated,65621,2000064696,12,5.2,6,-6.8
estimated,65624,2000064699,17,4.9,5,-12.1
estimated,65627,2000064702,17,4.0,10,-13.0
estimated,65637,2000064713,17,7.5,9,-9.5
estimated,65641,2000064725,12,7.8,6,-4.2
estimated,65642,2000064727,17,5.3,20,-11.7
estimated,65643,2000064728,17,4.8,11,-12.2
estimated,65645,2000064730,12,4.1,4,-7.9
estimated,65646,2000064731,17,6.0,11,-11.0
estimated,65647,2000064732,12,5.3,5,-6.7
estimated,65649,2000064734,17,6.1,31,-10.9
estimated,65650,2000064735,12,5.4,12,-6.6
estimated,65652,2000064742,17,6.9,11,-10.1
estimated,65653,2000064747,12,6.4,4,-5.6
estimated,65656,2000064753,12,4.6,5,-7.4
estimated,65661,2000064779,12,4.7,9,-7.3
estimated,65665,2000064785,12,4.5,5,-7.5
estimated,65672,2000064794,17,8.4,8,-8.6
estimated,65675,2000064798,17,5.0,9,-12.0
estimated,65676,2000064809,17,7.4,12,-9.6
estimated,65681,2000064814,17,8.1,14,-8.9
estimated,65683,2000064816,17,9.1,11,-7.9
estimated,65685,2000064818,12,14.8,4,2.8
estimated,65686,2000064819,17,5.5,35,-11.5
estimated,65705,2000064860,12,7.2,14,-4.8
estimated,65721,2000064894,12,10.2,6,-1.8
estimated,65722,2000064898,17,7.9,6,-9.1
estimated,65729,2000064906,12,6.8,4,-5.2
estimated,65734,2000064918,12,9.6,6,-2.4
estimated,65736,2000064924,12,8.4,4,-3.6
estimated,65737,2000064925,12,6.8,8,-5.2
estimated,65738,2000064926,17,7.7,16,-9.3
estimated,65740,2000064930,12,8.2,9,-3.8
estimated,65745,2000064945,12,5.4,6,-6.6
estimated,65752,2000064956,12,6.3,9,-5.7
estimated,65754,2000064961,17,4.7,14,-12.3
estimated,65759,2000064970,12,5.9,4,-6.1
estimated,65760,2000064971,12,8.2,6,-3.8
estimated,65766,2000064985,17,3.9,9,-13.1
estimated,65769,2000064997,17,6.8,12,-10.2
estimated,65773,2000065001,12,4.0,8,-8.0
estimated,65778,2000065015,12,5.0,7,-7.0
estimated,65783,2000065030,12,6.6,12,-5.4
estimated,65785,2000065041,12,6.7,5,-5.3
estimated,65786,2000065047,17,7.7,16,-9.3
estimated,65788,2000065051,17,10.5,11,-6.5
estimated,65792,2000065064,7.5,6.6,4,-0.9
estimated,65808,2000065090,17,7.6,11,-9.4
estimated,65812,2000065095,12,6.0,4,-6.0
estimated,65826,2000065115,12,5.6,11,-6.4
estimated,65827,2000065116,12,6.0,5,-6.0
estimated,65828,2000065118,12,5.2,4,-6.8
estimated,65831,2000065123,12,11.9,5,-0.1
estimated,65832,2000065125,12,4.6,4,-7.4
estimated,65834,2000065127,12,4.2,5,-7.8
estimated,65835,2000065128,12,7.6,4,-4.4
estimated,65838,2000065139,12,10.1,5,-1.9
estimated,65843,2000065154,12,21.7,4,9.7
estimated,65846,2000065160,7.5,9.2,4,1.7
estimated,65848,2000065163,12,4.9,4,-7.1
estimated,65852,2000065168,12,6.8,6,-5.2
estimated,65855,2000065171,7.5,4.0,4,-3.5
estimated,65861,2000065181,12,4.8,4,-7.2
estimated,65874,2000065213,12,4.8,4,-7.2
estimated,65886,2000065239,12,7.5,8,-4.5
estimated,65902,2000065270,17,7.6,12,-9.4
estimated,65906,2000065276,12,6.8,6,-5.2
estimated,65907,2000065277,17,5.4,13,-11.6
estimated,65920,2000065310,12,8.9,4,-3.1
estimated,65925,2000065319,12,9.0,7,-3.0
estimated,65934,2000065345,17,19.7,8,2.7
estimated,65947,2000065373,12,5.0,5,-7.0
estimated,65954,2000065393,12,8.1,6,-3.9
estimated,65955,2000065394,12,7.2,5,-4.8
estimated,65956,2000065395,12,8.4,4,-3.6
estimated,65958,2000065398,17,7.2,22,-9.8
estimated,65960,2000065400,12,6.9,4,-5.1
estimated,65962,2000065402,12,5.0,6,-7.0
estimated,65963,2000065403,12,4.7,4,-7.3
estimated,65965,2000065405,17,5.5,15,-11.5
estimated,65969,2000065423,12,6.7,5,-5.3
estimated,65973,2000065428,17,7.9,20,-9.1
estimated,65976,2000065434,12,10.0,4,-2.0
estimated,65977,2000065435,17,10.8,17,-6.2
estimated,65980,2000065438,12,6.7,11,-5.3
estimated,65981,2000065439,17,6.7,12,-10.3
estimated,65982,2000065440,17,6.5,11,-10.5
estimated,66000,2000065472,12,6.4,10,-5.6
estimated,66001,2000065474,12,7.1,6,-4.9
estimated,66002,2000065475,12,8.1,6,-3.9
estimated,66003,2000065476,12,7.4,8,-4.6
estimated,66006,2000065481,12,7.5,6,-4.5
estimated,66008,2000065483,12,7.4,6,-4.6
estimated,66009,2000065484,17,6.7,10,-10.3
estimated,66012,2000065487,17,8.0,13,-9.0
estimated,66013,2000065488,12,6.3,4,-5.7
estimated,66014,2000065489,12,5.1,5,-6.9
estimated,66016,2000065491,12,5.5,8,-6.5
estimated,66017,2000065492,12,5.3,10,-6.7
estimated,66019,2000065494,12,5.5,4,-6.5
estimated,66020,2000065495,17,7.5,26,-9.5
estimated,66024,2000065499,12,8.4,4,-3.6
estimated,66025,2000065500,12,5.5,5,-6.5
estimated,66026,2000065501,12,5.9,7,-6.1
estimated,66027,2000065502,17,8.3,15,-8.7
estimated,66029,2000065504,17,7.7,8,-9.3
estimated,66030,2000065505,12,6.0,4,-6.0
estimated,66033,2000065508,17,8.3,17,-8.7
estimated,66034,2000065509,17,9.9,24,-7.1
estimated,66035,2000065510,17,14.3,22,-2.7
estimated,66039,2000065514,17,8.8,7,-8.2
estimated,66043,2000065518,17,6.5,19,-10.5
estimated,66044,2000065520,17,6.6,10,-10.4
estimated,66048,2000065524,12,7.2,6,-4.8
estimated,66050,2000065526,17,8.8,28,-8.2
estimated,66051,2000065527,17,9.6,8,-7.4
estimated,66052,2000065528,12,6.3,7,-5.7
estimated,66056,2000065532,12,11.4,4,-0.6
estimated,66057,2000065533,12,13.0,5,1.0
estimated,66059,2000065535,12,14.1,5,2.1
estimated,66061,2000065537,17,12.2,11,-4.8
estimated,66062,2000065538,17,8.1,22,-8.9
estimated,66065,2000065541,17,16.9,10,-0.1
estimated,66066,2000065542,12,12.0,4,-0.0
estimated,66074,2000065558,12,6.7,5,-5.3
estimated,66078,2000065562,12,8.2,8,-3.8
estimated,66080,2000065565,17,7.3,10,-9.7
estimated,66081,2000065566,17,8.1,9,-8.9
estimated,66084,2000065569,17,7.0,14,-10.0
estimated,66085,2000065571,12,7.5,4,-4.5
estimated,66086,2000065572,12,8.6,4,-3.4
estimated,66087,2000065573,17,8.5,15,-8.5
estimated,66089,2000065575,17,5.1,13,-11.9
estimated,66092,2000065579,12,6.4,6,-5.6
estimated,66098,2000065585,17,10.9,7,-6.1
estimated,66099,2000065586,12,9.5,5,-2.5
estimated,66105,2000065593,17,9.1,19,-7.9
estimated,66106,2000065594,17,8.8,18,-8.2
estimated,66109,2000065598,12,5.7,6,-6.3
estimated,66111,2000065600,17,5.8,12,-11.2
estimated,66117,2000065607,12,5.9,4,-6.1
estimated,66121,2000065612,17,6.2,12,-10.8
estimated,66122,2000065613,17,10.1,19,-6.9
estimated,66125,2000065616,17,10.7,10,-6.3
estimated,66127,2000065619,12,5.7,5,-6.3
estimated,66131,2000065624,12,7.0,4,-5.0
estimated,66132,2000065625,12,6.0,7,-6.0
estimated,66133,2000065626,24,9.7,31,-14.3
estimated,66135,2000065628,12,6.7,12,-5.3
estimated,66141,2000065635,12,6.3,6,-5.7
estimated,66142,2000065636,12,5.2,5,-6.8
estimated,66145,2000065639,17,4.6,6,-12.4
estimated,66148,2000065643,12,4.7,4,-7.3
estimated,66149,2000065644,17,10.1,11,-6.9
estimated,66151,2000065646,17,11.5,8,-5.5
estimated,66153,2000065648,12,7.8,9,-4.2
estimated,66154,2000065649,17,6.5,17,-10.5
estimated,66156,2000065651,17,8.1,11,-8.9
estimated,66158,2000065653,12,5.7,4,-6.3
estimated,66160,2000065655,12,6.7,7,-5.3
estimated,66161,2000065656,12,7.8,8,-4.2
estimated,66162,2000065657,17,6.4,24,-10.6
estimated,66164,2000065659,17,6.6,12,-10.4
estimated,66165,2000065660,17,6.5,9,-10.5
estimated,66166,2000065661,12,8.3,6,-3.7
estimated,66168,2000065664,17,7.2,13,-9.8
estimated,66170,2000065667,12,6.5,10,-5.5
estimated,66172,2000065669,17,10.4,15,-6.6
estimated,66173,2000065670,17,8.6,25,-8.4
estimated,66175,2000065672,12,7.3,5,-4.7
estimated,66176,2000065673,17,4.9,10,-12.1
estimated,66178,2000065676,12,6.1,6,-5.9
estimated,66179,2000065677,12,5.1,7,-6.9
estimated,66180,2000065678,17,9.0,14,-8.0
estimated,66182,2000065680,17,7.0,12,-10.0
estimated,66183,2000065681,12,8.3,6,-3.7
estimated,66185,2000065683,12,8.8,7,-3.2
estimated,66186,2000065684,12,11.8,7,-0.2
estimated,66188,2000065686,12,6.9,9,-5.1
estimated,66189,2000065687,12,6.3,9,-5.7
estimated,66191,2000065689,17,3.1,13,-13.9
estimated,66192,2000065690,12,6.3,10,-5.7
estimated,66193,2000065691,12,7.3,7,-4.7
estimated,66194,2000065692,17,12.7,11,-4.3
estimated,66195,2000065693,17,12.9,8,-4.1
estimated,66197,2000065696,17,11.4,19,-5.6
estimated,66198,2000065697,17,4.7,11,-12.3
estimated,66200,2000065699,17,8.2,18,-8.8
estimated,66201,2000065700,17,7.7,19,-9.3
estimated,66202,2000065701,12,10.6,8,-1.4
estimated,66204,2000065703,12,12.4,10,0.4
estimated,66205,2000065704,12,4.3,6,-7.7
estimated,66207,2000065706,24,8.8,46,-15.2
estimated,66209,2000065708,17,11.5,22,-5.5
estimated,66210,2000065709,17,10.8,11,-6.2
estimated,66212,2000065711,12,12.3,9,0.3
estimated,66213,2000065712,17,14.9,20,-2.1
estimated,66219,2000065721,17,9.0,13,-8.0
estimated,66220,2000065722,17,10.4,12,-6.6
estimated,66221,2000065723,17,9.9,16,-7.1
estimated,66223,2000065725,12,12.8,7,0.8
estimated,66224,2000065726,24,15.2,52,-8.8
estimated,66225,2000065727,24,14.8,71,-9.2
estimated,66227,2000065729,12,14.6,8,2.6
estimated,66228,2000065730,17,13.6,12,-3.4
estimated,66229,2000065731,12,10.8,7,-1.2
estimated,66234,2000065736,12,11.3,9,-0.7
estimated,66236,2000065738,12,9.1,10,-2.9
estimated,66246,2000065750,24,9.1,38,-14.9
estimated,66248,2000065754,12,5.4,6,-6.6
estimated,66256,2000065763,17,3.9,11,-13.1
estimated,66257,2000065764,12,8.7,7,-3.3
estimated,66258,2000065765,17,5.3,14,-11.7
estimated,66259,2000065766,17,8.8,15,-8.2
estimated,66260,2000065767,17,9.5,13,-7.5
estimated,66266,2000065782,17,5.5,26,-11.5
estimated,66267,2000065783,12,6.6,12,-5.4
estimated,66268,2000065784,17,6.1,14,-10.9
estimated,66270,2000065786,17,7.0,11,-10.0
estimated,66286,2000065836,12,5.4,6,-6.6
estimated,66291,2000065844,12,5.3,4,-6.7
estimated,66292,2000065846,12,5.9,4,-6.1
estimated,66294,2000065849,12,5.9,5,-6.1
estimated,66295,2000065850,12,5.7,10,-6.3
estimated,66297,2000065852,12,4.2,4,-7.8
estimated,66299,2000065855,12,3.2,6,-8.8
estimated,66308,2000065872,12,6.4,5,-5.6
estimated,66312,2000065880,12,7.7,6,-4.3
estimated,66320,2000065904,12,5.0,4,-7.0
estimated,66326,2000065918,12,5.6,6,-6.4
estimated,66327,2000065929,12,6.3,5,-5.7
estimated,66334,2000065939,12,4.1,12,-7.9
estimated,66342,2000065953,12,6.9,5,-5.1
estimated,66343,2000065954,17,7.9,8,-9.1
estimated,66349,2000066010,12,7.8,10,-4.2
estimated,66350,2000066011,12,6.1,6,-5.9
estimated,66351,2000066012,12,8.1,4,-3.9
estimated,66352,2000066013,17,7.1,6,-9.9
estimated,66375,2000066054,12,3.8,6,-8.2
estimated,66392,2000066072,17,5.0,13,-12.0
estimated,66393,2000066073,12,5.5,4,-6.5
estimated,66394,2000066074,7.5,4.5,4,-3.0
estimated,66406,2000066087,12,5.3,5,-6.7
estimated,66409,2000066090,17,4.6,13,-12.4
estimated,66411,2000066093,17,4.3,8,-12.7
estimated,66420,2000066103,17,5.0,19,-12.0
estimated,66421,2000066104,12,5.7,8,-6.3
estimated,66423,2000066106,17,6.3,10,-10.7
estimated,66429,2000066112,17,6.2,8,-10.8
estimated,66435,2000066118,17,5.5,17,-11.5
estimated,66436,2000066119,12,6.4,4,-5.6
estimated,66440,2000066123,12,4.8,4,-7.2
estimated,66442,2000066125,12,4.2,5,-7.8
estimated,66445,2000066128,7.5,6.2,4,-1.3
estimated,66446,2000066129,17,5.5,10,-11.5
estimated,66448,2000066131,24,6.8,41,-17.2
estimated,66450,2000066133,12,7.7,6,-4.3
estimated,66451,2000066134,17,8.8,21,-8.2
estimated,66452,2000066135,17,6.7,7,-10.3
estimated,66455,2000066138,12,14.0,11,2.0
estimated,66460,2000066143,17,9.7,19,-7.3
estimated,66462,2000066145,17,24.1,14,7.1
estimated,66463,2000066146,12,28.5,6,16.5
estimated,66465,2000066148,12,14.5,12,2.5
estimated,66473,2000066156,12,5.5,6,-6.5
estimated,66480,2000066163,17,5.8,33,-11.2
estimated,66481,2000066164,12,4.3,8,-7.7
estimated,66482,2000066165,12,4.2,6,-7.8
estimated,66486,2000066169,12,4.6,6,-7.4
estimated,66490,2000066173,12,8.4,10,-3.6
estimated,66492,2000066175,12,9.0,7,-3.0
estimated,66493,2000066176,12,9.2,7,-2.8
estimated,66494,2000066177,17,5.5,8,-11.5
estimated,66503,2000066186,17,12.9,19,-4.1
estimated,66504,2000066187,12,12.2,10,0.2
estimated,66506,2000066189,17,8.7,8,-8.3
estimated,66508,2000066191,12,8.7,5,-3.3
estimated,66509,2000066192,12,8.3,7,-3.7
estimated,66514,2000066198,17,6.0,13,-11.0
estimated,66515,2000066199,17,7.2,9,-9.8
estimated,66526,2000066210,17,6.0,24,-11.0
estimated,66528,2000066212,12,9.4,9,-2.6
estimated,66530,2000066214,17,11.0,9,-6.0
estimated,66533,2000066217,17,9.0,11,-8.0
estimated,66536,2000066221,17,7.5,17,-9.5
estimated,66541,2000066226,17,10.1,10,-6.9
estimated,66543,2000066229,12,5.6,10,-6.4
estimated,66544,2000066230,12,7.8,4,-4.2
estimated,66549,2000066236,17,6.7,9,-10.3
estimated,66551,2000066238,12,8.8,4,-3.2
estimated,66554,2000066241,12,4.7,6,-7.3
estimated,66556,2000066243,17,5.5,18,-11.5
estimated,66557,2000066245,17,6.4,27,-10.6
estimated,66558,2000066246,7.5,5.6,4,-1.9
estimated,66564,2000066256,17,7.7,15,-9.3
estimated,66565,2000066257,17,5.2,6,-11.8
estimated,66571,2000066265,17,6.4,12,-10.6
estimated,66574,2000066268,24,8.0,45,-16.0
estimated,66576,2000066270,17,5.6,7,-11.4
estimated,66583,2000066277,12,4.0,5,-8.0
estimated,66585,2000066279,12,4.2,7,-7.8
estimated,66586,2000066280,12,3.5,5,-8.5
estimated,66595,2000066289,17,9.2,11,-7.8
estimated,66600,2000066294,12,4.6,7,-7.4
estimated,66603,2000066297,12,5.5,4,-6.5
estimated,66604,2000066298,12,4.7,5,-7.3
estimated,66606,2000066300,12,4.7,4,-7.3
estimated,66611,2000066305,12,3.7,7,-8.3
estimated,66612,2000066306,12,4.6,6,-7.4
estimated,66614,2000066308,12,8.9,4,-3.1
estimated,66621,2000066315,24,4.5,58,-19.5
estimated,66624,2000066320,12,7.4,5,-4.6
estimated,66628,2000066325,12,10.5,9,-1.5
estimated,66632,2000066329,12,9.7,10,-2.3
estimated,66634,2000066331,12,8.6,4,-3.4
estimated,66635,2000066332,12,6.4,8,-5.6
estimated,66638,2000066335,12,4.9,7,-7.1
estimated,66640,2000066337,17,6.0,13,-11.0
estimated,66647,2000066344,17,6.0,14,-11.0
estimated,66649,2000066346,12,6.8,10,-5.2
estimated,66651,2000066348,17,6.3,15,-10.7
estimated,66655,2000066352,12,7.6,5,-4.4
estimated,66658,2000066355,12,8.5,4,-3.5
estimated,66661,2000066358,24,7.5,38,-16.5
estimated,66668,2000066365,12,6.5,13,-5.5
estimated,66669,2000066366,12,9.3,6,-2.7
estimated,66671,2000066368,17,6.5,9,-10.5
estimated,66676,2000066373,12,9.0,8,-3.0
estimated,66678,2000066375,12,8.0,6,-4.0
estimated,66680,2000066377,7.5,7.5,4,-0.0
estimated,66683,2000066380,12,6.6,6,-5.4
estimated,66684,2000066381,17,6.0,19,-11.0
estimated,66685,2000066382,17,9.2,22,-7.8
estimated,66686,2000066383,12,7.2,11,-4.8
estimated,66687,2000066384,12,11.2,6,-0.8
estimated,66689,2000066386,17,10.1,15,-6.9
estimated,66693,2000066390,12,7.3,4,-4.7
estimated,66698,2000066395,17,10.6,13,-6.4
estimated,66699,2000066396,17,10.3,9,-6.7
estimated,66702,2000066399,12,7.4,9,-4.6
estimated,66703,2000066400,12,6.9,7,-5.1
estimated,66704,2000066401,24,6.5,41,-17.5
estimated,66712,2000066409,17,8.2,10,-8.8
estimated,66716,2000066413,12,10.1,7,-1.9
estimated,66718,2000066415,17,8.7,24,-8.3
estimated,66720,2000066417,17,14.8,17,-2.2
estimated,66724,2000066421,12,11.4,4,-0.6
estimated,66726,2000066423,7.5,11.4,4,3.9
estimated,66731,2000066429,12,8.2,5,-3.8
estimated,66753,2000066452,17,22.7,10,5.7
estimated,66756,2000066455,12,10.7,10,-1.3
estimated,66761,2000066460,17,5.4,29,-11.6
estimated,66762,2000066461,7.5,7.3,4,-0.2
estimated,66765,2000066464,12,7.4,5,-4.6
estimated,66777,2000066476,12,6.1,4,-5.9
estimated,66779,2000066478,12,9.5,7,-2.5
estimated,66780,2000066479,17,7.7,12,-9.3
estimated,66788,2000066487,12,5.8,7,-6.2
estimated,66790,2000066489,24,9.5,48,-14.5
estimated,66798,2000066499,12,8.3,5,-3.7
estimated,66799,2000066500,7.5,9.1,4,1.6
estimated,66800,2000066501,17,7.9,12,-9.1
estimated,66802,2000066503,12,7.5,5,-4.5
estimated,66803,2000066504,12,6.9,5,-5.1
estimated,66807,2000066508,7.5,5.0,4,-2.5
estimated,66808,2000066509,24,7.2,35,-16.8
estimated,66809,2000066510,12,7.4,11,-4.6
estimated,66810,2000066511,12,6.6,4,-5.4
estimated,66811,2000066512,7.5,7.7,4,0.2
estimated,66813,2000066514,17,7.2,27,-9.8
estimated,66816,2000066517,17,10.3,22,-6.7
estimated,66823,2000066524,12,5.9,5,-6.1
estimated,66824,2000066525,17,8.2,9,-8.8
estimated,66826,2000066527,17,5.5,22,-11.5
estimated,66828,2000066529,12,5.1,6,-6.9
estimated,66829,2000066531,12,5.1,4,-6.9
estimated,66832,2000066534,12,7.1,5,-4.9
estimated,66833,2000066535,17,10.3,11,-6.7
estimated,66834,2000066536,12,5.7,5,-6.3
estimated,66835,2000066537,17,5.4,16,-11.6
estimated,66836,2000066538,17,9.7,25,-7.3
estimated,66841,2000066543,17,7.1,29,-9.9
estimated,66842,2000066544,7.5,6.4,4,-1.1
estimated,66845,2000066547,17,5.3,15,-11.7
estimated,66851,2000066554,7.5,12.7,4,5.2
estimated,66859,2000066562,12,5.0,6,-7.0
estimated,66865,2000066569,17,10.0,12,-7.0
estimated,66869,2000066573,17,8.2,14,-8.8
estimated,66872,2000066576,17,12.8,22,-4.2
estimated,66873,2000066577,7.5,11.8,4,4.3
estimated,66875,2000066579,12,10.6,4,-1.4
estimated,66883,2000066589,12,5.3,5,-6.7
estimated,66884,2000066590,17,5.3,12,-11.7
estimated,66901,2000066610,17,7.5,15,-9.5
estimated,66902,2000066611,17,5.9,10,-11.1
estimated,66904,2000066613,12,5.3,5,-6.7
estimated,66909,2000066618,12,5.9,4,-6.1
estimated,66910,2000066619,17,8.0,10,-9.0
estimated,66911,2000066620,12,6.5,8,-5.5
estimated,66916,2000066625,12,6.5,8,-5.5
estimated,66917,2000066626,12,4.8,4,-7.2
estimated,66922,2000066631,12,8.9,4,-3.1
estimated,66923,2000066632,12,7.9,8,-4.1
estimated,66927,2000066636,17,6.8,16,-10.2
estimated,66935,2000066644,17,9.4,9,-7.6
estimated,66937,2000066646,17,7.0,26,-10.0
estimated,66940,2000066649,12,10.5,5,-1.5
estimated,66942,2000066651,12,8.5,4,-3.5
estimated,66943,2000066652,12,8.7,7,-3.3
estimated,66946,2000066655,12,21.2,5,9.2
estimated,66947,2000066656,7.5,12.0,4,4.5
estimated,66956,2000066665,12,9.5,4,-2.5
estimated,66957,2000066666,12,5.5,9,-6.5
estimated,66960,2000066669,12,11.5,4,-0.5
estimated,66962,2000066671,12,9.1,5,-2.9
estimated,66971,2000066680,12,9.9,7,-2.1
estimated,66980,2000066689,12,6.6,4,-5.4
estimated,66981,2000066690,12,8.6,5,-3.4
estimated,66983,2000066692,12,9.6,7,-2.4
estimated,66989,2000066698,12,8.6,4,-3.4
estimated,66991,2000066700,12,8.4,4,-3.6
estimated,66992,2000066701,7.5,8.3,4,0.8
estimated,66996,2000066706,12,8.7,4,-3.3
estimated,67020,2000066730,12,7.4,5,-4.6
estimated,67028,2000066739,17,7.4,15,-9.6
estimated,67045,2000066758,12,14.1,9,2.1
estimated,67054,2000066768,12,4.4,8,-7.6
estimated,67065,2000066781,12,6.5,7,-5.5
estimated,67073,2000066789,12,6.8,8,-5.2
estimated,67076,2000066792,7.5,8.7,4,1.2
estimated,67088,2000066805,12,5.8,8,-6.2
estimated,67092,2000066809,12,9.2,4,-2.8
estimated,67094,2000066812,17,8.2,10,-8.8
estimated,67096,2000066814,12,8.1,4,-3.9
estimated,67104,2000066824,24,6.3,63,-17.7
estimated,67114,2000066838,12,6.2,5,-5.8
estimated,67119,2000066843,12,7.4,12,-4.6
estimated,67120,2000066844,12,10.1,4,-1.9
estimated,67121,2000066845,12,6.1,4,-5.9
estimated,67123,2000066847,12,5.8,9,-6.2
estimated,67127,2000066852,12,7.9,4,-4.1
estimated,67129,2000066854,17,6.8,25,-10.2
estimated,67160,2000066887,24,7.3,54,-16.7
estimated,67161,2000066888,12,7.4,9,-4.6
estimated,67163,2000066890,7.5,5.5,4,-2.0
estimated,67172,2000066900,12,8.6,8,-3.4
estimated,67188,2000066916,12,5.9,6,-6.1
estimated,67198,2000066927,12,6.0,5,-6.0
estimated,67211,2000066940,12,7.3,8,-4.7
estimated,67215,2000066944,17,6.9,23,-10.1
estimated,67217,2000066947,12,8.4,5,-3.6
estimated,67221,2000066951,7.5,6.4,4,-1.1
estimated,67233,2000066964,12,5.8,9,-6.2
estimated,67235,2000066966,12,7.3,4,-4.7
estimated,67237,2000066968,12,8.1,7,-3.9
estimated,67240,2000066971,12,5.7,5,-6.3
estimated,67243,2000066975,7.5,5.5,6,-2.0
estimated,67250,2000066982,7.5,8.2,4,0.7
estimated,67251,2000066983,12,9.8,6,-2.2
estimated,67258,2000066990,12,6.1,5,-5.9
estimated,67264,2000066996,12,8.1,6,-3.9
estimated,67266,2000066998,12,5.9,4,-6.1
estimated,67269,2000067001,12,6.5,5,-5.5
estimated,67271,2000067003,12,5.7,4,-6.3
estimated,67283,2000067015,12,5.0,4,-7.0
estimated,67284,2000067016,12,8.1,5,-3.9
estimated,67316,2000067055,12,8.4,5,-3.6
estimated,67324,2000067064,12,8.2,5,-3.8
estimated,67329,2000067069,12,7.0,5,-5.0
estimated,67330,2000067070,12,7.8,6,-4.2
estimated,67337,2000067078,12,6.8,6,-5.2
estimated,67342,2000067084,12,6.5,8,-5.5
estimated,67345,2000067087,12,7.2,4,-4.8
estimated,67348,2000067090,12,6.1,5,-5.9
estimated,67350,2000067092,12,6.4,4,-5.6
estimated,67351,2000067093,17,5.9,12,-11.1
estimated,67368,2000067110,12,7.6,5,-4.4
estimated,67376,2000067119,12,5.6,4,-6.4
estimated,67379,2000067122,12,9.0,4,-3.0
estimated,67382,2000067125,7.5,9.9,4,2.4
estimated,67387,2000067130,7.5,7.4,4,-0.1
estimated,67397,2000067140,12,7.9,4,-4.1
estimated,67401,2000067144,12,7.4,5,-4.6
estimated,67402,2000067145,7.5,6.3,4,-1.2
estimated,67409,2000067152,7.5,6.4,4,-1.1
estimated,67411,2000067154,7.5,6.5,4,-1.0
estimated,67415,2000067158,12,6.1,9,-5.9
estimated,67418,2000067161,12,5.9,4,-6.1
estimated,67426,2000067169,7.5,4.8,4,-2.7
estimated,67439,2000067185,12,5.4,5,-6.6
estimated,67440,2000067186,12,7.1,5,-4.9
estimated,67445,2000067191,12,8.9,7,-3.1
estimated,67447,2000067194,12,6.6,4,-5.4
estimated,67448,2000067195,12,7.4,4,-4.6
estimated,67449,2000067196,7.5,8.8,4,1.3
estimated,67450,2000067197,12,7.8,8,-4.2
estimated,67455,2000067203,12,10.0,4,-2.0
estimated,67457,2000067205,12,12.5,5,0.5
estimated,67460,2000067208,12,6.6,7,-5.4
estimated,67466,2000067215,12,9.3,4,-2.7
estimated,67475,2000067224,12,7.4,4,-4.6
estimated,67479,2000067229,12,10.4,7,-1.6
estimated,67481,2000067231,12,11.1,9,-0.9
estimated,67484,2000067235,7.5,9.0,4,1.5
estimated,67487,2000067239,12,5.6,5,-6.4
estimated,67504,2000067257,12,6.2,4,-5.8
estimated,67505,2000067258,7.5,6.7,4,-0.8
estimated,67509,2000067262,12,8.5,4,-3.5
estimated,67513,2000067266,12,5.8,7,-6.2
estimated,67521,2000067274,12,6.7,4,-5.3
estimated,67523,2000067276,12,6.7,4,-5.3
estimated,67534,2000067291,12,5.9,6,-6.1
estimated,67536,2000067293,12,9.9,5,-2.1
estimated,67537,2000067294,7.5,9.7,4,2.2
estimated,67542,2000067301,12,5.8,5,-6.2
estimated,67548,2000067310,17,10.5,10,-6.5
estimated,67554,2000067316,12,14.1,6,2.1
estimated,67557,2000067319,12,8.5,4,-3.5
estimated,67573,2000067335,12,14.5,4,2.5
estimated,67575,2000067337,12,16.0,4,4.0
estimated,67612,2000067376,7.5,6.7,4,-0.8
estimated,67614,2000067379,12,13.3,6,1.3
estimated,67615,2000067380,12,10.3,5,-1.7
estimated,67616,2000067381,12,9.5,5,-2.5
estimated,67622,2000067388,12,4.5,4,-7.5
estimated,67630,2000067398,12,7.0,4,-5.0
estimated,67631,2000067399,12,8.5,5,-3.5
estimated,67632,2000067400,12,7.3,5,-4.7
estimated,67638,2000067406,12,9.9,4,-2.1
estimated,67647,2000067417,12,6.5,4,-5.5
estimated,67649,2000067421,17,6.2,17,-10.8
estimated,67654,2000067426,12,11.5,8,-0.5
estimated,67657,2000067429,17,6.2,21,-10.8
estimated,67659,2000067431,12,5.6,4,-6.4
estimated,67660,2000067432,12,8.2,6,-3.8
estimated,67662,2000067434,17,7.4,15,-9.6
estimated,67665,2000067437,12,7.7,9,-4.3
estimated,67671,2000067443,17,9.6,17,-7.4
estimated,67673,2000067445,7.5,7.8,5,0.3
estimated,67677,2000067450,12,6.3,4,-5.7
estimated,67679,2000067452,12,10.2,7,-1.8
estimated,67680,2000067453,12,10.9,5,-1.1
estimated,67681,2000067454,12,14.2,6,2.2
estimated,67689,2000067463,12,7.3,4,-4.7
estimated,67692,2000067466,17,7.2,15,-9.8
estimated,67695,2000067469,12,5.5,6,-6.5
estimated,67696,2000067470,12,9.7,8,-2.3
estimated,67703,2000067477,12,6.3,10,-5.7
estimated,67705,2000067479,17,8.0,7,-9.0
estimated,67711,2000067486,12,6.8,6,-5.2
estimated,67714,2000067490,12,5.9,5,-6.1
estimated,67719,2000067495,12,6.2,8,-5.8
estimated,67722,2000067498,12,7.6,4,-4.4
estimated,67724,2000067500,12,6.6,6,-5.4
estimated,67732,2000067508,12,9.6,8,-2.4
estimated,67735,2000067511,17,6.4,14,-10.6
estimated,67736,2000067512,12,7.3,6,-4.7
estimated,67745,2000067521,7.5,11.2,4,3.7
estimated,67746,2000067522,12,9.8,5,-2.2
estimated,67753,2000067529,12,5.2,4,-6.8
estimated,67755,2000067531,12,4.3,5,-7.7
estimated,67760,2000067537,12,9.9,5,-2.1
estimated,67763,2000067542,12,6.8,5,-5.2
estimated,67766,2000067545,12,7.8,6,-4.2
estimated,67770,2000067549,12,6.3,8,-5.7
estimated,67778,2000067558,12,5.5,4,-6.5
estimated,67784,2000067567,12,10.4,7,-1.6
estimated,67790,2000067574,12,5.7,11,-6.3
estimated,67792,2000067577,17,7.1,18,-9.9
estimated,67793,2000067578,12,8.3,4,-3.7
estimated,67794,2000067579,12,7.0,8,-5.0
estimated,67799,2000067584,17,6.4,21,-10.6
estimated,67802,2000067587,12,8.4,4,-3.6
estimated,67811,2000067596,12,7.3,4,-4.7
estimated,67825,2000067610,12,8.7,5,-3.3
estimated,67847,2000067634,12,7.0,4,-5.0
estimated,67853,2000067641,12,6.7,5,-5.3
estimated,67865,2000067653,7.5,7.6,4,0.1
estimated,67868,2000067656,7.5,6.6,4,-0.9
estimated,67886,2000067675,12,5.8,4,-6.2
estimated,67906,2000067695,7.5,5.8,4,-1.7
estimated,67910,2000067699,12,5.7,7,-6.3
estimated,67913,2000067702,7.5,5.1,4,-2.4
estimated,67923,2000067712,12,8.1,4,-3.9
estimated,67927,2000067716,7.5,5.2,4,-2.3
estimated,67935,2000067725,12,5.9,4,-6.1
estimated,67970,2000067760,12,12.4,4,0.4
estimated,67978,2000067768,17,6.6,8,-10.4
estimated,67981,2000067771,12,8.3,4,-3.7
estimated,67991,2000067781,12,6.0,5,-6.0
estimated,67993,2000067783,17,8.7,16,-8.3
estimated,67995,2000067785,12,10.3,5,-1.7
estimated,68001,2000067791,7.5,12.9,4,5.4
estimated,68002,2000067792,12,12.4,11,0.4
estimated,68005,2000067795,12,10.4,6,-1.6
estimated,68016,2000067806,12,6.0,5,-6.0
estimated,68028,2000067818,12,4.6,7,-7.4
estimated,68029,2000067819,17,5.8,11,-11.2
estimated,68032,2000067822,17,6.7,21,-10.3
estimated,68033,2000067823,12,6.3,6,-5.7
estimated,68034,2000067824,12,6.1,8,-5.9
estimated,68036,2000067826,7.5,5.5,4,-2.0
estimated,68052,2000067842,17,11.1,15,-5.9
estimated,68056,2000067846,17,7.7,17,-9.3
estimated,68057,2000067847,12,7.6,6,-4.4
estimated,68063,2000067853,12,5.4,9,-6.6
estimated,68064,2000067854,17,5.8,8,-11.2
estimated,68066,2000067856,12,6.1,4,-5.9
estimated,68068,2000067858,12,6.7,4,-5.3
estimated,68069,2000067859,12,7.0,7,-5.0
estimated,68071,2000067861,12,6.7,4,-5.3
estimated,68076,2000067866,12,6.5,4,-5.5
estimated,68078,2000067868,12,6.1,5,-5.9
estimated,68081,2000067871,12,5.9,6,-6.1
estimated,68084,2000067874,17,5.6,10,-11.4
estimated,68085,2000067875,17,5.9,12,-11.1
estimated,68087,2000067877,17,6.1,13,-10.9
estimated,68088,2000067878,17,6.8,9,-10.2
estimated,68089,2000067879,7.5,7.5,4,0.0
estimated,68091,2000067881,12,5.8,5,-6.2
estimated,68095,2000067885,17,5.7,14,-11.3
estimated,68096,2000067886,17,4.9,8,-12.1
estimated,68097,2000067887,17,6.7,13,-10.3
estimated,68098,2000067888,12,5.4,5,-6.6
estimated,68103,2000067893,12,4.6,12,-7.4
estimated,68107,2000067897,12,5.5,7,-6.5
estimated,68108,2000067898,12,5.7,10,-6.3
estimated,68110,2000067900,12,3.7,4,-8.3
estimated,68112,2000067902,12,4.0,6,-8.0
estimated,68113,2000067903,12,3.6,5,-8.4
estimated,68119,2000067909,12,6.3,4,-5.7
estimated,68122,2000067912,12,5.9,6,-6.1
estimated,68123,2000067913,12,6.2,10,-5.8
estimated,68128,2000067918,12,5.4,6,-6.6
estimated,68130,2000067920,12,5.5,9,-6.5
estimated,68132,2000067922,17,5.2,20,-11.8
estimated,68141,2000067931,17,4.7,11,-12.3
estimated,68142,2000067932,17,4.7,13,-12.3
estimated,68144,2000067934,17,5.5,10,-11.5
estimated,68151,2000067941,12,4.4,5,-7.6
estimated,68155,2000067945,7.5,4.9,5,-2.6
estimated,68159,2000067950,12,8.3,7,-3.7
estimated,68161,2000067952,12,8.4,9,-3.6
estimated,68162,2000067953,12,8.0,9,-4.0
estimated,68163,2000067954,12,8.8,7,-3.2
estimated,68165,2000067956,12,11.2,4,-0.8
estimated,68166,2000067957,17,6.5,10,-10.5
estimated,68168,2000067959,12,6.1,7,-5.9
estimated,68169,2000067960,12,10.2,7,-1.8
estimated,68171,2000067962,17,9.0,14,-8.0
estimated,68172,2000067963,12,11.2,7,-0.8
estimated,68174,2000067965,17,10.9,14,-6.1
estimated,68175,2000067966,17,6.6,15,-10.4
estimated,68178,2000067969,12,6.2,8,-5.8
estimated,68182,2000067973,12,5.2,6,-6.8
estimated,68183,2000067974,12,7.1,7,-4.9
estimated,68184,2000067975,12,6.5,8,-5.5
estimated,68189,2000067980,17,6.3,9,-10.7
estimated,68192,2000067983,12,8.9,4,-3.1
estimated,68205,2000067996,12,5.7,8,-6.3
estimated,68210,2000068001,17,5.9,18,-11.1
estimated,68216,2000068007,12,8.2,5,-3.8
estimated,68217,2000068008,12,6.6,7,-5.4
estimated,68222,2000068014,17,5.6,9,-11.4
estimated,68223,2000068015,12,7.7,6,-4.3
estimated,68225,2000068017,17,7.3,13,-9.7
estimated,68226,2000068018,17,7.3,18,-9.7
estimated,68227,2000068019,17,6.8,11,-10.2
estimated,68228,2000068020,12,5.8,4,-6.2
estimated,68231,2000068023,17,6.2,21,-10.8
estimated,68233,2000068025,12,7.6,6,-4.4
estimated,68235,2000068027,12,10.5,4,-1.5
estimated,68236,2000068028,17,8.5,17,-8.5
estimated,68237,2000068029,17,6.0,10,-11.0
estimated,68239,2000068031,17,6.3,22,-10.7
estimated,68247,2000068040,12,5.8,4,-6.2
estimated,68258,2000068051,12,5.6,6,-6.4
estimated,68260,2000068053,12,4.9,4,-7.1
estimated,68262,2000068055,12,9.5,6,-2.5
estimated,68265,2000068058,12,6.0,5,-6.0
estimated,68266,2000068062,17,8.1,16,-8.9
estimated,68269,2000068065,17,5.5,12,-11.5
estimated,68270,2000068066,12,6.0,6,-6.0
estimated,68276,2000068072,12,5.9,6,-6.1
estimated,68277,2000068073,12,9.5,8,-2.5
estimated,68278,2000068074,12,8.1,4,-3.9
estimated,68279,2000068075,7.5,8.6,4,1.1
estimated,68284,2000068080,12,5.2,4,-6.8
estimated,68292,2000068090,12,5.2,10,-6.8
estimated,68298,2000068096,12,4.9,5,-7.1
estimated,68299,2000068097,12,5.4,6,-6.6
estimated,68306,2000068104,12,6.3,4,-5.7
estimated,68312,2000068110,12,4.8,7,-7.2
estimated,68313,2000068111,17,5.3,6,-11.7
estimated,68320,2000068118,12,5.2,4,-6.8
estimated,68321,2000068119,12,5.1,5,-6.9
estimated,68324,2000068122,17,6.2,20,-10.8
estimated,68326,2000068124,17,4.5,9,-12.5
estimated,68334,2000068132,12,5.0,6,-7.0
estimated,68336,2000068134,12,5.2,4,-6.8
estimated,68339,2000068137,17,4.7,27,-12.3
estimated,68342,2000068140,12,7.3,7,-4.7
estimated,68344,2000068142,12,5.6,6,-6.4
estimated,68350,2000068148,12,6.1,4,-5.9
estimated,68351,2000068149,17,6.3,10,-10.7
estimated,68353,2000068151,12,7.6,5,-4.4
estimated,68354,2000068152,12,7.0,4,-5.0
estimated,68356,2000068154,12,6.4,8,-5.6
estimated,68357,2000068155,17,8.8,20,-8.2
estimated,68358,2000068156,12,7.4,5,-4.6
estimated,68360,2000068158,12,5.7,6,-6.3
estimated,68363,2000068162,12,4.8,6,-7.2
estimated,68364,2000068163,12,4.7,7,-7.3
estimated,68365,2000068164,12,6.0,8,-6.0
estimated,68366,2000068165,12,7.0,4,-5.0
estimated,68367,2000068166,12,5.9,4,-6.1
estimated,68371,2000068170,12,7.3,4,-4.7
estimated,68374,2000068173,17,5.9,10,-11.1
estimated,68376,2000068175,12,7.2,9,-4.8
estimated,68377,2000068176,12,6.3,4,-5.7
estimated,68378,2000068177,12,8.1,6,-3.9
estimated,68384,2000068183,12,4.2,4,-7.8
estimated,68385,2000068184,12,5.2,5,-6.8
estimated,68389,2000068188,12,4.8,5,-7.2
estimated,68392,2000068191,12,5.4,4,-6.6
estimated,68393,2000068192,12,5.4,11,-6.6
estimated,68394,2000068193,12,5.9,8,-6.1
estimated,68398,2000068197,12,7.3,6,-4.7
estimated,68399,2000068198,12,6.2,6,-5.8
estimated,68400,2000068199,17,5.5,16,-11.5
estimated,68404,2000068203,12,5.2,5,-6.8
estimated,68406,2000068205,12,5.9,4,-6.1
estimated,68410,2000068209,12,6.3,4,-5.7
estimated,68413,2000068212,12,4.9,7,-7.1
estimated,68414,2000068213,12,5.6,7,-6.4
estimated,68416,2000068215,17,5.8,15,-11.2
estimated,68418,2000068218,17,5.5,9,-11.5
estimated,68420,2000068220,7.5,6.1,4,-1.4
estimated,68421,2000068221,7.5,6.1,4,-1.4
estimated,68423,2000068223,17,5.0,12,-12.0
estimated,68425,2000068225,12,4.4,4,-7.6
estimated,68429,2000068229,12,5.2,6,-6.8
estimated,68431,2000068231,17,5.2,15,-11.8
estimated,68432,2000068232,12,5.4,5,-6.6
estimated,68433,2000068233,12,7.7,10,-4.3
estimated,68434,2000068234,12,9.5,4,-2.5
estimated,68435,2000068235,12,7.4,6,-4.6
estimated,68436,2000068236,7.5,8.5,4,1.0
estimated,68437,2000068237,12,4.8,8,-7.2
estimated,68438,2000068238,12,5.5,4,-6.5
estimated,68439,2000068239,12,7.5,11,-4.5
estimated,68441,2000068241,12,6.6,4,-5.4
estimated,68442,2000068242,17,7.1,8,-9.9
estimated,68446,2000068246,17,8.5,8,-8.5
estimated,68447,2000068247,12,9.3,8,-2.7
estimated,68450,2000068250,17,8.3,23,-8.7
estimated,68451,2000068251,17,5.8,18,-11.2
estimated,68452,2000068252,12,5.6,5,-6.4
estimated,68454,2000068254,12,6.5,4,-5.5
estimated,68455,2000068255,12,6.0,5,-6.0
estimated,68456,2000068256,17,6.6,15,-10.4
estimated,68457,2000068257,12,6.4,11,-5.6
estimated,68460,2000068260,12,5.5,4,-6.5
estimated,68461,2000068261,12,6.3,5,-5.7
estimated,68462,2000068262,12,4.7,5,-7.3
estimated,68463,2000068263,12,6.1,7,-5.9
estimated,68466,2000068266,12,8.4,9,-3.6
estimated,68467,2000068267,12,5.9,8,-6.1
estimated,68469,2000068269,12,8.0,4,-4.0
estimated,68470,2000068270,12,7.4,12,-4.6
estimated,68471,2000068271,12,6.1,8,-5.9
estimated,68472,2000068272,17,5.5,22,-11.5
estimated,68473,2000068273,17,6.7,35,-10.3
estimated,68474,2000068274,12,6.6,9,-5.4
estimated,68475,2000068275,12,6.3,6,-5.7
estimated,68476,2000068276,12,6.8,6,-5.2
estimated,68477,2000068277,17,6.6,39,-10.4
estimated,68480,2000068280,12,5.4,10,-6.6
estimated,68482,2000068282,12,8.3,7,-3.7
estimated,68484,2000068284,12,5.0,7,-7.0
estimated,68485,2000068285,12,5.6,9,-6.4
estimated,68486,2000068286,17,8.3,18,-8.7
estimated,68488,2000068288,12,4.8,7,-7.2
estimated,68491,2000068291,12,4.7,8,-7.3
estimated,68492,2000068292,12,4.6,4,-7.4
estimated,68494,2000068294,12,4.8,7,-7.2
estimated,68496,2000068296,12,4.5,7,-7.5
estimated,68497,2000068297,7.5,5.6,4,-1.9
estimated,68499,2000068300,12,7.1,7,-4.9
estimated,68502,2000068303,12,6.8,5,-5.2
estimated,68503,2000068304,17,6.0,14,-11.0
estimated,68504,2000068305,12,5.5,8,-6.5
estimated,68505,2000068307,12,7.6,4,-4.4
estimated,68509,2000068311,12,7.2,4,-4.8
estimated,68510,2000068312,12,6.7,8,-5.3
estimated,68511,2000068313,12,9.9,4,-2.1
estimated,68513,2000068315,12,6.0,9,-6.0
estimated,68514,2000068317,12,7.6,6,-4.4
estimated,68515,2000068318,12,7.5,8,-4.5
estimated,68518,2000068321,17,6.1,21,-10.9
estimated,68522,2000068325,12,6.8,6,-5.2
estimated,68523,2000068326,12,5.6,4,-6.4
estimated,68526,2000068329,12,5.2,6,-6.8
estimated,68527,2000068330,12,7.4,11,-4.6
estimated,68529,2000068332,12,8.5,10,-3.5
estimated,68530,2000068333,17,10.0,12,-7.0
estimated,68533,2000068336,12,7.7,7,-4.3
estimated,68534,2000068337,17,4.4,19,-12.6
estimated,68535,2000068338,12,4.9,6,-7.1
estimated,68538,2000068341,12,6.6,6,-5.4
estimated,68539,2000068342,12,5.7,5,-6.3
estimated,68540,2000068343,12,6.7,8,-5.3
estimated,68541,2000068344,12,6.8,6,-5.2
estimated,68542,2000068345,17,7.3,15,-9.7
estimated,68543,2000068346,12,5.6,6,-6.4
estimated,68550,2000068355,17,8.7,17,-8.3
estimated,68552,2000068357,12,6.2,9,-5.8
estimated,68553,2000068358,12,11.8,7,-0.2
estimated,68554,2000068359,17,5.8,13,-11.2
estimated,68555,2000068360,17,8.5,12,-8.5
estimated,68561,2000068366,17,10.4,13,-6.6
estimated,68562,2000068367,12,7.0,6,-5.0
estimated,68563,2000068368,12,5.9,4,-6.1
estimated,68564,2000068369,12,4.2,4,-7.8
estimated,68568,2000068373,17,5.3,7,-11.7
estimated,68569,2000068374,17,10.1,9,-6.9
estimated,68570,2000068375,12,8.3,10,-3.7
estimated,68571,2000068376,12,9.6,6,-2.4
estimated,68572,2000068377,12,7.7,5,-4.3
estimated,68574,2000068379,12,8.0,7,-4.0
estimated,68575,2000068380,17,7.4,11,-9.6
estimated,68578,2000068383,12,9.5,6,-2.5
estimated,68579,2000068384,17,10.1,12,-6.9
estimated,68580,2000068386,17,7.5,15,-9.5
estimated,68581,2000068387,12,7.9,8,-4.1
estimated,68584,2000068390,12,9.2,4,-2.8
estimated,68586,2000068392,17,9.9,23,-7.1
estimated,68593,2000068401,12,8.5,10,-3.5
estimated,68595,2000068403,17,8.7,22,-8.3
estimated,68600,2000068408,12,14.4,7,2.4
estimated,68601,2000068409,7.5,6.5,4,-1.0
estimated,68603,2000068411,17,7.4,12,-9.6
estimated,68604,2000068412,17,8.9,13,-8.1
estimated,68605,2000068413,12,10.1,4,-1.9
estimated,68606,2000068415,17,6.8,8,-10.2
estimated,68608,2000068417,17,8.0,17,-9.0
estimated,68610,2000068419,17,6.2,16,-10.8
estimated,68616,2000068425,17,9.8,14,-7.2
estimated,68617,2000068426,12,7.3,4,-4.7
estimated,68618,2000068427,17,11.8,35,-5.2
estimated,68623,2000068432,12,6.8,6,-5.2
estimated,68624,2000068433,12,9.3,8,-2.7
estimated,68627,2000068436,17,6.0,20,-11.0
estimated,68628,2000068437,17,8.9,11,-8.1
estimated,68629,2000068438,17,6.6,10,-10.4
estimated,68634,2000068443,17,7.5,18,-9.5
estimated,68635,2000068444,17,7.7,13,-9.3
estimated,68636,2000068445,17,7.1,23,-9.9
estimated,68638,2000068448,12,6.5,4,-5.5
estimated,68640,2000068450,17,7.6,13,-9.4
estimated,68646,2000068456,17,13.0,9,-4.0
estimated,68647,2000068457,12,6.0,10,-6.0
estimated,68652,2000068462,12,9.3,8,-2.7
estimated,68654,2000068464,12,8.9,4,-3.1
estimated,68655,2000068465,12,9.5,6,-2.5
estimated,68656,2000068466,17,8.1,12,-8.9
estimated,68657,2000068467,17,7.3,19,-9.7
estimated,68660,2000068470,17,5.9,12,-11.1
estimated,68661,2000068471,12,8.3,4,-3.7
estimated,68662,2000068472,12,6.9,12,-5.1
estimated,68663,2000068473,17,6.2,10,-10.8
estimated,68664,2000068474,12,8.9,7,-3.1
estimated,68665,2000068475,12,6.1,10,-5.9
estimated,68666,2000068476,12,5.2,10,-6.8
estimated,68667,2000068477,12,6.8,5,-5.2
estimated,68675,2000068486,12,6.6,9,-5.4
estimated,68677,2000068488,7.5,4.7,4,-2.8
estimated,68678,2000068490,12,4.5,4,-7.5
estimated,68679,2000068491,12,4.4,8,-7.6
estimated,68682,2000068494,12,6.3,4,-5.7
estimated,68683,2000068495,17,3.9,12,-13.1
estimated,68690,2000068502,12,5.3,6,-6.7
estimated,68693,2000068505,17,6.9,16,-10.1
estimated,68694,2000068506,17,6.6,13,-10.4
estimated,68695,2000068507,17,6.3,12,-10.7
estimated,68698,2000068510,12,9.0,4,-3.0
estimated,68699,2000068511,24,5.4,36,-18.6
estimated,68703,2000068517,7.5,6.9,4,-0.6
estimated,68704,2000068518,24,5.7,38,-18.3
estimated,68706,2000068520,12,4.9,4,-7.1
estimated,68707,2000068521,17,7.2,10,-9.8
estimated,68708,2000068522,17,7.8,19,-9.2
estimated,68714,2000068528,12,8.8,7,-3.2
estimated,68715,2000068529,17,8.3,29,-8.7
estimated,68716,2000068530,17,8.5,8,-8.5
estimated,68717,2000068531,7.5,5.9,5,-1.6
estimated,68719,2000068533,17,18.7,11,1.7
estimated,68721,2000068535,12,10.5,4,-1.5
estimated,68724,2000068538,12,7.2,6,-4.8
estimated,68726,2000068540,7.5,7.9,4,0.4
estimated,68727,2000068541,12,6.5,7,-5.5
estimated,68728,2000068542,12,6.5,9,-5.5
estimated,68730,2000068544,12,5.6,6,-6.4
estimated,68731,2000068545,12,11.7,11,-0.3
estimated,68732,2000068546,12,11.5,6,-0.5
estimated,68733,2000068547,17,14.4,14,-2.6
estimated,68734,2000068548,12,7.2,4,-4.8
estimated,68735,2000068549,12,7.1,4,-4.9
estimated,68742,2000068556,17,8.3,15,-8.7
estimated,68743,2000068557,12,6.1,5,-5.9
estimated,68744,2000068558,12,4.9,6,-7.1
estimated,68746,2000068560,12,9.2,7,-2.8
estimated,68747,2000068561,12,8.4,10,-3.6
estimated,68749,2000068563,12,4.8,4,-7.2
estimated,68750,2000068564,12,5.9,7,-6.1
estimated,68751,2000068565,12,6.9,4,-5.1
estimated,68755,2000068569,17,6.1,8,-10.9
estimated,68756,2000068570,17,8.1,13,-8.9
estimated,68757,2000068571,12,5.4,7,-6.6
estimated,68759,2000068573,12,7.9,6,-4.1
estimated,68760,2000068574,12,9.9,6,-2.1
estimated,68761,2000068575,12,5.8,6,-6.2
estimated,68762,2000068576,17,10.0,9,-7.0
estimated,68763,2000068577,24,8.0,61,-16.0
estimated,68768,2000068582,24,7.7,41,-16.3
estimated,68769,2000068583,12,7.3,8,-4.7
estimated,68771,2000068585,17,7.4,10,-9.6
estimated,68775,2000068589,12,8.7,10,-3.3
estimated,68776,2000068590,12,5.5,7,-6.5
estimated,68779,2000068593,17,7.6,11,-9.4
estimated,68784,2000068598,17,6.1,12,-10.9
estimated,68789,2000068603,12,9.9,4,-2.1
estimated,68792,2000068606,12,10.6,8,-1.4
estimated,68793,2000068607,17,9.1,24,-7.9
estimated,68794,2000068608,17,12.0,21,-5.0
estimated,68795,2000068609,12,7.7,10,-4.3
estimated,68797,2000068611,12,5.8,10,-6.2
estimated,68798,2000068612,12,6.3,12,-5.7
estimated,68800,2000068614,12,7.2,5,-4.8
estimated,68801,2000068615,12,7.0,6,-5.0
estimated,68804,2000068618,17,10.2,11,-6.8
estimated,68805,2000068619,12,5.6,4,-6.4
estimated,68806,2000068620,17,8.9,14,-8.1
estimated,68807,2000068621,17,8.8,17,-8.2
estimated,68809,2000068623,17,4.8,21,-12.2
estimated,68811,2000068626,12,10.0,4,-2.0
estimated,68812,2000068627,17,7.3,23,-9.7
estimated,68815,2000068630,17,7.8,24,-9.2
estimated,68816,2000068631,24,8.9,39,-15.1
estimated,68818,2000068633,17,8.9,21,-8.1
estimated,68819,2000068634,17,6.1,8,-10.9
estimated,68820,2000068635,12,7.5,4,-4.5
estimated,68822,2000068637,17,9.7,26,-7.3
estimated,68826,2000068641,17,16.7,8,-0.3
estimated,68828,2000068643,12,18.4,7,6.4
estimated,68831,2000068646,17,10.2,13,-6.8
estimated,68833,2000068648,12,9.4,5,-2.6
estimated,68834,2000068649,7.5,9.1,4,1.6
estimated,68836,2000068651,12,7.9,4,-4.1
estimated,68837,2000068652,12,9.5,4,-2.5
estimated,68839,2000068654,7.5,8.3,4,0.8
estimated,68840,2000068655,17,10.5,12,-6.5
estimated,68843,2000068658,17,6.7,11,-10.3
estimated,68845,2000068660,12,13.5,4,1.5
estimated,68854,2000068671,12,7.8,5,-4.2
estimated,68860,2000068677,17,11.6,11,-5.4
estimated,68863,2000068680,12,9.7,4,-2.3
estimated,68864,2000068681,17,9.7,17,-7.3
estimated,68865,2000068682,17,7.9,13,-9.1
estimated,68866,2000068683,17,9.7,19,-7.3
estimated,68871,2000068688,7.5,8.6,4,1.1
estimated,68876,2000068693,12,8.0,4,-4.0
estimated,68877,2000068694,12,5.2,4,-6.8
estimated,68878,2000068695,12,7.4,5,-4.6
estimated,68879,2000068696,17,12.4,26,-4.6
estimated,68880,2000068697,12,6.3,4,-5.7
estimated,68883,2000068700,12,4.0,7,-8.0
estimated,68884,2000068701,12,4.2,4,-7.8
estimated,68886,2000068703,12,6.3,5,-5.7
estimated,68888,2000068705,12,7.8,10,-4.2
estimated,68889,2000068706,17,15.7,13,-1.3
estimated,68890,2000068707,12,6.7,6,-5.3
estimated,68891,2000068708,17,8.3,14,-8.7
estimated,68893,2000068711,12,5.8,4,-6.2
estimated,68894,2000068712,12,10.4,4,-1.6
estimated,68896,2000068714,12,12.2,9,0.2
estimated,68898,2000068716,12,13.9,4,1.9
estimated,68899,2000068717,12,29.7,6,17.7
estimated,68900,2000068718,12,15.1,4,3.1
estimated,68901,2000068719,12,9.5,6,-2.5
estimated,68902,2000068720,17,16.4,17,-0.6
estimated,68903,2000068721,12,7.1,10,-4.9
estimated,68904,2000068722,12,7.3,6,-4.7
estimated,68905,2000068723,17,6.8,31,-10.2
estimated,68908,2000068726,12,6.5,5,-5.5
estimated,68909,2000068727,17,6.7,13,-10.3
estimated,68910,2000068728,12,5.6,6,-6.4
estimated,68912,2000068730,12,6.3,10,-5.7
estimated,68918,2000068736,12,10.5,8,-1.5
estimated,68919,2000068737,12,10.1,7,-1.9
estimated,68920,2000068738,12,8.4,5,-3.6
estimated,68922,2000068740,12,6.7,10,-5.3
estimated,68923,2000068741,17,7.0,27,-10.0
estimated,68925,2000068744,12,12.2,4,0.2
estimated,68929,2000068749,12,7.4,14,-4.6
estimated,68930,2000068750,17,6.6,12,-10.4
estimated,68931,2000068751,12,6.7,8,-5.3
estimated,68932,2000068752,17,6.8,19,-10.2
estimated,68935,2000068755,12,6.1,5,-5.9
estimated,68936,2000068756,17,6.5,10,-10.5
estimated,68938,2000068758,12,6.9,6,-5.1
estimated,68939,2000068759,12,6.8,4,-5.2
estimated,68940,2000068760,17,14.7,10,-2.3
estimated,68942,2000068762,17,7.0,15,-10.0
estimated,68943,2000068763,12,5.8,6,-6.2
estimated,68944,2000068764,12,8.4,5,-3.6
estimated,68949,2000068769,12,4.8,9,-7.2
estimated,68950,2000068770,12,5.4,6,-6.6
estimated,68951,2000068771,12,6.2,6,-5.8
estimated,68952,2000068772,12,7.7,4,-4.3
estimated,68953,2000068773,24,9.6,39,-14.4
estimated,68954,2000068774,12,7.2,4,-4.8
estimated,68955,2000068775,12,15.6,7,3.6
estimated,68956,2000068776,12,8.4,5,-3.6
estimated,68958,2000068778,12,6.7,6,-5.3
estimated,68959,2000068779,12,9.1,4,-2.9
estimated,68960,2000068780,12,12.1,6,0.1
estimated,68962,2000068782,12,5.7,9,-6.3
estimated,68963,2000068783,12,5.7,6,-6.3
estimated,68964,2000068784,17,12.2,12,-4.8
estimated,68972,2000068794,12,4.6,13,-7.4
estimated,68976,2000068798,12,7.3,4,-4.7
estimated,68977,2000068799,12,6.5,4,-5.5
estimated,68978,2000068800,12,7.5,7,-4.5
estimated,68979,2000068801,12,6.4,6,-5.6
estimated,68981,2000068803,17,5.5,17,-11.5
estimated,68983,2000068805,7.5,9.1,4,1.6
estimated,68986,2000068808,12,8.3,4,-3.7
estimated,68988,2000068810,17,7.6,28,-9.4
estimated,68997,2000068819,17,5.4,19,-11.6
estimated,69000,2000068822,17,7.3,19,-9.7
estimated,69002,2000068824,12,9.5,4,-2.5
estimated,69003,2000068825,17,7.7,12,-9.3
estimated,69007,2000068830,12,5.8,6,-6.2
estimated,69008,2000068831,17,6.5,11,-10.5
estimated,69009,2000068832,12,5.7,7,-6.3
estimated,69010,2000068833,7.5,5.9,5,-1.6
estimated,69011,2000068834,12,4.8,8,-7.2
estimated,69013,2000068836,17,5.4,6,-11.6
estimated,69018,2000068841,17,6.1,10,-10.9
estimated,69022,2000068845,12,5.8,10,-6.2
estimated,69023,2000068846,12,6.4,4,-5.6
estimated,69025,2000068848,17,6.3,9,-10.7
estimated,69027,2000068850,12,8.6,4,-3.4
estimated,69029,2000068852,12,6.8,11,-5.2
estimated,69030,2000068853,12,6.8,11,-5.2
estimated,69033,2000068856,12,7.5,5,-4.5
estimated,69036,2000068859,7.5,6.9,4,-0.6
estimated,69039,2000068862,12,5.2,8,-6.8
estimated,69040,2000068863,12,5.6,4,-6.4
estimated,69041,2000068864,17,8.1,16,-8.9
estimated,69043,2000068866,12,8.6,11,-3.4
estimated,69044,2000068867,12,8.1,6,-3.9
estimated,69045,2000068868,12,9.5,6,-2.5
estimated,69048,2000068871,12,12.8,4,0.8
estimated,69049,2000068872,12,10.1,8,-1.9
estimated,69050,2000068873,12,14.7,7,2.7
estimated,69052,2000068875,17,9.7,11,-7.3
estimated,69053,2000068876,12,9.0,5,-3.0
estimated,69058,2000068881,12,6.5,7,-5.5
estimated,69059,2000068882,12,6.1,8,-5.9
estimated,69062,2000068885,12,5.8,9,-6.2
estimated,69063,2000068886,17,6.3,20,-10.7
estimated,69064,2000068887,12,6.5,4,-5.5
estimated,69068,2000068891,17,7.8,10,-9.2
estimated,69070,2000068893,12,7.2,9,-4.8
estimated,69072,2000068895,12,5.7,4,-6.3
estimated,69073,2000068896,12,12.6,6,0.6
estimated,69074,2000068897,17,8.8,14,-8.2
estimated,69079,2000068902,12,8.9,5,-3.1
estimated,69082,2000068905,12,10.9,8,-1.1
estimated,69085,2000068908,7.5,7.7,4,0.2
estimated,69087,2000068910,12,5.5,4,-6.5
estimated,69090,2000068913,12,8.1,8,-3.9
estimated,69091,2000068914,12,5.8,5,-6.2
estimated,69092,2000068915,12,7.8,9,-4.2
estimated,69093,2000068916,12,6.8,6,-5.2
estimated,69096,2000068919,12,7.7,8,-4.3
estimated,69098,2000068921,12,10.1,9,-1.9
estimated,69099,2000068922,12,7.3,7,-4.7
estimated,69100,2000068923,12,7.0,9,-5.0
estimated,69101,2000068924,12,6.5,4,-5.5
estimated,69102,2000068925,12,5.5,6,-6.5
estimated,69103,2000068926,24,7.1,38,-16.9
estimated,69105,2000068928,17,7.2,24,-9.8
estimated,69106,2000068929,12,6.9,12,-5.1
estimated,69107,2000068930,12,6.1,6,-5.9
estimated,69108,2000068931,12,6.8,5,-5.2
estimated,69112,2000068935,12,7.1,8,-4.9
estimated,69115,2000068938,12,6.6,11,-5.4
estimated,69116,2000068939,7.5,6.9,4,-0.6
estimated,69117,2000068940,12,6.0,4,-6.0
estimated,69118,2000068941,12,7.8,4,-4.2
estimated,69119,2000068942,12,8.9,8,-3.1
estimated,69120,2000068943,12,10.3,4,-1.7
estimated,69125,2000068949,7.5,5.6,6,-1.9
estimated,69126,2000068950,17,7.6,34,-9.4
estimated,69127,2000068951,12,4.8,11,-7.2
estimated,69131,2000068955,17,6.8,16,-10.2
estimated,69138,2000068963,12,5.8,6,-6.2
estimated,69140,2000068965,12,6.4,8,-5.6
estimated,69143,2000068968,12,6.4,9,-5.6
estimated,69146,2000068971,12,6.4,5,-5.6
estimated,69148,2000068973,17,6.5,31,-10.5
estimated,69150,2000068975,12,5.8,5,-6.2
estimated,69152,2000068977,17,6.3,19,-10.7
estimated,69154,2000068979,12,5.2,7,-6.8
estimated,69155,2000068980,12,7.9,4,-4.1
estimated,69156,2000068981,12,6.3,7,-5.7
estimated,69158,2000068983,12,6.7,4,-5.3
estimated,69163,2000068990,12,7.8,4,-4.2
estimated,69164,2000068991,12,6.7,5,-5.3
estimated,69168,2000068995,12,6.1,9,-5.9
estimated,69170,2000068997,12,7.1,4,-4.9
estimated,69171,2000068998,12,6.5,9,-5.5
estimated,69174,2000069001,12,6.5,6,-5.5
estimated,69175,2000069002,7.5,7.0,4,-0.5
estimated,69176,2000069003,12,6.2,5,-5.8
estimated,69178,2000069005,12,6.3,5,-5.7
estimated,69179,2000069006,12,6.3,10,-5.7
estimated,69181,2000069008,12,6.3,4,-5.7
estimated,69182,2000069009,17,7.9,20,-9.1
estimated,69188,2000069015,17,7.3,11,-9.7
estimated,69189,2000069016,12,6.0,7,-6.0
estimated,69192,2000069019,12,6.3,8,-5.7
estimated,69193,2000069020,12,6.8,9,-5.2
estimated,69208,2000069035,12,11.1,6,-0.9
estimated,69209,2000069036,17,8.5,21,-8.5
estimated,69210,2000069037,12,7.9,5,-4.1
estimated,69213,2000069040,12,13.4,5,1.4
estimated,69215,2000069042,12,19.0,6,7.0
estimated,69219,2000069047,12,6.7,4,-5.3
estimated,69220,2000069048,7.5,7.2,4,-0.3
estimated,69230,2000069058,12,7.4,6,-4.6
estimated,69231,2000069059,12,6.4,5,-5.6
estimated,69240,2000069068,12,8.7,4,-3.3
estimated,69244,2000069073,17,8.5,15,-8.5
estimated,69246,2000069075,17,10.0,15,-7.0
estimated,69252,2000069081,17,9.8,26,-7.2
estimated,69253,2000069082,12,7.2,4,-4.8
estimated,69257,2000069086,12,8.3,7,-3.7
estimated,69261,2000069090,17,7.8,14,-9.2
estimated,69264,2000069093,12,5.3,4,-6.7
estimated,69266,2000069095,17,6.9,17,-10.1
estimated,69267,2000069096,12,6.9,7,-5.1
estimated,69271,2000069100,7.5,8.0,4,0.5
estimated,69273,2000069103,12,5.4,8,-6.6
estimated,69275,2000069105,17,8.4,41,-8.6
estimated,69279,2000069109,7.5,7.1,4,-0.4
estimated,69282,2000069112,7.5,12.1,4,4.6
estimated,69283,2000069113,7.5,6.3,5,-1.2
estimated,69284,2000069114,12,5.3,8,-6.7
estimated,69286,2000069116,12,6.0,4,-6.0
estimated,69287,2000069117,12,7.3,4,-4.7
estimated,69288,2000069118,12,6.5,4,-5.5
estimated,69291,2000069121,17,5.8,26,-11.2
estimated,69294,2000069124,17,7.6,16,-9.4
estimated,69295,2000069125,12,8.1,5,-3.9
estimated,69297,2000069127,17,7.1,12,-9.9
estimated,69300,2000069130,12,13.9,7,1.9
estimated,69301,2000069131,12,6.1,4,-5.9
estimated,69303,2000069133,17,5.4,16,-11.6
estimated,69305,2000069135,12,8.1,14,-3.9
estimated,69307,2000069137,17,9.2,18,-7.8
estimated,69309,2000069139,17,10.2,15,-6.8
estimated,69310,2000069140,12,10.4,6,-1.6
estimated,69313,2000069143,12,9.2,4,-2.8
estimated,69314,2000069144,12,8.1,6,-3.9
estimated,69317,2000069150,17,7.1,9,-9.9
estimated,69321,2000069154,12,6.6,10,-5.4
estimated,69322,2000069156,12,20.3,4,8.3
estimated,69323,2000069157,7.5,8.5,4,1.0
estimated,69324,2000069158,17,13.0,11,-4.0
estimated,69325,2000069159,17,4.9,6,-12.1
estimated,69326,2000069160,12,5.5,6,-6.5
estimated,69327,2000069161,12,12.6,4,0.6
estimated,69328,2000069162,12,8.2,10,-3.8
estimated,69332,2000069167,12,8.5,7,-3.5
estimated,69338,2000069173,17,8.1,21,-8.9
estimated,69339,2000069174,12,8.9,5,-3.1
estimated,69341,2000069176,7.5,9.4,4,1.9
estimated,69342,2000069177,12,7.8,4,-4.2
estimated,69351,2000069187,12,6.0,4,-6.0
estimated,69355,2000069191,7.5,13.0,4,5.5
estimated,69357,2000069193,12,7.8,4,-4.2
estimated,69358,2000069194,12,9.1,5,-2.9
estimated,69359,2000069195,7.5,8.6,4,1.1
estimated,69361,2000069197,12,8.7,6,-3.3
estimated,69362,2000069198,12,13.4,6,1.4
estimated,69364,2000069200,17,6.0,13,-11.0
estimated,69365,2000069201,12,13.3,8,1.3
estimated,69366,2000069202,12,6.1,11,-5.9
estimated,69370,2000069206,24,11.6,36,-12.4
estimated,69372,2000069208,12,11.4,11,-0.6
estimated,69373,2000069209,12,11.2,12,-0.8
estimated,69374,2000069210,17,9.3,14,-7.7
estimated,69377,2000069213,12,9.7,9,-2.3
estimated,69379,2000069215,17,6.1,14,-10.9
estimated,69380,2000069216,17,6.7,15,-10.3
estimated,69388,2000069224,12,9.3,4,-2.7
estimated,69389,2000069226,12,6.4,7,-5.6
estimated,69394,2000069231,12,8.5,8,-3.5
estimated,69400,2000069239,7.5,10.0,5,2.5
estimated,69402,2000069241,12,17.4,4,5.4
estimated,69409,2000069248,17,4.4,28,-12.6
estimated,69411,2000069250,12,12.9,7,0.9
estimated,69412,2000069251,12,9.4,7,-2.6
estimated,69421,2000069262,12,7.2,5,-4.8
estimated,69424,2000069265,12,5.8,6,-6.2
estimated,69426,2000069268,17,15.7,16,-1.3
estimated,69427,2000069269,17,11.5,30,-5.5
estimated,69428,2000069270,17,18.2,13,1.2
estimated,69429,2000069271,12,17.7,6,5.7
estimated,69430,2000069272,17,12.1,23,-4.9
estimated,69431,2000069273,17,29.4,15,12.4
estimated,69433,2000069275,17,11.9,18,-5.1
estimated,69436,2000069278,12,8.5,6,-3.5
estimated,69437,2000069279,7.5,10.5,4,3.0
estimated,69438,2000069280,17,10.5,13,-6.5
estimated,69440,2000069282,12,12.9,8,0.9
estimated,69441,2000069283,17,14.6,18,-2.4
estimated,69442,2000069284,17,7.5,12,-9.5
estimated,69443,2000069285,12,15.3,5,3.3
estimated,69444,2000069286,12,7.0,9,-5.0
estimated,69445,2000069287,17,6.9,22,-10.1
estimated,69446,2000069288,7.5,10.1,6,2.6
estimated,69448,2000069290,12,11.2,6,-0.8
estimated,69449,2000069291,12,16.3,8,4.3
estimated,69451,2000069294,17,6.6,12,-10.4
estimated,69453,2000069296,17,7.0,10,-10.0
estimated,69456,2000069299,12,8.6,8,-3.4
estimated,69457,2000069300,17,5.0,12,-12.0
estimated,69459,2000069302,12,6.0,5,-6.0
estimated,69461,2000069304,12,17.3,6,5.3
estimated,69462,2000069305,17,16.9,11,-0.1
estimated,69463,2000069307,7.5,10.5,4,3.0
estimated,69466,2000069310,12,10.7,7,-1.3
estimated,69468,2000069312,12,5.6,5,-6.4
estimated,69470,2000069314,17,14.8,27,-2.2
estimated,69477,2000069321,12,12.3,12,0.3
estimated,69478,2000069322,12,11.5,8,-0.5
estimated,69479,2000069323,17,9.0,14,-8.0
estimated,69481,2000069325,24,14.7,29,-9.3
estimated,69483,2000069327,17,20.3,19,3.3
estimated,69486,2000069330,17,21.3,16,4.3
estimated,69488,2000069332,17,10.7,10,-6.3
estimated,69489,2000069333,12,8.6,4,-3.4
estimated,69490,2000069334,12,7.3,5,-4.7
estimated,69491,2000069335,12,10.7,9,-1.3
estimated,69492,2000069336,17,9.9,12,-7.1
estimated,69494,2000069338,12,7.9,5,-4.1
estimated,69496,2000069340,17,11.9,29,-5.1
estimated,69498,2000069342,12,11.2,4,-0.8
estimated,69499,2000069343,12,12.1,6,0.1
estimated,69503,2000069347,12,11.9,5,-0.1
estimated,69506,2000069351,12,10.4,4,-1.6
estimated,69510,2000069355,12,9.4,5,-2.6
estimated,69519,2000069366,12,18.4,4,6.4
estimated,69521,2000069368,17,7.9,11,-9.1
estimated,69522,2000069369,12,7.2,5,-4.8
estimated,69530,2000069379,17,9.9,7,-7.1
estimated,69535,2000069385,17,8.3,28,-8.7
estimated,69536,2000069386,17,6.3,9,-10.7
estimated,69537,2000069387,12,6.4,6,-5.6
estimated,69538,2000069388,12,7.3,5,-4.7
estimated,69540,2000069390,17,6.3,13,-10.7
estimated,69541,2000069391,17,8.7,32,-8.3
estimated,69543,2000069393,12,11.0,7,-1.0
estimated,69544,2000069395,12,15.6,6,3.6
estimated,69545,2000069397,12,6.1,7,-5.9
estimated,69552,2000069404,17,10.7,15,-6.3
estimated,69554,2000069406,12,10.1,4,-1.9
estimated,69555,2000069407,17,9.8,10,-7.2
estimated,69556,2000069408,12,12.2,8,0.2
estimated,69561,2000069413,17,15.7,27,-1.3
estimated,69562,2000069414,12,19.9,5,7.9
estimated,69563,2000069415,12,6.3,5,-5.7
estimated,69565,2000069417,12,23.4,6,11.4
estimated,69566,2000069418,17,22.2,12,5.2
estimated,69567,2000069419,12,28.3,8,16.3
estimated,69568,2000069420,7.5,18.1,4,10.6
estimated,69569,2000069421,12,14.9,5,2.9
estimated,69570,2000069422,12,11.8,9,-0.2
estimated,69572,2000069424,12,24.3,4,12.3
estimated,69573,2000069425,12,10.3,9,-1.7
estimated,69574,2000069426,12,7.6,5,-4.4
estimated,69575,2000069427,17,9.1,21,-7.9
estimated,69576,2000069428,12,9.7,6,-2.3
estimated,69578,2000069431,12,7.0,6,-5.0
estimated,69579,2000069432,24,8.8,49,-15.2
estimated,69580,2000069433,17,4.3,25,-12.7
estimated,69581,2000069434,17,6.1,12,-10.9
estimated,69589,2000069442,17,4.9,16,-12.1
estimated,69594,2000069448,12,8.8,7,-3.2
estimated,69596,2000069450,12,3.4,4,-8.6
estimated,69606,2000069462,17,7.9,11,-9.1
estimated,69607,2000069463,12,8.2,8,-3.8
estimated,69610,2000069466,12,5.8,4,-6.2
estimated,69613,2000069470,17,6.2,16,-10.8
estimated,69615,2000069472,17,7.3,11,-9.7
estimated,69619,2000069476,17,9.4,26,-7.6
estimated,69623,2000069480,12,13.7,8,1.7
estimated,69626,2000069483,12,10.7,5,-1.3
estimated,69627,2000069484,17,9.2,13,-7.8
estimated,69628,2000069485,12,8.3,4,-3.7
estimated,69630,2000069487,12,9.5,4,-2.5
estimated,69631,2000069488,12,10.9,5,-1.1
estimated,69633,2000069490,17,18.6,10,1.6
estimated,69634,2000069491,12,16.1,6,4.1
estimated,69635,2000069492,17,17.0,11,-0.0
estimated,69636,2000069493,12,10.3,4,-1.7
estimated,69638,2000069495,12,10.2,5,-1.8
estimated,69642,2000069499,12,24.8,5,12.8
estimated,69644,2000069501,17,10.6,22,-6.4
estimated,69645,2000069502,17,22.4,14,5.4
estimated,69650,2000069507,12,9.4,4,-2.6
estimated,69656,2000069514,12,4.9,6,-7.1
estimated,69658,2000069516,12,6.3,6,-5.7
estimated,69659,2000069517,24,6.2,43,-17.8
estimated,69661,2000069519,12,5.6,8,-6.4
estimated,69667,2000069525,12,9.5,7,-2.5
estimated,69668,2000069526,12,10.7,6,-1.3
estimated,69669,2000069527,12,13.1,10,1.1
estimated,69670,2000069528,17,10.9,12,-6.1
estimated,69671,2000069529,12,11.6,9,-0.4
estimated,69672,2000069530,24,16.3,54,-7.7
estimated,69674,2000069532,17,13.7,28,-3.3
estimated,69675,2000069533,12,19.5,8,7.5
estimated,69678,2000069536,12,4.7,4,-7.3
estimated,69680,2000069538,12,4.9,5,-7.1
estimated,69682,2000069540,17,15.2,32,-1.8
estimated,69683,2000069541,12,4.9,8,-7.1
estimated,69689,2000069547,12,13.4,5,1.4
estimated,69690,2000069548,12,10.0,5,-2.0
estimated,69691,2000069549,17,5.1,13,-11.9
estimated,69693,2000069551,12,5.6,6,-6.4
estimated,69694,2000069552,12,6.3,8,-5.7
estimated,69695,2000069553,12,6.6,10,-5.4
estimated,69696,2000069554,12,5.5,4,-6.5
estimated,69697,2000069555,12,6.1,5,-5.9
estimated,69699,2000069557,12,5.5,6,-6.5
estimated,69700,2000069558,12,7.2,4,-4.8
estimated,69703,2000069561,7.5,7.0,4,-0.5
estimated,69704,2000069562,12,7.9,8,-4.1
estimated,69705,2000069563,12,8.3,4,-3.7
estimated,69706,2000069564,17,8.4,14,-8.6
estimated,69707,2000069565,12,7.4,10,-4.6
estimated,69710,2000069568,12,6.8,6,-5.2
estimated,69712,2000069570,12,7.3,4,-4.7
estimated,69714,2000069572,12,5.4,4,-6.6
estimated,69717,2000069575,12,4.6,9,-7.4
estimated,69718,2000069576,12,5.1,4,-6.9
estimated,69720,2000069578,17,6.5,16,-10.5
estimated,69721,2000069579,17,6.0,8,-11.0
estimated,69722,2000069580,12,4.5,5,-7.5
estimated,69723,2000069581,17,5.1,16,-11.9
estimated,69724,2000069582,12,6.5,4,-5.5
estimated,69726,2000069584,17,5.9,23,-11.1
estimated,69727,2000069585,17,4.2,10,-12.8
estimated,69731,2000069589,12,3.9,8,-8.1
estimated,69732,2000069591,12,3.6,4,-8.4
estimated,69735,2000069595,12,5.8,6,-6.2
estimated,69741,2000069602,17,5.8,11,-11.2
estimated,69743,2000069604,12,5.9,7,-6.1
estimated,69744,2000069605,17,5.5,12,-11.5
estimated,69745,2000069606,12,5.6,6,-6.4
estimated,69746,2000069607,12,5.5,4,-6.5
estimated,69747,2000069608,12,5.9,4,-6.1
estimated,69750,2000069611,12,4.5,4,-7.5
estimated,69752,2000069613,12,9.5,4,-2.5
estimated,69753,2000069615,17,9.6,12,-7.4
estimated,69756,2000069618,12,12.2,6,0.2
estimated,69761,2000069623,12,5.5,7,-6.5
estimated,69762,2000069624,12,5.1,5,-6.9
estimated,69763,2000069625,12,5.3,4,-6.7
estimated,69773,2000069635,12,9.7,8,-2.3
estimated,69779,2000069643,12,8.5,6,-3.5
estimated,69782,2000069647,17,5.9,14,-11.1
estimated,69783,2000069648,17,7.5,16,-9.5
estimated,69786,2000069651,17,11.4,13,-5.6
estimated,69791,2000069658,12,8.5,6,-3.5
estimated,69793,2000069662,17,10.2,6,-6.8
estimated,69795,2000069664,12,8.5,6,-3.5
estimated,69802,2000069671,12,8.6,6,-3.4
estimated,69803,2000069672,17,8.8,9,-8.2
estimated,69804,2000069673,12,6.6,6,-5.4
estimated,69806,2000069675,12,6.7,7,-5.3
estimated,69807,2000069676,12,9.7,6,-2.3
estimated,69808,2000069677,12,9.3,8,-2.7
estimated,69809,2000069678,12,9.9,8,-2.1
estimated,69810,2000069679,12,8.8,11,-3.2
estimated,69813,2000069682,12,11.5,12,-0.5
estimated,69814,2000069683,17,9.6,32,-7.4
estimated,69818,2000069687,12,7.4,6,-4.6
estimated,69819,2000069688,12,8.3,6,-3.7
estimated,69820,2000069689,12,7.4,5,-4.6
estimated,69821,2000069690,12,5.8,10,-6.2
estimated,69822,2000069691,17,11.0,15,-6.0
estimated,69825,2000069694,17,6.3,12,-10.7
estimated,69826,2000069695,17,12.9,12,-4.1
estimated,69828,2000069697,17,10.4,13,-6.6
estimated,69829,2000069698,17,12.0,19,-5.0
estimated,69831,2000069700,12,6.4,7,-5.6
estimated,69832,2000069701,12,8.8,6,-3.2
estimated,69833,2000069702,12,8.7,6,-3.3
estimated,69837,2000069706,17,8.6,11,-8.4
estimated,69839,2000069708,17,5.1,12,-11.9
estimated,69840,2000069709,12,7.1,6,-4.9
estimated,69843,2000069712,17,3.2,6,-13.8
estimated,69844,2000069713,17,6.4,18,-10.6
estimated,69846,2000069715,12,6.8,6,-5.2
estimated,69848,2000069717,17,5.0,13,-12.0
estimated,69852,2000069721,12,5.9,5,-6.1
estimated,69854,2000069723,12,9.9,8,-2.1
estimated,69856,2000069725,17,19.5,16,2.5
estimated,69857,2000069726,12,5.8,9,-6.2
estimated,69858,2000069727,12,7.7,11,-4.3
estimated,69862,2000069731,12,4.9,6,-7.1
estimated,69864,2000069733,12,3.6,6,-8.4
estimated,69865,2000069734,12,10.0,4,-2.0
estimated,69867,2000069736,17,16.1,7,-0.9
estimated,69870,2000069739,12,11.0,6,-1.0
estimated,69872,2000069741,12,6.2,12,-5.8
estimated,69874,2000069743,12,5.9,6,-6.1
estimated,69876,2000069745,12,5.5,10,-6.5
estimated,69877,2000069746,17,5.5,10,-11.5
estimated,69881,2000069750,12,5.8,8,-6.2
estimated,69882,2000069751,12,6.2,5,-5.8
estimated,69884,2000069753,12,5.2,4,-6.8
estimated,69889,2000069758,12,7.9,11,-4.1
estimated,69890,2000069759,12,9.0,4,-3.0
estimated,69891,2000069760,12,7.0,6,-5.0
estimated,69892,2000069761,17,6.3,16,-10.7
estimated,69893,2000069762,7.5,6.7,4,-0.8
estimated,69895,2000069764,7.5,6.5,4,-1.0
estimated,69901,2000069770,12,12.6,5,0.6
estimated,69905,2000069774,12,13.5,6,1.5
estimated,69910,2000069780,12,5.5,6,-6.5
estimated,69918,2000069788,12,8.1,5,-3.9
estimated,69919,2000069789,12,6.8,6,-5.2
estimated,69925,2000069795,17,5.7,9,-11.3
estimated,69935,2000069805,17,6.5,21,-10.5
estimated,69939,2000069809,12,6.3,5,-5.7
estimated,69943,2000069813,12,9.4,4,-2.6
estimated,69944,2000069814,17,9.3,14,-7.7
estimated,69945,2000069815,17,8.7,15,-8.3
estimated,69947,2000069817,17,5.6,15,-11.4
estimated,69950,2000069820,12,5.7,9,-6.3
estimated,69951,2000069821,17,5.9,27,-11.1
estimated,69954,2000069824,12,6.5,10,-5.5
estimated,69955,2000069826,12,5.6,5,-6.4
estimated,69957,2000069828,12,7.0,7,-5.0
estimated,69958,2000069829,12,9.4,10,-2.6
estimated,69959,2000069830,17,8.6,20,-8.4
estimated,69962,2000069833,12,8.9,5,-3.1
estimated,69964,2000069835,12,4.7,4,-7.3
estimated,69967,2000069839,12,7.4,11,-4.6
estimated,69973,2000069845,12,11.3,4,-0.7
estimated,69976,2000069848,12,6.9,5,-5.1
estimated,69978,2000069850,12,6.8,8,-5.2
estimated,69979,2000069851,24,4.1,51,-19.9
estimated,69984,2000069857,17,5.3,11,-11.7
estimated,69986,2000069859,12,5.0,5,-7.0
estimated,69991,2000069864,17,5.5,16,-11.5
estimated,69992,2000069865,12,5.8,4,-6.2
estimated,69993,2000069866,17,6.0,10,-11.0
estimated,69996,2000069869,12,5.4,9,-6.6
estimated,69998,2000069871,7.5,13.2,4,5.7
estimated,70009,2000069883,12,7.0,9,-5.0
estimated,70010,2000069884,17,5.4,11,-11.6
estimated,70011,2000069885,12,5.2,4,-6.8
estimated,70013,2000069887,7.5,5.6,4,-1.9
estimated,70015,2000069889,17,5.7,23,-11.3
estimated,70016,2000069890,12,5.2,5,-6.8
estimated,70019,2000069893,12,5.3,6,-6.7
estimated,70021,2000069895,17,13.2,15,-3.8
estimated,70026,2000069900,17,4.9,10,-12.1
estimated,70028,2000069902,7.5,4.8,4,-2.7
estimated,70030,2000069904,12,5.2,4,-6.8
estimated,70031,2000069905,12,5.2,4,-6.8
estimated,70032,2000069906,7.5,5.1,4,-2.4
estimated,70033,2000069907,12,6.6,10,-5.4
estimated,70034,2000069908,12,5.4,4,-6.6
estimated,70036,2000069910,12,4.6,4,-7.4
estimated,70048,2000069922,17,11.2,9,-5.8
estimated,70049,2000069923,17,14.4,15,-2.6
estimated,70050,2000069927,24,13.3,48,-10.7
estimated,70053,2000069930,17,9.7,11,-7.3
estimated,70056,2000069933,12,9.2,5,-2.8
estimated,70063,2000069940,17,9.3,13,-7.7
estimated,70067,2000069944,17,28.8,13,11.8
estimated,70076,2000069953,17,5.9,12,-11.1
estimated,70077,2000069954,17,7.4,13,-9.6
estimated,70078,2000069955,17,6.4,8,-10.6
estimated,70079,2000069956,17,6.2,11,-10.8
estimated,70080,2000069957,17,6.3,13,-10.7
estimated,70082,2000069959,17,9.1,9,-7.9
estimated,70083,2000069960,7.5,8.2,4,0.7
estimated,70084,2000069961,17,8.5,12,-8.5
estimated,70085,2000069962,12,8.9,4,-3.1
estimated,70086,2000069963,17,7.3,14,-9.7
estimated,70087,2000069964,17,7.9,8,-9.1
estimated,70089,2000069966,17,9.4,13,-7.6
estimated,70091,2000069968,12,6.0,4,-6.0
estimated,70092,2000069969,17,5.8,8,-11.2
estimated,70095,2000069972,17,11.9,14,-5.1
estimated,70096,2000069973,17,12.5,25,-4.5
estimated,70098,2000069975,17,5.5,12,-11.5
estimated,70109,2000069986,17,8.6,10,-8.4
estimated,70115,2000069992,17,6.5,10,-10.5
estimated,70116,2000069993,17,5.5,11,-11.5
estimated,70120,2000069997,17,6.8,11,-10.2
estimated,70129,2000070006,12,7.7,7,-4.3
estimated,70132,2000070009,17,8.1,7,-8.9
estimated,70134,2000070011,12,6.5,5,-5.5
estimated,70136,2000070013,12,5.0,4,-7.0
estimated,70137,2000070014,17,6.7,9,-10.3
estimated,70142,2000070019,17,8.1,20,-8.9
estimated,70146,2000070023,17,10.0,8,-7.0
estimated,70149,2000070026,12,5.3,6,-6.7
estimated,70150,2000070027,17,14.1,16,-2.9
estimated,70152,2000070029,17,8.9,16,-8.1
estimated,70164,2000070041,17,7.2,11,-9.8
estimated,70168,2000070045,17,7.0,8,-10.0
estimated,70170,2000070047,17,8.7,10,-8.3
estimated,70172,2000070049,12,8.6,6,-3.4
estimated,70174,2000070051,17,7.1,11,-9.9
estimated,70176,2000070053,17,8.1,8,-8.9
estimated,70177,2000070054,17,6.8,15,-10.2
estimated,70178,2000070055,17,8.5,14,-8.5
estimated,70179,2000070056,17,7.0,10,-10.0
estimated,70180,2000070057,17,6.3,7,-10.7
estimated,70182,2000070059,12,6.1,9,-5.9
estimated,70183,2000070060,12,5.3,4,-6.7
estimated,70185,2000070062,17,5.6,12,-11.4
estimated,70190,2000070067,17,7.4,16,-9.6
estimated,70196,2000070073,12,7.6,8,-4.4
estimated,70199,2000070076,17,7.5,9,-9.5
estimated,70201,2000070078,17,5.2,12,-11.8
estimated,70202,2000070079,17,5.7,10,-11.3
estimated,70203,2000070080,17,6.9,7,-10.1
estimated,70212,2000070089,17,5.7,9,-11.3
estimated,70213,2000070090,17,6.2,12,-10.8
estimated,70214,2000070091,12,3.3,4,-8.7
estimated,70215,2000070092,12,4.7,5,-7.3
estimated,70216,2000070093,12,6.5,10,-5.5
estimated,70217,2000070094,17,6.2,12,-10.8
estimated,70224,2000070101,17,4.0,11,-13.0
estimated,70225,2000070102,12,4.5,4,-7.5
estimated,70226,2000070103,12,3.4,6,-8.6
estimated,70227,2000070104,12,3.9,7,-8.1
estimated,70228,2000070105,17,3.4,9,-13.6
estimated,70229,2000070106,12,3.7,8,-8.3
estimated,70230,2000070107,17,6.9,10,-10.1
estimated,70234,2000070111,17,7.2,7,-9.8
estimated,70236,2000070113,17,8.6,10,-8.4
estimated,70237,2000070114,17,6.0,12,-11.0
estimated,70238,2000070115,17,6.5,23,-10.5
estimated,70241,2000070118,12,5.6,8,-6.4
estimated,70243,2000070120,17,6.4,9,-10.6
estimated,70244,2000070121,12,5.4,5,-6.6
estimated,70245,2000070122,12,6.1,7,-5.9
estimated,70247,2000070124,17,6.2,12,-10.8
estimated,70248,2000070125,12,7.0,5,-5.0
estimated,70250,2000070127,17,11.3,13,-5.7
estimated,70252,2000070129,17,9.2,15,-7.8
estimated,70257,2000070134,12,8.4,4,-3.6
estimated,70262,2000070139,7.5,5.5,4,-2.0
estimated,70263,2000070140,17,7.1,12,-9.9
estimated,70265,2000070142,12,6.5,7,-5.5
estimated,70266,2000070143,12,8.0,5,-4.0
estimated,70269,2000070146,12,5.2,6,-6.8
estimated,70283,2000070163,17,5.7,18,-11.3
estimated,70284,2000070164,17,5.9,9,-11.1
estimated,70287,2000070167,17,6.0,9,-11.0
estimated,70289,2000070169,17,7.6,15,-9.4
estimated,70292,2000070172,17,6.5,21,-10.5
estimated,70294,2000070174,17,7.5,9,-9.5
estimated,70311,2000070191,12,3.5,4,-8.5
estimated,70317,2000070197,12,7.2,4,-4.8
estimated,70318,2000070198,17,6.9,9,-10.1
estimated,70319,2000070199,17,7.4,11,-9.6
estimated,70321,2000070201,12,5.4,5,-6.6
estimated,70322,2000070202,17,5.6,8,-11.4
estimated,70323,2000070203,12,5.7,7,-6.3
estimated,70326,2000070206,17,6.5,12,-10.5
estimated,70334,2000070214,17,6.6,10,-10.4
estimated,70335,2000070215,17,5.2,10,-11.8
estimated,70337,2000070218,12,8.0,5,-4.0
estimated,70338,2000070219,12,7.6,9,-4.4
estimated,70339,2000070220,12,12.8,4,0.8
estimated,70345,2000070228,17,7.6,15,-9.4
estimated,70346,2000070229,17,8.5,21,-8.5
estimated,70349,2000070232,17,7.3,12,-9.7
estimated,70350,2000070233,17,13.9,20,-3.1
estimated,70358,2000070241,17,13.4,33,-3.6
estimated,70359,2000070242,12,10.6,4,-1.4
estimated,70362,2000070246,12,10.1,5,-1.9
estimated,70363,2000070247,17,5.6,8,-11.4
estimated,70365,2000070249,7.5,4.1,4,-3.4
estimated,70366,2000070251,12,3.8,5,-8.2
estimated,70369,2000070254,12,3.8,4,-8.2
estimated,70379,2000070264,12,4.4,6,-7.6
estimated,70384,2000070269,12,4.9,9,-7.1
estimated,70385,2000070270,17,9.1,11,-7.9
estimated,70386,2000070271,17,11.2,10,-5.8
estimated,70388,2000070273,17,8.0,6,-9.0
estimated,70393,2000070278,17,6.5,8,-10.5
estimated,70395,2000070280,17,6.9,11,-10.1
estimated,70397,2000070282,7.5,10.9,4,3.4
estimated,70398,2000070283,17,5.4,18,-11.6
estimated,70399,2000070284,12,6.6,7,-5.4
estimated,70401,2000070286,17,20.1,25,3.1
estimated,70403,2000070288,17,8.9,12,-8.1
estimated,70405,2000070290,17,8.8,23,-8.2
estimated,70406,2000070291,12,10.9,6,-1.1
estimated,70408,2000070293,17,12.5,8,-4.5
estimated,70410,2000070295,12,9.5,8,-2.5
estimated,70411,2000070296,12,11.7,10,-0.3
estimated,70413,2000070298,12,9.5,4,-2.5
estimated,70414,2000070299,12,5.9,4,-6.1
estimated,70417,2000070302,12,10.2,7,-1.8
estimated,70419,2000070304,17,7.6,12,-9.4
estimated,70420,2000070305,17,9.7,12,-7.3
estimated,70421,2000070306,17,7.1,10,-9.9
estimated,70422,2000070307,12,10.2,8,-1.8
estimated,70423,2000070308,12,10.3,5,-1.7
estimated,70424,2000070309,17,13.0,26,-4.0
estimated,70425,2000070310,17,9.8,10,-7.2
estimated,70428,2000070313,12,9.0,9,-3.0
estimated,70429,2000070314,17,7.5,10,-9.5
estimated,70430,2000070315,12,9.2,8,-2.8
estimated,70431,2000070316,17,7.4,9,-9.6
estimated,70433,2000070318,12,7.5,6,-4.5
estimated,70435,2000070320,17,7.5,13,-9.5
estimated,70437,2000070322,17,8.0,15,-9.0
estimated,70439,2000070324,12,5.7,8,-6.3
estimated,70440,2000070325,17,6.9,10,-10.1
estimated,70443,2000070328,12,11.5,5,-0.5
estimated,70445,2000070330,12,7.5,5,-4.5
estimated,70449,2000070334,17,5.6,18,-11.4
estimated,70450,2000070335,12,8.5,5,-3.5
estimated,70452,2000070337,17,11.3,29,-5.7
estimated,70454,2000070339,12,5.3,5,-6.7
estimated,70456,2000070341,12,10.6,6,-1.4
estimated,70457,2000070342,17,24.7,9,7.7
estimated,70464,2000070350,12,9.6,10,-2.4
estimated,70471,2000070357,12,7.8,4,-4.2
estimated,70472,2000070359,17,9.5,13,-7.5
estimated,70475,2000070362,12,4.4,6,-7.6
estimated,70477,2000070364,17,6.3,7,-10.7
estimated,70481,2000070368,12,5.1,4,-6.9
estimated,70482,2000070369,17,5.7,9,-11.3
estimated,70487,2000070377,17,9.7,12,-7.3
estimated,70489,2000070379,12,8.3,4,-3.7
estimated,70492,2000070382,12,4.3,4,-7.7
estimated,70493,2000070383,12,5.9,8,-6.1
estimated,70498,2000070388,12,6.5,4,-5.5
estimated,70504,2000070395,17,9.1,10,-7.9
estimated,70506,2000070397,12,6.1,4,-5.9
estimated,70511,2000070402,17,6.5,8,-10.5
estimated,70515,2000070406,12,4.6,9,-7.4
estimated,70520,2000070412,12,6.6,4,-5.4
estimated,70524,2000070416,17,19.0,20,2.0
estimated,70540,2000070432,17,8.5,35,-8.5
estimated,70543,2000070436,17,20.8,19,3.8
estimated,70544,2000070437,17,30.3,21,13.3
estimated,70548,2000070441,12,7.1,5,-4.9
estimated,70559,2000070455,24,5.5,46,-18.5
estimated,70560,2000070456,17,5.6,29,-11.4
estimated,70563,2000070460,17,8.3,15,-8.7
estimated,70564,2000070461,12,6.3,7,-5.7
estimated,70567,2000070464,12,5.4,4,-6.6
estimated,70568,2000070465,12,6.6,6,-5.4
estimated,70574,2000070472,12,3.7,4,-8.3
estimated,70577,2000070475,12,7.6,8,-4.4
estimated,70581,2000070479,17,7.5,22,-9.5
estimated,70582,2000070480,12,4.9,5,-7.1
estimated,70583,2000070481,12,6.2,11,-5.8
estimated,70584,2000070482,12,3.6,5,-8.4
estimated,70587,2000070485,17,4.4,12,-12.6
estimated,70588,2000070486,17,11.1,8,-5.9
estimated,70594,2000070496,12,10.4,8,-1.6
estimated,70596,2000070498,12,11.7,5,-0.3
estimated,70599,2000070501,12,7.9,4,-4.1
estimated,70600,2000070502,12,7.4,4,-4.6
estimated,70602,2000070504,12,8.7,6,-3.3
estimated,70603,2000070505,17,8.2,17,-8.8
estimated,70604,2000070506,24,9.2,78,-14.8
estimated,70606,2000070508,12,7.3,4,-4.7
estimated,70609,2000070511,17,6.9,16,-10.1
estimated,70612,2000070514,12,5.8,4,-6.2
estimated,70613,2000070515,12,5.7,4,-6.3
estimated,70614,2000070516,12,4.3,6,-7.7
estimated,70617,2000070519,17,5.4,7,-11.6
estimated,70622,2000070524,17,7.0,16,-10.0
estimated,70626,2000070529,17,8.4,19,-8.6
estimated,70627,2000070530,17,8.6,10,-8.4
estimated,70634,2000070550,12,5.1,6,-6.9
estimated,70638,2000070558,12,4.4,4,-7.6
estimated,70645,2000070568,17,5.6,10,-11.4
estimated,70650,2000070577,17,7.7,12,-9.3
estimated,70653,2000070580,17,5.2,11,-11.8
estimated,70655,2000070583,12,5.7,6,-6.3
estimated,70656,2000070584,12,6.2,9,-5.8
estimated,70657,2000070586,12,5.3,4,-6.7
estimated,70658,2000070587,17,5.4,12,-11.6
estimated,70664,2000070603,12,5.6,6,-6.4
estimated,70676,2000070628,12,5.9,5,-6.1
estimated,70680,2000070633,17,5.3,10,-11.7
estimated,70681,2000070634,17,6.1,10,-10.9
estimated,70707,2000070686,12,7.5,7,-4.5
estimated,70709,2000070688,12,6.7,6,-5.3
estimated,70710,2000070689,12,7.3,6,-4.7
estimated,70713,2000070692,12,6.7,5,-5.3
levels,7,39598462,48.0,56.5,68,8.5
levels,17,39598491,16.0,59.9,146,43.9
height,21,39598509,6.0,6.9,61,0.9
levels,30,39622176,57.6,60.2,115,2.6
levels,108,39622424,19.2,13.3,4,-5.9
levels,143,59339647,6.4,8.5,254,2.1
height,158,138674379,92.0,86.7,54,-5.3
levels,173,165420603,22.4,30.7,62,8.3
levels,217,165887817,57.6,76.9,50,19.3
levels,224,166092216,57.6,33.8,67,-23.8
levels,225,166103215,57.6,7.8,42,-49.8
levels,226,166103218,80.0,54.0,87,-26.0
levels,232,166233718,32.0,32.6,152,0.6
levels,268,186252168,38.4,55.4,22,17.0
levels,270,186274983,16.0,18.4,17,2.4
levels,275,186274999,16.0,11.8,23,-4.2
levels,277,186275004,60.8,75.9,44,15.1
levels,281,186347712,32.0,25.4,18,-6.6
levels,285,187895148,32.0,57.4,74,25.4
height,289,187895161,45.0,42.5,75,-2.5
levels,297,187895187,9.6,31.2,47,21.6
height,300,187949830,75.0,48.8,44,-26.2
levels,317,188114207,57.6,24.7,73,-32.9
levels,325,189193713,64.0,70.9,29,6.9
levels,327,189193718,32.0,20.9,34,-11.1
levels,330,189196739,32.0,32.0,17,0.0
levels,344,193142005,16.0,27.6,30,11.6
height,352,193142038,35.0,38.5,101,3.5
levels,355,193256698,16.0,31.3,23,15.3
levels,388,198265272,35.2,50.9,21,15.7
levels,397,205886198,25.6,20.1,125,-5.5
height,410,261581795,45.0,58.8,66,13.8
height,411,261583837,80.0,23.4,54,-56.6
height,412,261583838,80.0,41.8,42,-38.2
levels,416,262966605,9.6,12.5,30,2.9
height,447,263311737,7.0,11.2,57,4.2
levels,453,263352322,22.4,45.8,136,23.4
levels,454,263352323,12.8,15.8,42,3.0
levels,455,263352324,12.8,10.2,22,-2.6
levels,466,263502867,38.4,31.0,35,-7.4
levels,469,263502874,35.2,27.4,23,-7.8
levels,474,263506609,22.4,25.0,79,2.6
levels,490,263603374,41.6,44.6,157,3.0
levels,491,263640378,9.6,10.5,14,0.9
levels,508,289041921,25.6,58.4,40,32.8
levels,559,289926575,32.0,20.4,13,-11.6
levels,565,290222675,57.6,34.3,41,-23.3
height,598,304558499,50.0,75.8,6,25.8
levels,665,308447398,57.6,61.4,128,3.8
levels,668,313404496,12.8,19.3,59,6.5
levels,670,315254031,57.6,57.4,107,-0.2
levels,673,318678509,57.6,78.7,33,21.1
levels,692,341504305,9.6,8.9,222,-0.7
height,697,341508367,30.0,23.6,42,-6.4
levels,704,358155188,19.2,21.8,42,2.6
height,708,366094564,25.0,18.1,34,-6.9
levels,731,381439962,25.6,18.8,132,-6.8
levels,732,393650646,9.6,10.0,36,0.4
levels,734,393652059,38.4,31.6,18,-6.8
levels,735,399009313,19.2,57.1,55,37.9
height,736,402644448,75.0,86.7,20,11.7
levels,737,402644450,9.6,29.3,61,19.7
height,741,402644464,30.0,26.6,13,-3.4
levels,860,472078716,67.2,90.5,39,23.3
levels,861,472309902,41.6,31.5,47,-10.1
levels,862,472309903,32.0,32.5,23,0.5
levels,863,493253529,9.6,7.4,26,-2.2
levels,864,493253530,9.6,10.4,8,0.8
levels,865,493253531,3.2,8.3,8,5.1
height,867,494789242,60.0,39.4,18,-20.6
height,869,494789244,60.0,69.7,57,9.7
height,873,499497153,40.0,56.2,75,16.2
height,874,499497154,40.0,58.6,49,18.6
height,876,499497156,40.0,66.2,85,26.2
levels,882,502984597,19.2,49.0,162,29.8
levels,885,503730840,41.6,52.4,31,10.8
levels,889,505037221,54.4,64.3,16,9.9
levels,898,507531213,89.6,35.2,82,-54.4
levels,899,507531214,89.6,47.4,95,-42.2
levels,906,540381142,16.0,13.9,30,-2.1
levels,909,543179748,16.0,8.3,7,-7.7
levels,910,550957718,9.6,14.6,80,5.0
levels,911,550957719,9.6,12.9,96,3.3
levels,912,550957720,9.6,11.0,42,1.4
levels,913,550957721,9.6,9.5,40,-0.1
levels,914,550957722,9.6,11.5,45,1.9
levels,915,550957723,9.6,10.8,43,1.2
levels,916,550957724,9.6,9.0,40,-0.6
levels,917,550957725,9.6,9.5,40,-0.1
levels,918,550957726,9.6,9.1,51,-0.5
levels,919,550957727,9.6,12.5,43,2.9
levels,920,550957728,9.6,12.4,46,2.8
levels,921,550957729,9.6,12.8,42,3.2
levels,922,550957730,9.6,13.5,43,3.9
levels,923,550957731,9.6,7.9,10,-1.7
levels,924,550957732,9.6,7.0,29,-2.6
levels,934,565284359,22.4,17.9,12,-4.5
height,949,605774030,40.0,17.5,51,-22.5
levels,987,648992244,16.0,88.8,98,72.8
levels,996,682199569,9.6,11.6,13,2.0
levels,1003,682199579,38.4,44.2,44,5.8
levels,1004,682199580,38.4,57.1,57,18.7
levels,1005,682199581,38.4,44.9,38,6.5
levels,1033,682250596,57.6,44.8,108,-12.8
levels,1048,682412607,9.6,12.3,18,2.7
levels,1098,682689482,70.4,78.0,59,7.6
height,1108,683058364,35.0,25.5,20,-9.5
levels,1160,683910650,12.8,10.9,20,-1.9
levels,1183,691191100,32.0,21.7,21,-10.3
height,1185,695895003,25.0,32.9,5,7.9
levels,1192,695895015,9.6,19.4,34,9.8
levels,1193,695895016,16.0,34.1,76,18.1
levels,1196,709834377,12.8,13.9,14,1.1
levels,1225,732489088,9.6,19.1,210,9.5
levels,1241,737948715,25.6,22.3,13,-3.3
levels,1248,741090726,22.4,35.8,19,13.4
levels,1253,741094459,16.0,22.3,58,6.3
levels,1258,744233634,86.4,69.5,38,-16.9
levels,1259,744233635,86.4,69.2,37,-17.2
levels,1261,744233637,86.4,83.3,35,-3.1
levels,1269,750565567,48.0,39.2,110,-8.8
levels,1270,750565568,48.0,57.3,127,9.3
levels,1277,755951308,28.8,27.0,22,-1.8
levels,1296,801710772,28.8,30.0,25,1.2
height,1299,801710792,26.0,14.8,90,-11.2
levels,1367,801950748,3.2,8.4,26,5.2
levels,1454,802105041,12.8,23.1,102,10.3
levels,1471,802157380,28.8,33.7,26,4.9
levels,1473,802157384,19.2,32.8,7,13.6
levels,1474,802157385,9.6,29.3,20,19.7
levels,1475,802157386,44.8,22.0,15,-22.8
levels,1480,802157403,6.4,14.3,16,7.9
levels,1490,802157426,6.4,8.9,48,2.5
levels,1493,802157431,12.8,9.6,36,-3.2
levels,1494,802157432,9.6,11.1,57,1.5
levels,1495,802157434,6.4,13.9,5,7.5
levels,1497,802157443,19.2,25.8,28,6.6
levels,1508,804073938,41.6,70.3,23,28.7
levels,1510,804073944,9.6,19.8,78,10.2
levels,1511,804073945,38.4,41.5,38,3.1
levels,1553,804926027,35.2,34.5,14,-0.7
levels,1746,807680665,32.0,53.6,164,21.6
levels,1851,822530585,16.0,17.5,6,1.5
height,1877,847814487,65.0,58.6,54,-6.4
levels,1966,875450343,12.8,18.7,54,5.9
height,2064,931056269,30.0,14.5,35,-15.5
height,2066,931056271,30.0,13.7,30,-16.3
height,2068,931056273,30.0,14.7,23,-15.3
height,2069,931056274,30.0,17.5,48,-12.5
height,2070,931056275,30.0,16.0,44,-14.0
height,2071,931056276,30.0,15.8,33,-14.2
height,2072,931056277,30.0,15.2,41,-14.8
height,2073,931056278,30.0,13.3,46,-16.7
height,2075,931056280,30.0,14.2,34,-15.8
height,2077,931056282,30.0,12.5,33,-17.5
height,2079,931056284,30.0,14.7,34,-15.3
height,2080,931056285,30.0,20.0,73,-10.0
height,2081,931056286,30.0,15.4,32,-14.6
levels,2083,947566510,22.4,18.4,18,-4.0
levels,2090,1000734826,6.4,18.5,104,12.1
height,2099,1019411752,4.0,4.3,8,0.3
levels,2105,1027003696,9.6,83.8,46,74.2
levels,2106,1033682069,12.8,8.6,11,-4.2
levels,2803,1041089264,86.4,78.2,56,-8.2
levels,3039,1041369462,38.4,39.5,46,1.1
levels,4624,1042569494,9.6,10.5,5,0.9
levels,5002,1042821992,3.2,9.7,81,6.5
levels,5003,1042821993,9.6,10.4,41,0.8
height,7274,1044675841,15.0,7.4,11,-7.6
levels,7901,1046076451,3.2,6.0,5,2.8
levels,8033,1086980071,9.6,10.1,89,0.5
height,8091,1101443618,18.0,12.1,60,-5.9
height,8094,1101508008,80.0,89.0,69,9.0
height,8096,1101508010,80.0,35.4,64,-44.6
height,8098,1101627942,60.0,73.4,60,13.4
height,8099,1101679549,88.0,90.7,65,2.7
levels,8100,1101868976,44.8,36.1,139,-8.7
levels,8103,1101870429,67.2,91.7,56,24.5
levels,8104,1101870648,67.2,88.7,48,21.5
levels,8105,1101870649,57.6,90.1,43,32.5
levels,8112,1101907995,12.8,19.0,13,6.2
levels,8137,1150659802,44.8,68.9,11,24.1
levels,8161,1151188380,3.2,26.8,96,23.6
levels,8162,1151188381,6.4,25.7,28,19.3
levels,8163,1151188382,9.6,27.6,53,18.0
levels,8165,1151192398,16.0,23.5,26,7.5
levels,8185,1151414052,16.0,22.9,22,6.9
levels,8186,1151414053,19.2,24.4,18,5.2
levels,8191,1151427606,70.4,86.9,50,16.5
levels,8192,1151427607,73.6,88.1,38,14.5
height,8201,1151604042,60.0,91.0,57,31.0
height,8202,1151604043,63.0,90.2,19,27.2
height,8204,1151605931,76.0,54.0,6,-22.0
height,8205,1151605932,76.0,65.4,19,-10.6
levels,8207,1151615245,48.0,64.1,28,16.1
levels,8208,1151615246,60.8,68.4,46,7.6
levels,8209,1151615247,64.0,69.4,22,5.4
levels,8210,1151615248,67.2,70.6,10,3.4
levels,8217,1151622020,12.8,7.4,11,-5.4
levels,8233,1152400937,70.4,91.9,21,21.5
levels,8252,1152745561,60.8,59.7,46,-1.1
levels,8253,1152745562,64.0,67.9,8,3.9
levels,8254,1152745563,64.0,61.0,16,-3.0
levels,8748,1153472328,19.2,43.3,40,24.1
levels,8749,1153472329,28.8,44.4,30,15.6
levels,8752,1153472333,19.2,27.3,25,8.1
levels,8753,1153472343,19.2,15.7,18,-3.5
levels,8759,1153472349,38.4,51.5,17,13.1
levels,8764,1153472354,28.8,58.0,8,29.2
levels,8773,1153472363,32.0,55.6,9,23.6
height,8950,1158889693,20.0,18.4,5,-1.6
levels,8954,1159237479,38.4,66.6,65,28.2
levels,8955,1159237480,38.4,69.2,76,30.8
levels,8956,1159237481,38.4,55.9,44,17.5
levels,8959,1161632303,41.6,35.0,53,-6.6
levels,8961,1161632312,9.6,18.8,55,9.2
levels,8962,1161632317,44.8,29.0,6,-15.8
levels,8963,1161639110,80.0,69.7,50,-10.3
levels,8964,1161639111,83.2,70.3,14,-12.9
levels,8965,1161639112,28.8,25.4,11,-3.4
levels,8968,1161653812,51.2,22.8,21,-28.4
levels,8978,1181106465,38.4,52.0,114,13.6
levels,8980,1181111289,19.2,35.0,26,15.8
levels,8981,1181111291,16.0,65.9,19,49.9
levels,8982,1181111292,64.0,65.2,18,1.2
height,9053,1217124525,70.0,84.7,41,14.7
levels,9054,1217124526,57.6,80.9,5,23.3
levels,9060,1217481833,44.8,55.4,22,10.6
levels,9064,1217582553,6.4,21.3,16,14.9
levels,9070,1217816954,51.2,56.5,42,5.3
levels,9072,1218032010,48.0,54.5,20,6.5
levels,9078,1218032016,44.8,65.4,7,20.6
levels,9079,1218032017,32.0,34.5,19,2.5
height,9080,1218352000,72.0,58.3,36,-13.7
levels,9083,1218853057,57.6,40.9,18,-16.7
levels,9084,1218853059,9.6,13.6,13,4.0
levels,9092,1219252809,9.6,9.8,65,0.2
levels,9093,1219258954,38.4,29.1,31,-9.3
levels,9094,1219258956,38.4,23.6,31,-14.8
levels,9095,1219258957,38.4,36.0,39,-2.4
levels,9100,1219258971,35.2,49.6,19,14.4
levels,9101,1219258972,38.4,50.5,18,12.1
levels,9103,1219523324,73.6,64.8,7,-8.8
levels,9104,1219523325,70.4,68.4,23,-2.0
height,9111,1220988981,5.0,7.2,11,2.2
height,9113,1220988990,5.0,6.6,9,1.6
height,9115,1221511600,18.5,14.7,16,-3.8
height,9116,1221511601,13.5,14.1,58,0.6
height,9117,1221511602,13.5,6.3,18,-7.2
height,9118,1221511603,13.5,7.6,13,-5.9
levels,9121,1221589521,54.4,46.0,18,-8.4
levels,9123,1221589528,48.0,40.0,33,-8.0
levels,9124,1221589529,54.4,44.9,25,-9.5
height,9126,1221682393,17.5,16.0,31,-1.5
height,9127,1221682394,14.0,16.0,17,2.0
height,9128,1221682395,13.0,13.1,80,0.1
height,9129,1221682396,13.0,14.0,217,1.0
height,9136,1222241873,22.5,86.7,93,64.2
levels,9138,1222272527,6.4,9.2,51,2.8
height,9139,1222997682,13.5,6.1,17,-7.4
height,9140,1222997683,13.5,8.4,27,-5.1
levels,9205,1238737217,22.4,10.8,5,-11.6
height,9215,1255964182,4.0,16.7,48,12.7
levels,9221,1272651079,22.4,36.1,51,13.7
levels,9225,1273247317,22.4,13.9,7,-8.5
height,9243,1290278799,22.0,20.9,13,-1.1
levels,9244,1290278800,28.8,30.7,4,1.9
levels,9245,1290278801,12.8,28.0,5,15.2
levels,9259,1295556791,16.0,10.8,18,-5.2
levels,9266,1295638395,16.0,9.7,24,-6.3
levels,9288,1300985215,89.6,90.8,41,1.2
levels,9304,1316463701,16.0,86.4,56,70.4
levels,9328,1319601743,19.2,18.4,45,-0.8
levels,9330,1319601745,38.4,51.4,49,13.0
levels,9331,1319664929,22.4,55.9,18,33.5
levels,9333,1319664937,9.6,13.0,10,3.4
levels,9336,1320105334,16.0,16.9,26,0.9
levels,9338,1320105346,6.4,26.1,13,19.7
levels,9339,1320105347,28.8,54.2,7,25.4
levels,9340,1320105348,28.8,50.6,6,21.8
levels,9341,1320105349,28.8,36.6,6,7.8
levels,9342,1320370247,22.4,17.6,19,-4.8
levels,9343,1320370248,19.2,11.8,15,-7.4
levels,9344,1320370249,12.8,9.9,15,-2.9
levels,9345,1320370250,16.0,11.1,5,-4.9
levels,9346,1320370251,17.6,14.2,9,-3.4
levels,9347,1320370252,19.2,14.9,5,-4.3
levels,9348,1320370253,12.8,9.6,12,-3.2
levels,9349,1320370254,16.0,7.8,4,-8.2
levels,9350,1320370255,9.6,8.1,8,-1.5
levels,9351,1320370256,9.6,7.9,4,-1.7
levels,9352,1320370257,9.6,8.3,8,-1.3
levels,9353,1320370258,9.6,14.4,5,4.8
levels,9356,1320451476,9.6,11.0,5,1.4
levels,9359,1320451479,19.2,16.8,6,-2.4
levels,9368,1320451488,9.6,13.0,4,3.4
levels,9370,1320451490,9.6,15.5,5,5.9
levels,9375,1321676771,16.0,9.4,4,-6.6
levels,9376,1321676772,12.8,9.6,4,-3.2
levels,9378,1321676774,12.8,10.3,4,-2.5
levels,9379,1321676775,16.0,12.3,4,-3.7
levels,9382,1321676778,16.0,16.8,4,0.8
levels,9383,1321676779,19.2,11.9,24,-7.3
levels,9384,1321676780,9.6,9.2,10,-0.4
height,9385,1324830733,7.0,9.6,18,2.6
height,9386,1324830734,7.0,11.7,15,4.7
levels,9392,1330895408,19.2,13.5,30,-5.7
levels,9418,1337457362,6.4,8.5,131,2.1
levels,9419,1337457363,6.4,8.7,142,2.3
levels,9427,1349710004,3.2,7.6,10,4.4
levels,9452,1381187881,16.0,13.0,17,-3.0
levels,9463,1410533158,6.4,6.4,4,0.0
height,9589,1421082152,20.0,18.6,57,-1.4
height,9590,1421082153,20.0,19.9,48,-0.1
height,9654,1421087914,20.0,17.1,52,-2.9
height,9655,1421087915,20.0,19.1,48,-0.9
height,9656,1421087916,20.0,16.3,48,-3.7
levels,9658,1424333382,16.0,12.9,126,-3.1
levels,9662,1424333388,22.4,19.0,6,-3.4
levels,9664,1424333390,12.8,17.4,53,4.6
levels,9666,1424333392,16.0,14.4,4,-1.6
levels,9667,1424333393,9.6,12.1,182,2.5
levels,9669,1424333395,6.4,7.6,80,1.2
levels,9671,1424333397,6.4,6.8,195,0.4
levels,9680,1435248562,6.4,7.1,54,0.7
levels,9683,1435248571,6.4,6.5,13,0.1
height,9846,1488638555,22.0,13.3,6,-8.7
height,9850,1488638559,30.0,16.3,5,-13.7
levels,9882,1488642659,3.2,8.2,7,5.0
levels,9945,1518796656,76.8,89.3,54,12.5
levels,9947,1518796658,16.0,47.0,27,31.0
height,23678,2000015137,14.0,16.1,5,2.1
height,23680,2000015139,26.0,16.0,4,-10.0
height,23681,2000015140,26.0,15.8,4,-10.2
height,23684,2000015145,13.0,8.8,4,-4.2
height,23689,2000015160,25.0,10.7,5,-14.3
levels,37038,2000030010,6.4,8.8,4,2.4
levels,37041,2000030015,22.4,7.1,6,-15.3
levels,37046,2000030025,3.2,15.0,6,11.8
levels,37047,2000030026,6.4,12.6,6,6.2
levels,37048,2000030028,22.4,19.3,16,-3.1
levels,37049,2000030029,9.6,6.8,6,-2.8
levels,37051,2000030040,3.2,8.2,4,5.0
levels,37053,2000030055,25.6,10.2,5,-15.4
levels,37054,2000030058,6.4,10.0,5,3.6
levels,37059,2000030069,6.4,10.8,4,4.4
levels,37061,2000030071,3.2,12.7,4,9.5
levels,37063,2000030088,6.4,10.0,5,3.6
levels,37064,2000030089,12.8,7.9,6,-4.9
levels,37066,2000030093,16.0,15.8,4,-0.2
levels,38125,2000031844,12.8,8.9,4,-3.9
levels,38126,2000031848,6.4,9.1,5,2.7
levels,38127,2000031852,9.6,11.5,5,1.9
levels,38129,2000031860,3.2,9.1,6,5.9
levels,38131,2000031868,6.4,7.8,6,1.4
levels,38132,2000031870,3.2,9.2,5,6.0
levels,38135,2000031887,19.2,10.4,4,-8.8
levels,38136,2000031891,9.6,8.1,6,-1.5
levels,38137,2000031892,9.6,8.7,5,-0.9
levels,38138,2000031894,25.6,10.5,6,-15.1
levels,38139,2000031895,9.6,11.8,4,2.2
levels,38140,2000031896,6.4,10.1,5,3.7
levels,38208,2000032027,9.6,11.7,9,2.1
levels,38209,2000032029,12.8,11.0,5,-1.8
levels,38210,2000032031,6.4,10.3,5,3.9
levels,38211,2000032032,16.0,13.0,6,-3.0
levels,38212,2000032033,16.0,11.1,5,-4.9
levels,38244,2000032083,9.6,12.1,167,2.5
levels,38351,2000032261,22.4,21.4,4,-1.0
levels,38367,2000032299,22.4,15.4,14,-7.0
levels,38368,2000032305,6.4,8.1,7,1.7
levels,38369,2000032306,12.8,7.8,7,-5.0
levels,38370,2000032309,3.2,13.2,11,10.0
levels,39600,2000033918,9.6,12.1,72,2.5
height,41125,2000036080,20.0,15.9,68,-4.1
