{"type":"FeatureCollection","name":"microsoft_vietnam_132230111_gialoc_pilot_aoi","crs":{"type":"name","properties":{"name":"EPSG:4326"}},"bbox":[106.34764410699349,11.0830401,106.3576338,11.1130401],"features":[{"type":"Feature","properties":{"source":"Microsoft Global ML Building Footprints","source_release":"2026-08-13","source_region":"Vietnam","source_quadkey":"132230111","source_upload_date":"2026-08-13","source_height_raw":-1,"source_confidence_raw":-1,"height_m":null,"confidence":null,"area_m2":43.22},"geometry":{"type":"Polygon","coordinates":[[[106.34786434654171,11.085740196550233],[106.34792515126354,11.085759327912086],[106.34790771230394,11.085812704572405],[106.34784690881933,11.085793569427167],[106.34786434654171,11.085740196550233]]]}},{"type":"Feature","properties":{"source":"Microsoft Global ML Building Footprints","source_release":"2026-08-13","source_region":"Vietnam","source_quadkey":"132230111","source_upload_date":"2026-08-13","source_height_raw":-1,"source_confidence_raw":-1,"height_m":null,"confidence":null,"area_m2":77.53},"geometry":{"type":"Polygon","coordinates":[[[106.35015312285643,11.106314819389269],[106.35010708878927,11.106334578940022],[106.35005489952441,11.106217485837703],[106.35010092658133,11.106197729288084],[106.35015312285643,11.106314819389269]]]}},{"type":"Feature","properties":{"source":"Microsoft Global ML Building Footprints","source_release":"2026-08-13","source_region":"Vietnam","source_quadkey":"132230111","source_upload_date":"2026-08-13","source_height_raw":-1,"source_confidence_raw":-1,"height_m":null,"confidence":null,"area_m2":125.01},"geometry":{"type":"Polygon","coordinates":[[[106.3522459497977,11.083842141189606],[106.35227942603768,11.083929860591269],[106.35217592558647,11.083967899509418],[106.35214244934649,11.083880180119138],[106.3522459497977,11.083842141189606]]]}},{"type":"Feature","properties":{"source":"Microsoft Global ML Building Footprints","source_release":"2026-08-13","source_region":"Vietnam","source_quadkey":"132230111","source_upload_date":"2026-08-13","source_height_raw":-1,"source_confidence_raw":-1,"height_m":null,"confidence":null,"area_m2":69.55},"geometry":{"type":"Polygon","coordinates":[[[106.35382349909437,11.0983770864529],[106.35382281435302,11.098313924521605],[106.35391399907196,11.09831296635042],[106.35391468381327,11.098376128281899],[106.35382349909437,11.0983770864529]]]}},{"type":"Feature","properties":{"source":"Microsoft Global ML Building Footprints","source_release":"2026-08-13","source_region":"Vietnam","source_quadkey":"132230111","source_upload_date":"2026-08-13","source_height_raw":-1,"source_confidence_raw":-1,"height_m":null,"confidence":null,"area_m2":105.33},"geometry":{"type":"Polygon","coordinates":[[[106.3511662089949,11.108139010147596],[106.3510083808748,11.108147020356043],[106.3510054753495,11.108091896684073],[106.35116330346955,11.108083886474091],[106.3511662089949,11.108139010147596]]]}},{"type":"Feature","properties":{"source":"Microsoft Global ML Building Footprints","source_release":"2026-08-13","source_region":"Vietnam","source_quadkey":"132230111","source_upload_date":"2026-08-13","source_height_raw":-1,"source_confidence_raw":-1,"height_m":null,"confidence":null,"area_m2":125.43},"geometry":{"type":"Polygon","coordinates":[[[106.35188427067101,11.088303514076443],[106.35188999908232,11.088351638462044],[106.35167710211742,11.088376057601025],[106.351671368602,11.088327919182305],[106.35188427067101,11.088303514076443]]]}},{"type":"Feature","properties":{"source":"Microsoft Global ML Building Footprints","source_release":"2026-08-13","source_region":"Vietnam","source_quadkey":"132230111","source_upload_date":"2026-08-13","source_height_raw":-1,"source_confidence_raw":-1,"height_m":null,"confidence":null,"area_m2":180.31},"geometry":{"type":"Polygon","coordinates":[[[106.35370666853407,11.111832323906015],[106.3536463557903,11.11199199024918],[106.35357089289937,11.11196454351331],[106.35361197549294,11.111855785278834],[106.35359075155489,11.11184806588102],[106.35360998170509,11.111797157755987],[106.35370666853407,11.111832323906015]]]}},{"type":"Feature","properties":{"source":"Microsoft Global ML Building Footprints","source_release":"2026-08-13","source_region":"Vietnam","source_quadkey":"132230111","source_upload_date":"2026-08-13","source_height_raw":-1,"source_confidence_raw":-1,"height_m":null,"confidence":null,"area_m2":40.81},"geometry":{"type":"Polygon","coordinates":[[[106.35415844627865,11.091008347021514],[106.35415508098923,11.09107134460858],[106.35410158382054,11.091068592579617],[106.35410494910995,11.091005594991941],[106.35415844627865,11.091008347021514]]]}},{"type":"Feature","properties":{"source":"Microsoft Global ML Building Footprints","source_release":"2026-08-13","source_region":"Vietnam","source_quadkey":"132230111","source_upload_date":"2026-08-13","source_height_raw":-1,"source_confidence_raw":-1,"height_m":null,"confidence":null,"area_m2":372.17},"geometry":{"type":"Polygon","coordinates":[[[106.35687726726283,11.106588942027429],[106.35684380845659,11.106582202338984],[106.35685120511815,11.106546844646687],[106.35693613901091,11.10656395308827],[106.35692789775906,11.106603348107953],[106.35697937213598,11.106613720250749],[106.35692579914023,11.106869810966586],[106.3568228489672,11.106849073483218],[106.35687726726283,11.106588942027429]]]}},{"type":"Feature","properties":{"source":"Microsoft Global ML Building Footprints","source_release":"2026-08-13","source_region":"Vietnam","source_quadkey":"132230111","source_upload_date":"2026-08-13","source_height_raw":-1,"source_confidence_raw":-1,"height_m":null,"confidence":null,"area_m2":68.15},"geometry":{"type":"Polygon","coordinates":[[[106.34984968024732,11.098388427739735],[106.3499368953875,11.098387271684203],[106.3499377905303,11.098451965526436],[106.3498505708593,11.098453127632013],[106.34984968024732,11.098388427739735]]]}},{"type":"Feature","properties":{"source":"Microsoft Global ML Building Footprints","source_release":"2026-08-13","source_region":"Vietnam","source_quadkey":"132230111","source_upload_date":"2026-08-13","source_height_raw":-1,"source_confidence_raw":-1,"height_m":null,"confidence":null,"area_m2":15.99},"geometry":{"type":"Polygon","coordinates":[[[106.35210391081317,11.08937562936211],[106.35213867472787,11.089373755052904],[106.35214079850506,11.08941173712492],[106.35210603445726,11.08941360905338],[106.35210391081317,11.08937562936211]]]}},{"type":"Feature","properties":{"source":"Microsoft Global ML Building Footprints","source_release":"2026-08-13","source_region":"Vietnam","source_quadkey":"132230111","source_upload_date":"2026-08-13","source_height_raw":-1,"source_confidence_raw":-1,"height_m":null,"confidence":null,"area_m2":70.85},"geometry":{"type":"Polygon","coordinates":[[[106.35706626928878,11.090803805066244],[106.35706867267547,11.090872158501156],[106.35698294425875,11.090875067157626],[106.3569805408721,11.090806713723367],[106.35706626928878,11.090803805066244]]]}},{"type":"Feature","properties":{"source":"Microsoft Global ML Building Footprints","source_release":"2026-08-13","source_region":"Vietnam","source_quadkey":"132230111","source_upload_date":"2026-08-13","source_height_raw":-1,"source_confidence_raw":-1,"height_m":null,"confidence":null,"area_m2":50.23},"geometry":{"type":"Polygon","coordinates":[[[106.34819464406249,11.085065836022906],[106.34821880240374,11.085157065310128],[106.34817608933238,11.085167957994287],[106.3481519309911,11.085076728710433],[106.34819464406249,11.085065836022906]]]}},{"type":"Feature","properties":{"source":"Microsoft Global ML Building Footprints","source_release":"2026-08-13","source_region":"Vietnam","source_quadkey":"132230111","source_upload_date":"2026-08-13","source_height_raw":-1,"source_confidence_raw":-1,"height_m":null,"confidence":null,"area_m2":50.82},"geometry":{"type":"Polygon","coordinates":[[[106.34937669062612,11.090940722243559],[106.34938789662101,11.09101543496422],[106.3493327646035,11.091023398090783],[106.34932155860865,11.09094868537214],[106.34937669062612,11.090940722243559]]]}},{"type":"Feature","properties":{"source":"Microsoft Global ML Building Footprints","source_release":"2026-08-13","source_region":"Vietnam","source_quadkey":"132230111","source_upload_date":"2026-08-13","source_height_raw":-1,"source_confidence_raw":-1,"height_m":null,"confidence":null,"area_m2":63.97},"geometry":{"type":"Polygon","coordinates":[[[106.34948322721871,11.102886019566256],[106.34938550135843,11.10293073959771],[106.34936433849613,11.102886207796615],[106.34946206958499,11.10284149207773],[106.34948322721871,11.102886019566256]]]}},{"type":"Feature","properties":{"source":"Microsoft Global ML Building Footprints","source_release":"2026-08-13","source_region":"Vietnam","source_quadkey":"132230111","source_upload_date":"2026-08-13","source_height_raw":-1,"source_confidence_raw":-1,"height_m":null,"confidence":null,"area_m2":42.6},"geometry":{"type":"Polygon","coordinates":[[[106.34765505293907,11.098968539376472],[106.34770867005669,11.098967357322934],[106.34771017578656,11.099033125153298],[106.34765655866893,11.09903430720658],[106.34765505293907,11.098968539376472]]]}},{"type":"Feature","properties":{"source":"Microsoft Global ML Building Footprints","source_release":"2026-08-13","source_region":"Vietnam","source_quadkey":"132230111","source_upload_date":"2026-08-13","source_height_raw":-1,"source_confidence_raw":-1,"height_m":null,"confidence":null,"area_m2":49.28},"geometry":{"type":"Polygon","coordinates":[[[106.34958605286243,11.089442697717601],[106.34953258883466,11.089454837399785],[106.34951550553397,11.089382384686004],[106.34956896956173,11.089370245000808],[106.34958605286243,11.089442697717601]]]}},{"type":"Feature","properties":{"source":"Microsoft Global ML Building Footprints","source_release":"2026-08-13","source_region":"Vietnam","source_quadkey":"132230111","source_upload_date":"2026-08-13","source_height_raw":-1,"source_confidence_raw":-1,"height_m":null,"confidence":null,"area_m2":89.04},"geometry":{"type":"Polygon","coordinates":[[[106.35325570791909,11.109499313429453],[106.35323402364644,11.109627375320386],[106.35317799433034,11.109618240314546],[106.35319966971421,11.109490176970368],[106.35325570791909,11.109499313429453]]]}},{"type":"Feature","properties":{"source":"Microsoft Global ML Building Footprints","source_release":"2026-08-13","source_region":"Vietnam","source_quadkey":"132230111","source_upload_date":"2026-08-13","source_height_raw":-1,"source_confidence_raw":-1,"height_m":null,"confidence":null,"area_m2":40.57},"geometry":{"type":"Polygon","coordinates":[[[106.35697135575255,11.091276577199281],[106.35697276394431,11.091202903916027],[106.35701834552067,11.091203739789975],[106.35701693732891,11.091277413073016],[106.35697135575255,11.091276577199281]]]}},{"type":"Feature","properties":{"source":"Microsoft Global ML Building Footprints","source_release":"2026-08-13","source_region":"Vietnam","source_quadkey":"132230111","source_upload_date":"2026-08-13","source_height_raw":-1,"source_confidence_raw":-1,"height_m":null,"confidence":null,"area_m2":85.79},"geometry":{"type":"Polygon","coordinates":[[[106.3485478560179,11.090988200442894],[106.34857219610532,11.091073647557124],[106.34849507394887,11.091094803266344],[106.34847073386139,11.091009356158295],[106.3485478560179,11.090988200442894]]]}},{"type":"Feature","properties":{"source":"Microsoft Global ML Building Footprints","source_release":"2026-08-13","source_region":"Vietnam","source_quadkey":"132230111","source_upload_date":"2026-08-13","source_height_raw":-1,"source_confidence_raw":-1,"height_m":null,"confidence":null,"area_m2":101.1},"geometry":{"type":"Polygon","coordinates":[[[106.35148736555668,11.087149931279654],[106.3514267304278,11.087164703020903],[106.35139382212999,11.087034652835996],[106.35145445626631,11.087019877165503],[106.35148736555668,11.087149931279654]]]}},{"type":"Feature","properties":{"source":"Microsoft Global ML Building Footprints","source_release":"2026-08-13","source_region":"Vietnam","source_quadkey":"132230111","source_upload_date":"2026-08-13","source_height_raw":-1,"source_confidence_raw":-1,"height_m":null,"confidence":null,"area_m2":34.78},"geometry":{"type":"Polygon","coordinates":[[[106.35155305480416,11.083950874023998],[106.35151021336712,11.083961537607408],[106.35149388633899,11.083898367323954],[106.35153672849061,11.083887706502892],[106.35155305480416,11.083950874023998]]]}},{"type":"Feature","properties":{"source":"Microsoft Global ML Building Footprints","source_release":"2026-08-13","source_region":"Vietnam","source_quadkey":"132230111","source_upload_date":"2026-08-13","source_height_raw":-1,"source_confidence_raw":-1,"height_m":null,"confidence":null,"area_m2":59.4},"geometry":{"type":"Polygon","coordinates":[[[106.35631832925755,11.08367045383396],[106.35636391089349,11.083669617937375],[106.35636596519727,11.08377749958791],[106.35632038356133,11.083778335484197],[106.35631832925755,11.08367045383396]]]}},{"type":"Feature","properties":{"source":"Microsoft Global ML Building Footprints","source_release":"2026-08-13","source_region":"Vietnam","source_quadkey":"132230111","source_upload_date":"2026-08-13","source_height_raw":-1,"source_confidence_raw":-1,"height_m":null,"confidence":null,"area_m2":47.66},"geometry":{"type":"Polygon","coordinates":[[[106.35124721309856,11.098608300248145],[106.3513061308669,11.098610570313326],[106.35130345457135,11.098677457545563],[106.35124453696464,11.098675183440676],[106.35124721309856,11.098608300248145]]]}},{"type":"Feature","properties":{"source":"Microsoft Global ML Building Footprints","source_release":"2026-08-13","source_region":"Vietnam","source_quadkey":"132230111","source_upload_date":"2026-08-13","source_height_raw":-1,"source_confidence_raw":-1,"height_m":null,"confidence":null,"area_m2":91.84},"geometry":{"type":"Polygon","coordinates":[[[106.35419346309321,11.085978213395208],[106.35412466953125,11.086006019630446],[106.35408499382656,11.08591150582447],[106.35415378738857,11.085883699580279],[106.35419346309321,11.085978213395208]]]}},{"type":"Feature","properties":{"source":"Microsoft Global ML Building Footprints","source_release":"2026-08-13","source_region":"Vietnam","source_quadkey":"132230111","source_upload_date":"2026-08-13","source_height_raw":-1,"source_confidence_raw":-1,"height_m":null,"confidence":null,"area_m2":216.74},"geometry":{"type":"Polygon","coordinates":[[[106.34815554953704,11.0898286634051],[106.34828512445087,11.089785020499974],[106.34832846604395,11.089908939954825],[106.34819889391464,11.089952590802838],[106.34815554953704,11.0898286634051]]]}},{"type":"Feature","properties":{"source":"Microsoft Global ML Building Footprints","source_release":"2026-08-13","source_region":"Vietnam","source_quadkey":"132230111","source_upload_date":"2026-08-13","source_height_raw":-1,"source_confidence_raw":-1,"height_m":null,"confidence":null,"area_m2":22.51},"geometry":{"type":"Polygon","coordinates":[[[106.35022312402725,11.091757917312577],[106.35022312402725,11.09181582364512],[106.35019093751907,11.09181582364512],[106.35019093751907,11.091757917312577],[106.35022312402725,11.091757917312577]]]}},{"type":"Feature","properties":{"source":"Microsoft Global ML Building Footprints","source_release":"2026-08-13","source_region":"Vietnam","source_quadkey":"132230111","source_upload_date":"2026-08-13","source_height_raw":-1,"source_confidence_raw":-1,"height_m":null,"confidence":null,"area_m2":21.95},"geometry":{"type":"Polygon","coordinates":[[[106.348093275849,11.089053855651002],[106.34805265300238,11.089067805956788],[106.34803843728062,11.089027941561227],[106.34807906012719,11.089013991253523],[106.348093275849,11.089053855651002]]]}},{"type":"Feature","properties":{"source":"Microsoft Global ML Building Footprints","source_release":"2026-08-13","source_region":"Vietnam","source_quadkey":"132230111","source_upload_date":"2026-08-13","source_height_raw":-1,"source_confidence_raw":-1,"height_m":null,"confidence":null,"area_m2":85.62},"geometry":{"type":"Polygon","coordinates":[[[106.34815495672056,11.091344163361327],[106.34821273120008,11.091329402252896],[106.34824322606292,11.091444341021983],[106.34818545256933,11.09145910584067],[106.34815495672056,11.091344163361327]]]}},{"type":"Feature","properties":{"source":"Microsoft Global ML Building Footprints","source_release":"2026-08-13","source_region":"Vietnam","source_quadkey":"132230111","source_upload_date":"2026-08-13","source_height_raw":-1,"source_confidence_raw":-1,"height_m":null,"confidence":null,"area_m2":182.67},"geometry":{"type":"Polygon","coordinates":[[[106.34875981259934,11.085612560108316],[106.34879338051682,11.085702074965994],[106.34864455927274,11.085755829663327],[106.3486109879794,11.085666305819757],[106.34875981259934,11.085612560108316]]]}},{"type":"Feature","properties":{"source":"Microsoft Global ML Building Footprints","source_release":"2026-08-13","source_region":"Vietnam","source_quadkey":"132230111","source_upload_date":"2026-08-13","source_height_raw":-1,"source_confidence_raw":-1,"height_m":null,"confidence":null,"area_m2":35.23},"geometry":{"type":"Polygon","coordinates":[[[106.35245105410348,11.103450976683177],[106.35251263377044,11.103448409552328],[106.35251468115423,11.103495700214282],[106.35245310148726,11.10349826734469],[106.35245105410348,11.103450976683177]]]}},{"type":"Feature","properties":{"source":"Microsoft Global ML Building Footprints","source_release":"2026-08-13","source_region":"Vietnam","source_quadkey":"132230111","source_upload_date":"2026-08-13","source_height_raw":-1,"source_confidence_raw":-1,"height_m":null,"confidence":null,"area_m2":113.83},"geometry":{"type":"Polygon","coordinates":[[[106.34764410699349,11.08445156100818],[106.34776206669821,11.084414187198007],[106.34778587121012,11.084486557949688],[106.34766791376579,11.084523922932732],[106.34764410699349,11.08445156100818]]]}},{"type":"Feature","properties":{"source":"Microsoft Global ML Building Footprints","source_release":"2026-08-13","source_region":"Vietnam","source_quadkey":"132230111","source_upload_date":"2026-08-13","source_height_raw":-1,"source_confidence_raw":-1,"height_m":null,"confidence":null,"area_m2":296.22},"geometry":{"type":"Polygon","coordinates":[[[106.35419739969834,11.110323097111944],[106.35432336009536,11.110359343085449],[106.35426976338361,11.110538683665652],[106.35414380298654,11.110502437714402],[106.35419739969834,11.110323097111944]]]}},{"type":"Feature","properties":{"source":"Microsoft Global ML Building Footprints","source_release":"2026-08-13","source_region":"Vietnam","source_quadkey":"132230111","source_upload_date":"2026-08-13","source_height_raw":-1,"source_confidence_raw":-1,"height_m":null,"confidence":null,"area_m2":444.02},"geometry":{"type":"Polygon","coordinates":[[[106.35702537851469,11.092870301488745],[106.35703358957429,11.092789510115253],[106.35707608224898,11.092793668903042],[106.35709133968481,11.092643545809224],[106.3571471117059,11.092649000428153],[106.35713927032548,11.092726154441635],[106.35727570345675,11.0927395072503],[106.35726538059187,11.092841148726748],[106.35728828781306,11.092843390672115],[106.35728563908415,11.09286945240315],[106.35720596531904,11.092861654678018],[106.35720331659013,11.09288771640739],[106.35702537851469,11.092870301488745]]]}},{"type":"Feature","properties":{"source":"Microsoft Global ML Building Footprints","source_release":"2026-08-13","source_region":"Vietnam","source_quadkey":"132230111","source_upload_date":"2026-08-13","source_height_raw":-1,"source_confidence_raw":-1,"height_m":null,"confidence":null,"area_m2":180.7},"geometry":{"type":"Polygon","coordinates":[[[106.3516683392151,11.08888000627202],[106.35191551609434,11.088809230692974],[106.35193210417485,11.08886501998174],[106.35168492729557,11.088935795547272],[106.3516683392151,11.08888000627202]]]}},{"type":"Feature","properties":{"source":"Microsoft Global ML Building Footprints","source_release":"2026-08-13","source_region":"Vietnam","source_quadkey":"132230111","source_upload_date":"2026-08-13","source_height_raw":-1,"source_confidence_raw":-1,"height_m":null,"confidence":null,"area_m2":600.77},"geometry":{"type":"Polygon","coordinates":[[[106.34871536810753,11.087345326736184],[106.34883564380114,11.08731651295281],[106.34885295125812,11.08738606678827],[106.34892252235421,11.087369400027825],[106.34894476877967,11.087458827810437],[106.34891823600906,11.087465184116851],[106.3489602684045,11.087634100459738],[106.34887541027578,11.08765442943097],[106.34886861275686,11.08762710429636],[106.34879773487427,11.087644084101356],[106.34877919618636,11.087569560998318],[106.34880450971588,11.087563496780803],[106.34877979146535,11.0874641326118],[106.34874688387697,11.087472016097223],[106.34871536810753,11.087345326736184]]]}},{"type":"Feature","properties":{"source":"Microsoft Global ML Building Footprints","source_release":"2026-08-13","source_region":"Vietnam","source_quadkey":"132230111","source_upload_date":"2026-08-13","source_height_raw":-1,"source_confidence_raw":-1,"height_m":null,"confidence":null,"area_m2":144.35},"geometry":{"type":"Polygon","coordinates":[[[106.35004590716994,11.091066852092808],[106.34995758302027,11.091070855813626],[106.34995121655388,11.090935810238406],[106.35003954041818,11.090931800462442],[106.35004590716994,11.091066852092808]]]}},{"type":"Feature","properties":{"source":"Microsoft Global ML Building Footprints","source_release":"2026-08-13","source_region":"Vietnam","source_quadkey":"132230111","source_upload_date":"2026-08-13","source_height_raw":-1,"source_confidence_raw":-1,"height_m":null,"confidence":null,"area_m2":156.96},"geometry":{"type":"Polygon","coordinates":[[[106.35007603955485,11.107094413360912],[106.3502272779433,11.107059721700168],[106.35024893267291,11.107150622085257],[106.35017907180742,11.10716664224499],[106.35017491133326,11.107149172532573],[106.35009352531709,11.107167835584761],[106.35007603955485,11.107094413360912]]]}},{"type":"Feature","properties":{"source":"Microsoft Global ML Building Footprints","source_release":"2026-08-13","source_region":"Vietnam","source_quadkey":"132230111","source_upload_date":"2026-08-13","source_height_raw":-1,"source_confidence_raw":-1,"height_m":null,"confidence":null,"area_m2":79.69},"geometry":{"type":"Polygon","coordinates":[[[106.35083974233714,11.111504862113321],[106.35077008615892,11.111502527637072],[106.35077338026196,11.111407888602088],[106.35084303644014,11.111410223079076],[106.35083974233714,11.111504862113321]]]}},{"type":"Feature","properties":{"source":"Microsoft Global ML Building Footprints","source_release":"2026-08-13","source_region":"Vietnam","source_quadkey":"132230111","source_upload_date":"2026-08-13","source_height_raw":-1,"source_confidence_raw":-1,"height_m":null,"confidence":null,"area_m2":358.61},"geometry":{"type":"Polygon","coordinates":[[[106.35184213166585,11.084862652522887],[106.35151978523058,11.084961860672124],[106.351492979942,11.084877984626502],[106.35181532637726,11.0847787764488],[106.35184213166585,11.084862652522887]]]}},{"type":"Feature","properties":{"source":"Microsoft Global ML Building Footprints","source_release":"2026-08-13","source_region":"Vietnam","source_quadkey":"132230111","source_upload_date":"2026-08-13","source_height_raw":-1,"source_confidence_raw":-1,"height_m":null,"confidence":null,"area_m2":185.64},"geometry":{"type":"Polygon","coordinates":[[[106.35302540396442,11.086307453404146],[106.35305399646204,11.086302441759969],[106.35304285839912,11.086241222284514],[106.35317542361521,11.086217986473812],[106.35319421963895,11.086321297321689],[106.3530330599737,11.08634953404082],[106.35302540396442,11.086307453404146]]]}},{"type":"Feature","properties":{"source":"Microsoft Global ML Building Footprints","source_release":"2026-08-13","source_region":"Vietnam","source_quadkey":"132230111","source_upload_date":"2026-08-13","source_height_raw":-1,"source_confidence_raw":-1,"height_m":null,"confidence":null,"area_m2":173.72},"geometry":{"type":"Polygon","coordinates":[[[106.35629332113942,11.094698699341436],[106.35628880715902,11.094564609572117],[106.3563959785643,11.094561135361701],[106.35640049254468,11.094695225132611],[106.35629332113942,11.094698699341436]]]}},{"type":"Feature","properties":{"source":"Microsoft Global ML Building Footprints","source_release":"2026-08-13","source_region":"Vietnam","source_quadkey":"132230111","source_upload_date":"2026-08-13","source_height_raw":-1,"source_confidence_raw":-1,"height_m":null,"confidence":null,"area_m2":33.83},"geometry":{"type":"Polygon","coordinates":[[[106.35743422803901,11.090285761302724],[106.35747142287981,11.090282189960817],[106.35747886083159,11.090356788542493],[106.3574416657385,11.090360357353077],[106.35743422803901,11.090285761302724]]]}},{"type":"Feature","properties":{"source":"Microsoft Global ML Building Footprints","source_release":"2026-08-13","source_region":"Vietnam","source_quadkey":"132230111","source_upload_date":"2026-08-13","source_height_raw":-1,"source_confidence_raw":-1,"height_m":null,"confidence":null,"area_m2":53.29},"geometry":{"type":"Polygon","coordinates":[[[106.34784017369607,11.091384559679483],[106.34794495176334,11.09135637170344],[106.34795589443091,11.091395541602068],[106.34785111636364,11.091423729574316],[106.34784017369607,11.091384559679483]]]}},{"type":"Feature","properties":{"source":"Microsoft Global ML Building Footprints","source_release":"2026-08-13","source_region":"Vietnam","source_quadkey":"132230111","source_upload_date":"2026-08-13","source_height_raw":-1,"source_confidence_raw":-1,"height_m":null,"confidence":null,"area_m2":47.24},"geometry":{"type":"Polygon","coordinates":[[[106.34794863190073,11.089977769413366],[106.34796505457216,11.09005879171211],[106.34791861227438,11.090067856959365],[106.347902189603,11.089986834663094],[106.34794863190073,11.089977769413366]]]}},{"type":"Feature","properties":{"source":"Microsoft Global ML Building Footprints","source_release":"2026-08-13","source_region":"Vietnam","source_quadkey":"132230111","source_upload_date":"2026-08-13","source_height_raw":-1,"source_confidence_raw":-1,"height_m":null,"confidence":null,"area_m2":60.08},"geometry":{"type":"Polygon","coordinates":[[[106.34868978868012,11.088160471507265],[106.34861417606064,11.088179271061335],[106.34859821175012,11.088117436796026],[106.34867382436961,11.088098637237977],[106.34868978868012,11.088160471507265]]]}},{"type":"Feature","properties":{"source":"Microsoft Global ML Building Footprints","source_release":"2026-08-13","source_region":"Vietnam","source_quadkey":"132230111","source_upload_date":"2026-08-13","source_height_raw":-1,"source_confidence_raw":-1,"height_m":null,"confidence":null,"area_m2":38.42},"geometry":{"type":"Polygon","coordinates":[[[106.35116768673119,11.108373671872641],[106.35116917179725,11.108314352543218],[106.35122278362323,11.108315644900088],[106.35122129864934,11.108374960549554],[106.35116768673119,11.108373671872641]]]}},{"type":"Feature","properties":{"source":"Microsoft Global ML Building Footprints","source_release":"2026-08-13","source_region":"Vietnam","source_quadkey":"132230111","source_upload_date":"2026-08-13","source_height_raw":-1,"source_confidence_raw":-1,"height_m":null,"confidence":null,"area_m2":249.25},"geometry":{"type":"Polygon","coordinates":[[[106.35124921153754,11.091192497585368],[106.35133487089594,11.09118873820836],[106.35134583059596,11.091429219182373],[106.35126017150515,11.091432984427755],[106.35124921153754,11.091192497585368]]]}},{"type":"Feature","properties":{"source":"Microsoft Global ML Building Footprints","source_release":"2026-08-13","source_region":"Vietnam","source_quadkey":"132230111","source_upload_date":"2026-08-13","source_height_raw":-1,"source_confidence_raw":-1,"height_m":null,"confidence":null,"area_m2":61.91},"geometry":{"type":"Polygon","coordinates":[[[106.3515417412276,11.087135556467771],[106.35156441872161,11.08721054904197],[106.35150158776233,11.087228846284802],[106.35147890535286,11.087153855146767],[106.3515417412276,11.087135556467771]]]}},{"type":"Feature","properties":{"source":"Microsoft Global ML Building Footprints","source_release":"2026-08-13","source_region":"Vietnam","source_quadkey":"132230111","source_upload_date":"2026-08-13","source_height_raw":-1,"source_confidence_raw":-1,"height_m":null,"confidence":null,"area_m2":66.46},"geometry":{"type":"Polygon","coordinates":[[[106.35453314660025,11.091659831070828],[106.35446781200012,11.091661231100801],[106.35446593865105,11.091577043802985],[106.35453127925261,11.091575643643978],[106.35453314660025,11.091659831070828]]]}},{"type":"Feature","properties":{"source":"Microsoft Global ML Building Footprints","source_release":"2026-08-13","source_region":"Vietnam","source_quadkey":"132230111","source_upload_date":"2026-08-13","source_height_raw":-1,"source_confidence_raw":-1,"height_m":null,"confidence":null,"area_m2":88.91},"geometry":{"type":"Polygon","coordinates":[[[106.35565589227708,11.091240072357536],[106.35565282046336,11.091334732341835],[106.35557511520265,11.091332304044798],[106.35557818701642,11.091237644059689],[106.35565589227708,11.091240072357536]]]}},{"type":"Feature","properties":{"source":"Microsoft Global ML Building Footprints","source_release":"2026-08-13","source_region":"Vietnam","source_quadkey":"132230111","source_upload_date":"2026-08-13","source_height_raw":-1,"source_confidence_raw":-1,"height_m":null,"confidence":null,"area_m2":285.46},"geometry":{"type":"Polygon","coordinates":[[[106.34860629477285,11.088612395345294],[106.34875835627896,11.088545752716769],[106.34879791765653,11.088632682703846],[106.34877231314826,11.088643905917692],[106.34879567118688,11.08869522352586],[106.34866921180488,11.088750645714455],[106.34860629477285,11.088612395345294]]]}},{"type":"Feature","properties":{"source":"Microsoft Global ML Building Footprints","source_release":"2026-08-13","source_region":"Vietnam","source_quadkey":"132230111","source_upload_date":"2026-08-13","source_height_raw":-1,"source_confidence_raw":-1,"height_m":null,"confidence":null,"area_m2":274.56},"geometry":{"type":"Polygon","coordinates":[[[106.35598492836594,11.098050862412748],[106.35598449740702,11.098014018570197],[106.356078362356,11.098012961321004],[106.35607973454337,11.09813027331829],[106.35597644200864,11.09813142966064],[106.35597694457091,11.098174658643046],[106.35590185255138,11.098175504442608],[106.35590127124446,11.098125502064931],[106.3558785160563,11.098125758368212],[106.35587765413851,11.098052070697378],[106.35598492836594,11.098050862412748]]]}},{"type":"Feature","properties":{"source":"Microsoft Global ML Building Footprints","source_release":"2026-08-13","source_region":"Vietnam","source_quadkey":"132230111","source_upload_date":"2026-08-13","source_height_raw":-1,"source_confidence_raw":-1,"height_m":null,"confidence":null,"area_m2":224.35},"geometry":{"type":"Polygon","coordinates":[[[106.34898953010013,11.087304974128628],[106.34898120638077,11.087275664854914],[106.34903347315093,11.0872613702238],[106.3490889646133,11.087456765335958],[106.34899438664824,11.087482631793463],[106.34894721890521,11.087316545971177],[106.34898953010013,11.087304974128628]]]}},{"type":"Feature","properties":{"source":"Microsoft Global ML Building Footprints","source_release":"2026-08-13","source_region":"Vietnam","source_quadkey":"132230111","source_upload_date":"2026-08-13","source_height_raw":-1,"source_confidence_raw":-1,"height_m":null,"confidence":null,"area_m2":145.46},"geometry":{"type":"Polygon","coordinates":[[[106.3492669240905,11.084304310790571],[106.34930805555418,11.084491437038267],[106.34924654368609,11.084504453734269],[106.34920541310979,11.084317331531892],[106.3492669240905,11.084304310790571]]]}},{"type":"Feature","properties":{"source":"Microsoft Global ML Building Footprints","source_release":"2026-08-13","source_region":"Vietnam","source_quadkey":"132230111","source_upload_date":"2026-08-13","source_height_raw":-1,"source_confidence_raw":-1,"height_m":null,"confidence":null,"area_m2":163.15},"geometry":{"type":"Polygon","coordinates":[[[106.35098327757775,11.112334680683105],[106.3511971936943,11.11232301600458],[106.35120075996102,11.1123859876338],[106.35098684384448,11.11239765230981],[106.35098327757775,11.112334680683105]]]}},{"type":"Feature","properties":{"source":"Microsoft Global ML Building Footprints","source_release":"2026-08-13","source_region":"Vietnam","source_quadkey":"132230111","source_upload_date":"2026-08-13","source_height_raw":-1,"source_confidence_raw":-1,"height_m":null,"confidence":null,"area_m2":69.62},"geometry":{"type":"Polygon","coordinates":[[[106.35100278930604,11.108654419963045],[106.35089847017893,11.1086876841443],[106.35088191468944,11.108637692151618],[106.35098623381657,11.108604427964636],[106.35100278930604,11.108654419963045]]]}},{"type":"Feature","properties":{"source":"Microsoft Global ML Building Footprints","source_release":"2026-08-13","source_region":"Vietnam","source_quadkey":"132230111","source_upload_date":"2026-08-13","source_height_raw":-1,"source_confidence_raw":-1,"height_m":null,"confidence":null,"area_m2":61.72},"geometry":{"type":"Polygon","coordinates":[[[106.35147960927786,11.09148296916436],[106.35149046503375,11.091565826984876],[106.35142977739895,11.091573483814969],[106.35141892164306,11.091490625996627],[106.35147960927786,11.09148296916436]]]}},{"type":"Feature","properties":{"source":"Microsoft Global ML Building Footprints","source_release":"2026-08-13","source_region":"Vietnam","source_quadkey":"132230111","source_upload_date":"2026-08-13","source_height_raw":-1,"source_confidence_raw":-1,"height_m":null,"confidence":null,"area_m2":206.81},"geometry":{"type":"Polygon","coordinates":[[[106.35249156043984,11.086872816180161],[106.35250124361147,11.086955958260404],[106.35241520990355,11.086965613591744],[106.3523928040338,11.086773349020703],[106.35246561326076,11.086765177831879],[106.3524730215983,11.08682878765562],[106.35251273596086,11.086824333345305],[106.35251803647249,11.08686984484541],[106.35249156043984,11.086872816180161]]]}},{"type":"Feature","properties":{"source":"Microsoft Global ML Building Footprints","source_release":"2026-08-13","source_region":"Vietnam","source_quadkey":"132230111","source_upload_date":"2026-08-13","source_height_raw":-1,"source_confidence_raw":-1,"height_m":null,"confidence":null,"area_m2":176.1},"geometry":{"type":"Polygon","coordinates":[[[106.34831726113563,11.088745485745193],[106.34833630461583,11.088817984620277],[106.34814767254701,11.088865700281062],[106.34812863225778,11.088793213566035],[106.34831726113563,11.088745485745193]]]}},{"type":"Feature","properties":{"source":"Microsoft Global ML Building Footprints","source_release":"2026-08-13","source_region":"Vietnam","source_quadkey":"132230111","source_upload_date":"2026-08-13","source_height_raw":-1,"source_confidence_raw":-1,"height_m":null,"confidence":null,"area_m2":599.42},"geometry":{"type":"Polygon","coordinates":[[[106.34957430821821,11.09123579392103],[106.34943750941989,11.091257864077974],[106.34938424670113,11.090940075199939],[106.34942342057171,11.0909337551562],[106.3494150864349,11.090884029986896],[106.34951273579026,11.090868269199333],[106.34957430821821,11.09123579392103]]]}},{"type":"Feature","properties":{"source":"Microsoft Global ML Building Footprints","source_release":"2026-08-13","source_region":"Vietnam","source_quadkey":"132230111","source_upload_date":"2026-08-13","source_height_raw":-1,"source_confidence_raw":-1,"height_m":null,"confidence":null,"area_m2":272.29},"geometry":{"type":"Polygon","coordinates":[[[106.34990088056334,11.088413089326522],[106.34996553670086,11.088393274801362],[106.34994187761346,11.088318929123943],[106.35001274985493,11.088297209603951],[106.3500722791716,11.088484272899137],[106.34993675811718,11.088525804678085],[106.34990088056334,11.088413089326522]]]}},{"type":"Feature","properties":{"source":"Microsoft Global ML Building Footprints","source_release":"2026-08-13","source_region":"Vietnam","source_quadkey":"132230111","source_upload_date":"2026-08-13","source_height_raw":-1,"source_confidence_raw":-1,"height_m":null,"confidence":null,"area_m2":121.73},"geometry":{"type":"Polygon","coordinates":[[[106.35132450486334,11.083324903474434],[106.35122372384689,11.083322743815259],[106.35122594132217,11.083222768392446],[106.35132672946541,11.083224928205084],[106.35132450486334,11.083324903474434]]]}},{"type":"Feature","properties":{"source":"Microsoft Global ML Building Footprints","source_release":"2026-08-13","source_region":"Vietnam","source_quadkey":"132230111","source_upload_date":"2026-08-13","source_height_raw":-1,"source_confidence_raw":-1,"height_m":null,"confidence":null,"area_m2":76.7},"geometry":{"type":"Polygon","coordinates":[[[106.35306354372786,11.091492285907663],[106.35306597396283,11.091623848081682],[106.35301771005967,11.091624706624103],[106.3530152798247,11.091493144450482],[106.35306354372786,11.091492285907663]]]}},{"type":"Feature","properties":{"source":"Microsoft Global ML Building Footprints","source_release":"2026-08-13","source_region":"Vietnam","source_quadkey":"132230111","source_upload_date":"2026-08-13","source_height_raw":-1,"source_confidence_raw":-1,"height_m":null,"confidence":null,"area_m2":46.16},"geometry":{"type":"Polygon","coordinates":[[[106.35742303698713,11.090981434903355],[106.35737764991586,11.090984467994872],[106.35737183190383,11.090900629160359],[106.35741721897509,11.090897596067975],[106.35742303698713,11.090981434903355]]]}},{"type":"Feature","properties":{"source":"Microsoft Global ML Building Footprints","source_release":"2026-08-13","source_region":"Vietnam","source_quadkey":"132230111","source_upload_date":"2026-08-13","source_height_raw":-1,"source_confidence_raw":-1,"height_m":null,"confidence":null,"area_m2":352.25},"geometry":{"type":"Polygon","coordinates":[[[106.34829017848274,11.089651486522541],[106.34813674081961,11.089707066011897],[106.34809698000684,11.089601359802487],[106.34832124015186,11.089520141763842],[106.34837145193731,11.089653632463992],[106.34830063455436,11.089679284537127],[106.34829017848274,11.089651486522541]]]}},{"type":"Feature","properties":{"source":"Microsoft Global ML Building Footprints","source_release":"2026-08-13","source_region":"Vietnam","source_quadkey":"132230111","source_upload_date":"2026-08-13","source_height_raw":-1,"source_confidence_raw":-1,"height_m":null,"confidence":null,"area_m2":386.68},"geometry":{"type":"Polygon","coordinates":[[[106.35313134648514,11.090183256930246],[106.35326007749237,11.090169181296943],[106.35328798944815,11.090414855138633],[106.35315924212587,11.090428941386591],[106.35313134648514,11.090183256930246]]]}},{"type":"Feature","properties":{"source":"Microsoft Global ML Building Footprints","source_release":"2026-08-13","source_region":"Vietnam","source_quadkey":"132230111","source_upload_date":"2026-08-13","source_height_raw":-1,"source_confidence_raw":-1,"height_m":null,"confidence":null,"area_m2":49.15},"geometry":{"type":"Polygon","coordinates":[[[106.3513038114791,11.092205483075503],[106.35138971526655,11.092186550018582],[106.35140003485213,11.09223165343856],[106.35131413412704,11.092250585817624],[106.3513038114791,11.092205483075503]]]}},{"type":"Feature","properties":{"source":"Microsoft Global ML Building Footprints","source_release":"2026-08-13","source_region":"Vietnam","source_quadkey":"132230111","source_upload_date":"2026-08-13","source_height_raw":-1,"source_confidence_raw":-1,"height_m":null,"confidence":null,"area_m2":356.26},"geometry":{"type":"Polygon","coordinates":[[[106.35167589966288,11.087526377219277],[106.35164850855307,11.087397757234399],[106.35186827691993,11.087352670759898],[106.3518956768188,11.087481288961484],[106.35167589966288,11.087526377219277]]]}},{"type":"Feature","properties":{"source":"Microsoft Global ML Building Footprints","source_release":"2026-08-13","source_region":"Vietnam","source_quadkey":"132230111","source_upload_date":"2026-08-13","source_height_raw":-1,"source_confidence_raw":-1,"height_m":null,"confidence":null,"area_m2":158.2},"geometry":{"type":"Polygon","coordinates":[[[106.3503922281876,11.106155614219674],[106.35015519164546,11.106228284592603],[106.35013915861535,11.10617792848089],[106.35037619515751,11.106105258095425],[106.3503922281876,11.106155614219674]]]}},{"type":"Feature","properties":{"source":"Microsoft Global ML Building Footprints","source_release":"2026-08-13","source_region":"Vietnam","source_quadkey":"132230111","source_upload_date":"2026-08-13","source_height_raw":-1,"source_confidence_raw":-1,"height_m":null,"confidence":null,"area_m2":196.28},"geometry":{"type":"Polygon","coordinates":[[[106.35186447762993,11.084033328866013],[106.35193529751001,11.084031256742563],[106.35193129315792,11.083899765084226],[106.35202240707876,11.08389709917492],[106.35202721230127,11.084054889159248],[106.35186527662643,11.084059627245225],[106.35186447762993,11.084033328866013]]]}},{"type":"Feature","properties":{"source":"Microsoft Global ML Building Footprints","source_release":"2026-08-13","source_region":"Vietnam","source_quadkey":"132230111","source_upload_date":"2026-08-13","source_height_raw":-1,"source_confidence_raw":-1,"height_m":null,"confidence":null,"area_m2":46.12},"geometry":{"type":"Polygon","coordinates":[[[106.35216127420489,11.088025667879123],[106.35220100196736,11.088021272113195],[106.35221191587517,11.088116202001416],[106.35217218842241,11.088120600460215],[106.35216127420489,11.088025667879123]]]}},{"type":"Feature","properties":{"source":"Microsoft Global ML Building Footprints","source_release":"2026-08-13","source_region":"Vietnam","source_quadkey":"132230111","source_upload_date":"2026-08-13","source_height_raw":-1,"source_confidence_raw":-1,"height_m":null,"confidence":null,"area_m2":36.76},"geometry":{"type":"Polygon","coordinates":[[[106.35224459801601,11.089682409662586],[106.3521746166633,11.089695228474781],[106.35216662147762,11.089653195427076],[106.35223660371379,11.089640381257723],[106.35224459801601,11.089682409662586]]]}},{"type":"Feature","properties":{"source":"Microsoft Global ML Building Footprints","source_release":"2026-08-13","source_region":"Vietnam","source_quadkey":"132230111","source_upload_date":"2026-08-13","source_height_raw":-1,"source_confidence_raw":-1,"height_m":null,"confidence":null,"area_m2":235.69},"geometry":{"type":"Polygon","coordinates":[[[106.35332705893327,11.091114672329581],[106.35339126434945,11.091111453226802],[106.35340705022038,11.091414652857992],[106.35334284503323,11.091417876355678],[106.35332705893327,11.091114672329581]]]}},{"type":"Feature","properties":{"source":"Microsoft Global ML Building Footprints","source_release":"2026-08-13","source_region":"Vietnam","source_quadkey":"132230111","source_upload_date":"2026-08-13","source_height_raw":-1,"source_confidence_raw":-1,"height_m":null,"confidence":null,"area_m2":422.99},"geometry":{"type":"Polygon","coordinates":[[[106.35459524250899,11.091104965454974],[106.35460846894314,11.091540292920627],[106.35452807397189,11.091542639620215],[106.35451484770533,11.091107317674826],[106.35459524250899,11.091104965454974]]]}},{"type":"Feature","properties":{"source":"Microsoft Global ML Building Footprints","source_release":"2026-08-13","source_region":"Vietnam","source_quadkey":"132230111","source_upload_date":"2026-08-13","source_height_raw":-1,"source_confidence_raw":-1,"height_m":null,"confidence":null,"area_m2":73.42},"geometry":{"type":"Polygon","coordinates":[[[106.35688489670419,11.103110300722975],[106.35682073320635,11.10309343199026],[106.35684487058613,11.103005025601036],[106.35690903996706,11.103021895885561],[106.35688489670419,11.103110300722975]]]}},{"type":"Feature","properties":{"source":"Microsoft Global ML Building Footprints","source_release":"2026-08-13","source_region":"Vietnam","source_quadkey":"132230111","source_upload_date":"2026-08-13","source_height_raw":-1,"source_confidence_raw":-1,"height_m":null,"confidence":null,"area_m2":401.06},"geometry":{"type":"Polygon","coordinates":[[[106.34810034059466,11.08905275874453],[106.34808421139412,11.08901575149146],[106.34828828018155,11.088930100505152],[106.34830864564096,11.088976827552642],[106.34834265710552,11.088962552388097],[106.3483898120619,11.089070745941001],[106.34821295692149,11.089144987029911],[106.3481615596817,11.08902705990009],[106.34810034059466,11.08905275874453]]]}},{"type":"Feature","properties":{"source":"Microsoft Global ML Building Footprints","source_release":"2026-08-13","source_region":"Vietnam","source_quadkey":"132230111","source_upload_date":"2026-08-13","source_height_raw":-1,"source_confidence_raw":-1,"height_m":null,"confidence":null,"area_m2":38.74},"geometry":{"type":"Polygon","coordinates":[[[106.3483866416269,11.088176914299368],[106.34840018203273,11.088245404110765],[106.34835504766961,11.088253997116851],[106.34834150255634,11.088185508203708],[106.3483866416269,11.088176914299368]]]}},{"type":"Feature","properties":{"source":"Microsoft Global ML Building Footprints","source_release":"2026-08-13","source_region":"Vietnam","source_quadkey":"132230111","source_upload_date":"2026-08-13","source_height_raw":-1,"source_confidence_raw":-1,"height_m":null,"confidence":null,"area_m2":172.3},"geometry":{"type":"Polygon","coordinates":[[[106.34942129348772,11.102706597122364],[106.34921748845572,11.10278821418649],[106.34919252918422,11.102728189591048],[106.34939633553645,11.102646585978647],[106.34942129348772,11.102706597122364]]]}},{"type":"Feature","properties":{"source":"Microsoft Global ML Building Footprints","source_release":"2026-08-13","source_region":"Vietnam","source_quadkey":"132230111","source_upload_date":"2026-08-13","source_height_raw":-1,"source_confidence_raw":-1,"height_m":null,"confidence":null,"area_m2":111.13},"geometry":{"type":"Polygon","coordinates":[[[106.35246600423645,11.088431553879246],[106.35227176524715,11.088484476686844],[106.35225931995572,11.088440489112628],[106.35245355894506,11.088387566297072],[106.35246600423645,11.088431553879246]]]}},{"type":"Feature","properties":{"source":"Microsoft Global ML Building Footprints","source_release":"2026-08-13","source_region":"Vietnam","source_quadkey":"132230111","source_upload_date":"2026-08-13","source_height_raw":-1,"source_confidence_raw":-1,"height_m":null,"confidence":null,"area_m2":111.34},"geometry":{"type":"Polygon","coordinates":[[[106.35252133822716,11.090547284416232],[106.35233696319168,11.090582867990719],[106.35232731049364,11.09053472069462],[106.35251168883515,11.090499136476225],[106.35252133822716,11.090547284416232]]]}},{"type":"Feature","properties":{"source":"Microsoft Global ML Building Footprints","source_release":"2026-08-13","source_region":"Vietnam","source_quadkey":"132230111","source_upload_date":"2026-08-13","source_height_raw":-1,"source_confidence_raw":-1,"height_m":null,"confidence":null,"area_m2":170.4},"geometry":{"type":"Polygon","coordinates":[[[106.34886018728822,11.089450432692573],[106.34887057805275,11.089501019893689],[106.34860251941886,11.089554042975294],[106.34859212865437,11.08950345578333],[106.34886018728822,11.089450432692573]]]}},{"type":"Feature","properties":{"source":"Microsoft Global ML Building Footprints","source_release":"2026-08-13","source_region":"Vietnam","source_quadkey":"132230111","source_upload_date":"2026-08-13","source_height_raw":-1,"source_confidence_raw":-1,"height_m":null,"confidence":null,"area_m2":123.97},"geometry":{"type":"Polygon","coordinates":[[[106.349356631743,11.108743988859445],[106.34936412627609,11.108798263401908],[106.34937729553624,11.108796512423652],[106.34939157083727,11.108899892477183],[106.34932309068444,11.108908997560789],[106.34930132085034,11.10875134296937],[106.349356631743,11.108743988859445]]]}},{"type":"Feature","properties":{"source":"Microsoft Global ML Building Footprints","source_release":"2026-08-13","source_region":"Vietnam","source_quadkey":"132230111","source_upload_date":"2026-08-13","source_height_raw":-1,"source_confidence_raw":-1,"height_m":null,"confidence":null,"area_m2":112.85},"geometry":{"type":"Polygon","coordinates":[[[106.35250110790011,11.088464624054197],[106.35261040746646,11.08843941576309],[106.35262980881987,11.088520449860866],[106.3525205075502,11.088545651030785],[106.35250110790011,11.088464624054197]]]}},{"type":"Feature","properties":{"source":"Microsoft Global ML Building Footprints","source_release":"2026-08-13","source_region":"Vietnam","source_quadkey":"132230111","source_upload_date":"2026-08-13","source_height_raw":-1,"source_confidence_raw":-1,"height_m":null,"confidence":null,"area_m2":244.98},"geometry":{"type":"Polygon","coordinates":[[[106.3566627828163,11.093233663104854],[106.35641877590275,11.09323783601127],[106.35641729994728,11.093154725870562],[106.35666130656331,11.093150536209407],[106.3566627828163,11.093233663104854]]]}},{"type":"Feature","properties":{"source":"Microsoft Global ML Building Footprints","source_release":"2026-08-13","source_region":"Vietnam","source_quadkey":"132230111","source_upload_date":"2026-08-13","source_height_raw":-1,"source_confidence_raw":-1,"height_m":null,"confidence":null,"area_m2":37.53},"geometry":{"type":"Polygon","coordinates":[[[106.34864278344662,11.088726591620755],[106.34866117491512,11.08877398573344],[106.34860391060843,11.088795389308743],[106.34858551485475,11.088747992867852],[106.34864278344662,11.088726591620755]]]}},{"type":"Feature","properties":{"source":"Microsoft Global ML Building Footprints","source_release":"2026-08-13","source_region":"Vietnam","source_quadkey":"132230111","source_upload_date":"2026-08-13","source_height_raw":-1,"source_confidence_raw":-1,"height_m":null,"confidence":null,"area_m2":17.3},"geometry":{"type":"Polygon","coordinates":[[[106.35191155777238,11.092357738724857],[106.35194900400167,11.092355796973948],[106.35195106052653,11.092393938099178],[106.35191361443555,11.092395882414507],[106.35191155777238,11.092357738724857]]]}},{"type":"Feature","properties":{"source":"Microsoft Global ML Building Footprints","source_release":"2026-08-13","source_region":"Vietnam","source_quadkey":"132230111","source_upload_date":"2026-08-13","source_height_raw":-1,"source_confidence_raw":-1,"height_m":null,"confidence":null,"area_m2":110.17},"geometry":{"type":"Polygon","coordinates":[[[106.35367101016861,11.083177529828959],[106.35359726027973,11.083190684664373],[106.35357507958761,11.08307092840981],[106.35364882120882,11.083057775043727],[106.35367101016861,11.083177529828959]]]}},{"type":"Feature","properties":{"source":"Microsoft Global ML Building Footprints","source_release":"2026-08-13","source_region":"Vietnam","source_quadkey":"132230111","source_upload_date":"2026-08-13","source_height_raw":-1,"source_confidence_raw":-1,"height_m":null,"confidence":null,"area_m2":88.25},"geometry":{"type":"Polygon","coordinates":[[[106.35609872663267,11.09659565708425],[106.356101943137,11.096535284655886],[106.35623033821858,11.096541871861888],[106.35622754125824,11.096594369625208],[106.35616869351252,11.096591350489675],[106.35616827396848,11.096599225153454],[106.35609872663267,11.09659565708425]]]}},{"type":"Feature","properties":{"source":"Microsoft Global ML Building Footprints","source_release":"2026-08-13","source_region":"Vietnam","source_quadkey":"132230111","source_upload_date":"2026-08-13","source_height_raw":-1,"source_confidence_raw":-1,"height_m":null,"confidence":null,"area_m2":83.26},"geometry":{"type":"Polygon","coordinates":[[[106.34798947473156,11.089892134060207],[106.34806652300892,11.089862965546587],[106.34809714171826,11.08994086626673],[106.3480200934409,11.089970034772577],[106.34798947473156,11.089892134060207]]]}},{"type":"Feature","properties":{"source":"Microsoft Global ML Building Footprints","source_release":"2026-08-13","source_region":"Vietnam","source_quadkey":"132230111","source_upload_date":"2026-08-13","source_height_raw":-1,"source_confidence_raw":-1,"height_m":null,"confidence":null,"area_m2":354.25},"geometry":{"type":"Polygon","coordinates":[[[106.3487276863231,11.086607582375251],[106.34849900862012,11.086683443261123],[106.3484615774213,11.086574781567094],[106.34871432646145,11.086490935292503],[106.348735483226,11.086552352794314],[106.34871141188883,11.086560338153149],[106.3487276863231,11.086607582375251]]]}},{"type":"Feature","properties":{"source":"Microsoft Global ML Building Footprints","source_release":"2026-08-13","source_region":"Vietnam","source_quadkey":"132230111","source_upload_date":"2026-08-13","source_height_raw":-1,"source_confidence_raw":-1,"height_m":null,"confidence":null,"area_m2":161.53},"geometry":{"type":"Polygon","coordinates":[[[106.35010648253346,11.088035320329766],[106.35015425944158,11.088182001611841],[106.35007151795044,11.088207955295758],[106.3500237427217,11.088061279182696],[106.35010648253346,11.088035320329766]]]}},{"type":"Feature","properties":{"source":"Microsoft Global ML Building Footprints","source_release":"2026-08-13","source_region":"Vietnam","source_quadkey":"132230111","source_upload_date":"2026-08-13","source_height_raw":-1,"source_confidence_raw":-1,"height_m":null,"confidence":null,"area_m2":173.46},"geometry":{"type":"Polygon","coordinates":[[[106.35025225482187,11.084472658163918],[106.35000420070267,11.084520140662264],[106.34999311244219,11.084464355398794],[106.35024116656143,11.084416872891396],[106.35025225482187,11.084472658163918]]]}},{"type":"Feature","properties":{"source":"Microsoft Global ML Building Footprints","source_release":"2026-08-13","source_region":"Vietnam","source_quadkey":"132230111","source_upload_date":"2026-08-13","source_height_raw":-1,"source_confidence_raw":-1,"height_m":null,"confidence":null,"area_m2":46.52},"geometry":{"type":"Polygon","coordinates":[[[106.35362854529279,11.09103802000503],[106.35366756465257,11.091031266626118],[106.35368477584665,11.091127028738057],[106.35364575601972,11.091133779515658],[106.35362854529279,11.09103802000503]]]}},{"type":"Feature","properties":{"source":"Microsoft Global ML Building Footprints","source_release":"2026-08-13","source_region":"Vietnam","source_quadkey":"132230111","source_upload_date":"2026-08-13","source_height_raw":-1,"source_confidence_raw":-1,"height_m":null,"confidence":null,"area_m2":134.8},"geometry":{"type":"Polygon","coordinates":[[[106.35473855626924,11.091774464177533],[106.3548296831329,11.091772017016666],[106.35483309691588,11.091894433889877],[106.35474196987781,11.091896874795694],[106.35473855626924,11.091774464177533]]]}},{"type":"Feature","properties":{"source":"Microsoft Global ML Building Footprints","source_release":"2026-08-13","source_region":"Vietnam","source_quadkey":"132230111","source_upload_date":"2026-08-13","source_height_raw":-1,"source_confidence_raw":-1,"height_m":null,"confidence":null,"area_m2":379.58},"geometry":{"type":"Polygon","coordinates":[[[106.35491465188258,11.091069334091003],[106.3549185924504,11.091206094567923],[106.35488375158857,11.09120706130959],[106.35488663123425,11.091307001617295],[106.35477406844988,11.091310124935433],[106.35476724823637,11.091073424153805],[106.35491465188258,11.091069334091003]]]}},{"type":"Feature","properties":{"source":"Microsoft Global ML Building Footprints","source_release":"2026-08-13","source_region":"Vietnam","source_quadkey":"132230111","source_upload_date":"2026-08-13","source_height_raw":-1,"source_confidence_raw":-1,"height_m":null,"confidence":null,"area_m2":39.94},"geometry":{"type":"Polygon","coordinates":[[[106.34910166376736,11.10143994466884],[106.34902773968594,11.101461527181016],[106.34901527931153,11.101420420727223],[106.34908920339295,11.101398838211992],[106.34910166376736,11.10143994466884]]]}},{"type":"Feature","properties":{"source":"Microsoft Global ML Building Footprints","source_release":"2026-08-13","source_region":"Vietnam","source_quadkey":"132230111","source_upload_date":"2026-08-13","source_height_raw":-1,"source_confidence_raw":-1,"height_m":null,"confidence":null,"area_m2":196.92},"geometry":{"type":"Polygon","coordinates":[[[106.35413148185098,11.087389682476058],[106.3539684456817,11.087440844879168],[106.35393887628437,11.087350102525022],[106.35410191245366,11.087298940106024],[106.35413148185098,11.087389682476058]]]}},{"type":"Feature","properties":{"source":"Microsoft Global ML Building Footprints","source_release":"2026-08-13","source_region":"Vietnam","source_quadkey":"132230111","source_upload_date":"2026-08-13","source_height_raw":-1,"source_confidence_raw":-1,"height_m":null,"confidence":null,"area_m2":46.17},"geometry":{"type":"Polygon","coordinates":[[[106.3476475275801,11.084646666159415],[106.34772823001028,11.084614667033122],[106.3477449995518,11.084655396850124],[106.34766429712165,11.084687395971955],[106.3476475275801,11.084646666159415]]]}},{"type":"Feature","properties":{"source":"Microsoft Global ML Building Footprints","source_release":"2026-08-13","source_region":"Vietnam","source_quadkey":"132230111","source_upload_date":"2026-08-13","source_height_raw":-1,"source_confidence_raw":-1,"height_m":null,"confidence":null,"area_m2":488.42},"geometry":{"type":"Polygon","coordinates":[[[106.34889782957423,11.091075851660506],[106.34893527076997,11.091073861303201],[106.34892818110345,11.090945264648582],[106.34901910972164,11.090940430921506],[106.34903849778922,11.091292103277112],[106.34891012797533,11.091298927354174],[106.34889782957423,11.091075851660506]]]}},{"type":"Feature","properties":{"source":"Microsoft Global ML Building Footprints","source_release":"2026-08-13","source_region":"Vietnam","source_quadkey":"132230111","source_upload_date":"2026-08-13","source_height_raw":-1,"source_confidence_raw":-1,"height_m":null,"confidence":null,"area_m2":23.69},"geometry":{"type":"Polygon","coordinates":[[[106.35006767108665,11.106117814434398],[106.35008755903495,11.106158449421955],[106.35004832801367,11.106176937776624],[106.35002844006539,11.106136302791612],[106.35006767108665,11.106117814434398]]]}},{"type":"Feature","properties":{"source":"Microsoft Global ML Building Footprints","source_release":"2026-08-13","source_region":"Vietnam","source_quadkey":"132230111","source_upload_date":"2026-08-13","source_height_raw":-1,"source_confidence_raw":-1,"height_m":null,"confidence":null,"area_m2":109.3},"geometry":{"type":"Polygon","coordinates":[[[106.35014541600935,11.084845879692267],[106.35017817220175,11.085002473198301],[106.35012271668833,11.085013648370648],[106.35008994977966,11.084857057030078],[106.35014541600935,11.084845879692267]]]}},{"type":"Feature","properties":{"source":"Microsoft Global ML Building Footprints","source_release":"2026-08-13","source_region":"Vietnam","source_quadkey":"132230111","source_upload_date":"2026-08-13","source_height_raw":-1,"source_confidence_raw":-1,"height_m":null,"confidence":null,"area_m2":272.38},"geometry":{"type":"Polygon","coordinates":[[[106.35032595699087,11.084987634092613],[106.35021015367546,11.085021461270799],[106.3501558813043,11.084842534304144],[106.35027168461971,11.084808707105282],[106.35032595699087,11.084987634092613]]]}},{"type":"Feature","properties":{"source":"Microsoft Global ML Building Footprints","source_release":"2026-08-13","source_region":"Vietnam","source_quadkey":"132230111","source_upload_date":"2026-08-13","source_height_raw":-1,"source_confidence_raw":-1,"height_m":null,"confidence":null,"area_m2":584.66},"geometry":{"type":"Polygon","coordinates":[[[106.3507398840895,11.091356192787828],[106.35088275541153,11.091328275879874],[106.35090792714882,11.091452330719548],[106.35093372635127,11.091447289584039],[106.35096843093883,11.091618325452345],[106.35079978291901,11.091651290650276],[106.3507398840895,11.091356192787828]]]}},{"type":"Feature","properties":{"source":"Microsoft Global ML Building Footprints","source_release":"2026-08-13","source_region":"Vietnam","source_quadkey":"132230111","source_upload_date":"2026-08-13","source_height_raw":-1,"source_confidence_raw":-1,"height_m":null,"confidence":null,"area_m2":37.05},"geometry":{"type":"Polygon","coordinates":[[[106.35202250238424,11.09031034916272],[106.35207800873604,11.09029666690816],[106.35209131761005,11.090348660789004],[106.35203581125829,11.090362343041122],[106.35202250238424,11.09031034916272]]]}},{"type":"Feature","properties":{"source":"Microsoft Global ML Building Footprints","source_release":"2026-08-13","source_region":"Vietnam","source_quadkey":"132230111","source_upload_date":"2026-08-13","source_height_raw":-1,"source_confidence_raw":-1,"height_m":null,"confidence":null,"area_m2":64.01},"geometry":{"type":"Polygon","coordinates":[[[106.35013862088553,11.091724562471697],[106.35006116287312,11.09172949404497],[106.35005665730053,11.091661346126415],[106.35013411531293,11.091656414551963],[106.35013862088553,11.091724562471697]]]}},{"type":"Feature","properties":{"source":"Microsoft Global ML Building Footprints","source_release":"2026-08-13","source_region":"Vietnam","source_quadkey":"132230111","source_upload_date":"2026-08-13","source_height_raw":-1,"source_confidence_raw":-1,"height_m":null,"confidence":null,"area_m2":38.11},"geometry":{"type":"Polygon","coordinates":[[[106.3553526701434,11.091127687377352],[106.35535239007604,11.091132937193848],[106.35532131926726,11.091131338833634],[106.3553239834547,11.091081465755224],[106.35539085491558,11.091084905791263],[106.35538847116894,11.091129529071821],[106.3553526701434,11.091127687377352]]]}},{"type":"Feature","properties":{"source":"Microsoft Global ML Building Footprints","source_release":"2026-08-13","source_region":"Vietnam","source_quadkey":"132230111","source_upload_date":"2026-08-13","source_height_raw":-1,"source_confidence_raw":-1,"height_m":null,"confidence":null,"area_m2":129.29},"geometry":{"type":"Polygon","coordinates":[[[106.35689793857782,11.090479612686693],[106.35697136831642,11.090477439032199],[106.35697584662914,11.090623126162413],[106.35690242742682,11.090625304546492],[106.35689793857782,11.090479612686693]]]}},{"type":"Feature","properties":{"source":"Microsoft Global ML Building Footprints","source_release":"2026-08-13","source_region":"Vietnam","source_quadkey":"132230111","source_upload_date":"2026-08-13","source_height_raw":-1,"source_confidence_raw":-1,"height_m":null,"confidence":null,"area_m2":140.45},"geometry":{"type":"Polygon","coordinates":[[[106.3484262429064,11.090645890434573],[106.3484381600804,11.090707845409725],[106.3482568650391,11.090741427503517],[106.34824495017773,11.090679484558578],[106.3484262429064,11.090645890434573]]]}},{"type":"Feature","properties":{"source":"Microsoft Global ML Building Footprints","source_release":"2026-08-13","source_region":"Vietnam","source_quadkey":"132230111","source_upload_date":"2026-08-13","source_height_raw":-1,"source_confidence_raw":-1,"height_m":null,"confidence":null,"area_m2":45.9},"geometry":{"type":"Polygon","coordinates":[[[106.34932513534304,11.086988488023934],[106.3493739213729,11.086975661355623],[106.34939376632114,11.087048350128754],[106.34934498598182,11.0870611786481],[106.34932513534304,11.086988488023934]]]}},{"type":"Feature","properties":{"source":"Microsoft Global ML Building Footprints","source_release":"2026-08-13","source_region":"Vietnam","source_quadkey":"132230111","source_upload_date":"2026-08-13","source_height_raw":-1,"source_confidence_raw":-1,"height_m":null,"confidence":null,"area_m2":78.06},"geometry":{"type":"Polygon","coordinates":[[[106.35109357189032,11.08545505214596],[106.35110597815114,11.08550471050249],[106.35098318352915,11.085534254422186],[106.35097077392756,11.085484596874423],[106.35109357189032,11.08545505214596]]]}},{"type":"Feature","properties":{"source":"Microsoft Global ML Building Footprints","source_release":"2026-08-13","source_region":"Vietnam","source_quadkey":"132230111","source_upload_date":"2026-08-13","source_height_raw":-1,"source_confidence_raw":-1,"height_m":null,"confidence":null,"area_m2":140.01},"geometry":{"type":"Polygon","coordinates":[[[106.3513632117651,11.08699884154177],[106.35140456590139,11.087220408187775],[106.35135392855591,11.087229506372864],[106.3513125897092,11.087007936986609],[106.3513632117651,11.08699884154177]]]}},{"type":"Feature","properties":{"source":"Microsoft Global ML Building Footprints","source_release":"2026-08-13","source_region":"Vietnam","source_quadkey":"132230111","source_upload_date":"2026-08-13","source_height_raw":-1,"source_confidence_raw":-1,"height_m":null,"confidence":null,"area_m2":106.21},"geometry":{"type":"Polygon","coordinates":[[[106.35605759079976,11.090308844156866],[106.35610900471669,11.090337623428269],[106.3560339640855,11.090466706664714],[106.35598255711479,11.090437931294218],[106.35605759079976,11.090308844156866]]]}},{"type":"Feature","properties":{"source":"Microsoft Global ML Building Footprints","source_release":"2026-08-13","source_region":"Vietnam","source_quadkey":"132230111","source_upload_date":"2026-08-13","source_height_raw":-1,"source_confidence_raw":-1,"height_m":null,"confidence":null,"area_m2":97.95},"geometry":{"type":"Polygon","coordinates":[[[106.35663630602498,11.090953296946509],[106.35670330000683,11.09095528468886],[106.3566995729508,11.091076251301956],[106.356632578969,11.091074263560401],[106.35663630602498,11.090953296946509]]]}},{"type":"Feature","properties":{"source":"Microsoft Global ML Building Footprints","source_release":"2026-08-13","source_region":"Vietnam","source_quadkey":"132230111","source_upload_date":"2026-08-13","source_height_raw":-1,"source_confidence_raw":-1,"height_m":null,"confidence":null,"area_m2":48.88},"geometry":{"type":"Polygon","coordinates":[[[106.34827474926125,11.09147391812131],[106.3483284704459,11.091457381102103],[106.34835040198409,11.091525974607109],[106.3482966818734,11.091542514981413],[106.34827474926125,11.09147391812131]]]}},{"type":"Feature","properties":{"source":"Microsoft Global ML Building Footprints","source_release":"2026-08-13","source_region":"Vietnam","source_quadkey":"132230111","source_upload_date":"2026-08-13","source_height_raw":-1,"source_confidence_raw":-1,"height_m":null,"confidence":null,"area_m2":88.85},"geometry":{"type":"Polygon","coordinates":[[[106.34818146541684,11.091471830051916],[106.34813886892746,11.091485682724468],[106.34808631310804,11.091330023334507],[106.34812890048427,11.091316176543174],[106.34818146541684,11.091471830051916]]]}},{"type":"Feature","properties":{"source":"Microsoft Global ML Building Footprints","source_release":"2026-08-13","source_region":"Vietnam","source_quadkey":"132230111","source_upload_date":"2026-08-13","source_height_raw":-1,"source_confidence_raw":-1,"height_m":null,"confidence":null,"area_m2":13.1},"geometry":{"type":"Polygon","coordinates":[[[106.34895337914078,11.083310350790754],[106.34895493415681,11.083332330299157],[106.348905795231,11.08333567495309],[106.34890424201241,11.083313698697495],[106.34895337914078,11.083310350790754]]]}},{"type":"Feature","properties":{"source":"Microsoft Global ML Building Footprints","source_release":"2026-08-13","source_region":"Vietnam","source_quadkey":"132230111","source_upload_date":"2026-08-13","source_height_raw":-1,"source_confidence_raw":-1,"height_m":null,"confidence":null,"area_m2":395.39},"geometry":{"type":"Polygon","coordinates":[[[106.3504835115036,11.10934589107282],[106.35036152740877,11.109342012272634],[106.35037040269859,11.109073835686758],[106.35049236768566,11.10907771388294],[106.3504835115036,11.10934589107282]]]}},{"type":"Feature","properties":{"source":"Microsoft Global ML Building Footprints","source_release":"2026-08-13","source_region":"Vietnam","source_quadkey":"132230111","source_upload_date":"2026-08-13","source_height_raw":-1,"source_confidence_raw":-1,"height_m":null,"confidence":null,"area_m2":171.29},"geometry":{"type":"Polygon","coordinates":[[[106.35119690529767,11.090794720978238],[106.35127733920912,11.090774275414816],[106.35132096182012,11.090939538614222],[106.35124052790867,11.090959984166076],[106.35119690529767,11.090794720978238]]]}},{"type":"Feature","properties":{"source":"Microsoft Global ML Building Footprints","source_release":"2026-08-13","source_region":"Vietnam","source_quadkey":"132230111","source_upload_date":"2026-08-13","source_height_raw":-1,"source_confidence_raw":-1,"height_m":null,"confidence":null,"area_m2":168.75},"geometry":{"type":"Polygon","coordinates":[[[106.34916447399522,11.087442525486892],[106.34919574829112,11.08755239934861],[106.34915464277621,11.0875636668449],[106.3491414411427,11.08751727482435],[106.34900837782766,11.087553749018255],[106.34899030823448,11.087490266347913],[106.34916447399522,11.087442525486892]]]}},{"type":"Feature","properties":{"source":"Microsoft Global ML Building Footprints","source_release":"2026-08-13","source_region":"Vietnam","source_quadkey":"132230111","source_upload_date":"2026-08-13","source_height_raw":-1,"source_confidence_raw":-1,"height_m":null,"confidence":null,"area_m2":69.73},"geometry":{"type":"Polygon","coordinates":[[[106.35592488241888,11.108974836649622],[106.35603459452193,11.108969615074415],[106.35603719401527,11.109022130374044],[106.35592748191218,11.109027351948313],[106.35592488241888,11.108974836649622]]]}},{"type":"Feature","properties":{"source":"Microsoft Global ML Building Footprints","source_release":"2026-08-13","source_region":"Vietnam","source_quadkey":"132230111","source_upload_date":"2026-08-13","source_height_raw":-1,"source_confidence_raw":-1,"height_m":null,"confidence":null,"area_m2":87.03},"geometry":{"type":"Polygon","coordinates":[[[106.34925288067615,11.102612953101811],[106.34914334291217,11.102656804265052],[106.34911989356611,11.10260039151433],[106.34922942788064,11.102556541723516],[106.34925288067615,11.102612953101811]]]}},{"type":"Feature","properties":{"source":"Microsoft Global ML Building Footprints","source_release":"2026-08-13","source_region":"Vietnam","source_quadkey":"132230111","source_upload_date":"2026-08-13","source_height_raw":-1,"source_confidence_raw":-1,"height_m":null,"confidence":null,"area_m2":48.46},"geometry":{"type":"Polygon","coordinates":[[[106.35101396723701,11.085114549070568],[106.35108327148531,11.085097075024095],[106.35109749365851,11.085151396764829],[106.35102819304443,11.08516886989176],[106.35101396723701,11.085114549070568]]]}},{"type":"Feature","properties":{"source":"Microsoft Global ML Building Footprints","source_release":"2026-08-13","source_region":"Vietnam","source_quadkey":"132230111","source_upload_date":"2026-08-13","source_height_raw":-1,"source_confidence_raw":-1,"height_m":null,"confidence":null,"area_m2":123.65},"geometry":{"type":"Polygon","coordinates":[[[106.34817994253382,11.086835873067713],[106.34820965931826,11.086977260605366],[106.34814019386774,11.086991316162141],[106.34811047708335,11.086849928631295],[106.34817994253382,11.086835873067713]]]}},{"type":"Feature","properties":{"source":"Microsoft Global ML Building Footprints","source_release":"2026-08-13","source_region":"Vietnam","source_quadkey":"132230111","source_upload_date":"2026-08-13","source_height_raw":-1,"source_confidence_raw":-1,"height_m":null,"confidence":null,"area_m2":223.13},"geometry":{"type":"Polygon","coordinates":[[[106.34995926089506,11.085285831820954],[106.35006013610065,11.085408845638838],[106.3499689705264,11.085480840569431],[106.34986809532086,11.08535782678183],[106.34995926089506,11.085285831820954]]]}},{"type":"Feature","properties":{"source":"Microsoft Global ML Building Footprints","source_release":"2026-08-13","source_region":"Vietnam","source_quadkey":"132230111","source_upload_date":"2026-08-13","source_height_raw":-1,"source_confidence_raw":-1,"height_m":null,"confidence":null,"area_m2":356.42},"geometry":{"type":"Polygon","coordinates":[[[106.35040959257621,11.090943176587245],[106.35021671926361,11.090949932482133],[106.35021208913294,11.090822638869426],[106.35027638007674,11.090820382493504],[106.35027498645152,11.090782068318134],[106.35040356865993,11.090777564385633],[106.35040959257621,11.090943176587245]]]}},{"type":"Feature","properties":{"source":"Microsoft Global ML Building Footprints","source_release":"2026-08-13","source_region":"Vietnam","source_quadkey":"132230111","source_upload_date":"2026-08-13","source_height_raw":-1,"source_confidence_raw":-1,"height_m":null,"confidence":null,"area_m2":37.4},"geometry":{"type":"Polygon","coordinates":[[[106.35539066909838,11.090971504529975],[106.35534778408815,11.090970385273422],[106.35534974033077,11.090898204324617],[106.35539262526122,11.090899326524777],[106.35539066909838,11.090971504529975]]]}},{"type":"Feature","properties":{"source":"Microsoft Global ML Building Footprints","source_release":"2026-08-13","source_region":"Vietnam","source_quadkey":"132230111","source_upload_date":"2026-08-13","source_height_raw":-1,"source_confidence_raw":-1,"height_m":null,"confidence":null,"area_m2":146.5},"geometry":{"type":"Polygon","coordinates":[[[106.35614477756582,11.104723820665313],[106.35613620124056,11.104799208881474],[106.3559772495139,11.10478179699119],[106.35598582583916,11.104706408770511],[106.35614477756582,11.104723820665313]]]}},{"type":"Feature","properties":{"source":"Microsoft Global ML Building Footprints","source_release":"2026-08-13","source_region":"Vietnam","source_quadkey":"132230111","source_upload_date":"2026-08-13","source_height_raw":-1,"source_confidence_raw":-1,"height_m":null,"confidence":null,"area_m2":62.03},"geometry":{"type":"Polygon","coordinates":[[[106.34992633647768,11.090826874531956],[106.35001926723544,11.090817670767564],[106.3500248945935,11.090872387844641],[106.34993196383573,11.0908815916073],[106.34992633647768,11.090826874531956]]]}},{"type":"Feature","properties":{"source":"Microsoft Global ML Building Footprints","source_release":"2026-08-13","source_region":"Vietnam","source_quadkey":"132230111","source_upload_date":"2026-08-13","source_height_raw":-1,"source_confidence_raw":-1,"height_m":null,"confidence":null,"area_m2":75.2},"geometry":{"type":"Polygon","coordinates":[[[106.35002745013668,11.089655928443264],[106.34995446400774,11.089684105548926],[106.34992483862044,11.089610220157667],[106.34999782757232,11.089582036942033],[106.35002745013668,11.089655928443264]]]}},{"type":"Feature","properties":{"source":"Microsoft Global ML Building Footprints","source_release":"2026-08-13","source_region":"Vietnam","source_quadkey":"132230111","source_upload_date":"2026-08-13","source_height_raw":-1,"source_confidence_raw":-1,"height_m":null,"confidence":null,"area_m2":118.68},"geometry":{"type":"Polygon","coordinates":[[[106.35228528777846,11.10918055125434],[106.35230155349302,11.10910496301527],[106.35242603382359,11.109130755286586],[106.35240976294786,11.109206342449582],[106.35228528777846,11.10918055125434]]]}},{"type":"Feature","properties":{"source":"Microsoft Global ML Building Footprints","source_release":"2026-08-13","source_region":"Vietnam","source_quadkey":"132230111","source_upload_date":"2026-08-13","source_height_raw":-1,"source_confidence_raw":-1,"height_m":null,"confidence":null,"area_m2":109.71},"geometry":{"type":"Polygon","coordinates":[[[106.35538639033804,11.091218680409341],[106.35538518249133,11.09132131903796],[106.35529668139633,11.091320316103392],[106.35529788924302,11.091217677474404],[106.35538639033804,11.091218680409341]]]}},{"type":"Feature","properties":{"source":"Microsoft Global ML Building Footprints","source_release":"2026-08-13","source_region":"Vietnam","source_quadkey":"132230111","source_upload_date":"2026-08-13","source_height_raw":-1,"source_confidence_raw":-1,"height_m":null,"confidence":null,"area_m2":61.33},"geometry":{"type":"Polygon","coordinates":[[[106.35308694434322,11.08549556650172],[106.35298266714655,11.085501317636613],[106.35297988997165,11.085452764148542],[106.35308416757668,11.085447020152273],[106.35308694434322,11.08549556650172]]]}},{"type":"Feature","properties":{"source":"Microsoft Global ML Building Footprints","source_release":"2026-08-13","source_region":"Vietnam","source_quadkey":"132230111","source_upload_date":"2026-08-13","source_height_raw":-1,"source_confidence_raw":-1,"height_m":null,"confidence":null,"area_m2":122.73},"geometry":{"type":"Polygon","coordinates":[[[106.356223098089,11.098618760022305],[106.35622642224627,11.098703965245534],[106.35610732099337,11.098708447803574],[106.35610399044869,11.098623234641778],[106.356223098089,11.098618760022305]]]}},{"type":"Feature","properties":{"source":"Microsoft Global ML Building Footprints","source_release":"2026-08-13","source_region":"Vietnam","source_quadkey":"132230111","source_upload_date":"2026-08-13","source_height_raw":-1,"source_confidence_raw":-1,"height_m":null,"confidence":null,"area_m2":60.07},"geometry":{"type":"Polygon","coordinates":[[[106.35624077889494,11.094976265968725],[106.35632447027184,11.094983301496882],[106.35631931913349,11.095042307908699],[106.35623562407737,11.09503526632443],[106.35624077889494,11.094976265968725]]]}},{"type":"Feature","properties":{"source":"Microsoft Global ML Building Footprints","source_release":"2026-08-13","source_region":"Vietnam","source_quadkey":"132230111","source_upload_date":"2026-08-13","source_height_raw":-1,"source_confidence_raw":-1,"height_m":null,"confidence":null,"area_m2":90.14},"geometry":{"type":"Polygon","coordinates":[[[106.35747234911075,11.090375755706873],[106.35749560699178,11.090535688344403],[106.3574498689114,11.090542096739426],[106.35742659985176,11.090382165671656],[106.35747234911075,11.090375755706873]]]}},{"type":"Feature","properties":{"source":"Microsoft Global ML Building Footprints","source_release":"2026-08-13","source_region":"Vietnam","source_quadkey":"132230111","source_upload_date":"2026-08-13","source_height_raw":-1,"source_confidence_raw":-1,"height_m":null,"confidence":null,"area_m2":81.42},"geometry":{"type":"Polygon","coordinates":[[[106.35055209629525,11.08709845956244],[106.35041415681384,11.087117928698746],[106.3504071375906,11.087070036320512],[106.35054508177828,11.087050575991114],[106.35055209629525,11.08709845956244]]]}},{"type":"Feature","properties":{"source":"Microsoft Global ML Building Footprints","source_release":"2026-08-13","source_region":"Vietnam","source_quadkey":"132230111","source_upload_date":"2026-08-13","source_height_raw":-1,"source_confidence_raw":-1,"height_m":null,"confidence":null,"area_m2":177.74},"geometry":{"type":"Polygon","coordinates":[[[106.35227248590185,11.089357096188081],[106.35227473712698,11.089396453945241],[106.35230834552704,11.08939460038691],[106.35231180169608,11.08945494870133],[106.35215137586873,11.089463796446594],[106.35214566567637,11.08936409053213],[106.35227248590185,11.089357096188081]]]}},{"type":"Feature","properties":{"source":"Microsoft Global ML Building Footprints","source_release":"2026-08-13","source_region":"Vietnam","source_quadkey":"132230111","source_upload_date":"2026-08-13","source_height_raw":-1,"source_confidence_raw":-1,"height_m":null,"confidence":null,"area_m2":66.12},"geometry":{"type":"Polygon","coordinates":[[[106.3568967434033,11.102741922231033],[106.35698881119995,11.10274487512369],[106.35698682778624,11.102804295216714],[106.3568947644335,11.102801336144367],[106.3568967434033,11.102741922231033]]]}},{"type":"Feature","properties":{"source":"Microsoft Global ML Building Footprints","source_release":"2026-08-13","source_region":"Vietnam","source_quadkey":"132230111","source_upload_date":"2026-08-13","source_height_raw":-1,"source_confidence_raw":-1,"height_m":null,"confidence":null,"area_m2":13.35},"geometry":{"type":"Polygon","coordinates":[[[106.34805130232141,11.086184665850809],[106.34804383184462,11.08620581390933],[106.34799717699943,11.086189942601933],[106.34800464882267,11.08616879500029],[106.34805130232141,11.086184665850809]]]}},{"type":"Feature","properties":{"source":"Microsoft Global ML Building Footprints","source_release":"2026-08-13","source_region":"Vietnam","source_quadkey":"132230111","source_upload_date":"2026-08-13","source_height_raw":-1,"source_confidence_raw":-1,"height_m":null,"confidence":null,"area_m2":50.54},"geometry":{"type":"Polygon","coordinates":[[[106.34872102189954,11.088080770547336],[106.34874606449601,11.088169754136231],[106.34870235830218,11.088181596398627],[106.34867732238712,11.088092614004381],[106.34872102189954,11.088080770547336]]]}},{"type":"Feature","properties":{"source":"Microsoft Global ML Building Footprints","source_release":"2026-08-13","source_region":"Vietnam","source_quadkey":"132230111","source_upload_date":"2026-08-13","source_height_raw":-1,"source_confidence_raw":-1,"height_m":null,"confidence":null,"area_m2":75.38},"geometry":{"type":"Polygon","coordinates":[[[106.35028941964617,11.08696930181354],[106.35033416442873,11.086956959897378],[106.35037119564946,11.087086249501965],[106.3503264508669,11.08709859141267],[106.35028941964617,11.08696930181354]]]}},{"type":"Feature","properties":{"source":"Microsoft Global ML Building Footprints","source_release":"2026-08-13","source_region":"Vietnam","source_quadkey":"132230111","source_upload_date":"2026-08-13","source_height_raw":-1,"source_confidence_raw":-1,"height_m":null,"confidence":null,"area_m2":110.32},"geometry":{"type":"Polygon","coordinates":[[[106.35073333814924,11.090214453254688],[106.35055065710239,11.090251391216341],[106.3505405841888,11.090203417670153],[106.35072326523566,11.090166479702447],[106.35073333814924,11.090214453254688]]]}},{"type":"Feature","properties":{"source":"Microsoft Global ML Building Footprints","source_release":"2026-08-13","source_region":"Vietnam","source_quadkey":"132230111","source_upload_date":"2026-08-13","source_height_raw":-1,"source_confidence_raw":-1,"height_m":null,"confidence":null,"area_m2":59.6},"geometry":{"type":"Polygon","coordinates":[[[106.35122418649345,11.112445574186367],[106.35113041412922,11.112448652489263],[106.35112862148843,11.112396072936804],[106.35122239385265,11.112392994633353],[106.35122418649345,11.112445574186367]]]}},{"type":"Feature","properties":{"source":"Microsoft Global ML Building Footprints","source_release":"2026-08-13","source_region":"Vietnam","source_quadkey":"132230111","source_upload_date":"2026-08-13","source_height_raw":-1,"source_confidence_raw":-1,"height_m":null,"confidence":null,"area_m2":48.42},"geometry":{"type":"Polygon","coordinates":[[[106.35232645861747,11.089098274591564],[106.35238181788448,11.089091096059576],[106.35239140916289,11.089162287977757],[106.35233605039932,11.089169470244912],[106.35232645861747,11.089098274591564]]]}},{"type":"Feature","properties":{"source":"Microsoft Global ML Building Footprints","source_release":"2026-08-13","source_region":"Vietnam","source_quadkey":"132230111","source_upload_date":"2026-08-13","source_height_raw":-1,"source_confidence_raw":-1,"height_m":null,"confidence":null,"area_m2":295.9},"geometry":{"type":"Polygon","coordinates":[[[106.34971626321014,11.091116781029214],[106.3496944074975,11.090953779963897],[106.34974977530291,11.090946630792274],[106.34973971473677,11.09087159852345],[106.34980299222866,11.090863428039299],[106.34983490850748,11.091101461384099],[106.34971626321014,11.091116781029214]]]}},{"type":"Feature","properties":{"source":"Microsoft Global ML Building Footprints","source_release":"2026-08-13","source_region":"Vietnam","source_quadkey":"132230111","source_upload_date":"2026-08-13","source_height_raw":-1,"source_confidence_raw":-1,"height_m":null,"confidence":null,"area_m2":92.32},"geometry":{"type":"Polygon","coordinates":[[[106.35140870004349,11.091476924952971],[106.35141257851843,11.09153986540592],[106.35132339083395,11.09154515787479],[106.35131684609648,11.091439071706858],[106.35136328213466,11.091436312964746],[106.35136594105434,11.091479462306324],[106.35140870004349,11.091476924952971]]]}},{"type":"Feature","properties":{"source":"Microsoft Global ML Building Footprints","source_release":"2026-08-13","source_region":"Vietnam","source_quadkey":"132230111","source_upload_date":"2026-08-13","source_height_raw":-1,"source_confidence_raw":-1,"height_m":null,"confidence":null,"area_m2":231.73},"geometry":{"type":"Polygon","coordinates":[[[106.35639908516991,11.094906115774421],[106.35639686663775,11.094974480464046],[106.35627361001735,11.094970628730493],[106.35627796175353,11.094836528745503],[106.35644141075011,11.094841636481476],[106.35643927754613,11.094907371774767],[106.35639908516991,11.094906115774421]]]}},{"type":"Feature","properties":{"source":"Microsoft Global ML Building Footprints","source_release":"2026-08-13","source_region":"Vietnam","source_quadkey":"132230111","source_upload_date":"2026-08-13","source_height_raw":-1,"source_confidence_raw":-1,"height_m":null,"confidence":null,"area_m2":48.73},"geometry":{"type":"Polygon","coordinates":[[[106.34870278178568,11.089244172107158],[106.34876174394115,11.08924579601289],[106.34875978826493,11.089314177494217],[106.34870082610949,11.089312553588854],[106.34870278178568,11.089244172107158]]]}},{"type":"Feature","properties":{"source":"Microsoft Global ML Building Footprints","source_release":"2026-08-13","source_region":"Vietnam","source_quadkey":"132230111","source_upload_date":"2026-08-13","source_height_raw":-1,"source_confidence_raw":-1,"height_m":null,"confidence":null,"area_m2":105.4},"geometry":{"type":"Polygon","coordinates":[[[106.34979667088417,11.098206781197248],[106.34985015220391,11.098192019037171],[106.34989350935642,11.098343238352925],[106.34984001804207,11.098358003264096],[106.34979667088417,11.098206781197248]]]}},{"type":"Feature","properties":{"source":"Microsoft Global ML Building Footprints","source_release":"2026-08-13","source_region":"Vietnam","source_quadkey":"132230111","source_upload_date":"2026-08-13","source_height_raw":-1,"source_confidence_raw":-1,"height_m":null,"confidence":null,"area_m2":56.41},"geometry":{"type":"Polygon","coordinates":[[[106.35129202552625,11.110936913940463],[106.35135888382686,11.11095052810073],[106.3513447176655,11.111017513652243],[106.35127785843395,11.111003903897213],[106.35129202552625,11.110936913940463]]]}},{"type":"Feature","properties":{"source":"Microsoft Global ML Building Footprints","source_release":"2026-08-13","source_region":"Vietnam","source_quadkey":"132230111","source_upload_date":"2026-08-13","source_height_raw":-1,"source_confidence_raw":-1,"height_m":null,"confidence":null,"area_m2":779.88},"geometry":{"type":"Polygon","coordinates":[[[106.35245626916966,11.090160859643063],[106.35248179986402,11.090302461865733],[106.35250154948692,11.090299032787385],[106.35251605777232,11.090379469000354],[106.35246664391708,11.090388051997593],[106.35247262825183,11.090421230081802],[106.35237744836209,11.090437762461207],[106.35236916553707,11.090391823025158],[106.3522250751614,11.09041685096929],[106.35218732781922,11.090207573756587],[106.35245626916966,11.090160859643063]]]}},{"type":"Feature","properties":{"source":"Microsoft Global ML Building Footprints","source_release":"2026-08-13","source_region":"Vietnam","source_quadkey":"132230111","source_upload_date":"2026-08-13","source_height_raw":-1,"source_confidence_raw":-1,"height_m":null,"confidence":null,"area_m2":23.97},"geometry":{"type":"Polygon","coordinates":[[[106.3525649172247,11.112063531362153],[106.35256331554298,11.112105583392037],[106.35251617406627,11.112103854557091],[106.35251777874313,11.11206180263676],[106.3525649172247,11.112063531362153]]]}},{"type":"Feature","properties":{"source":"Microsoft Global ML Building Footprints","source_release":"2026-08-13","source_region":"Vietnam","source_quadkey":"132230111","source_upload_date":"2026-08-13","source_height_raw":-1,"source_confidence_raw":-1,"height_m":null,"confidence":null,"area_m2":584.77},"geometry":{"type":"Polygon","coordinates":[[[106.34792844906805,11.109138091893996],[106.34793181852588,11.109390715908475],[106.34772927091971,11.109393303246662],[106.34772665260535,11.109195940575987],[106.34777632626692,11.109195306045422],[106.34777558919805,11.109140044523926],[106.34792844906805,11.109138091893996]]]}},{"type":"Feature","properties":{"source":"Microsoft Global ML Building Footprints","source_release":"2026-08-13","source_region":"Vietnam","source_quadkey":"132230111","source_upload_date":"2026-08-13","source_height_raw":-1,"source_confidence_raw":-1,"height_m":null,"confidence":null,"area_m2":359.75},"geometry":{"type":"Polygon","coordinates":[[[106.34819091369552,11.090431272227505],[106.34841094125761,11.090370190012763],[106.3483997003371,11.090331196720498],[106.34846675373512,11.090312581910965],[106.34850425540654,11.090442670322815],[106.34825441642235,11.090512011358086],[106.34824528509925,11.090480328162357],[106.34820803184573,11.090490667537935],[106.34819091369552,11.090431272227505]]]}},{"type":"Feature","properties":{"source":"Microsoft Global ML Building Footprints","source_release":"2026-08-13","source_region":"Vietnam","source_quadkey":"132230111","source_upload_date":"2026-08-13","source_height_raw":-1,"source_confidence_raw":-1,"height_m":null,"confidence":null,"area_m2":25.93},"geometry":{"type":"Polygon","coordinates":[[[106.34853390338249,11.08692732489601],[106.34856144304425,11.086978989712648],[106.34852881399854,11.086995741533471],[106.34850127144387,11.086944078205022],[106.34853390338249,11.08692732489601]]]}},{"type":"Feature","properties":{"source":"Microsoft Global ML Building Footprints","source_release":"2026-08-13","source_region":"Vietnam","source_quadkey":"132230111","source_upload_date":"2026-08-13","source_height_raw":-1,"source_confidence_raw":-1,"height_m":null,"confidence":null,"area_m2":313.65},"geometry":{"type":"Polygon","coordinates":[[[106.35153995614152,11.091911075108698],[106.35173536631497,11.091871228025866],[106.3517583405357,11.091979723741531],[106.35164006595704,11.092003841704411],[106.35165021735692,11.092051781655002],[106.35157308176213,11.092067510757573],[106.35153995614152,11.091911075108698]]]}},{"type":"Feature","properties":{"source":"Microsoft Global ML Building Footprints","source_release":"2026-08-13","source_region":"Vietnam","source_quadkey":"132230111","source_upload_date":"2026-08-13","source_height_raw":-1,"source_confidence_raw":-1,"height_m":null,"confidence":null,"area_m2":64.99},"geometry":{"type":"Polygon","coordinates":[[[106.35237512533573,11.088102944108115],[106.35246402243477,11.088093455917445],[106.35247065364467,11.088153287350607],[106.35238175232828,11.088162775989446],[106.35237512533573,11.088102944108115]]]}},{"type":"Feature","properties":{"source":"Microsoft Global ML Building Footprints","source_release":"2026-08-13","source_region":"Vietnam","source_quadkey":"132230111","source_upload_date":"2026-08-13","source_height_raw":-1,"source_confidence_raw":-1,"height_m":null,"confidence":null,"area_m2":87.39},"geometry":{"type":"Polygon","coordinates":[[[106.35363214286423,11.104718838616108],[106.35353030504237,11.104721741149916],[106.35352819830132,11.104650737471061],[106.35363003612316,11.104647834936543],[106.35363214286423,11.104718838616108]]]}},{"type":"Feature","properties":{"source":"Microsoft Global ML Building Footprints","source_release":"2026-08-13","source_region":"Vietnam","source_quadkey":"132230111","source_upload_date":"2026-08-13","source_height_raw":-1,"source_confidence_raw":-1,"height_m":null,"confidence":null,"area_m2":190.14},"geometry":{"type":"Polygon","coordinates":[[[106.35628738879376,11.092410908153653],[106.35608798154001,11.092407799264734],[106.35608925962192,11.092328856167242],[106.35628866124674,11.092331964969233],[106.35628738879376,11.092410908153653]]]}},{"type":"Feature","properties":{"source":"Microsoft Global ML Building Footprints","source_release":"2026-08-13","source_region":"Vietnam","source_quadkey":"132230111","source_upload_date":"2026-08-13","source_height_raw":-1,"source_confidence_raw":-1,"height_m":null,"confidence":null,"area_m2":452.52},"geometry":{"type":"Polygon","coordinates":[[[106.35044155166567,11.110264660590488],[106.35063903572701,11.110286374359049],[106.35062717023898,11.110390347277558],[106.35062835008009,11.11039047700342],[106.35061512194825,11.110506317825255],[106.35052123558341,11.110496001287004],[106.35052835493133,11.110433617080048],[106.3504235729255,11.110422103290517],[106.35044155166567,11.110264660590488]]]}},{"type":"Feature","properties":{"source":"Microsoft Global ML Building Footprints","source_release":"2026-08-13","source_region":"Vietnam","source_quadkey":"132230111","source_upload_date":"2026-08-13","source_height_raw":-1,"source_confidence_raw":-1,"height_m":null,"confidence":null,"area_m2":49.05},"geometry":{"type":"Polygon","coordinates":[[[106.35531109830475,11.091187719711044],[106.35530947482512,11.091140395334648],[106.35539520835124,11.091137563055554],[106.3553968318309,11.091184887432405],[106.35531109830475,11.091187719711044]]]}},{"type":"Feature","properties":{"source":"Microsoft Global ML Building Footprints","source_release":"2026-08-13","source_region":"Vietnam","source_quadkey":"132230111","source_upload_date":"2026-08-13","source_height_raw":-1,"source_confidence_raw":-1,"height_m":null,"confidence":null,"area_m2":280.97},"geometry":{"type":"Polygon","coordinates":[[[106.34973486438301,11.088709571773563],[106.34954786088717,11.088768871603492],[106.34953687397963,11.088735505744808],[106.3494920720702,11.088749712674826],[106.34946616928084,11.08867106617862],[106.3495474055215,11.088645305715872],[106.34955682287081,11.088673905032365],[106.34964425307668,11.088646180429038],[106.34963954440202,11.088631880769796],[106.34970268843959,11.088611857442558],[106.34973486438301,11.088709571773563]]]}},{"type":"Feature","properties":{"source":"Microsoft Global ML Building Footprints","source_release":"2026-08-13","source_region":"Vietnam","source_quadkey":"132230111","source_upload_date":"2026-08-13","source_height_raw":-1,"source_confidence_raw":-1,"height_m":null,"confidence":null,"area_m2":217.39},"geometry":{"type":"Polygon","coordinates":[[[106.34989336397686,11.089403582301543],[106.3499183815885,11.089476966683122],[106.34974710971605,11.089533183439826],[106.34970804172808,11.089418584978873],[106.34979592039655,11.089389734420408],[106.34980996997943,11.089430954814048],[106.34989336397686,11.089403582301543]]]}},{"type":"Feature","properties":{"source":"Microsoft Global ML Building Footprints","source_release":"2026-08-13","source_region":"Vietnam","source_quadkey":"132230111","source_upload_date":"2026-08-13","source_height_raw":-1,"source_confidence_raw":-1,"height_m":null,"confidence":null,"area_m2":122.01},"geometry":{"type":"Polygon","coordinates":[[[106.35090853882741,11.113036103471316],[106.3508965525027,11.1130401],[106.3506809290715,11.1130401],[106.35067745798027,11.113030076316534],[106.35088275775226,11.112961638521014],[106.35090853882741,11.113036103471316]]]}},{"type":"Feature","properties":{"source":"Microsoft Global ML Building Footprints","source_release":"2026-08-13","source_region":"Vietnam","source_quadkey":"132230111","source_upload_date":"2026-08-13","source_height_raw":-1,"source_confidence_raw":-1,"height_m":null,"confidence":null,"area_m2":223.84},"geometry":{"type":"Polygon","coordinates":[[[106.35256243463448,11.088616953442894],[106.35221923799905,11.08865339496542],[106.35221335028693,11.088599997090483],[106.35255655325406,11.088563578460906],[106.35256243463448,11.088616953442894]]]}},{"type":"Feature","properties":{"source":"Microsoft Global ML Building Footprints","source_release":"2026-08-13","source_region":"Vietnam","source_quadkey":"132230111","source_upload_date":"2026-08-13","source_height_raw":-1,"source_confidence_raw":-1,"height_m":null,"confidence":null,"area_m2":45.98},"geometry":{"type":"Polygon","coordinates":[[[106.35547321060281,11.091322065720647],[106.3554196368381,11.091320159724859],[106.35542225890795,11.091249186025578],[106.35547583267265,11.091251092021821],[106.35547321060281,11.091322065720647]]]}},{"type":"Feature","properties":{"source":"Microsoft Global ML Building Footprints","source_release":"2026-08-13","source_region":"Vietnam","source_quadkey":"132230111","source_upload_date":"2026-08-13","source_height_raw":-1,"source_confidence_raw":-1,"height_m":null,"confidence":null,"area_m2":19.78},"geometry":{"type":"Polygon","coordinates":[[[106.35569556044243,11.09793037433424],[106.35568839937042,11.097972454810105],[106.35565053404846,11.097966249803846],[106.35565769847099,11.097924167275778],[106.35569556044243,11.09793037433424]]]}},{"type":"Feature","properties":{"source":"Microsoft Global ML Building Footprints","source_release":"2026-08-13","source_region":"Vietnam","source_quadkey":"132230111","source_upload_date":"2026-08-13","source_height_raw":-1,"source_confidence_raw":-1,"height_m":null,"confidence":null,"area_m2":105.3},"geometry":{"type":"Polygon","coordinates":[[[106.34837700851227,11.085049449792862],[106.3485172488009,11.085015082367633],[106.34853214114361,11.08507360588176],[106.34839190709148,11.085107981403482],[106.34837700851227,11.085049449792862]]]}},{"type":"Feature","properties":{"source":"Microsoft Global ML Building Footprints","source_release":"2026-08-13","source_region":"Vietnam","source_quadkey":"132230111","source_upload_date":"2026-08-13","source_height_raw":-1,"source_confidence_raw":-1,"height_m":null,"confidence":null,"area_m2":203.77},"geometry":{"type":"Polygon","coordinates":[[[106.34893114610149,11.083350506785393],[106.34892784007044,11.083431975212676],[106.34897336542404,11.083433754382185],[106.34897031437887,11.08350893933472],[106.3488390938768,11.083503820139981],[106.34884545131818,11.08334715775949],[106.34893114610149,11.083350506785393]]]}},{"type":"Feature","properties":{"source":"Microsoft Global ML Building Footprints","source_release":"2026-08-13","source_region":"Vietnam","source_quadkey":"132230111","source_upload_date":"2026-08-13","source_height_raw":-1,"source_confidence_raw":-1,"height_m":null,"confidence":null,"area_m2":77.59},"geometry":{"type":"Polygon","coordinates":[[[106.35076315755023,11.083498026236043],[106.35076683405393,11.083579463982915],[106.35068809112144,11.083582887455094],[106.3506844204145,11.083501449457145],[106.35076315755023,11.083498026236043]]]}},{"type":"Feature","properties":{"source":"Microsoft Global ML Building Footprints","source_release":"2026-08-13","source_region":"Vietnam","source_quadkey":"132230111","source_upload_date":"2026-08-13","source_height_raw":-1,"source_confidence_raw":-1,"height_m":null,"confidence":null,"area_m2":57.11},"geometry":{"type":"Polygon","coordinates":[[[106.35531176426403,11.090997603476922],[106.35539732671452,11.091002304730637],[106.35539418279747,11.091057406356896],[106.35530862034699,11.091052705104062],[106.35531176426403,11.090997603476922]]]}},{"type":"Feature","properties":{"source":"Microsoft Global ML Building Footprints","source_release":"2026-08-13","source_region":"Vietnam","source_quadkey":"132230111","source_upload_date":"2026-08-13","source_height_raw":-1,"source_confidence_raw":-1,"height_m":null,"confidence":null,"area_m2":572.16},"geometry":{"type":"Polygon","coordinates":[[[106.3480467219989,11.087991413570691],[106.3481965886697,11.087970538979206],[106.34823329973436,11.08822435364533],[106.34817545589463,11.088232406603993],[106.34818590523734,11.088304651713429],[106.34812926855852,11.088312536610232],[106.34813398000516,11.088345126873591],[106.34803406791839,11.088359043385765],[106.34802586176895,11.08830227938327],[106.34807844707778,11.088294954901826],[106.34806776692386,11.088221077568747],[106.34811125088133,11.088215023777607],[106.34809320036405,11.088090225295304],[106.34806164948603,11.08809461994447],[106.3480467219989,11.087991413570691]]]}},{"type":"Feature","properties":{"source":"Microsoft Global ML Building Footprints","source_release":"2026-08-13","source_region":"Vietnam","source_quadkey":"132230111","source_upload_date":"2026-08-13","source_height_raw":-1,"source_confidence_raw":-1,"height_m":null,"confidence":null,"area_m2":124.62},"geometry":{"type":"Polygon","coordinates":[[[106.3481206151076,11.088703405085425],[106.3482839819961,11.088681940479248],[106.3482924533745,11.088743998642599],[106.34812908648601,11.0887654632442],[106.3481206151076,11.088703405085425]]]}},{"type":"Feature","properties":{"source":"Microsoft Global ML Building Footprints","source_release":"2026-08-13","source_region":"Vietnam","source_quadkey":"132230111","source_upload_date":"2026-08-13","source_height_raw":-1,"source_confidence_raw":-1,"height_m":null,"confidence":null,"area_m2":93.32},"geometry":{"type":"Polygon","coordinates":[[[106.3488156681568,11.083559331763539],[106.34882730296324,11.083501026747541],[106.34895494727392,11.083525548163138],[106.34894331647232,11.083583853943622],[106.3488156681568,11.083559331763539]]]}},{"type":"Feature","properties":{"source":"Microsoft Global ML Building Footprints","source_release":"2026-08-13","source_region":"Vietnam","source_quadkey":"132230111","source_upload_date":"2026-08-13","source_height_raw":-1,"source_confidence_raw":-1,"height_m":null,"confidence":null,"area_m2":24.99},"geometry":{"type":"Polygon","coordinates":[[[106.34883583661059,11.08571364150292],[106.34885273545231,11.085754249098287],[106.34880905686185,11.08577175092212],[106.34879215802013,11.085731143329213],[106.34883583661059,11.08571364150292]]]}},{"type":"Feature","properties":{"source":"Microsoft Global ML Building Footprints","source_release":"2026-08-13","source_region":"Vietnam","source_quadkey":"132230111","source_upload_date":"2026-08-13","source_height_raw":-1,"source_confidence_raw":-1,"height_m":null,"confidence":null,"area_m2":62.87},"geometry":{"type":"Polygon","coordinates":[[[106.3500426625684,11.085493771507743],[106.35012865928766,11.085479336009968],[106.3501389116876,11.085538154770333],[106.35005291496836,11.085552590265209],[106.3500426625684,11.085493771507743]]]}},{"type":"Feature","properties":{"source":"Microsoft Global ML Building Footprints","source_release":"2026-08-13","source_region":"Vietnam","source_quadkey":"132230111","source_upload_date":"2026-08-13","source_height_raw":-1,"source_confidence_raw":-1,"height_m":null,"confidence":null,"area_m2":270.56},"geometry":{"type":"Polygon","coordinates":[[[106.35204347779494,11.089121457265335],[106.35232322427952,11.089098919754605],[106.35232956735541,11.089174740497484],[106.35218303348255,11.089186545857416],[106.35218368966281,11.089194389381106],[106.35205047705111,11.089205121525794],[106.35204347779494,11.089121457265335]]]}},{"type":"Feature","properties":{"source":"Microsoft Global ML Building Footprints","source_release":"2026-08-13","source_region":"Vietnam","source_quadkey":"132230111","source_upload_date":"2026-08-13","source_height_raw":-1,"source_confidence_raw":-1,"height_m":null,"confidence":null,"area_m2":58.75},"geometry":{"type":"Polygon","coordinates":[[[106.3476554847206,11.099239004140102],[106.34771325097914,11.099237917081268],[106.3477148963433,11.099322111351015],[106.34765712408196,11.099323198522498],[106.3476554847206,11.099239004140102]]]}},{"type":"Feature","properties":{"source":"Microsoft Global ML Building Footprints","source_release":"2026-08-13","source_region":"Vietnam","source_quadkey":"132230111","source_upload_date":"2026-08-13","source_height_raw":-1,"source_confidence_raw":-1,"height_m":null,"confidence":null,"area_m2":80.7},"geometry":{"type":"Polygon","coordinates":[[[106.35029412534668,11.0891279250705],[106.35030420652909,11.089210974759169],[106.3502248660836,11.089220249404917],[106.35021478490118,11.089137199718891],[106.35029412534668,11.0891279250705]]]}},{"type":"Feature","properties":{"source":"Microsoft Global ML Building Footprints","source_release":"2026-08-13","source_region":"Vietnam","source_quadkey":"132230111","source_upload_date":"2026-08-13","source_height_raw":-1,"source_confidence_raw":-1,"height_m":null,"confidence":null,"area_m2":127.23},"geometry":{"type":"Polygon","coordinates":[[[106.35614779650707,11.105203937731133],[106.35605767033599,11.10519016562641],[106.35607579415655,11.105076012725476],[106.3561659114196,11.105089789663452],[106.35614779650707,11.105203937731133]]]}},{"type":"Feature","properties":{"source":"Microsoft Global ML Building Footprints","source_release":"2026-08-13","source_region":"Vietnam","source_quadkey":"132230111","source_upload_date":"2026-08-13","source_height_raw":-1,"source_confidence_raw":-1,"height_m":null,"confidence":null,"area_m2":54.85},"geometry":{"type":"Polygon","coordinates":[[[106.35716063307828,11.094467116432085],[106.3570952525377,11.094507431130438],[106.35706335577207,11.094457617838557],[106.35712873837413,11.09441730635271],[106.35716063307828,11.094467116432085]]]}},{"type":"Feature","properties":{"source":"Microsoft Global ML Building Footprints","source_release":"2026-08-13","source_region":"Vietnam","source_quadkey":"132230111","source_upload_date":"2026-08-13","source_height_raw":-1,"source_confidence_raw":-1,"height_m":null,"confidence":null,"area_m2":122.66},"geometry":{"type":"Polygon","coordinates":[[[106.35728327125034,11.092722479465706],[106.35715462554009,11.092726004847279],[106.35715238022767,11.092647103439731],[106.35728102593792,11.09264357805722],[106.35728327125034,11.092722479465706]]]}},{"type":"Feature","properties":{"source":"Microsoft Global ML Building Footprints","source_release":"2026-08-13","source_region":"Vietnam","source_quadkey":"132230111","source_upload_date":"2026-08-13","source_height_raw":-1,"source_confidence_raw":-1,"height_m":null,"confidence":null,"area_m2":265.04},"geometry":{"type":"Polygon","coordinates":[[[106.34833724133576,11.088180370288356],[106.34834770929203,11.08823366516772],[106.3482868341943,11.08824517975026],[106.3482439804298,11.088026921638132],[106.34835259924166,11.08800637627104],[106.34838498871486,11.088171338824282],[106.34833724133576,11.088180370288356]]]}},{"type":"Feature","properties":{"source":"Microsoft Global ML Building Footprints","source_release":"2026-08-13","source_region":"Vietnam","source_quadkey":"132230111","source_upload_date":"2026-08-13","source_height_raw":-1,"source_confidence_raw":-1,"height_m":null,"confidence":null,"area_m2":65.01},"geometry":{"type":"Polygon","coordinates":[[[106.35072413538205,11.110298191160624],[106.35072256044272,11.110365103239147],[106.35064213720317,11.11036327504948],[106.35064371201261,11.110296368490822],[106.35072413538205,11.110298191160624]]]}},{"type":"Feature","properties":{"source":"Microsoft Global ML Building Footprints","source_release":"2026-08-13","source_region":"Vietnam","source_quadkey":"132230111","source_upload_date":"2026-08-13","source_height_raw":-1,"source_confidence_raw":-1,"height_m":null,"confidence":null,"area_m2":456.54},"geometry":{"type":"Polygon","coordinates":[[[106.35396700912516,11.091083996814945],[106.35404299658084,11.091087289965799],[106.35404311480447,11.091084662977039],[106.35412239293969,11.091088098739618],[106.35411141553166,11.091332409343181],[106.35395614975378,11.091325680427232],[106.35396700912516,11.091083996814945]]]}},{"type":"Feature","properties":{"source":"Microsoft Global ML Building Footprints","source_release":"2026-08-13","source_region":"Vietnam","source_quadkey":"132230111","source_upload_date":"2026-08-13","source_height_raw":-1,"source_confidence_raw":-1,"height_m":null,"confidence":null,"area_m2":38.31},"geometry":{"type":"Polygon","coordinates":[[[106.35620810604472,11.091529156025956],[106.35626550588711,11.091519726028295],[106.35627467858411,11.091573493353522],[106.35621727874171,11.091582923349435],[106.35620810604472,11.091529156025956]]]}},{"type":"Feature","properties":{"source":"Microsoft Global ML Building Footprints","source_release":"2026-08-13","source_region":"Vietnam","source_quadkey":"132230111","source_upload_date":"2026-08-13","source_height_raw":-1,"source_confidence_raw":-1,"height_m":null,"confidence":null,"area_m2":80.37},"geometry":{"type":"Polygon","coordinates":[[[106.34826333533849,11.091302076430182],[106.34832044345191,11.091448033395508],[106.34828070439636,11.091463006544856],[106.34822359535222,11.091317047208292],[106.34826333533849,11.091302076430182]]]}},{"type":"Feature","properties":{"source":"Microsoft Global ML Building Footprints","source_release":"2026-08-13","source_region":"Vietnam","source_quadkey":"132230111","source_upload_date":"2026-08-13","source_height_raw":-1,"source_confidence_raw":-1,"height_m":null,"confidence":null,"area_m2":75.46},"geometry":{"type":"Polygon","coordinates":[[[106.34969736518275,11.106143870872785],[106.34959413102081,11.106218818420075],[106.34956463288744,11.10617969848252],[106.34966786885253,11.10610474961608],[106.34969736518275,11.106143870872785]]]}},{"type":"Feature","properties":{"source":"Microsoft Global ML Building Footprints","source_release":"2026-08-13","source_region":"Vietnam","source_quadkey":"132230111","source_upload_date":"2026-08-13","source_height_raw":-1,"source_confidence_raw":-1,"height_m":null,"confidence":null,"area_m2":26.61},"geometry":{"type":"Polygon","coordinates":[[[106.35105752664157,11.088284699945177],[106.35100662340767,11.088296289677928],[106.3509969102258,11.088255218759159],[106.3510478126751,11.088243625707307],[106.35105752664157,11.088284699945177]]]}},{"type":"Feature","properties":{"source":"Microsoft Global ML Building Footprints","source_release":"2026-08-13","source_region":"Vietnam","source_quadkey":"132230111","source_upload_date":"2026-08-13","source_height_raw":-1,"source_confidence_raw":-1,"height_m":null,"confidence":null,"area_m2":24.84},"geometry":{"type":"Polygon","coordinates":[[[106.35204328830419,11.09079750841373],[106.3520464392274,11.090856493148081],[106.35201166594051,11.090858279586485],[106.35200851514456,11.090799297234227],[106.35204328830419,11.09079750841373]]]}},{"type":"Feature","properties":{"source":"Microsoft Global ML Building Footprints","source_release":"2026-08-13","source_region":"Vietnam","source_quadkey":"132230111","source_upload_date":"2026-08-13","source_height_raw":-1,"source_confidence_raw":-1,"height_m":null,"confidence":null,"area_m2":86.43},"geometry":{"type":"Polygon","coordinates":[[[106.35368600132944,11.091110107094096],[106.35379058956575,11.091108763819577],[106.35379150212641,11.09117718700655],[106.3536869138901,11.091178530280729],[106.35368600132944,11.091110107094096]]]}},{"type":"Feature","properties":{"source":"Microsoft Global ML Building Footprints","source_release":"2026-08-13","source_region":"Vietnam","source_quadkey":"132230111","source_upload_date":"2026-08-13","source_height_raw":-1,"source_confidence_raw":-1,"height_m":null,"confidence":null,"area_m2":3289.7},"geometry":{"type":"Polygon","coordinates":[[[106.35447029701987,11.087074354199586],[106.35441392499794,11.08709843662922],[106.35439527425451,11.0870563935068],[106.35435468639872,11.087073732857391],[106.3542967709323,11.08694317786744],[106.35434186854981,11.086923911913672],[106.35407094196108,11.08631317928193],[106.35427272092394,11.086226977987835],[106.3548121503631,11.087442783204907],[106.35466216460588,11.087506868139812],[106.35447029701987,11.087074354199586]]]}},{"type":"Feature","properties":{"source":"Microsoft Global ML Building Footprints","source_release":"2026-08-13","source_region":"Vietnam","source_quadkey":"132230111","source_upload_date":"2026-08-13","source_height_raw":-1,"source_confidence_raw":-1,"height_m":null,"confidence":null,"area_m2":139.6},"geometry":{"type":"Polygon","coordinates":[[[106.3486955679198,11.086751537771931],[106.34885242220896,11.086700139010475],[106.34887498428449,11.086766446004901],[106.34871812999533,11.086817844754705],[106.3486955679198,11.086751537771931]]]}},{"type":"Feature","properties":{"source":"Microsoft Global ML Building Footprints","source_release":"2026-08-13","source_region":"Vietnam","source_quadkey":"132230111","source_upload_date":"2026-08-13","source_height_raw":-1,"source_confidence_raw":-1,"height_m":null,"confidence":null,"area_m2":51.06},"geometry":{"type":"Polygon","coordinates":[[[106.35521501174831,11.091030277808471],[106.35521941133617,11.091132748284394],[106.35517822111426,11.091134451348182],[106.35517381423108,11.091031981174481],[106.35521501174831,11.091030277808471]]]}},{"type":"Feature","properties":{"source":"Microsoft Global ML Building Footprints","source_release":"2026-08-13","source_region":"Vietnam","source_quadkey":"132230111","source_upload_date":"2026-08-13","source_height_raw":-1,"source_confidence_raw":-1,"height_m":null,"confidence":null,"area_m2":193.82},"geometry":{"type":"Polygon","coordinates":[[[106.35168332265003,11.090864320888812],[106.35154941429919,11.090879707546137],[106.351535312962,11.090761455772792],[106.3516692140756,11.09074607913739],[106.35168332265003,11.090864320888812]]]}},{"type":"Feature","properties":{"source":"Microsoft Global ML Building Footprints","source_release":"2026-08-13","source_region":"Vietnam","source_quadkey":"132230111","source_upload_date":"2026-08-13","source_height_raw":-1,"source_confidence_raw":-1,"height_m":null,"confidence":null,"area_m2":19.73},"geometry":{"type":"Polygon","coordinates":[[[106.3576338,11.083127850437057],[106.3576338,11.083171589472558],[106.35759720014849,11.083172816209],[106.35759567973514,11.083129130752411],[106.3576338,11.083127850437057]]]}},{"type":"Feature","properties":{"source":"Microsoft Global ML Building Footprints","source_release":"2026-08-13","source_region":"Vietnam","source_quadkey":"132230111","source_upload_date":"2026-08-13","source_height_raw":-1,"source_confidence_raw":-1,"height_m":null,"confidence":null,"area_m2":32.75},"geometry":{"type":"Polygon","coordinates":[[[106.34861272074188,11.083866855631143],[106.34865955312958,11.083897056309752],[106.34863247137051,11.083937500060372],[106.34858563898281,11.083907299385942],[106.34861272074188,11.083866855631143]]]}},{"type":"Feature","properties":{"source":"Microsoft Global ML Building Footprints","source_release":"2026-08-13","source_region":"Vietnam","source_quadkey":"132230111","source_upload_date":"2026-08-13","source_height_raw":-1,"source_confidence_raw":-1,"height_m":null,"confidence":null,"area_m2":36.62},"geometry":{"type":"Polygon","coordinates":[[[106.35102519960445,11.090852622566103],[106.35097033153768,11.090867413650557],[106.35095594406562,11.09081601775496],[106.35101081213243,11.090801226667907],[106.35102519960445,11.090852622566103]]]}},{"type":"Feature","properties":{"source":"Microsoft Global ML Building Footprints","source_release":"2026-08-13","source_region":"Vietnam","source_quadkey":"132230111","source_upload_date":"2026-08-13","source_height_raw":-1,"source_confidence_raw":-1,"height_m":null,"confidence":null,"area_m2":66.36},"geometry":{"type":"Polygon","coordinates":[[[106.34876035364763,11.087612346377313],[106.34876827186271,11.08765841429927],[106.34865227800775,11.087677614132843],[106.34864435659803,11.08763154674267],[106.34876035364763,11.087612346377313]]]}},{"type":"Feature","properties":{"source":"Microsoft Global ML Building Footprints","source_release":"2026-08-13","source_region":"Vietnam","source_quadkey":"132230111","source_upload_date":"2026-08-13","source_height_raw":-1,"source_confidence_raw":-1,"height_m":null,"confidence":null,"area_m2":35.77},"geometry":{"type":"Polygon","coordinates":[[[106.35435279897003,11.09137455754832],[106.35440906369762,11.091376385384592],[106.35440728976705,11.091428969945738],[106.35435102503946,11.09142714210978],[106.35435279897003,11.09137455754832]]]}},{"type":"Feature","properties":{"source":"Microsoft Global ML Building Footprints","source_release":"2026-08-13","source_region":"Vietnam","source_quadkey":"132230111","source_upload_date":"2026-08-13","source_height_raw":-1,"source_confidence_raw":-1,"height_m":null,"confidence":null,"area_m2":67.15},"geometry":{"type":"Polygon","coordinates":[[[106.35660033149863,11.10236717157558],[106.35659408959468,11.102258050342044],[106.35664489130588,11.102255248667788],[106.35665113340875,11.102364373380425],[106.35660033149863,11.10236717157558]]]}},{"type":"Feature","properties":{"source":"Microsoft Global ML Building Footprints","source_release":"2026-08-13","source_region":"Vietnam","source_quadkey":"132230111","source_upload_date":"2026-08-13","source_height_raw":-1,"source_confidence_raw":-1,"height_m":null,"confidence":null,"area_m2":148.37},"geometry":{"type":"Polygon","coordinates":[[[106.35169788569856,11.087974638411339],[106.35171048541342,11.088043486498904],[106.35153759980487,11.088073943775768],[106.35152500484696,11.088005094857351],[106.35169788569856,11.087974638411339]]]}},{"type":"Feature","properties":{"source":"Microsoft Global ML Building Footprints","source_release":"2026-08-13","source_region":"Vietnam","source_quadkey":"132230111","source_upload_date":"2026-08-13","source_height_raw":-1,"source_confidence_raw":-1,"height_m":null,"confidence":null,"area_m2":116.39},"geometry":{"type":"Polygon","coordinates":[[[106.35579647547077,11.107130772693253],[106.35575332777891,11.107301903189196],[106.35570025035997,11.107289017267973],[106.35574339805183,11.107117886764485],[106.35579647547077,11.107130772693253]]]}},{"type":"Feature","properties":{"source":"Microsoft Global ML Building Footprints","source_release":"2026-08-13","source_region":"Vietnam","source_quadkey":"132230111","source_upload_date":"2026-08-13","source_height_raw":-1,"source_confidence_raw":-1,"height_m":null,"confidence":null,"area_m2":230.99},"geometry":{"type":"Polygon","coordinates":[[[106.35707595191484,11.090881217933969],[106.35707502404414,11.090902235399213],[106.35713927646589,11.090904967022354],[106.35713417317713,11.09102056305315],[106.35706724357115,11.091017717613482],[106.35706684948363,11.09102664419872],[106.35698921090575,11.091023348811134],[106.35699563638765,11.090877803404766],[106.35707595191484,11.090881217933969]]]}},{"type":"Feature","properties":{"source":"Microsoft Global ML Building Footprints","source_release":"2026-08-13","source_region":"Vietnam","source_quadkey":"132230111","source_upload_date":"2026-08-13","source_height_raw":-1,"source_confidence_raw":-1,"height_m":null,"confidence":null,"area_m2":183.67},"geometry":{"type":"Polygon","coordinates":[[[106.34799671085007,11.091265848812753],[106.34804446798948,11.09124939287969],[106.3481459011053,11.091532926804291],[106.34809814396586,11.091549382721425],[106.34799671085007,11.091265848812753]]]}},{"type":"Feature","properties":{"source":"Microsoft Global ML Building Footprints","source_release":"2026-08-13","source_region":"Vietnam","source_quadkey":"132230111","source_upload_date":"2026-08-13","source_height_raw":-1,"source_confidence_raw":-1,"height_m":null,"confidence":null,"area_m2":187.9},"geometry":{"type":"Polygon","coordinates":[[[106.34870434454591,11.09188468386921],[106.34861740725422,11.091896172025614],[106.34859329660404,11.091720374884147],[106.34868023389572,11.09170888672081],[106.34870434454591,11.09188468386921]]]}},{"type":"Feature","properties":{"source":"Microsoft Global ML Building Footprints","source_release":"2026-08-13","source_region":"Vietnam","source_quadkey":"132230111","source_upload_date":"2026-08-13","source_height_raw":-1,"source_confidence_raw":-1,"height_m":null,"confidence":null,"area_m2":244.2},"geometry":{"type":"Polygon","coordinates":[[[106.351913630776,11.087789398711635],[106.35169823928072,11.087848247638192],[106.35167883849758,11.0877798483195],[106.35173740245882,11.08776384756328],[106.35173009980026,11.087738107807937],[106.3518869256431,11.08769527085336],[106.351913630776,11.087789398711635]]]}},{"type":"Feature","properties":{"source":"Microsoft Global ML Building Footprints","source_release":"2026-08-13","source_region":"Vietnam","source_quadkey":"132230111","source_upload_date":"2026-08-13","source_height_raw":-1,"source_confidence_raw":-1,"height_m":null,"confidence":null,"area_m2":119.52},"geometry":{"type":"Polygon","coordinates":[[[106.34778293772223,11.107005935535625],[106.34784023249456,11.106986174558756],[106.34789530798865,11.107139933783472],[106.3478380144708,11.107159698252062],[106.34778293772223,11.107005935535625]]]}},{"type":"Feature","properties":{"source":"Microsoft Global ML Building Footprints","source_release":"2026-08-13","source_region":"Vietnam","source_quadkey":"132230111","source_upload_date":"2026-08-13","source_height_raw":-1,"source_confidence_raw":-1,"height_m":null,"confidence":null,"area_m2":265.78},"geometry":{"type":"Polygon","coordinates":[[[106.34974568684306,11.087334015527631],[106.34970690096284,11.087344146378086],[106.34969289713462,11.087292529099088],[106.34964902940153,11.087303987328298],[106.34961142323247,11.087165336734188],[106.34956383363698,11.087177770385907],[106.34955516687941,11.08714581681511],[106.34959774704382,11.087134691967634],[106.34958868500698,11.087101281032119],[106.34967635157633,11.087078382553145],[106.34974568684306,11.087334015527631]]]}},{"type":"Feature","properties":{"source":"Microsoft Global ML Building Footprints","source_release":"2026-08-13","source_region":"Vietnam","source_quadkey":"132230111","source_upload_date":"2026-08-13","source_height_raw":-1,"source_confidence_raw":-1,"height_m":null,"confidence":null,"area_m2":233.63},"geometry":{"type":"Polygon","coordinates":[[[106.35385637640657,11.090505031123158],[106.35385280395568,11.090407769118457],[106.35400817022875,11.090402273642013],[106.35401396339235,11.090559995798458],[106.35394431644234,11.090562459286573],[106.35394209572961,11.090501999137174],[106.35385637640657,11.090505031123158]]]}},{"type":"Feature","properties":{"source":"Microsoft Global ML Building Footprints","source_release":"2026-08-13","source_region":"Vietnam","source_quadkey":"132230111","source_upload_date":"2026-08-13","source_height_raw":-1,"source_confidence_raw":-1,"height_m":null,"confidence":null,"area_m2":44.93},"geometry":{"type":"Polygon","coordinates":[[[106.3559863031501,11.09704918442084],[106.35605851524261,11.097045385412912],[106.3560613221434,11.09709676287423],[106.35598910978071,11.09710055693617],[106.3559863031501,11.09704918442084]]]}},{"type":"Feature","properties":{"source":"Microsoft Global ML Building Footprints","source_release":"2026-08-13","source_region":"Vietnam","source_quadkey":"132230111","source_upload_date":"2026-08-13","source_height_raw":-1,"source_confidence_raw":-1,"height_m":null,"confidence":null,"area_m2":192.54},"geometry":{"type":"Polygon","coordinates":[[[106.34834082245112,11.091214568666913],[106.34838116575214,11.09143921461586],[106.34833434083912,11.091447315734214],[106.34831296521573,11.091328288632283],[106.34826613974255,11.091336386634595],[106.34824717262507,11.091230770915857],[106.34834082245112,11.091214568666913]]]}},{"type":"Feature","properties":{"source":"Microsoft Global ML Building Footprints","source_release":"2026-08-13","source_region":"Vietnam","source_quadkey":"132230111","source_upload_date":"2026-08-13","source_height_raw":-1,"source_confidence_raw":-1,"height_m":null,"confidence":null,"area_m2":34.88},"geometry":{"type":"Polygon","coordinates":[[[106.3523054296262,11.08962353608797],[106.35231787900193,11.089670358852715],[106.35226012031015,11.08968514774702],[106.35224767093442,11.089638324984634],[106.3523054296262,11.08962353608797]]]}},{"type":"Feature","properties":{"source":"Microsoft Global ML Building Footprints","source_release":"2026-08-13","source_region":"Vietnam","source_quadkey":"132230111","source_upload_date":"2026-08-13","source_height_raw":-1,"source_confidence_raw":-1,"height_m":null,"confidence":null,"area_m2":171.03},"geometry":{"type":"Polygon","coordinates":[[[106.35686977453815,11.091044641971905],[106.35677603662671,11.091048189348442],[106.35677010763206,11.090897315879928],[106.3568638457961,11.090893774930066],[106.35686977453815,11.091044641971905]]]}},{"type":"Feature","properties":{"source":"Microsoft Global ML Building Footprints","source_release":"2026-08-13","source_region":"Vietnam","source_quadkey":"132230111","source_upload_date":"2026-08-13","source_height_raw":-1,"source_confidence_raw":-1,"height_m":null,"confidence":null,"area_m2":74.72},"geometry":{"type":"Polygon","coordinates":[[[106.34839561177944,11.08646814306475],[106.34850960490581,11.086433787860827],[106.34852512689156,11.08648338661638],[106.348411139237,11.08651774799435],[106.34839561177944,11.08646814306475]]]}},{"type":"Feature","properties":{"source":"Microsoft Global ML Building Footprints","source_release":"2026-08-13","source_region":"Vietnam","source_quadkey":"132230111","source_upload_date":"2026-08-13","source_height_raw":-1,"source_confidence_raw":-1,"height_m":null,"confidence":null,"area_m2":220.24},"geometry":{"type":"Polygon","coordinates":[[[106.35243381778295,11.088468041498558],[106.35243548253729,11.088477005384078],[106.35248480620476,11.088468183921705],[106.35250112084096,11.088556030223401],[106.35231420779347,11.088589446486509],[106.3522962290119,11.088492639588878],[106.35243381778295,11.088468041498558]]]}},{"type":"Feature","properties":{"source":"Microsoft Global ML Building Footprints","source_release":"2026-08-13","source_region":"Vietnam","source_quadkey":"132230111","source_upload_date":"2026-08-13","source_height_raw":-1,"source_confidence_raw":-1,"height_m":null,"confidence":null,"area_m2":18.59},"geometry":{"type":"Polygon","coordinates":[[[106.35250576546237,11.103434067656423],[106.35246921037724,11.103434461813592],[106.35246873586713,11.103392354909843],[106.35250529395509,11.10339196072023],[106.35250576546237,11.103434067656423]]]}},{"type":"Feature","properties":{"source":"Microsoft Global ML Building Footprints","source_release":"2026-08-13","source_region":"Vietnam","source_quadkey":"132230111","source_upload_date":"2026-08-13","source_height_raw":-1,"source_confidence_raw":-1,"height_m":null,"confidence":null,"area_m2":51.71},"geometry":{"type":"Polygon","coordinates":[[[106.3535733334598,11.097698532905667],[106.35357485746776,11.097737956963996],[106.35346639731274,11.09774199434726],[106.35346487049704,11.097702570394006],[106.3535733334598,11.097698532905667]]]}},{"type":"Feature","properties":{"source":"Microsoft Global ML Building Footprints","source_release":"2026-08-13","source_region":"Vietnam","source_quadkey":"132230111","source_upload_date":"2026-08-13","source_height_raw":-1,"source_confidence_raw":-1,"height_m":null,"confidence":null,"area_m2":62.72},"geometry":{"type":"Polygon","coordinates":[[[106.35657414487109,11.093333051126564],[106.35657330718789,11.093375148545391],[106.35644997260054,11.093372785206256],[106.35645081028375,11.093330687787073],[106.35657414487109,11.093333051126564]]]}},{"type":"Feature","properties":{"source":"Microsoft Global ML Building Footprints","source_release":"2026-08-13","source_region":"Vietnam","source_quadkey":"132230111","source_upload_date":"2026-08-13","source_height_raw":-1,"source_confidence_raw":-1,"height_m":null,"confidence":null,"area_m2":82.52},"geometry":{"type":"Polygon","coordinates":[[[106.34965258540447,11.087781540004983],[106.34960460680242,11.087785270266565],[106.34960143912221,11.087746034415275],[106.34956412243167,11.087748935730161],[106.34955947650076,11.087691389806011],[106.34964477179331,11.087684758227752],[106.34965258540447,11.087781540004983]]]}},{"type":"Feature","properties":{"source":"Microsoft Global ML Building Footprints","source_release":"2026-08-13","source_region":"Vietnam","source_quadkey":"132230111","source_upload_date":"2026-08-13","source_height_raw":-1,"source_confidence_raw":-1,"height_m":null,"confidence":null,"area_m2":308.04},"geometry":{"type":"Polygon","coordinates":[[[106.35012650478409,11.091523320960107],[106.35008695706786,11.091528430124924],[106.35007446167239,11.091435288488057],[106.35019837784998,11.091419279766242],[106.35023239309317,11.091672831944194],[106.35014802463184,11.091683731490107],[106.35012650478409,11.091523320960107]]]}},{"type":"Feature","properties":{"source":"Microsoft Global ML Building Footprints","source_release":"2026-08-13","source_region":"Vietnam","source_quadkey":"132230111","source_upload_date":"2026-08-13","source_height_raw":-1,"source_confidence_raw":-1,"height_m":null,"confidence":null,"area_m2":172.72},"geometry":{"type":"Polygon","coordinates":[[[106.35077530792658,11.083803884034737],[106.35077759229962,11.083730251138306],[106.35097165622919,11.08373603590482],[106.35096937710274,11.083809668956192],[106.35077530792658,11.083803884034737]]]}},{"type":"Feature","properties":{"source":"Microsoft Global ML Building Footprints","source_release":"2026-08-13","source_region":"Vietnam","source_quadkey":"132230111","source_upload_date":"2026-08-13","source_height_raw":-1,"source_confidence_raw":-1,"height_m":null,"confidence":null,"area_m2":33.93},"geometry":{"type":"Polygon","coordinates":[[[106.35505082126227,11.090491287770988],[106.3550607674533,11.090429662844159],[106.35510524915202,11.090436576491939],[106.35509530296095,11.090498201417319],[106.35505082126227,11.090491287770988]]]}},{"type":"Feature","properties":{"source":"Microsoft Global ML Building Footprints","source_release":"2026-08-13","source_region":"Vietnam","source_quadkey":"132230111","source_upload_date":"2026-08-13","source_height_raw":-1,"source_confidence_raw":-1,"height_m":null,"confidence":null,"area_m2":355.9},"geometry":{"type":"Polygon","coordinates":[[[106.35536639971623,11.106243426836784],[106.35538863936472,11.10590002466897],[106.35547412481328,11.105905355517876],[106.3554518851648,11.106248757679438],[106.35536639971623,11.106243426836784]]]}},{"type":"Feature","properties":{"source":"Microsoft Global ML Building Footprints","source_release":"2026-08-13","source_region":"Vietnam","source_quadkey":"132230111","source_upload_date":"2026-08-13","source_height_raw":-1,"source_confidence_raw":-1,"height_m":null,"confidence":null,"area_m2":269.25},"geometry":{"type":"Polygon","coordinates":[[[106.3520939906639,11.089545110090597],[106.35219928801047,11.089538333680593],[106.35219744659928,11.089510749474442],[106.35228558126713,11.089505083621134],[106.35229424566073,11.089634875590306],[106.35210082130743,11.089647323408968],[106.3520939906639,11.089545110090597]]]}},{"type":"Feature","properties":{"source":"Microsoft Global ML Building Footprints","source_release":"2026-08-13","source_region":"Vietnam","source_quadkey":"132230111","source_upload_date":"2026-08-13","source_height_raw":-1,"source_confidence_raw":-1,"height_m":null,"confidence":null,"area_m2":173.81},"geometry":{"type":"Polygon","coordinates":[[[106.35221413508579,11.09150099096928],[106.35216327869038,11.0915032648428],[106.35215016529034,11.091220830726073],[106.35220102184758,11.091218560336003],[106.35221413508579,11.09150099096928]]]}},{"type":"Feature","properties":{"source":"Microsoft Global ML Building Footprints","source_release":"2026-08-13","source_region":"Vietnam","source_quadkey":"132230111","source_upload_date":"2026-08-13","source_height_raw":-1,"source_confidence_raw":-1,"height_m":null,"confidence":null,"area_m2":144.17},"geometry":{"type":"Polygon","coordinates":[[[106.35633009758067,11.083953448523985],[106.35636984738912,11.084092542855984],[106.35629027502493,11.084114442262091],[106.3562505252165,11.083975347940495],[106.35633009758067,11.083953448523985]]]}},{"type":"Feature","properties":{"source":"Microsoft Global ML Building Footprints","source_release":"2026-08-13","source_region":"Vietnam","source_quadkey":"132230111","source_upload_date":"2026-08-13","source_height_raw":-1,"source_confidence_raw":-1,"height_m":null,"confidence":null,"area_m2":499.48},"geometry":{"type":"Polygon","coordinates":[[[106.34878467232382,11.087585023657894],[106.34865397165933,11.087618255908012],[106.3485836380054,11.087351867477011],[106.34863390749172,11.087339085831147],[106.34861306789055,11.087260155875597],[106.34868344517145,11.087242261565649],[106.34874661521248,11.087481517942422],[106.34875666910975,11.087478961614437],[106.34878467232382,11.087585023657894]]]}},{"type":"Feature","properties":{"source":"Microsoft Global ML Building Footprints","source_release":"2026-08-13","source_region":"Vietnam","source_quadkey":"132230111","source_upload_date":"2026-08-13","source_height_raw":-1,"source_confidence_raw":-1,"height_m":null,"confidence":null,"area_m2":553.46},"geometry":{"type":"Polygon","coordinates":[[[106.35109591962916,11.085446868160602],[106.35143972975833,11.085332151894875],[106.35148387282074,11.085459559879325],[106.35131557415609,11.085515714675864],[106.35132701865376,11.085548746360118],[106.35126338264294,11.08556997924616],[106.35124294981091,11.085510992839133],[106.35116360731945,11.085537466376024],[106.35114317448743,11.085478479962447],[106.3511106339833,11.08548933747825],[106.35109591962916,11.085446868160602]]]}},{"type":"Feature","properties":{"source":"Microsoft Global ML Building Footprints","source_release":"2026-08-13","source_region":"Vietnam","source_quadkey":"132230111","source_upload_date":"2026-08-13","source_height_raw":-1,"source_confidence_raw":-1,"height_m":null,"confidence":null,"area_m2":471.45},"geometry":{"type":"Polygon","coordinates":[[[106.35207328869468,11.086865707553457],[106.35211384106078,11.086856101256004],[106.35209915757352,11.08679640795593],[106.3522081420574,11.086770591024617],[106.352236576741,11.086886187548757],[106.35228980257124,11.086873582738548],[106.35230541749966,11.086937062642207],[106.3522369853819,11.086953273264527],[106.35225501955648,11.087026588191208],[106.35217644809283,11.087045195282073],[106.35217338898414,11.087032758988414],[106.35211762859056,11.08704596402049],[106.35207328869468,11.086865707553457]]]}},{"type":"Feature","properties":{"source":"Microsoft Global ML Building Footprints","source_release":"2026-08-13","source_region":"Vietnam","source_quadkey":"132230111","source_upload_date":"2026-08-13","source_height_raw":-1,"source_confidence_raw":-1,"height_m":null,"confidence":null,"area_m2":32.29},"geometry":{"type":"Polygon","coordinates":[[[106.35263933743185,11.086474145340304],[106.35258854809192,11.086477051134011],[106.35258543119437,11.086424586378655],[106.35263622053431,11.086421680584408],[106.35263933743185,11.086474145340304]]]}},{"type":"Feature","properties":{"source":"Microsoft Global ML Building Footprints","source_release":"2026-08-13","source_region":"Vietnam","source_quadkey":"132230111","source_upload_date":"2026-08-13","source_height_raw":-1,"source_confidence_raw":-1,"height_m":null,"confidence":null,"area_m2":40.84},"geometry":{"type":"Polygon","coordinates":[[[106.35610314449906,11.107926151478367],[106.35605654548625,11.107922419916989],[106.35606254158179,11.10785032108086],[106.35610913575027,11.107854049055248],[106.35610314449906,11.107926151478367]]]}},{"type":"Feature","properties":{"source":"Microsoft Global ML Building Footprints","source_release":"2026-08-13","source_region":"Vietnam","source_quadkey":"132230111","source_upload_date":"2026-08-13","source_height_raw":-1,"source_confidence_raw":-1,"height_m":null,"confidence":null,"area_m2":116.37},"geometry":{"type":"Polygon","coordinates":[[[106.35758243824796,11.090782080799414],[106.3576338,11.090781463467541],[106.3576338,11.090973607805129],[106.3575848497697,11.09097419615182],[106.35758243824796,11.090782080799414]]]}},{"type":"Feature","properties":{"source":"Microsoft Global ML Building Footprints","source_release":"2026-08-13","source_region":"Vietnam","source_quadkey":"132230111","source_upload_date":"2026-08-13","source_height_raw":-1,"source_confidence_raw":-1,"height_m":null,"confidence":null,"area_m2":74.68},"geometry":{"type":"Polygon","coordinates":[[[106.350847446861,11.087393255959896],[106.35079745848061,11.08740010200981],[106.3507802014116,11.087278754549345],[106.35083018979203,11.087271908496575],[106.350847446861,11.087393255959896]]]}},{"type":"Feature","properties":{"source":"Microsoft Global ML Building Footprints","source_release":"2026-08-13","source_region":"Vietnam","source_quadkey":"132230111","source_upload_date":"2026-08-13","source_height_raw":-1,"source_confidence_raw":-1,"height_m":null,"confidence":null,"area_m2":76.84},"geometry":{"type":"Polygon","coordinates":[[[106.35145967094407,11.089022983308311],[106.35156478320917,11.08899761458585],[106.35157909394695,11.089054699716513],[106.35147397784274,11.089080069360591],[106.35145967094407,11.089022983308311]]]}},{"type":"Feature","properties":{"source":"Microsoft Global ML Building Footprints","source_release":"2026-08-13","source_region":"Vietnam","source_quadkey":"132230111","source_upload_date":"2026-08-13","source_height_raw":-1,"source_confidence_raw":-1,"height_m":null,"confidence":null,"area_m2":156.8},"geometry":{"type":"Polygon","coordinates":[[[106.3526152412789,11.09143683973754],[106.35254575675084,11.091440953462154],[106.35253430929606,11.091254751382891],[106.35260379382412,11.091250637655662],[106.3526152412789,11.09143683973754]]]}},{"type":"Feature","properties":{"source":"Microsoft Global ML Building Footprints","source_release":"2026-08-13","source_region":"Vietnam","source_quadkey":"132230111","source_upload_date":"2026-08-13","source_height_raw":-1,"source_confidence_raw":-1,"height_m":null,"confidence":null,"area_m2":59.25},"geometry":{"type":"Polygon","coordinates":[[[106.35659938885274,11.083816316245631],[106.35659983109859,11.083866323852732],[106.35650173045138,11.083867159349253],[106.35650128463935,11.083817151772664],[106.35659938885274,11.083816316245631]]]}},{"type":"Feature","properties":{"source":"Microsoft Global ML Building Footprints","source_release":"2026-08-13","source_region":"Vietnam","source_quadkey":"132230111","source_upload_date":"2026-08-13","source_height_raw":-1,"source_confidence_raw":-1,"height_m":null,"confidence":null,"area_m2":22.44},"geometry":{"type":"Polygon","coordinates":[[[106.35661208971227,11.106418461761777],[106.35658266953114,11.106416918085372],[106.3565861018357,11.10635393079123],[106.3566155220168,11.10635547446796],[106.35661208971227,11.106418461761777]]]}},{"type":"Feature","properties":{"source":"Microsoft Global ML Building Footprints","source_release":"2026-08-13","source_region":"Vietnam","source_quadkey":"132230111","source_upload_date":"2026-08-13","source_height_raw":-1,"source_confidence_raw":-1,"height_m":null,"confidence":null,"area_m2":105.57},"geometry":{"type":"Polygon","coordinates":[[[106.3576338,11.08344539220216],[106.3576057817761,11.08344630628578],[106.35759669656052,11.083178120091048],[106.3576338,11.083176909604713],[106.3576338,11.08344539220216]]]}},{"type":"Feature","properties":{"source":"Microsoft Global ML Building Footprints","source_release":"2026-08-13","source_region":"Vietnam","source_quadkey":"132230111","source_upload_date":"2026-08-13","source_height_raw":-1,"source_confidence_raw":-1,"height_m":null,"confidence":null,"area_m2":73.74},"geometry":{"type":"Polygon","coordinates":[[[106.34812161188543,11.087486010401875],[106.34799272688112,11.08753051008847],[106.34797761151819,11.087488350316619],[106.3481064965225,11.087443850623643],[106.34812161188543,11.087486010401875]]]}},{"type":"Feature","properties":{"source":"Microsoft Global ML Building Footprints","source_release":"2026-08-13","source_region":"Vietnam","source_quadkey":"132230111","source_upload_date":"2026-08-13","source_height_raw":-1,"source_confidence_raw":-1,"height_m":null,"confidence":null,"area_m2":998.83},"geometry":{"type":"Polygon","coordinates":[[[106.34865962459901,11.108913203224049],[106.34846892524753,11.108988090349698],[106.34830365511144,11.108582855154765],[106.34837646952062,11.108554266094146],[106.34841220063181,11.108641892607693],[106.34846537645775,11.108621010580151],[106.3484379726253,11.10855380577452],[106.34850270997607,11.108528388000224],[106.34865962459901,11.108913203224049]]]}},{"type":"Feature","properties":{"source":"Microsoft Global ML Building Footprints","source_release":"2026-08-13","source_region":"Vietnam","source_quadkey":"132230111","source_upload_date":"2026-08-13","source_height_raw":-1,"source_confidence_raw":-1,"height_m":null,"confidence":null,"area_m2":472.77},"geometry":{"type":"Polygon","coordinates":[[[106.35219335416905,11.086631083079766],[106.35209861542408,11.086651352094691],[106.35201097344721,11.086256854609246],[106.35210571219217,11.08623658556698],[106.35219335416905,11.086631083079766]]]}},{"type":"Feature","properties":{"source":"Microsoft Global ML Building Footprints","source_release":"2026-08-13","source_region":"Vietnam","source_quadkey":"132230111","source_upload_date":"2026-08-13","source_height_raw":-1,"source_confidence_raw":-1,"height_m":null,"confidence":null,"area_m2":43.96},"geometry":{"type":"Polygon","coordinates":[[[106.34913389195715,11.10126442013565],[106.34914134916409,11.10131870615335],[106.34907549062893,11.101327417664422],[106.34906803342204,11.101273131648313],[106.34913389195715,11.10126442013565]]]}},{"type":"Feature","properties":{"source":"Microsoft Global ML Building Footprints","source_release":"2026-08-13","source_region":"Vietnam","source_quadkey":"132230111","source_upload_date":"2026-08-13","source_height_raw":-1,"source_confidence_raw":-1,"height_m":null,"confidence":null,"area_m2":131.97},"geometry":{"type":"Polygon","coordinates":[[[106.3514341999604,11.088100225908804],[106.35133534052791,11.0881364635638],[106.35129841354085,11.088039449573103],[106.35139727297332,11.088003211906056],[106.3514341999604,11.088100225908804]]]}},{"type":"Feature","properties":{"source":"Microsoft Global ML Building Footprints","source_release":"2026-08-13","source_region":"Vietnam","source_quadkey":"132230111","source_upload_date":"2026-08-13","source_height_raw":-1,"source_confidence_raw":-1,"height_m":null,"confidence":null,"area_m2":40.49},"geometry":{"type":"Polygon","coordinates":[[[106.35312683769844,11.090646234445927],[106.3531359310215,11.090691867557368],[106.35306515692503,11.09070544886768],[106.35305606046732,11.090659816359889],[106.35312683769844,11.090646234445927]]]}},{"type":"Feature","properties":{"source":"Microsoft Global ML Building Footprints","source_release":"2026-08-13","source_region":"Vietnam","source_quadkey":"132230111","source_upload_date":"2026-08-13","source_height_raw":-1,"source_confidence_raw":-1,"height_m":null,"confidence":null,"area_m2":134.09},"geometry":{"type":"Polygon","coordinates":[[[106.34865162902544,11.085197391204531],[106.34844462911528,11.085280193155654],[106.34842552236809,11.085234201109628],[106.34863251721363,11.08515138695438],[106.34865162902544,11.085197391204531]]]}},{"type":"Feature","properties":{"source":"Microsoft Global ML Building Footprints","source_release":"2026-08-13","source_region":"Vietnam","source_quadkey":"132230111","source_upload_date":"2026-08-13","source_height_raw":-1,"source_confidence_raw":-1,"height_m":null,"confidence":null,"area_m2":61.31},"geometry":{"type":"Polygon","coordinates":[[[106.34888873408866,11.089157605432419],[106.34882443831604,11.089170676689207],[106.34880845437254,11.089094962309233],[106.34887275014518,11.08908189104902],[106.34888873408866,11.089157605432419]]]}},{"type":"Feature","properties":{"source":"Microsoft Global ML Building Footprints","source_release":"2026-08-13","source_region":"Vietnam","source_quadkey":"132230111","source_upload_date":"2026-08-13","source_height_raw":-1,"source_confidence_raw":-1,"height_m":null,"confidence":null,"area_m2":54.75},"geometry":{"type":"Polygon","coordinates":[[[106.35293830747145,11.086276431800357],[106.35301319961266,11.08625638128207],[106.35302886399309,11.08631272710997],[106.35295397185189,11.086332777624378],[106.35293830747145,11.086276431800357]]]}},{"type":"Feature","properties":{"source":"Microsoft Global ML Building Footprints","source_release":"2026-08-13","source_region":"Vietnam","source_quadkey":"132230111","source_upload_date":"2026-08-13","source_height_raw":-1,"source_confidence_raw":-1,"height_m":null,"confidence":null,"area_m2":84.63},"geometry":{"type":"Polygon","coordinates":[[[106.35627174454602,11.095111392410814],[106.35627382637301,11.095065206996239],[106.35642525211783,11.095071779808691],[106.3564231665347,11.095117975458933],[106.35627174454602,11.095111392410814]]]}},{"type":"Feature","properties":{"source":"Microsoft Global ML Building Footprints","source_release":"2026-08-13","source_region":"Vietnam","source_quadkey":"132230111","source_upload_date":"2026-08-13","source_height_raw":-1,"source_confidence_raw":-1,"height_m":null,"confidence":null,"area_m2":39.21},"geometry":{"type":"Polygon","coordinates":[[[106.35628593334968,11.09114299568131],[106.35628678376813,11.091203522740571],[106.35623314978383,11.091204248422784],[106.35623229936539,11.091143721363665],[106.35628593334968,11.09114299568131]]]}},{"type":"Feature","properties":{"source":"Microsoft Global ML Building Footprints","source_release":"2026-08-13","source_region":"Vietnam","source_quadkey":"132230111","source_upload_date":"2026-08-13","source_height_raw":-1,"source_confidence_raw":-1,"height_m":null,"confidence":null,"area_m2":94.69},"geometry":{"type":"Polygon","coordinates":[[[106.35685079450165,11.095879614265954],[106.35685029144398,11.095932251014645],[106.35670132601102,11.095930880058816],[106.35670182531486,11.09587824327535],[106.35685079450165,11.095879614265954]]]}},{"type":"Feature","properties":{"source":"Microsoft Global ML Building Footprints","source_release":"2026-08-13","source_region":"Vietnam","source_quadkey":"132230111","source_upload_date":"2026-08-13","source_height_raw":-1,"source_confidence_raw":-1,"height_m":null,"confidence":null,"area_m2":74.44},"geometry":{"type":"Polygon","coordinates":[[[106.34852868650684,11.0914321594977],[106.34848685978743,11.091433952076429],[106.3484803228998,11.091286834077167],[106.34852213914658,11.091285041946364],[106.34852868650684,11.0914321594977]]]}},{"type":"Feature","properties":{"source":"Microsoft Global ML Building Footprints","source_release":"2026-08-13","source_region":"Vietnam","source_quadkey":"132230111","source_upload_date":"2026-08-13","source_height_raw":-1,"source_confidence_raw":-1,"height_m":null,"confidence":null,"area_m2":222.75},"geometry":{"type":"Polygon","coordinates":[[[106.35122947353962,11.087200869031165],[106.35124844154906,11.087313610255961],[106.35108916845519,11.087339415995146],[106.35107020044575,11.087226674780297],[106.35122947353962,11.087200869031165]]]}},{"type":"Feature","properties":{"source":"Microsoft Global ML Building Footprints","source_release":"2026-08-13","source_region":"Vietnam","source_quadkey":"132230111","source_upload_date":"2026-08-13","source_height_raw":-1,"source_confidence_raw":-1,"height_m":null,"confidence":null,"area_m2":31.13},"geometry":{"type":"Polygon","coordinates":[[[106.3518140018614,11.08667283897779],[106.35177482054033,11.086679138787048],[106.35176412118041,11.086615055287325],[106.35180330250148,11.086608755476647],[106.3518140018614,11.08667283897779]]]}},{"type":"Feature","properties":{"source":"Microsoft Global ML Building Footprints","source_release":"2026-08-13","source_region":"Vietnam","source_quadkey":"132230111","source_upload_date":"2026-08-13","source_height_raw":-1,"source_confidence_raw":-1,"height_m":null,"confidence":null,"area_m2":31.65},"geometry":{"type":"Polygon","coordinates":[[[106.3524455333376,11.089638276056874],[106.35245375633828,11.089677359577479],[106.3523894427132,11.089690390268586],[106.35238122060386,11.089651310986241],[106.3524455333376,11.089638276056874]]]}},{"type":"Feature","properties":{"source":"Microsoft Global ML Building Footprints","source_release":"2026-08-13","source_region":"Vietnam","source_quadkey":"132230111","source_upload_date":"2026-08-13","source_height_raw":-1,"source_confidence_raw":-1,"height_m":null,"confidence":null,"area_m2":279.2},"geometry":{"type":"Polygon","coordinates":[[[106.3537135365105,11.090333925465046],[106.35360704362543,11.090352810521864],[106.35356832517793,11.090142555592308],[106.35367481936733,11.090123677604836],[106.3537135365105,11.090333925465046]]]}},{"type":"Feature","properties":{"source":"Microsoft Global ML Building Footprints","source_release":"2026-08-13","source_region":"Vietnam","source_quadkey":"132230111","source_upload_date":"2026-08-13","source_height_raw":-1,"source_confidence_raw":-1,"height_m":null,"confidence":null,"area_m2":27.43},"geometry":{"type":"Polygon","coordinates":[[[106.35411158925302,11.110975274972375],[106.35410286134571,11.11101279930378],[106.35404531912012,11.110999912411785],[106.35405404957132,11.110962388648446],[106.35411158925302,11.110975274972375]]]}},{"type":"Feature","properties":{"source":"Microsoft Global ML Building Footprints","source_release":"2026-08-13","source_region":"Vietnam","source_quadkey":"132230111","source_upload_date":"2026-08-13","source_height_raw":-1,"source_confidence_raw":-1,"height_m":null,"confidence":null,"area_m2":44.67},"geometry":{"type":"Polygon","coordinates":[[[106.35630293505996,11.095120000675152],[106.35640333313785,11.095121034985851],[106.35640294158722,11.09515788001363],[106.35630254088174,11.095156845675973],[106.35630293505996,11.095120000675152]]]}},{"type":"Feature","properties":{"source":"Microsoft Global ML Building Footprints","source_release":"2026-08-13","source_region":"Vietnam","source_quadkey":"132230111","source_upload_date":"2026-08-13","source_height_raw":-1,"source_confidence_raw":-1,"height_m":null,"confidence":null,"area_m2":145.66},"geometry":{"type":"Polygon","coordinates":[[[106.35037818593665,11.084792650866646],[106.35040303326672,11.084933189488638],[106.35031971083565,11.084947376403079],[106.35029486350557,11.084806837787937],[106.35037818593665,11.084792650866646]]]}},{"type":"Feature","properties":{"source":"Microsoft Global ML Building Footprints","source_release":"2026-08-13","source_region":"Vietnam","source_quadkey":"132230111","source_upload_date":"2026-08-13","source_height_raw":-1,"source_confidence_raw":-1,"height_m":null,"confidence":null,"area_m2":234.3},"geometry":{"type":"Polygon","coordinates":[[[106.35237397281529,11.088092538562293],[106.35223489596973,11.088107382551954],[106.35221961535564,11.087969510078992],[106.35235870191937,11.087954665045075],[106.35237397281529,11.088092538562293]]]}},{"type":"Feature","properties":{"source":"Microsoft Global ML Building Footprints","source_release":"2026-08-13","source_region":"Vietnam","source_quadkey":"132230111","source_upload_date":"2026-08-13","source_height_raw":-1,"source_confidence_raw":-1,"height_m":null,"confidence":null,"area_m2":238.28},"geometry":{"type":"Polygon","coordinates":[[[106.35262074147956,11.086861825879794],[106.3527546103208,11.086856244843645],[106.35276097995914,11.087003379677796],[106.35262711111793,11.087008960711145],[106.35262074147956,11.086861825879794]]]}},{"type":"Feature","properties":{"source":"Microsoft Global ML Building Footprints","source_release":"2026-08-13","source_region":"Vietnam","source_quadkey":"132230111","source_upload_date":"2026-08-13","source_height_raw":-1,"source_confidence_raw":-1,"height_m":null,"confidence":null,"area_m2":333.33},"geometry":{"type":"Polygon","coordinates":[[[106.34810929687549,11.091933711620001],[106.34806245130004,11.091941755168463],[106.34807412354716,11.092007218241733],[106.34800125351784,11.092019735281113],[106.34795679374781,11.091770385354351],[106.34807651021855,11.091749829606897],[106.34810929687549,11.091933711620001]]]}},{"type":"Feature","properties":{"source":"Microsoft Global ML Building Footprints","source_release":"2026-08-13","source_region":"Vietnam","source_quadkey":"132230111","source_upload_date":"2026-08-13","source_height_raw":-1,"source_confidence_raw":-1,"height_m":null,"confidence":null,"area_m2":171.54},"geometry":{"type":"Polygon","coordinates":[[[106.34833857373287,11.086846530084145],[106.34827307998745,11.086862890328092],[106.34828934945307,11.086925612264608],[106.34822258391061,11.0869422856115],[106.34818837059963,11.08681035039666],[106.34832061993339,11.086777314695297],[106.34833857373287,11.086846530084145]]]}},{"type":"Feature","properties":{"source":"Microsoft Global ML Building Footprints","source_release":"2026-08-13","source_region":"Vietnam","source_quadkey":"132230111","source_upload_date":"2026-08-13","source_height_raw":-1,"source_confidence_raw":-1,"height_m":null,"confidence":null,"area_m2":51.25},"geometry":{"type":"Polygon","coordinates":[[[106.34947710679326,11.098525427879153],[106.34939807445595,11.098526768577528],[106.34939712490736,11.098473085458508],[106.34947616097676,11.098471739268405],[106.34947710679326,11.098525427879153]]]}},{"type":"Feature","properties":{"source":"Microsoft Global ML Building Footprints","source_release":"2026-08-13","source_region":"Vietnam","source_quadkey":"132230111","source_upload_date":"2026-08-13","source_height_raw":-1,"source_confidence_raw":-1,"height_m":null,"confidence":null,"area_m2":31.61},"geometry":{"type":"Polygon","coordinates":[[[106.35033170873875,11.109390850192653],[106.35033588873947,11.109346486305142],[106.35039439720941,11.109351794352122],[106.3503902172087,11.109396158238852],[106.35033170873875,11.109390850192653]]]}},{"type":"Feature","properties":{"source":"Microsoft Global ML Building Footprints","source_release":"2026-08-13","source_region":"Vietnam","source_quadkey":"132230111","source_upload_date":"2026-08-13","source_height_raw":-1,"source_confidence_raw":-1,"height_m":null,"confidence":null,"area_m2":315.93},"geometry":{"type":"Polygon","coordinates":[[[106.35170199669818,11.089938638905522],[106.35174372311934,11.090154605669383],[106.3517566687929,11.090152197009928],[106.35179544981962,11.09035291891962],[106.351728132317,11.090365443940058],[106.35164762486913,11.089948755282535],[106.35170199669818,11.089938638905522]]]}},{"type":"Feature","properties":{"source":"Microsoft Global ML Building Footprints","source_release":"2026-08-13","source_region":"Vietnam","source_quadkey":"132230111","source_upload_date":"2026-08-13","source_height_raw":-1,"source_confidence_raw":-1,"height_m":null,"confidence":null,"area_m2":250.5},"geometry":{"type":"Polygon","coordinates":[[[106.35189991966011,11.088963331768966],[106.35160210279267,11.08904161183986],[106.35158436639419,11.088976629805273],[106.35188217805249,11.088898330631821],[106.35189991966011,11.088963331768966]]]}},{"type":"Feature","properties":{"source":"Microsoft Global ML Building Footprints","source_release":"2026-08-13","source_region":"Vietnam","source_quadkey":"132230111","source_upload_date":"2026-08-13","source_height_raw":-1,"source_confidence_raw":-1,"height_m":null,"confidence":null,"area_m2":178.53},"geometry":{"type":"Polygon","coordinates":[[[106.35243738294643,11.090768356422487],[106.3523918951991,11.090770549592875],[106.35239005468472,11.090733788717628],[106.35231245793925,11.090737530008724],[106.35230647337589,11.09061799937858],[106.35238942190557,11.090614005749089],[106.352391462225,11.090654757377806],[106.35243159847265,11.090652822226701],[106.35243738294643,11.090768356422487]]]}},{"type":"Feature","properties":{"source":"Microsoft Global ML Building Footprints","source_release":"2026-08-13","source_region":"Vietnam","source_quadkey":"132230111","source_upload_date":"2026-08-13","source_height_raw":-1,"source_confidence_raw":-1,"height_m":null,"confidence":null,"area_m2":75.95},"geometry":{"type":"Polygon","coordinates":[[[106.35315473403624,11.091563930918724],[106.35310694040695,11.09156866105485],[106.35309355103985,11.091438380772175],[106.35314134466911,11.09143365063396],[106.35315473403624,11.091563930918724]]]}},{"type":"Feature","properties":{"source":"Microsoft Global ML Building Footprints","source_release":"2026-08-13","source_region":"Vietnam","source_quadkey":"132230111","source_upload_date":"2026-08-13","source_height_raw":-1,"source_confidence_raw":-1,"height_m":null,"confidence":null,"area_m2":189.22},"geometry":{"type":"Polygon","coordinates":[[[106.3485472502268,11.084974051873317],[106.34835285144413,11.085013319800453],[106.34833663038803,11.084935984740767],[106.348531037148,11.08489672854428],[106.3485472502268,11.084974051873317]]]}},{"type":"Feature","properties":{"source":"Microsoft Global ML Building Footprints","source_release":"2026-08-13","source_region":"Vietnam","source_quadkey":"132230111","source_upload_date":"2026-08-13","source_height_raw":-1,"source_confidence_raw":-1,"height_m":null,"confidence":null,"area_m2":17.82},"geometry":{"type":"Polygon","coordinates":[[[106.34897569293591,11.083354460756595],[106.34897483807397,11.083394955528831],[106.34893840275272,11.083394214788328],[106.34893925467522,11.08335372245891],[106.34897569293591,11.083354460756595]]]}},{"type":"Feature","properties":{"source":"Microsoft Global ML Building Footprints","source_release":"2026-08-13","source_region":"Vietnam","source_quadkey":"132230111","source_upload_date":"2026-08-13","source_height_raw":-1,"source_confidence_raw":-1,"height_m":null,"confidence":null,"area_m2":169.93},"geometry":{"type":"Polygon","coordinates":[[[106.35069530251931,11.086898103992624],[106.3507238266632,11.086987919085388],[106.35060768279536,11.087023432944179],[106.35056502261098,11.086889076979276],[106.35061880915843,11.086872630405708],[106.35063295227707,11.086917173409333],[106.35069530251931,11.086898103992624]]]}},{"type":"Feature","properties":{"source":"Microsoft Global ML Building Footprints","source_release":"2026-08-13","source_region":"Vietnam","source_quadkey":"132230111","source_upload_date":"2026-08-13","source_height_raw":-1,"source_confidence_raw":-1,"height_m":null,"confidence":null,"area_m2":58.55},"geometry":{"type":"Polygon","coordinates":[[[106.3513319504146,11.084303966427328],[106.35129101705193,11.084312805574996],[106.35126568437703,11.08419982809015],[106.35130661773968,11.08419098893907],[106.3513319504146,11.084303966427328]]]}},{"type":"Feature","properties":{"source":"Microsoft Global ML Building Footprints","source_release":"2026-08-13","source_region":"Vietnam","source_quadkey":"132230111","source_upload_date":"2026-08-13","source_height_raw":-1,"source_confidence_raw":-1,"height_m":null,"confidence":null,"area_m2":98},"geometry":{"type":"Polygon","coordinates":[[[106.35137655934055,11.108377555220798],[106.35122649473149,11.108373072081946],[106.35122817130534,11.108319035108892],[106.35137823559496,11.108323528545057],[106.35137655934055,11.108377555220798]]]}},{"type":"Feature","properties":{"source":"Microsoft Global ML Building Footprints","source_release":"2026-08-13","source_region":"Vietnam","source_quadkey":"132230111","source_upload_date":"2026-08-13","source_height_raw":-1,"source_confidence_raw":-1,"height_m":null,"confidence":null,"area_m2":225.07},"geometry":{"type":"Polygon","coordinates":[[[106.35139805332571,11.083372903613991],[106.35132298669612,11.083371310461985],[106.35132621775026,11.083225167686209],[106.3514495413117,11.083227793474975],[106.35145012298413,11.08320148402791],[106.3514983800299,11.08320251151055],[106.35149669317983,11.083278808900275],[106.35143612253049,11.08327751923835],[106.35143516327201,11.083321047564738],[106.35139921667232,11.083320284663714],[106.35139805332571,11.083372903613991]]]}},{"type":"Feature","properties":{"source":"Microsoft Global ML Building Footprints","source_release":"2026-08-13","source_region":"Vietnam","source_quadkey":"132230111","source_upload_date":"2026-08-13","source_height_raw":-1,"source_confidence_raw":-1,"height_m":null,"confidence":null,"area_m2":894.07},"geometry":{"type":"Polygon","coordinates":[[[106.35090191071714,11.086733046422339],[106.35101482910771,11.086712819998226],[106.35100819837027,11.086677157598132],[106.35107697833399,11.086664837435265],[106.35108313773294,11.086697952113198],[106.351133760353,11.086688884372478],[106.35113802296993,11.086711810200669],[106.35119901814761,11.086700884483477],[106.35119428014842,11.08667541165488],[106.35126176902283,11.086663322757417],[106.35129256601758,11.086828896110418],[106.35124065149877,11.086838195257101],[106.35124302049837,11.0868509316646],[106.35129753074308,11.086841167560976],[106.35130748054144,11.086894660468118],[106.35123999166699,11.086906749356032],[106.35123288466819,11.086868540139221],[106.35093697191118,11.086921545264204],[106.35090191071714,11.086733046422339]]]}},{"type":"Feature","properties":{"source":"Microsoft Global ML Building Footprints","source_release":"2026-08-13","source_region":"Vietnam","source_quadkey":"132230111","source_upload_date":"2026-08-13","source_height_raw":-1,"source_confidence_raw":-1,"height_m":null,"confidence":null,"area_m2":591.34},"geometry":{"type":"Polygon","coordinates":[[[106.35200327762938,11.091361352978197],[106.3519907488269,11.091140941483502],[106.35208700883571,11.091135672285702],[106.3520913342556,11.091211766750462],[106.35213946425999,11.091209132152215],[106.35215035238595,11.091400680201659],[106.35211291793809,11.091402729332259],[106.35211634844353,11.09146308006116],[106.35192382842592,11.091473618444866],[106.3519206962253,11.091418515607913],[106.35195545678405,11.091416612843886],[106.35195247373585,11.091364133941582],[106.35200327762938,11.091361352978197]]]}},{"type":"Feature","properties":{"source":"Microsoft Global ML Building Footprints","source_release":"2026-08-13","source_region":"Vietnam","source_quadkey":"132230111","source_upload_date":"2026-08-13","source_height_raw":-1,"source_confidence_raw":-1,"height_m":null,"confidence":null,"area_m2":355.54},"geometry":{"type":"Polygon","coordinates":[[[106.34918824670318,11.101434094726883],[106.34922583731316,11.101553227712827],[106.34899481225028,11.101623437413338],[106.3489738852105,11.101557129989644],[106.34899346529554,11.10155118084549],[106.34897451541707,11.101491138052566],[106.34902688184965,11.101475227216085],[106.34902915536615,11.101482432494763],[106.34918824670318,11.101434094726883]]]}},{"type":"Feature","properties":{"source":"Microsoft Global ML Building Footprints","source_release":"2026-08-13","source_region":"Vietnam","source_quadkey":"132230111","source_upload_date":"2026-08-13","source_height_raw":-1,"source_confidence_raw":-1,"height_m":null,"confidence":null,"area_m2":311.62},"geometry":{"type":"Polygon","coordinates":[[[106.34961230439374,11.090703400236762],[106.34966409286173,11.090697104489792],[106.34965899067441,11.090656687218825],[106.3497974080312,11.090639869797812],[106.34981735937117,11.090798004806231],[106.34969319880031,11.090813090049267],[106.34968829273308,11.090774204401399],[106.34962224987626,11.090782228467589],[106.34961230439374,11.090703400236762]]]}},{"type":"Feature","properties":{"source":"Microsoft Global ML Building Footprints","source_release":"2026-08-13","source_region":"Vietnam","source_quadkey":"132230111","source_upload_date":"2026-08-13","source_height_raw":-1,"source_confidence_raw":-1,"height_m":null,"confidence":null,"area_m2":82.19},"geometry":{"type":"Polygon","coordinates":[[[106.35072682106461,11.087397407845046],[106.35066051879437,11.087417171349472],[106.35063142853929,11.087323188942165],[106.35069773080949,11.0873034254314],[106.35072682106461,11.087397407845046]]]}},{"type":"Feature","properties":{"source":"Microsoft Global ML Building Footprints","source_release":"2026-08-13","source_region":"Vietnam","source_quadkey":"132230111","source_upload_date":"2026-08-13","source_height_raw":-1,"source_confidence_raw":-1,"height_m":null,"confidence":null,"area_m2":79.31},"geometry":{"type":"Polygon","coordinates":[[[106.35201166966556,11.090834186890191],[106.35201540124565,11.090963056423192],[106.3519644803898,11.09096447633793],[106.35196074880972,11.09083560680557],[106.35201166966556,11.090834186890191]]]}},{"type":"Feature","properties":{"source":"Microsoft Global ML Building Footprints","source_release":"2026-08-13","source_region":"Vietnam","source_quadkey":"132230111","source_upload_date":"2026-08-13","source_height_raw":-1,"source_confidence_raw":-1,"height_m":null,"confidence":null,"area_m2":398.62},"geometry":{"type":"Polygon","coordinates":[[[106.35526236277238,11.093056519913816],[106.3552742921463,11.092944563893425],[106.35540429896146,11.092957903846639],[106.35540402153414,11.092960507475368],[106.35556952350954,11.092977489573371],[106.35555787927781,11.093086842745166],[106.35526236277238,11.093056519913816]]]}},{"type":"Feature","properties":{"source":"Microsoft Global ML Building Footprints","source_release":"2026-08-13","source_region":"Vietnam","source_quadkey":"132230111","source_upload_date":"2026-08-13","source_height_raw":-1,"source_confidence_raw":-1,"height_m":null,"confidence":null,"area_m2":155.66},"geometry":{"type":"Polygon","coordinates":[[[106.35065271347507,11.091436090701933],[106.35076154074318,11.091439850335789],[106.35075730528337,11.091558148901981],[106.3506484695885,11.091554388978551],[106.35065271347507,11.091436090701933]]]}},{"type":"Feature","properties":{"source":"Microsoft Global ML Building Footprints","source_release":"2026-08-13","source_region":"Vietnam","source_quadkey":"132230111","source_upload_date":"2026-08-13","source_height_raw":-1,"source_confidence_raw":-1,"height_m":null,"confidence":null,"area_m2":251.17},"geometry":{"type":"Polygon","coordinates":[[[106.35429735526651,11.091090950339435],[106.35437771753644,11.091088113363384],[106.35438060850838,11.091166974664176],[106.35441708424932,11.091165686985548],[106.3544216222389,11.091289236003917],[106.35430477542776,11.091293360966759],[106.35429735526651,11.091090950339435]]]}},{"type":"Feature","properties":{"source":"Microsoft Global ML Building Footprints","source_release":"2026-08-13","source_region":"Vietnam","source_quadkey":"132230111","source_upload_date":"2026-08-13","source_height_raw":-1,"source_confidence_raw":-1,"height_m":null,"confidence":null,"area_m2":211.96},"geometry":{"type":"Polygon","coordinates":[[[106.35658471963998,11.106330681871029],[106.35657645021932,11.106415682321824],[106.35637178534135,11.106396509975184],[106.35638005340691,11.106311523447928],[106.35658471963998,11.106330681871029]]]}},{"type":"Feature","properties":{"source":"Microsoft Global ML Building Footprints","source_release":"2026-08-13","source_region":"Vietnam","source_quadkey":"132230111","source_upload_date":"2026-08-13","source_height_raw":-1,"source_confidence_raw":-1,"height_m":null,"confidence":null,"area_m2":200.04},"geometry":{"type":"Polygon","coordinates":[[[106.34797915684598,11.091565231424084],[106.34787425592607,11.091577076033673],[106.3478559916917,11.091421211774929],[106.34796088164043,11.091409368397791],[106.34797915684598,11.091565231424084]]]}},{"type":"Feature","properties":{"source":"Microsoft Global ML Building Footprints","source_release":"2026-08-13","source_region":"Vietnam","source_quadkey":"132230111","source_upload_date":"2026-08-13","source_height_raw":-1,"source_confidence_raw":-1,"height_m":null,"confidence":null,"area_m2":23.11},"geometry":{"type":"Polygon","coordinates":[[[106.35141812988995,11.089040191324983],[106.3514527457164,11.089030298602438],[106.35146786349051,11.089081252895781],[106.3514332476641,11.089091145616592],[106.35141812988995,11.089040191324983]]]}},{"type":"Feature","properties":{"source":"Microsoft Global ML Building Footprints","source_release":"2026-08-13","source_region":"Vietnam","source_quadkey":"132230111","source_upload_date":"2026-08-13","source_height_raw":-1,"source_confidence_raw":-1,"height_m":null,"confidence":null,"area_m2":187.09},"geometry":{"type":"Polygon","coordinates":[[[106.35626204025101,11.095381652107477],[106.3564255546273,11.095385627620487],[106.35642316373273,11.095480324125404],[106.35625964935645,11.095476348613687],[106.35626204025101,11.095381652107477]]]}},{"type":"Feature","properties":{"source":"Microsoft Global ML Building Footprints","source_release":"2026-08-13","source_region":"Vietnam","source_quadkey":"132230111","source_upload_date":"2026-08-13","source_height_raw":-1,"source_confidence_raw":-1,"height_m":null,"confidence":null,"area_m2":225.69},"geometry":{"type":"Polygon","coordinates":[[[106.34945293629062,11.086454913188518],[106.3493025045522,11.086504806678548],[106.3492680094716,11.086404647654774],[106.34944731720978,11.086345164564534],[106.34946766025263,11.0864042198844],[106.34943877464805,11.08641380231984],[106.34945293629062,11.086454913188518]]]}},{"type":"Feature","properties":{"source":"Microsoft Global ML Building Footprints","source_release":"2026-08-13","source_region":"Vietnam","source_quadkey":"132230111","source_upload_date":"2026-08-13","source_height_raw":-1,"source_confidence_raw":-1,"height_m":null,"confidence":null,"area_m2":26.04},"geometry":{"type":"Polygon","coordinates":[[[106.34995411003138,11.08859963322405],[106.34990858511861,11.088618500033775],[106.3498912819557,11.088578292528226],[106.34993680686847,11.088559425715886],[106.34995411003138,11.08859963322405]]]}},{"type":"Feature","properties":{"source":"Microsoft Global ML Building Footprints","source_release":"2026-08-13","source_region":"Vietnam","source_quadkey":"132230111","source_upload_date":"2026-08-13","source_height_raw":-1,"source_confidence_raw":-1,"height_m":null,"confidence":null,"area_m2":420.15},"geometry":{"type":"Polygon","coordinates":[[[106.35007374222728,11.08725694006138],[106.34992870483626,11.087295291947711],[106.34982695863104,11.086924742097409],[106.34990197797123,11.086904904890304],[106.34998553114636,11.087209197537732],[106.3500555491972,11.087190682829146],[106.35007374222728,11.08725694006138]]]}},{"type":"Feature","properties":{"source":"Microsoft Global ML Building Footprints","source_release":"2026-08-13","source_region":"Vietnam","source_quadkey":"132230111","source_upload_date":"2026-08-13","source_height_raw":-1,"source_confidence_raw":-1,"height_m":null,"confidence":null,"area_m2":273.13},"geometry":{"type":"Polygon","coordinates":[[[106.35015040287236,11.10646552450278],[106.35017248631759,11.106556642415256],[106.34993755061026,11.106611484948871],[106.34991545731191,11.10652035321803],[106.35015040287236,11.10646552450278]]]}},{"type":"Feature","properties":{"source":"Microsoft Global ML Building Footprints","source_release":"2026-08-13","source_region":"Vietnam","source_quadkey":"132230111","source_upload_date":"2026-08-13","source_height_raw":-1,"source_confidence_raw":-1,"height_m":null,"confidence":null,"area_m2":55.76},"geometry":{"type":"Polygon","coordinates":[[[106.35395536086796,11.09512158662909],[106.35393846497695,11.09516689962048],[106.35384857778226,11.095134618337369],[106.35386547164313,11.095089310785525],[106.35395536086796,11.09512158662909]]]}},{"type":"Feature","properties":{"source":"Microsoft Global ML Building Footprints","source_release":"2026-08-13","source_region":"Vietnam","source_quadkey":"132230111","source_upload_date":"2026-08-13","source_height_raw":-1,"source_confidence_raw":-1,"height_m":null,"confidence":null,"area_m2":185.86},"geometry":{"type":"Polygon","coordinates":[[[106.34970407550414,11.089316822241813],[106.34992560895883,11.089249281238907],[106.34994917245794,11.089323693196562],[106.34987334469324,11.089346811521366],[106.34986802390311,11.08933000882422],[106.34972231446608,11.08937443263008],[106.34970407550414,11.089316822241813]]]}},{"type":"Feature","properties":{"source":"Microsoft Global ML Building Footprints","source_release":"2026-08-13","source_region":"Vietnam","source_quadkey":"132230111","source_upload_date":"2026-08-13","source_height_raw":-1,"source_confidence_raw":-1,"height_m":null,"confidence":null,"area_m2":120.17},"geometry":{"type":"Polygon","coordinates":[[[106.34799817562218,11.091285401948824],[106.34805977969334,11.091476880173644],[106.3480125243778,11.091491524167168],[106.34795090788857,11.091300049800182],[106.34799817562218,11.091285401948824]]]}},{"type":"Feature","properties":{"source":"Microsoft Global ML Building Footprints","source_release":"2026-08-13","source_region":"Vietnam","source_quadkey":"132230111","source_upload_date":"2026-08-13","source_height_raw":-1,"source_confidence_raw":-1,"height_m":null,"confidence":null,"area_m2":24.26},"geometry":{"type":"Polygon","coordinates":[[[106.34854520334578,11.086843387615573],[106.34859608085274,11.086820370008738],[106.3486113778246,11.086852931730519],[106.34856050031762,11.086875949334768],[106.34854520334578,11.086843387615573]]]}},{"type":"Feature","properties":{"source":"Microsoft Global ML Building Footprints","source_release":"2026-08-13","source_region":"Vietnam","source_quadkey":"132230111","source_upload_date":"2026-08-13","source_height_raw":-1,"source_confidence_raw":-1,"height_m":null,"confidence":null,"area_m2":106.94},"geometry":{"type":"Polygon","coordinates":[[[106.35451357127633,11.09099508944638],[106.35459368338432,11.090989862328868],[106.35460114062842,11.091099924495822],[106.3545210285204,11.091105151611387],[106.35451357127633,11.09099508944638]]]}},{"type":"Feature","properties":{"source":"Microsoft Global ML Building Footprints","source_release":"2026-08-13","source_region":"Vietnam","source_quadkey":"132230111","source_upload_date":"2026-08-13","source_height_raw":-1,"source_confidence_raw":-1,"height_m":null,"confidence":null,"area_m2":227.72},"geometry":{"type":"Polygon","coordinates":[[[106.35618104844647,11.097139616361247],[106.35617854922688,11.097213232266654],[106.35592265720064,11.097204866707656],[106.35592515117558,11.097131250628706],[106.35618104844647,11.097139616361247]]]}},{"type":"Feature","properties":{"source":"Microsoft Global ML Building Footprints","source_release":"2026-08-13","source_region":"Vietnam","source_quadkey":"132230111","source_upload_date":"2026-08-13","source_height_raw":-1,"source_confidence_raw":-1,"height_m":null,"confidence":null,"area_m2":50.62},"geometry":{"type":"Polygon","coordinates":[[[106.35278403009946,11.086423920466189],[106.3527309470403,11.086429276274458],[106.3527227605537,11.086351137610606],[106.35277584361285,11.086345781800901],[106.35278403009946,11.086423920466189]]]}},{"type":"Feature","properties":{"source":"Microsoft Global ML Building Footprints","source_release":"2026-08-13","source_region":"Vietnam","source_quadkey":"132230111","source_upload_date":"2026-08-13","source_height_raw":-1,"source_confidence_raw":-1,"height_m":null,"confidence":null,"area_m2":226.49},"geometry":{"type":"Polygon","coordinates":[[[106.3496651532882,11.102526816679642],[106.34946388152902,11.102574243813265],[106.34944231612872,11.102486143698272],[106.34964359063062,11.102438702080732],[106.3496651532882,11.102526816679642]]]}},{"type":"Feature","properties":{"source":"Microsoft Global ML Building Footprints","source_release":"2026-08-13","source_region":"Vietnam","source_quadkey":"132230111","source_upload_date":"2026-08-13","source_height_raw":-1,"source_confidence_raw":-1,"height_m":null,"confidence":null,"area_m2":23.6},"geometry":{"type":"Polygon","coordinates":[[[106.35050005495397,11.087422550490999],[106.35053718555919,11.08741451219403],[106.35054847393295,11.087464711310275],[106.35051133991365,11.087472750344958],[106.35050005495397,11.087422550490999]]]}},{"type":"Feature","properties":{"source":"Microsoft Global ML Building Footprints","source_release":"2026-08-13","source_region":"Vietnam","source_quadkey":"132230111","source_upload_date":"2026-08-13","source_height_raw":-1,"source_confidence_raw":-1,"height_m":null,"confidence":null,"area_m2":40.69},"geometry":{"type":"Polygon","coordinates":[[[106.35229515785016,11.086486330938968],[106.35224864585015,11.086504204549342],[106.35222358027255,11.086441388918743],[106.35227009337784,11.086423518074454],[106.35229515785016,11.086486330938968]]]}},{"type":"Feature","properties":{"source":"Microsoft Global ML Building Footprints","source_release":"2026-08-13","source_region":"Vietnam","source_quadkey":"132230111","source_upload_date":"2026-08-13","source_height_raw":-1,"source_confidence_raw":-1,"height_m":null,"confidence":null,"area_m2":234.42},"geometry":{"type":"Polygon","coordinates":[[[106.35540351547091,11.10696466229902],[106.355400450633,11.107043506650442],[106.35536027595022,11.10704200293523],[106.35537069639912,11.106773932052135],[106.35545640238911,11.106777139980835],[106.35544904677808,11.10696636651005],[106.35540351547091,11.10696466229902]]]}},{"type":"Feature","properties":{"source":"Microsoft Global ML Building Footprints","source_release":"2026-08-13","source_region":"Vietnam","source_quadkey":"132230111","source_upload_date":"2026-08-13","source_height_raw":-1,"source_confidence_raw":-1,"height_m":null,"confidence":null,"area_m2":250.57},"geometry":{"type":"Polygon","coordinates":[[[106.35516313720166,11.09948323894261],[106.35519380121491,11.099482099600522],[106.35519228001074,11.099442675568767],[106.35535566052557,11.099436605054706],[106.35536002131087,11.099549620600513],[106.35516598202399,11.09955683025926],[106.35516313720166,11.09948323894261]]]}},{"type":"Feature","properties":{"source":"Microsoft Global ML Building Footprints","source_release":"2026-08-13","source_region":"Vietnam","source_quadkey":"132230111","source_upload_date":"2026-08-13","source_height_raw":-1,"source_confidence_raw":-1,"height_m":null,"confidence":null,"area_m2":226.43},"geometry":{"type":"Polygon","coordinates":[[[106.3489230793836,11.102275461702519],[106.3491431784331,11.102180275136917],[106.34917089767428,11.102241983693261],[106.34911109972029,11.10226784460157],[106.34911703876799,11.102281068202316],[106.34895673846216,11.102350393494788],[106.3489230793836,11.102275461702519]]]}},{"type":"Feature","properties":{"source":"Microsoft Global ML Building Footprints","source_release":"2026-08-13","source_region":"Vietnam","source_quadkey":"132230111","source_upload_date":"2026-08-13","source_height_raw":-1,"source_confidence_raw":-1,"height_m":null,"confidence":null,"area_m2":321.82},"geometry":{"type":"Polygon","coordinates":[[[106.3494286385809,11.083397631647486],[106.34945055692413,11.083261525246328],[106.34964158720643,11.083291151594082],[106.34961966886321,11.083427257981484],[106.3494286385809,11.083397631647486]]]}},{"type":"Feature","properties":{"source":"Microsoft Global ML Building Footprints","source_release":"2026-08-13","source_region":"Vietnam","source_quadkey":"132230111","source_upload_date":"2026-08-13","source_height_raw":-1,"source_confidence_raw":-1,"height_m":null,"confidence":null,"area_m2":267.47},"geometry":{"type":"Polygon","coordinates":[[[106.34996953721259,11.091707914602225],[106.3499055091224,11.091719123936286],[106.34987007191691,11.091524196899897],[106.35000004410952,11.0915014338551],[106.35002481663366,11.091637698425416],[106.34995886690307,11.091649244181909],[106.34996953721259,11.091707914602225]]]}},{"type":"Feature","properties":{"source":"Microsoft Global ML Building Footprints","source_release":"2026-08-13","source_region":"Vietnam","source_quadkey":"132230111","source_upload_date":"2026-08-13","source_height_raw":-1,"source_confidence_raw":-1,"height_m":null,"confidence":null,"area_m2":286.17},"geometry":{"type":"Polygon","coordinates":[[[106.35084901964706,11.090913819536794],[106.35086661953133,11.090906916143865],[106.35094242092997,11.091093017025713],[106.35087303939517,11.091120231277188],[106.35073807592929,11.09078888087511],[106.35078986651232,11.090768566485465],[106.35084901964706,11.090913819536794]]]}},{"type":"Feature","properties":{"source":"Microsoft Global ML Building Footprints","source_release":"2026-08-13","source_region":"Vietnam","source_quadkey":"132230111","source_upload_date":"2026-08-13","source_height_raw":-1,"source_confidence_raw":-1,"height_m":null,"confidence":null,"area_m2":465.59},"geometry":{"type":"Polygon","coordinates":[[[106.35140871017559,11.085194698230126],[106.3513863125645,11.085200828493498],[106.35140713527825,11.085274094232673],[106.35114582981547,11.085345613944568],[106.35110834893071,11.085213735633147],[106.35139205200458,11.085136085624356],[106.35140871017559,11.085194698230126]]]}},{"type":"Feature","properties":{"source":"Microsoft Global ML Building Footprints","source_release":"2026-08-13","source_region":"Vietnam","source_quadkey":"132230111","source_upload_date":"2026-08-13","source_height_raw":-1,"source_confidence_raw":-1,"height_m":null,"confidence":null,"area_m2":87.09},"geometry":{"type":"Polygon","coordinates":[[[106.34843234171514,11.090325009112561],[106.34830187045534,11.090353191447804],[106.3482900451277,11.09030047126528],[106.34842051638745,11.090272288924965],[106.34843234171514,11.090325009112561]]]}},{"type":"Feature","properties":{"source":"Microsoft Global ML Building Footprints","source_release":"2026-08-13","source_region":"Vietnam","source_quadkey":"132230111","source_upload_date":"2026-08-13","source_height_raw":-1,"source_confidence_raw":-1,"height_m":null,"confidence":null,"area_m2":287.62},"geometry":{"type":"Polygon","coordinates":[[[106.3497388013568,11.089530003799553],[106.3500130153319,11.08946935975274],[106.35003199879789,11.089552021622012],[106.34975779043323,11.089612664410907],[106.3497388013568,11.089530003799553]]]}},{"type":"Feature","properties":{"source":"Microsoft Global ML Building Footprints","source_release":"2026-08-13","source_region":"Vietnam","source_quadkey":"132230111","source_upload_date":"2026-08-13","source_height_raw":-1,"source_confidence_raw":-1,"height_m":null,"confidence":null,"area_m2":45.45},"geometry":{"type":"Polygon","coordinates":[[[106.35152358206886,11.088900009163567],[106.35158185262976,11.0888935737145],[106.35158916786486,11.088957360203821],[106.35153089775724,11.088963799603519],[106.35152358206886,11.088900009163567]]]}},{"type":"Feature","properties":{"source":"Microsoft Global ML Building Footprints","source_release":"2026-08-13","source_region":"Vietnam","source_quadkey":"132230111","source_upload_date":"2026-08-13","source_height_raw":-1,"source_confidence_raw":-1,"height_m":null,"confidence":null,"area_m2":241.29},"geometry":{"type":"Polygon","coordinates":[[[106.34909415975578,11.08703011227422],[106.34885400018871,11.087110672722488],[106.348828048446,11.087036168638946],[106.34906821315764,11.086955622939556],[106.34909415975578,11.08703011227422]]]}},{"type":"Feature","properties":{"source":"Microsoft Global ML Building Footprints","source_release":"2026-08-13","source_region":"Vietnam","source_quadkey":"132230111","source_upload_date":"2026-08-13","source_height_raw":-1,"source_confidence_raw":-1,"height_m":null,"confidence":null,"area_m2":35.65},"geometry":{"type":"Polygon","coordinates":[[[106.35135093930961,11.088928050366306],[106.35143429262342,11.088910194462983],[106.35144181261198,11.088944000032342],[106.35135845578151,11.088961850961809],[106.35135093930961,11.088928050366306]]]}},{"type":"Feature","properties":{"source":"Microsoft Global ML Building Footprints","source_release":"2026-08-13","source_region":"Vietnam","source_quadkey":"132230111","source_upload_date":"2026-08-13","source_height_raw":-1,"source_confidence_raw":-1,"height_m":null,"confidence":null,"area_m2":1600.78},"geometry":{"type":"Polygon","coordinates":[[[106.35479731511711,11.087749284386973],[106.35400457882479,11.088193680569887],[106.35393119826084,11.088067622083116],[106.35472391065753,11.087623184658767],[106.35479731511711,11.087749284386973]]]}},{"type":"Feature","properties":{"source":"Microsoft Global ML Building Footprints","source_release":"2026-08-13","source_region":"Vietnam","source_quadkey":"132230111","source_upload_date":"2026-08-13","source_height_raw":-1,"source_confidence_raw":-1,"height_m":null,"confidence":null,"area_m2":261.7},"geometry":{"type":"Polygon","coordinates":[[[106.35647854857532,11.094921900563719],[106.35643838346385,11.094920278525947],[106.35644069756799,11.094865098340264],[106.35666562219208,11.094874181753411],[106.3566612143747,11.094979286856756],[106.35647645486205,11.094971825484365],[106.35647854857532,11.094921900563719]]]}},{"type":"Feature","properties":{"source":"Microsoft Global ML Building Footprints","source_release":"2026-08-13","source_region":"Vietnam","source_quadkey":"132230111","source_upload_date":"2026-08-13","source_height_raw":-1,"source_confidence_raw":-1,"height_m":null,"confidence":null,"area_m2":111.3},"geometry":{"type":"Polygon","coordinates":[[[106.3567420034713,11.095937332786335],[106.3567368610692,11.09604657690143],[106.35665265937934,11.096042754333084],[106.35665780928431,11.09593351633967],[106.3567420034713,11.095937332786335]]]}},{"type":"Feature","properties":{"source":"Microsoft Global ML Building Footprints","source_release":"2026-08-13","source_region":"Vietnam","source_quadkey":"132230111","source_upload_date":"2026-08-13","source_height_raw":-1,"source_confidence_raw":-1,"height_m":null,"confidence":null,"area_m2":16.3},"geometry":{"type":"Polygon","coordinates":[[[106.35210042122164,11.090535088755217],[106.35213586301941,11.090526603120892],[106.35214480021355,11.09056256003882],[106.35210935784471,11.090571043374567],[106.35210042122164,11.090535088755217]]]}},{"type":"Feature","properties":{"source":"Microsoft Global ML Building Footprints","source_release":"2026-08-13","source_region":"Vietnam","source_quadkey":"132230111","source_upload_date":"2026-08-13","source_height_raw":-1,"source_confidence_raw":-1,"height_m":null,"confidence":null,"area_m2":48.92},"geometry":{"type":"Polygon","coordinates":[[[106.35240259019004,11.088260546422902],[106.35251315390015,11.088245632267743],[106.35251858170986,11.088284382165966],[106.35245540244692,11.088292904539315],[106.35245449125044,11.088286399379712],[106.35240710635584,11.088292787965557],[106.35240259019004,11.088260546422902]]]}},{"type":"Feature","properties":{"source":"Microsoft Global ML Building Footprints","source_release":"2026-08-13","source_region":"Vietnam","source_quadkey":"132230111","source_upload_date":"2026-08-13","source_height_raw":-1,"source_confidence_raw":-1,"height_m":null,"confidence":null,"area_m2":44.29},"geometry":{"type":"Polygon","coordinates":[[[106.35125359703942,11.085640510033329],[106.3511761831384,11.08564576323829],[106.35117286053149,11.085598609798495],[106.3512502744325,11.085593356592696],[106.35125359703942,11.085640510033329]]]}},{"type":"Feature","properties":{"source":"Microsoft Global ML Building Footprints","source_release":"2026-08-13","source_region":"Vietnam","source_quadkey":"132230111","source_upload_date":"2026-08-13","source_height_raw":-1,"source_confidence_raw":-1,"height_m":null,"confidence":null,"area_m2":76.57},"geometry":{"type":"Polygon","coordinates":[[[106.3532220231369,11.08648122527299],[106.35324551269927,11.086628984575611],[106.3532036165482,11.08663539573081],[106.35318012743238,11.086487639240602],[106.3532220231369,11.08648122527299]]]}},{"type":"Feature","properties":{"source":"Microsoft Global ML Building Footprints","source_release":"2026-08-13","source_region":"Vietnam","source_quadkey":"132230111","source_upload_date":"2026-08-13","source_height_raw":-1,"source_confidence_raw":-1,"height_m":null,"confidence":null,"area_m2":263.28},"geometry":{"type":"Polygon","coordinates":[[[106.35418418352218,11.084651345732794],[106.35418614782674,11.084730263744959],[106.35391004503052,11.084736882038555],[106.35390808072596,11.084657964028167],[106.35418418352218,11.084651345732794]]]}},{"type":"Feature","properties":{"source":"Microsoft Global ML Building Footprints","source_release":"2026-08-13","source_region":"Vietnam","source_quadkey":"132230111","source_upload_date":"2026-08-13","source_height_raw":-1,"source_confidence_raw":-1,"height_m":null,"confidence":null,"area_m2":18.73},"geometry":{"type":"Polygon","coordinates":[[[106.35759923162664,11.0888165780988],[106.3575682134682,11.088822485678747],[106.35755868184658,11.08877429050321],[106.35758970000504,11.088768382922268],[106.35759923162664,11.0888165780988]]]}},{"type":"Feature","properties":{"source":"Microsoft Global ML Building Footprints","source_release":"2026-08-13","source_region":"Vietnam","source_quadkey":"132230111","source_upload_date":"2026-08-13","source_height_raw":-1,"source_confidence_raw":-1,"height_m":null,"confidence":null,"area_m2":21.6},"geometry":{"type":"Polygon","coordinates":[[[106.34895432281732,11.101389936987403],[106.3489984758386,11.101385934228745],[106.34900225759122,11.101426102865062],[106.34895810144629,11.101430102873735],[106.34895432281732,11.101389936987403]]]}},{"type":"Feature","properties":{"source":"Microsoft Global ML Building Footprints","source_release":"2026-08-13","source_region":"Vietnam","source_quadkey":"132230111","source_upload_date":"2026-08-13","source_height_raw":-1,"source_confidence_raw":-1,"height_m":null,"confidence":null,"area_m2":44.27},"geometry":{"type":"Polygon","coordinates":[[[106.34930891937891,11.10865789616929],[106.34931073782174,11.10871732530687],[106.34924910257932,11.108719141242872],[106.3492472840071,11.108659707876527],[106.34930891937891,11.10865789616929]]]}},{"type":"Feature","properties":{"source":"Microsoft Global ML Building Footprints","source_release":"2026-08-13","source_region":"Vietnam","source_quadkey":"132230111","source_upload_date":"2026-08-13","source_height_raw":-1,"source_confidence_raw":-1,"height_m":null,"confidence":null,"area_m2":91.51},"geometry":{"type":"Polygon","coordinates":[[[106.35072145211217,11.110370387524043],[106.35071866134624,11.110456004861035],[106.35063023871005,11.110453235753297],[106.35063302967376,11.110367612349052],[106.35072145211217,11.110370387524043]]]}},{"type":"Feature","properties":{"source":"Microsoft Global ML Building Footprints","source_release":"2026-08-13","source_region":"Vietnam","source_quadkey":"132230111","source_upload_date":"2026-08-13","source_height_raw":-1,"source_confidence_raw":-1,"height_m":null,"confidence":null,"area_m2":302.32},"geometry":{"type":"Polygon","coordinates":[[[106.35105528262248,11.112162729653136],[106.35099899521335,11.112164183129963],[106.35099741212318,11.112105153542828],[106.3509196820346,11.112107166060056],[106.35091533999127,11.111945261751174],[106.35104935763202,11.11194180108943],[106.35105528262248,11.112162729653136]]]}},{"type":"Feature","properties":{"source":"Microsoft Global ML Building Footprints","source_release":"2026-08-13","source_region":"Vietnam","source_quadkey":"132230111","source_upload_date":"2026-08-13","source_height_raw":-1,"source_confidence_raw":-1,"height_m":null,"confidence":null,"area_m2":65.82},"geometry":{"type":"Polygon","coordinates":[[[106.35106181051103,11.08690940461048],[106.35115887764721,11.086891297524588],[106.35117166715965,11.086957347640094],[106.35111989309713,11.086967005668924],[106.35111497405389,11.086941601780936],[106.35106968377804,11.086950050312751],[106.35106181051103,11.08690940461048]]]}},{"type":"Feature","properties":{"source":"Microsoft Global ML Building Footprints","source_release":"2026-08-13","source_region":"Vietnam","source_quadkey":"132230111","source_upload_date":"2026-08-13","source_height_raw":-1,"source_confidence_raw":-1,"height_m":null,"confidence":null,"area_m2":100.56},"geometry":{"type":"Polygon","coordinates":[[[106.35625557245248,11.083945877274672],[106.35615212069148,11.08394709940437],[106.35615112776367,11.083866623569293],[106.35625458517613,11.08386539426671],[106.35625557245248,11.083945877274672]]]}},{"type":"Feature","properties":{"source":"Microsoft Global ML Building Footprints","source_release":"2026-08-13","source_region":"Vietnam","source_quadkey":"132230111","source_upload_date":"2026-08-13","source_height_raw":-1,"source_confidence_raw":-1,"height_m":null,"confidence":null,"area_m2":41.65},"geometry":{"type":"Polygon","coordinates":[[[106.35017560743228,11.107030222193828],[106.3500985114452,11.107053794580892],[106.35008555838066,11.107013011562472],[106.35016265701913,11.106989438361438],[106.35017560743228,11.107030222193828]]]}},{"type":"Feature","properties":{"source":"Microsoft Global ML Building Footprints","source_release":"2026-08-13","source_region":"Vietnam","source_quadkey":"132230111","source_upload_date":"2026-08-13","source_height_raw":-1,"source_confidence_raw":-1,"height_m":null,"confidence":null,"area_m2":132.92},"geometry":{"type":"Polygon","coordinates":[[[106.3529099483574,11.085939846697158],[106.35307721632356,11.085875316163907],[106.35310004881325,11.085932311561749],[106.35293278084714,11.085996842082437],[106.3529099483574,11.085939846697158]]]}},{"type":"Feature","properties":{"source":"Microsoft Global ML Building Footprints","source_release":"2026-08-13","source_region":"Vietnam","source_quadkey":"132230111","source_upload_date":"2026-08-13","source_height_raw":-1,"source_confidence_raw":-1,"height_m":null,"confidence":null,"area_m2":34.55},"geometry":{"type":"Polygon","coordinates":[[[106.34910765194859,11.083424379903917],[106.34911323829493,11.083366996028957],[106.34916265059854,11.083371631967012],[106.34915706019672,11.083429015460567],[106.34910765194859,11.083424379903917]]]}},{"type":"Feature","properties":{"source":"Microsoft Global ML Building Footprints","source_release":"2026-08-13","source_region":"Vietnam","source_quadkey":"132230111","source_upload_date":"2026-08-13","source_height_raw":-1,"source_confidence_raw":-1,"height_m":null,"confidence":null,"area_m2":996.7},"geometry":{"type":"Polygon","coordinates":[[[106.353809724132,11.086652012182128],[106.35391984492988,11.08739433924616],[106.35386731401506,11.087401843787234],[106.35387361579352,11.087444324176062],[106.35382108540284,11.087451832248888],[106.35377329039454,11.087129645192292],[106.35377200189495,11.08712982935539],[106.35370334148071,11.086667209994602],[106.353809724132,11.086652012182128]]]}},{"type":"Feature","properties":{"source":"Microsoft Global ML Building Footprints","source_release":"2026-08-13","source_region":"Vietnam","source_quadkey":"132230111","source_upload_date":"2026-08-13","source_height_raw":-1,"source_confidence_raw":-1,"height_m":null,"confidence":null,"area_m2":160.93},"geometry":{"type":"Polygon","coordinates":[[[106.3501329985126,11.106002259438227],[106.35026625691535,11.105974016574663],[106.35028728982405,11.106069574002461],[106.3501540314213,11.106097816856803],[106.3501329985126,11.106002259438227]]]}},{"type":"Feature","properties":{"source":"Microsoft Global ML Building Footprints","source_release":"2026-08-13","source_region":"Vietnam","source_quadkey":"132230111","source_upload_date":"2026-08-13","source_height_raw":-1,"source_confidence_raw":-1,"height_m":null,"confidence":null,"area_m2":19.42},"geometry":{"type":"Polygon","coordinates":[[[106.35388269653009,11.098242778021586],[106.35392088545522,11.098247682679954],[106.35391536332571,11.098289086227183],[106.35387717730389,11.09828418194239],[106.35388269653009,11.098242778021586]]]}},{"type":"Feature","properties":{"source":"Microsoft Global ML Building Footprints","source_release":"2026-08-13","source_region":"Vietnam","source_quadkey":"132230111","source_upload_date":"2026-08-13","source_height_raw":-1,"source_confidence_raw":-1,"height_m":null,"confidence":null,"area_m2":291.91},"geometry":{"type":"Polygon","coordinates":[[[106.35506396639565,11.090960460625155],[106.35514595901243,11.09096345089111],[106.35513481005387,11.091257840846225],[106.35505279646999,11.091254849818625],[106.35506396639565,11.090960460625155]]]}},{"type":"Feature","properties":{"source":"Microsoft Global ML Building Footprints","source_release":"2026-08-13","source_region":"Vietnam","source_quadkey":"132230111","source_upload_date":"2026-08-13","source_height_raw":-1,"source_confidence_raw":-1,"height_m":null,"confidence":null,"area_m2":115.19},"geometry":{"type":"Polygon","coordinates":[[[106.3576338,11.090341090235793],[106.3575040282816,11.09035737419731],[106.35749525444554,11.090290040053048],[106.35762984644276,11.090273151231713],[106.35762343479335,11.090223945498252],[106.3576338,11.090222644855093],[106.3576338,11.090341090235793]]]}},{"type":"Feature","properties":{"source":"Microsoft Global ML Building Footprints","source_release":"2026-08-13","source_region":"Vietnam","source_quadkey":"132230111","source_upload_date":"2026-08-13","source_height_raw":-1,"source_confidence_raw":-1,"height_m":null,"confidence":null,"area_m2":178.8},"geometry":{"type":"Polygon","coordinates":[[[106.34878297595318,11.088882793055134],[106.34880690812975,11.088956949700815],[106.34862544742863,11.089013357689751],[106.34860151044552,11.088939202552524],[106.34878297595318,11.088882793055134]]]}},{"type":"Feature","properties":{"source":"Microsoft Global ML Building Footprints","source_release":"2026-08-13","source_region":"Vietnam","source_quadkey":"132230111","source_upload_date":"2026-08-13","source_height_raw":-1,"source_confidence_raw":-1,"height_m":null,"confidence":null,"area_m2":70.42},"geometry":{"type":"Polygon","coordinates":[[[106.35127280198489,11.085091395399047],[106.35114972562778,11.085122858407317],[106.35113794804991,11.085078490213235],[106.35126102440697,11.085047027200162],[106.35127280198489,11.085091395399047]]]}},{"type":"Feature","properties":{"source":"Microsoft Global ML Building Footprints","source_release":"2026-08-13","source_region":"Vietnam","source_quadkey":"132230111","source_upload_date":"2026-08-13","source_height_raw":-1,"source_confidence_raw":-1,"height_m":null,"confidence":null,"area_m2":64.04},"geometry":{"type":"Polygon","coordinates":[[[106.35167050307683,11.087533473636924],[106.3517334649969,11.08752422379321],[106.35174603270377,11.087606606059211],[106.35168307078371,11.087615855900296],[106.35167050307683,11.087533473636924]]]}},{"type":"Feature","properties":{"source":"Microsoft Global ML Building Footprints","source_release":"2026-08-13","source_region":"Vietnam","source_quadkey":"132230111","source_upload_date":"2026-08-13","source_height_raw":-1,"source_confidence_raw":-1,"height_m":null,"confidence":null,"area_m2":159.6},"geometry":{"type":"Polygon","coordinates":[[[106.3571668364989,11.091158365480027],[106.35706760864777,11.09115721372386],[106.3570692138037,11.091024041466241],[106.357168441737,11.091025186408743],[106.3571668364989,11.091158365480027]]]}},{"type":"Feature","properties":{"source":"Microsoft Global ML Building Footprints","source_release":"2026-08-13","source_region":"Vietnam","source_quadkey":"132230111","source_upload_date":"2026-08-13","source_height_raw":-1,"source_confidence_raw":-1,"height_m":null,"confidence":null,"area_m2":331.62},"geometry":{"type":"Polygon","coordinates":[[[106.34879919257682,11.087963106269981],[106.34881688384276,11.088046345962752],[106.34850072505357,11.088111055210774],[106.34848303378763,11.088027815536407],[106.34879919257682,11.087963106269981]]]}},{"type":"Feature","properties":{"source":"Microsoft Global ML Building Footprints","source_release":"2026-08-13","source_region":"Vietnam","source_quadkey":"132230111","source_upload_date":"2026-08-13","source_height_raw":-1,"source_confidence_raw":-1,"height_m":null,"confidence":null,"area_m2":223.74},"geometry":{"type":"Polygon","coordinates":[[[106.35244005758494,11.087723856346429],[106.35246178128942,11.08780512489109],[106.35224847152749,11.087860035404958],[106.35222674782305,11.087778766875545],[106.35244005758494,11.087723856346429]]]}},{"type":"Feature","properties":{"source":"Microsoft Global ML Building Footprints","source_release":"2026-08-13","source_region":"Vietnam","source_quadkey":"132230111","source_upload_date":"2026-08-13","source_height_raw":-1,"source_confidence_raw":-1,"height_m":null,"confidence":null,"area_m2":73.35},"geometry":{"type":"Polygon","coordinates":[[[106.35330857352271,11.08673296746187],[106.35340472765313,11.086693877689456],[106.3534274856176,11.08674779747841],[106.35333133148718,11.08678688724359],[106.35330857352271,11.08673296746187]]]}},{"type":"Feature","properties":{"source":"Microsoft Global ML Building Footprints","source_release":"2026-08-13","source_region":"Vietnam","source_quadkey":"132230111","source_upload_date":"2026-08-13","source_height_raw":-1,"source_confidence_raw":-1,"height_m":null,"confidence":null,"area_m2":58.58},"geometry":{"type":"Polygon","coordinates":[[[106.35639878511472,11.091009328407893],[106.35639725078171,11.091061927668449],[106.35630509543935,11.091059345282915],[106.35630662602397,11.091006745916843],[106.35639878511472,11.091009328407893]]]}},{"type":"Feature","properties":{"source":"Microsoft Global ML Building Footprints","source_release":"2026-08-13","source_region":"Vietnam","source_quadkey":"132230111","source_upload_date":"2026-08-13","source_height_raw":-1,"source_confidence_raw":-1,"height_m":null,"confidence":null,"area_m2":45.13},"geometry":{"type":"Polygon","coordinates":[[[106.348409465315,11.090107069473575],[106.3484221048395,11.090152015222756],[106.34834484058527,11.090172939339183],[106.34833220244745,11.090127998524196],[106.348409465315,11.090107069473575]]]}},{"type":"Feature","properties":{"source":"Microsoft Global ML Building Footprints","source_release":"2026-08-13","source_region":"Vietnam","source_quadkey":"132230111","source_upload_date":"2026-08-13","source_height_raw":-1,"source_confidence_raw":-1,"height_m":null,"confidence":null,"area_m2":83.17},"geometry":{"type":"Polygon","coordinates":[[[106.35257968827311,11.111962170090138],[106.35268656612553,11.111968666004586],[106.35268250879797,11.112032869472799],[106.35257563140763,11.112026366247889],[106.35257968827311,11.111962170090138]]]}},{"type":"Feature","properties":{"source":"Microsoft Global ML Building Footprints","source_release":"2026-08-13","source_region":"Vietnam","source_quadkey":"132230111","source_upload_date":"2026-08-13","source_height_raw":-1,"source_confidence_raw":-1,"height_m":null,"confidence":null,"area_m2":293.42},"geometry":{"type":"Polygon","coordinates":[[[106.35054647250041,11.1080463318347],[106.35052268767527,11.107980971001354],[106.35061425007932,11.10794888815417],[106.35059470914813,11.107895200071354],[106.35069224115247,11.107861025506452],[106.35074831512894,11.10801508695296],[106.35063533859832,11.108054673155806],[106.35062259672769,11.108019658426457],[106.35054647250041,11.1080463318347]]]}},{"type":"Feature","properties":{"source":"Microsoft Global ML Building Footprints","source_release":"2026-08-13","source_region":"Vietnam","source_quadkey":"132230111","source_upload_date":"2026-08-13","source_height_raw":-1,"source_confidence_raw":-1,"height_m":null,"confidence":null,"area_m2":247.64},"geometry":{"type":"Polygon","coordinates":[[[106.35236921993013,11.089766217600243],[106.35211355808619,11.089804865709553],[106.35210125919328,11.0897265171197],[106.35235691288526,11.089687852673563],[106.35236921993013,11.089766217600243]]]}},{"type":"Feature","properties":{"source":"Microsoft Global ML Building Footprints","source_release":"2026-08-13","source_region":"Vietnam","source_quadkey":"132230111","source_upload_date":"2026-08-13","source_height_raw":-1,"source_confidence_raw":-1,"height_m":null,"confidence":null,"area_m2":345.85},"geometry":{"type":"Polygon","coordinates":[[[106.35655303698185,11.093982707220718],[106.35655640027005,11.09415481176299],[106.35656712516194,11.094154609935956],[106.35656838948108,11.094219307029476],[106.35643969060524,11.094221720117162],[106.35643506301233,11.093984919219565],[106.35655303698185,11.093982707220718]]]}},{"type":"Feature","properties":{"source":"Microsoft Global ML Building Footprints","source_release":"2026-08-13","source_region":"Vietnam","source_quadkey":"132230111","source_upload_date":"2026-08-13","source_height_raw":-1,"source_confidence_raw":-1,"height_m":null,"confidence":null,"area_m2":68.5},"geometry":{"type":"Polygon","coordinates":[[[106.35756792969943,11.088949022344565],[106.3576338,11.088933771567602],[106.3576338,11.089039056818036],[106.357591907768,11.089048756012176],[106.35756792969943,11.088949022344565]]]}},{"type":"Feature","properties":{"source":"Microsoft Global ML Building Footprints","source_release":"2026-08-13","source_region":"Vietnam","source_quadkey":"132230111","source_upload_date":"2026-08-13","source_height_raw":-1,"source_confidence_raw":-1,"height_m":null,"confidence":null,"area_m2":47.02},"geometry":{"type":"Polygon","coordinates":[[[106.3511997885774,11.085683788018983],[106.35120162147864,11.085737553359138],[106.35112928262849,11.085739923304246],[106.35112744989644,11.085686162927402],[106.3511997885774,11.085683788018983]]]}},{"type":"Feature","properties":{"source":"Microsoft Global ML Building Footprints","source_release":"2026-08-13","source_region":"Vietnam","source_quadkey":"132230111","source_upload_date":"2026-08-13","source_height_raw":-1,"source_confidence_raw":-1,"height_m":null,"confidence":null,"area_m2":213.05},"geometry":{"type":"Polygon","coordinates":[[[106.35421782004714,11.085779250224391],[106.35435047478977,11.085774375783473],[106.35435553323488,11.085907196806815],[106.35422288760459,11.085912061800215],[106.35421782004714,11.085779250224391]]]}},{"type":"Feature","properties":{"source":"Microsoft Global ML Building Footprints","source_release":"2026-08-13","source_region":"Vietnam","source_quadkey":"132230111","source_upload_date":"2026-08-13","source_height_raw":-1,"source_confidence_raw":-1,"height_m":null,"confidence":null,"area_m2":81.77},"geometry":{"type":"Polygon","coordinates":[[[106.35698917379783,11.102594941305043],[106.35699164071046,11.102679095935798],[106.3569112409666,11.10268136538052],[106.35690877405396,11.102597210750432],[106.35698917379783,11.102594941305043]]]}},{"type":"Feature","properties":{"source":"Microsoft Global ML Building Footprints","source_release":"2026-08-13","source_region":"Vietnam","source_quadkey":"132230111","source_upload_date":"2026-08-13","source_height_raw":-1,"source_confidence_raw":-1,"height_m":null,"confidence":null,"area_m2":28.08},"geometry":{"type":"Polygon","coordinates":[[[106.35140120039395,11.09072949211594],[106.3513610350517,11.090731111427687],[106.35135861486121,11.090673302453013],[106.35139878020343,11.090671683140954],[106.35140120039395,11.09072949211594]]]}},{"type":"Feature","properties":{"source":"Microsoft Global ML Building Footprints","source_release":"2026-08-13","source_region":"Vietnam","source_quadkey":"132230111","source_upload_date":"2026-08-13","source_height_raw":-1,"source_confidence_raw":-1,"height_m":null,"confidence":null,"area_m2":162.1},"geometry":{"type":"Polygon","coordinates":[[[106.35211782255476,11.089254836389486],[106.35230671605453,11.089227111831065],[106.35231731057638,11.089296624312766],[106.35212841707663,11.089324348864622],[106.35211782255476,11.089254836389486]]]}},{"type":"Feature","properties":{"source":"Microsoft Global ML Building Footprints","source_release":"2026-08-13","source_region":"Vietnam","source_quadkey":"132230111","source_upload_date":"2026-08-13","source_height_raw":-1,"source_confidence_raw":-1,"height_m":null,"confidence":null,"area_m2":472.58},"geometry":{"type":"Polygon","coordinates":[[[106.35240625097678,11.086268058912992],[106.35255099002877,11.086264321069706],[106.35255740876839,11.086503681382752],[106.35241667114644,11.086507315887332],[106.35241405439307,11.08640999376621],[106.35236449390135,11.086411273650654],[106.35236163865947,11.086304799219306],[106.35240720457344,11.086303619363619],[106.35240625097678,11.086268058912992]]]}},{"type":"Feature","properties":{"source":"Microsoft Global ML Building Footprints","source_release":"2026-08-13","source_region":"Vietnam","source_quadkey":"132230111","source_upload_date":"2026-08-13","source_height_raw":-1,"source_confidence_raw":-1,"height_m":null,"confidence":null,"area_m2":56.2},"geometry":{"type":"Polygon","coordinates":[[[106.35593722684456,11.105085761449757],[106.35598922966993,11.105087611468988],[106.35598592780423,11.105176981519904],[106.35593391861299,11.105175131274777],[106.35593722684456,11.105085761449757]]]}},{"type":"Feature","properties":{"source":"Microsoft Global ML Building Footprints","source_release":"2026-08-13","source_region":"Vietnam","source_quadkey":"132230111","source_upload_date":"2026-08-13","source_height_raw":-1,"source_confidence_raw":-1,"height_m":null,"confidence":null,"area_m2":44.81},"geometry":{"type":"Polygon","coordinates":[[[106.35008434939115,11.088336003291246],[106.35004029352544,11.088353120555382],[106.35001091602412,11.088280306363473],[106.35005497188983,11.08826318909506],[106.35008434939115,11.088336003291246]]]}},{"type":"Feature","properties":{"source":"Microsoft Global ML Building Footprints","source_release":"2026-08-13","source_region":"Vietnam","source_quadkey":"132230111","source_upload_date":"2026-08-13","source_height_raw":-1,"source_confidence_raw":-1,"height_m":null,"confidence":null,"area_m2":44.98},"geometry":{"type":"Polygon","coordinates":[[[106.35161156631212,11.087791447567923],[106.35162909742328,11.087860885098806],[106.35157855575326,11.087873173573882],[106.35156102464207,11.087803736045927],[106.35161156631212,11.087791447567923]]]}},{"type":"Feature","properties":{"source":"Microsoft Global ML Building Footprints","source_release":"2026-08-13","source_region":"Vietnam","source_quadkey":"132230111","source_upload_date":"2026-08-13","source_height_raw":-1,"source_confidence_raw":-1,"height_m":null,"confidence":null,"area_m2":50.44},"geometry":{"type":"Polygon","coordinates":[[[106.35235723498488,11.109282877088916],[106.35227593385765,11.109251503158958],[106.35229377098767,11.109207004704729],[106.3523750701766,11.109238383474889],[106.35235723498488,11.109282877088916]]]}},{"type":"Feature","properties":{"source":"Microsoft Global ML Building Footprints","source_release":"2026-08-13","source_region":"Vietnam","source_quadkey":"132230111","source_upload_date":"2026-08-13","source_height_raw":-1,"source_confidence_raw":-1,"height_m":null,"confidence":null,"area_m2":95.47},"geometry":{"type":"Polygon","coordinates":[[[106.35379118454246,11.086294498903456],[106.353748853728,11.0861962476218],[106.35381711711123,11.086167924293221],[106.35385944792573,11.086266175584385],[106.35379118454246,11.086294498903456]]]}},{"type":"Feature","properties":{"source":"Microsoft Global ML Building Footprints","source_release":"2026-08-13","source_region":"Vietnam","source_quadkey":"132230111","source_upload_date":"2026-08-13","source_height_raw":-1,"source_confidence_raw":-1,"height_m":null,"confidence":null,"area_m2":51.76},"geometry":{"type":"Polygon","coordinates":[[[106.35650529708388,11.090818851515422],[106.3565069868891,11.090888332484226],[106.35644533120052,11.09088977648753],[106.35644364129234,11.090820291286846],[106.35650529708388,11.090818851515422]]]}},{"type":"Feature","properties":{"source":"Microsoft Global ML Building Footprints","source_release":"2026-08-13","source_region":"Vietnam","source_quadkey":"132230111","source_upload_date":"2026-08-13","source_height_raw":-1,"source_confidence_raw":-1,"height_m":null,"confidence":null,"area_m2":100.26},"geometry":{"type":"Polygon","coordinates":[[[106.35033514114455,11.107126667012537],[106.35024853404747,11.10713927079614],[106.3502343503054,11.107045468297315],[106.35032095652244,11.107032858689806],[106.35033514114455,11.107126667012537]]]}},{"type":"Feature","properties":{"source":"Microsoft Global ML Building Footprints","source_release":"2026-08-13","source_region":"Vietnam","source_quadkey":"132230111","source_upload_date":"2026-08-13","source_height_raw":-1,"source_confidence_raw":-1,"height_m":null,"confidence":null,"area_m2":32.93},"geometry":{"type":"Polygon","coordinates":[[[106.35119027498074,11.085006302266578],[106.35120884222096,11.08505471945422],[106.3511595045367,11.085072943670724],[106.35114093729648,11.085024526486109],[106.35119027498074,11.085006302266578]]]}},{"type":"Feature","properties":{"source":"Microsoft Global ML Building Footprints","source_release":"2026-08-13","source_region":"Vietnam","source_quadkey":"132230111","source_upload_date":"2026-08-13","source_height_raw":-1,"source_confidence_raw":-1,"height_m":null,"confidence":null,"area_m2":215.02},"geometry":{"type":"Polygon","coordinates":[[[106.35648929567549,11.09342371583449],[106.356488575332,11.093450017797593],[106.3565593101701,11.093451878466027],[106.35655708291635,11.093533414688963],[106.35637482366502,11.09352862039033],[106.35637776938773,11.093420782153359],[106.35648929567549,11.09342371583449]]]}},{"type":"Feature","properties":{"source":"Microsoft Global ML Building Footprints","source_release":"2026-08-13","source_region":"Vietnam","source_quadkey":"132230111","source_upload_date":"2026-08-13","source_height_raw":-1,"source_confidence_raw":-1,"height_m":null,"confidence":null,"area_m2":35.56},"geometry":{"type":"Polygon","coordinates":[[[106.35656769588738,11.106618962450767],[106.35657397348602,11.106557968409945],[106.35662176544417,11.106562707984637],[106.35661548817994,11.106623698775337],[106.35656769588738,11.106618962450767]]]}},{"type":"Feature","properties":{"source":"Microsoft Global ML Building Footprints","source_release":"2026-08-13","source_region":"Vietnam","source_quadkey":"132230111","source_upload_date":"2026-08-13","source_height_raw":-1,"source_confidence_raw":-1,"height_m":null,"confidence":null,"area_m2":249.61},"geometry":{"type":"Polygon","coordinates":[[[106.35757249260537,11.090580999715172],[106.35751046063864,11.090589716619604],[106.35747886095533,11.090373059202975],[106.35755664766653,11.090362128389884],[106.35756704114273,11.090433354538831],[106.35760383790516,11.090428186279993],[106.3576196454729,11.09053651498796],[106.35756707866943,11.090543898212118],[106.35757249260537,11.090580999715172]]]}},{"type":"Feature","properties":{"source":"Microsoft Global ML Building Footprints","source_release":"2026-08-13","source_region":"Vietnam","source_quadkey":"132230111","source_upload_date":"2026-08-13","source_height_raw":-1,"source_confidence_raw":-1,"height_m":null,"confidence":null,"area_m2":162.91},"geometry":{"type":"Polygon","coordinates":[[[106.35238636190567,11.089958889452873],[106.3522096258375,11.089965905541362],[106.35220647891266,11.089889698908152],[106.3523832149808,11.089882682817858],[106.35238636190567,11.089958889452873]]]}},{"type":"Feature","properties":{"source":"Microsoft Global ML Building Footprints","source_release":"2026-08-13","source_region":"Vietnam","source_quadkey":"132230111","source_upload_date":"2026-08-13","source_height_raw":-1,"source_confidence_raw":-1,"height_m":null,"confidence":null,"area_m2":37.37},"geometry":{"type":"Polygon","coordinates":[[[106.34909193492722,11.08583525077978],[106.34915381135964,11.085823053714961],[106.34916365097405,11.08587112516362],[106.34910177454162,11.08588332222648],[106.34909193492722,11.08583525077978]]]}},{"type":"Feature","properties":{"source":"Microsoft Global ML Building Footprints","source_release":"2026-08-13","source_region":"Vietnam","source_quadkey":"132230111","source_upload_date":"2026-08-13","source_height_raw":-1,"source_confidence_raw":-1,"height_m":null,"confidence":null,"area_m2":33.48},"geometry":{"type":"Polygon","coordinates":[[[106.3503098922411,11.086811503504876],[106.3503307104358,11.086876111518094],[106.35029169607465,11.08688821798259],[106.35027087787996,11.086823609972043],[106.3503098922411,11.086811503504876]]]}},{"type":"Feature","properties":{"source":"Microsoft Global ML Building Footprints","source_release":"2026-08-13","source_region":"Vietnam","source_quadkey":"132230111","source_upload_date":"2026-08-13","source_height_raw":-1,"source_confidence_raw":-1,"height_m":null,"confidence":null,"area_m2":100.14},"geometry":{"type":"Polygon","coordinates":[[[106.35186437184198,11.085970695407141],[106.35172117156479,11.086016252954536],[106.35170386098406,11.085963852639168],[106.3518470612613,11.085918295083601],[106.35186437184198,11.085970695407141]]]}},{"type":"Feature","properties":{"source":"Microsoft Global ML Building Footprints","source_release":"2026-08-13","source_region":"Vietnam","source_quadkey":"132230111","source_upload_date":"2026-08-13","source_height_raw":-1,"source_confidence_raw":-1,"height_m":null,"confidence":null,"area_m2":105.09},"geometry":{"type":"Polygon","coordinates":[[[106.35300968018343,11.091496685307646],[106.35297294263775,11.09150204960875],[106.35293780145038,11.091270290949623],[106.35297453899608,11.091264926644271],[106.35300968018343,11.091496685307646]]]}},{"type":"Feature","properties":{"source":"Microsoft Global ML Building Footprints","source_release":"2026-08-13","source_region":"Vietnam","source_quadkey":"132230111","source_upload_date":"2026-08-13","source_height_raw":-1,"source_confidence_raw":-1,"height_m":null,"confidence":null,"area_m2":97.17},"geometry":{"type":"Polygon","coordinates":[[[106.35518509610256,11.099563763635132],[106.35532692860937,11.099557100791131],[106.35532968623498,11.099613709755772],[106.35518785325475,11.099620362879676],[106.35518509610256,11.099563763635132]]]}},{"type":"Feature","properties":{"source":"Microsoft Global ML Building Footprints","source_release":"2026-08-13","source_region":"Vietnam","source_quadkey":"132230111","source_upload_date":"2026-08-13","source_height_raw":-1,"source_confidence_raw":-1,"height_m":null,"confidence":null,"area_m2":53.94},"geometry":{"type":"Polygon","coordinates":[[[106.35698263510652,11.102808900670183],[106.35698010585763,11.102878296988592],[106.35691581491382,11.102876045121235],[106.35691834432342,11.102806644392487],[106.35698263510652,11.102808900670183]]]}},{"type":"Feature","properties":{"source":"Microsoft Global ML Building Footprints","source_release":"2026-08-13","source_region":"Vietnam","source_quadkey":"132230111","source_upload_date":"2026-08-13","source_height_raw":-1,"source_confidence_raw":-1,"height_m":null,"confidence":null,"area_m2":146.83},"geometry":{"type":"Polygon","coordinates":[[[106.34813768564064,11.088851452664912],[106.34809918837905,11.088859474783703],[106.34808719875971,11.088804066281355],[106.34799993830013,11.088822249753278],[106.3479835888192,11.088746692692368],[106.34810934654041,11.088720487093354],[106.34813768564064,11.088851452664912]]]}},{"type":"Feature","properties":{"source":"Microsoft Global ML Building Footprints","source_release":"2026-08-13","source_region":"Vietnam","source_quadkey":"132230111","source_upload_date":"2026-08-13","source_height_raw":-1,"source_confidence_raw":-1,"height_m":null,"confidence":null,"area_m2":190.88},"geometry":{"type":"Polygon","coordinates":[[[106.35002482562703,11.087001938868482],[106.35010991318359,11.086979567918519],[106.35015723456833,11.087152898315452],[106.35007214850037,11.087175274704691],[106.35002482562703,11.087001938868482]]]}},{"type":"Feature","properties":{"source":"Microsoft Global ML Building Footprints","source_release":"2026-08-13","source_region":"Vietnam","source_quadkey":"132230111","source_upload_date":"2026-08-13","source_height_raw":-1,"source_confidence_raw":-1,"height_m":null,"confidence":null,"area_m2":52.38},"geometry":{"type":"Polygon","coordinates":[[[106.35694196165295,11.0909480267579],[106.35698378677984,11.090949399869174],[106.35698026265385,11.091052989531349],[106.35693843004927,11.091051619048201],[106.35694196165295,11.0909480267579]]]}},{"type":"Feature","properties":{"source":"Microsoft Global ML Building Footprints","source_release":"2026-08-13","source_region":"Vietnam","source_quadkey":"132230111","source_upload_date":"2026-08-13","source_height_raw":-1,"source_confidence_raw":-1,"height_m":null,"confidence":null,"area_m2":110.02},"geometry":{"type":"Polygon","coordinates":[[[106.34768611407857,11.098237188516777],[106.34781432275813,11.098185078386535],[106.34783992610164,11.09824573726415],[106.34771171742213,11.098297847383577],[106.34768611407857,11.098237188516777]]]}},{"type":"Feature","properties":{"source":"Microsoft Global ML Building Footprints","source_release":"2026-08-13","source_region":"Vietnam","source_quadkey":"132230111","source_upload_date":"2026-08-13","source_height_raw":-1,"source_confidence_raw":-1,"height_m":null,"confidence":null,"area_m2":120.46},"geometry":{"type":"Polygon","coordinates":[[[106.35001661914055,11.087611676927395],[106.34993598179766,11.087629106167853],[106.34990950031445,11.087511119202588],[106.34999012963195,11.08749369168973],[106.35001661914055,11.087611676927395]]]}},{"type":"Feature","properties":{"source":"Microsoft Global ML Building Footprints","source_release":"2026-08-13","source_region":"Vietnam","source_quadkey":"132230111","source_upload_date":"2026-08-13","source_height_raw":-1,"source_confidence_raw":-1,"height_m":null,"confidence":null,"area_m2":78.86},"geometry":{"type":"Polygon","coordinates":[[[106.35071608768547,11.087298751917785],[106.35076887813229,11.087292163877322],[106.35078465448787,11.087413905910026],[106.35073186404105,11.087420493947732],[106.35071608768547,11.087298751917785]]]}},{"type":"Feature","properties":{"source":"Microsoft Global ML Building Footprints","source_release":"2026-08-13","source_region":"Vietnam","source_quadkey":"132230111","source_upload_date":"2026-08-13","source_height_raw":-1,"source_confidence_raw":-1,"height_m":null,"confidence":null,"area_m2":30.79},"geometry":{"type":"Polygon","coordinates":[[[106.3509952588706,11.088351826864383],[106.35093471322062,11.088359998141115],[106.35092892071846,11.088318665707575],[106.35098946636843,11.08831049442972],[106.3509952588706,11.088351826864383]]]}},{"type":"Feature","properties":{"source":"Microsoft Global ML Building Footprints","source_release":"2026-08-13","source_region":"Vietnam","source_quadkey":"132230111","source_upload_date":"2026-08-13","source_height_raw":-1,"source_confidence_raw":-1,"height_m":null,"confidence":null,"area_m2":234.5},"geometry":{"type":"Polygon","coordinates":[[[106.35037283039887,11.111836985205585],[106.35053324363916,11.111814742580336],[106.35055032875505,11.111933442135793],[106.35038991551471,11.111955684752033],[106.35037283039887,11.111836985205585]]]}},{"type":"Feature","properties":{"source":"Microsoft Global ML Building Footprints","source_release":"2026-08-13","source_region":"Vietnam","source_quadkey":"132230111","source_upload_date":"2026-08-13","source_height_raw":-1,"source_confidence_raw":-1,"height_m":null,"confidence":null,"area_m2":78.72},"geometry":{"type":"Polygon","coordinates":[[[106.35211353154365,11.089250729552234],[106.35212114784312,11.08932772294635],[106.35203726610546,11.089335713683553],[106.3520296546818,11.089258714066219],[106.35211353154365,11.089250729552234]]]}},{"type":"Feature","properties":{"source":"Microsoft Global ML Building Footprints","source_release":"2026-08-13","source_region":"Vietnam","source_quadkey":"132230111","source_upload_date":"2026-08-13","source_height_raw":-1,"source_confidence_raw":-1,"height_m":null,"confidence":null,"area_m2":166.42},"geometry":{"type":"Polygon","coordinates":[[[106.35307546997748,11.091239542873524],[106.3531547968438,11.0912365572091],[106.35316157649396,11.09141002131328],[106.35308223727417,11.091413007440877],[106.35307546997748,11.091239542873524]]]}},{"type":"Feature","properties":{"source":"Microsoft Global ML Building Footprints","source_release":"2026-08-13","source_region":"Vietnam","source_quadkey":"132230111","source_upload_date":"2026-08-13","source_height_raw":-1,"source_confidence_raw":-1,"height_m":null,"confidence":null,"area_m2":258.66},"geometry":{"type":"Polygon","coordinates":[[[106.35722089540604,11.090227537957475],[106.35738697491756,11.090221640725062],[106.3573917243263,11.090350445938213],[106.3572256448148,11.090356343168025],[106.35722089540604,11.090227537957475]]]}},{"type":"Feature","properties":{"source":"Microsoft Global ML Building Footprints","source_release":"2026-08-13","source_region":"Vietnam","source_quadkey":"132230111","source_upload_date":"2026-08-13","source_height_raw":-1,"source_confidence_raw":-1,"height_m":null,"confidence":null,"area_m2":120.03},"geometry":{"type":"Polygon","coordinates":[[[106.34962159830258,11.087927753306772],[106.34968560510347,11.087904981318488],[106.34973631266044,11.08804223714705],[106.34967230585954,11.08806500912462],[106.34962159830258,11.087927753306772]]]}},{"type":"Feature","properties":{"source":"Microsoft Global ML Building Footprints","source_release":"2026-08-13","source_region":"Vietnam","source_quadkey":"132230111","source_upload_date":"2026-08-13","source_height_raw":-1,"source_confidence_raw":-1,"height_m":null,"confidence":null,"area_m2":110.34},"geometry":{"type":"Polygon","coordinates":[[[106.35210403136173,11.090614732141233],[106.35213475023379,11.090712068671863],[106.35204908905595,11.09073810251084],[106.35201836848958,11.090640760620317],[106.35210403136173,11.090614732141233]]]}},{"type":"Feature","properties":{"source":"Microsoft Global ML Building Footprints","source_release":"2026-08-13","source_region":"Vietnam","source_quadkey":"132230111","source_upload_date":"2026-08-13","source_height_raw":-1,"source_confidence_raw":-1,"height_m":null,"confidence":null,"area_m2":58.35},"geometry":{"type":"Polygon","coordinates":[[[106.34844931262177,11.088717278198274],[106.34838285903254,11.088723485476692],[106.34837587474988,11.08865142632257],[106.34844232877751,11.088645223565848],[106.34844931262177,11.088717278198274]]]}},{"type":"Feature","properties":{"source":"Microsoft Global ML Building Footprints","source_release":"2026-08-13","source_region":"Vietnam","source_quadkey":"132230111","source_upload_date":"2026-08-13","source_height_raw":-1,"source_confidence_raw":-1,"height_m":null,"confidence":null,"area_m2":233.81},"geometry":{"type":"Polygon","coordinates":[[[106.35726781903472,11.091059385377235],[106.35726193494285,11.090801567552319],[106.35733699914312,11.090799917781453],[106.35734288323496,11.091057735607833],[106.35726781903472,11.091059385377235]]]}},{"type":"Feature","properties":{"source":"Microsoft Global ML Building Footprints","source_release":"2026-08-13","source_region":"Vietnam","source_quadkey":"132230111","source_upload_date":"2026-08-13","source_height_raw":-1,"source_confidence_raw":-1,"height_m":null,"confidence":null,"area_m2":48.25},"geometry":{"type":"Polygon","coordinates":[[[106.35737250221476,11.102258370941684],[106.35739211520128,11.10219878570014],[106.35745283683764,11.102218027464104],[106.35743322385107,11.102277612701727],[106.35737250221476,11.102258370941684]]]}},{"type":"Feature","properties":{"source":"Microsoft Global ML Building Footprints","source_release":"2026-08-13","source_region":"Vietnam","source_quadkey":"132230111","source_upload_date":"2026-08-13","source_height_raw":-1,"source_confidence_raw":-1,"height_m":null,"confidence":null,"area_m2":38.02},"geometry":{"type":"Polygon","coordinates":[[[106.3488024320316,11.084641383766481],[106.34888786460515,11.084622642093763],[106.3488958593829,11.084657738633766],[106.3488104244254,11.084676480827198],[106.3488024320316,11.084641383766481]]]}},{"type":"Feature","properties":{"source":"Microsoft Global ML Building Footprints","source_release":"2026-08-13","source_region":"Vietnam","source_quadkey":"132230111","source_upload_date":"2026-08-13","source_height_raw":-1,"source_confidence_raw":-1,"height_m":null,"confidence":null,"area_m2":16.59},"geometry":{"type":"Polygon","coordinates":[[[106.35385833612631,11.111511924352484],[106.35385672645396,11.111477782355223],[106.353896873665,11.111475959857998],[106.35389848333735,11.111510101855472],[106.35385833612631,11.111511924352484]]]}},{"type":"Feature","properties":{"source":"Microsoft Global ML Building Footprints","source_release":"2026-08-13","source_region":"Vietnam","source_quadkey":"132230111","source_upload_date":"2026-08-13","source_height_raw":-1,"source_confidence_raw":-1,"height_m":null,"confidence":null,"area_m2":161.94},"geometry":{"type":"Polygon","coordinates":[[[106.34846113205893,11.091022640943294],[106.34846928346376,11.091101790511658],[106.34834980356841,11.091113631869163],[106.34834782467253,11.091094416932123],[106.34828410250786,11.091100736655335],[106.34827793083545,11.091040810151625],[106.34846113205893,11.091022640943294]]]}},{"type":"Feature","properties":{"source":"Microsoft Global ML Building Footprints","source_release":"2026-08-13","source_region":"Vietnam","source_quadkey":"132230111","source_upload_date":"2026-08-13","source_height_raw":-1,"source_confidence_raw":-1,"height_m":null,"confidence":null,"area_m2":71.61},"geometry":{"type":"Polygon","coordinates":[[[106.34893134649023,11.084441649020079],[106.34898326179305,11.084429600496748],[106.34900932838202,11.084537766071918],[106.34895740495973,11.084549812908904],[106.34893134649023,11.084441649020079]]]}},{"type":"Feature","properties":{"source":"Microsoft Global ML Building Footprints","source_release":"2026-08-13","source_region":"Vietnam","source_quadkey":"132230111","source_upload_date":"2026-08-13","source_height_raw":-1,"source_confidence_raw":-1,"height_m":null,"confidence":null,"area_m2":128.09},"geometry":{"type":"Polygon","coordinates":[[[106.35140432961703,11.091422774815285],[106.35135609395009,11.091424205987494],[106.35134932472751,11.091204501991939],[106.35139756049637,11.091203074128558],[106.35140432961703,11.091422774815285]]]}},{"type":"Feature","properties":{"source":"Microsoft Global ML Building Footprints","source_release":"2026-08-13","source_region":"Vietnam","source_quadkey":"132230111","source_upload_date":"2026-08-13","source_height_raw":-1,"source_confidence_raw":-1,"height_m":null,"confidence":null,"area_m2":169.09},"geometry":{"type":"Polygon","coordinates":[[[106.35190957775217,11.086946532531456],[106.35202276847784,11.086917923365647],[106.35205451314569,11.087038875159948],[106.35195641451679,11.087063669760212],[106.3519466967613,11.087026643709194],[106.35193160466457,11.08703045826337],[106.35190957775217,11.086946532531456]]]}},{"type":"Feature","properties":{"source":"Microsoft Global ML Building Footprints","source_release":"2026-08-13","source_region":"Vietnam","source_quadkey":"132230111","source_upload_date":"2026-08-13","source_height_raw":-1,"source_confidence_raw":-1,"height_m":null,"confidence":null,"area_m2":30.32},"geometry":{"type":"Polygon","coordinates":[[[106.35153573374453,11.084746328341112],[106.35147436164154,11.084756655642721],[106.35146741681186,11.084716910121927],[106.35152879238376,11.084706586450679],[106.35153573374453,11.084746328341112]]]}},{"type":"Feature","properties":{"source":"Microsoft Global ML Building Footprints","source_release":"2026-08-13","source_region":"Vietnam","source_quadkey":"132230111","source_upload_date":"2026-08-13","source_height_raw":-1,"source_confidence_raw":-1,"height_m":null,"confidence":null,"area_m2":100.82},"geometry":{"type":"Polygon","coordinates":[[[106.35567336767869,11.104544044376567],[106.3555742291503,11.104540905575803],[106.35557699558362,11.104456769435984],[106.355676134112,11.104459908237644],[106.35567336767869,11.104544044376567]]]}},{"type":"Feature","properties":{"source":"Microsoft Global ML Building Footprints","source_release":"2026-08-13","source_region":"Vietnam","source_quadkey":"132230111","source_upload_date":"2026-08-13","source_height_raw":-1,"source_confidence_raw":-1,"height_m":null,"confidence":null,"area_m2":24.54},"geometry":{"type":"Polygon","coordinates":[[[106.35617876385268,11.097213891285321],[106.35617804110234,11.097245460035253],[106.35611370056121,11.097244041562647],[106.35611442331154,11.097212472812572],[106.35617876385268,11.097213891285321]]]}},{"type":"Feature","properties":{"source":"Microsoft Global ML Building Footprints","source_release":"2026-08-13","source_region":"Vietnam","source_quadkey":"132230111","source_upload_date":"2026-08-13","source_height_raw":-1,"source_confidence_raw":-1,"height_m":null,"confidence":null,"area_m2":61.47},"geometry":{"type":"Polygon","coordinates":[[[106.34975404178061,11.088252121836277],[106.34982842418196,11.08822706340976],[106.34984984072742,11.088288284048147],[106.34977545832606,11.08831334246942],[106.34975404178061,11.088252121836277]]]}},{"type":"Feature","properties":{"source":"Microsoft Global ML Building Footprints","source_release":"2026-08-13","source_region":"Vietnam","source_quadkey":"132230111","source_upload_date":"2026-08-13","source_height_raw":-1,"source_confidence_raw":-1,"height_m":null,"confidence":null,"area_m2":566.11},"geometry":{"type":"Polygon","coordinates":[[[106.35154082168648,11.090894799934418],[106.35145887593157,11.090912309166669],[106.35148315478514,11.091021732914513],[106.35139352791974,11.091040889506019],[106.35133412039495,11.090773142294154],[106.35143143097886,11.09075235007083],[106.35142027943374,11.09070209049564],[106.3514115841271,11.090703948410635],[106.35140073348371,11.090655060694274],[106.35148369425258,11.09063732887192],[106.35154082168648,11.090894799934418]]]}},{"type":"Feature","properties":{"source":"Microsoft Global ML Building Footprints","source_release":"2026-08-13","source_region":"Vietnam","source_quadkey":"132230111","source_upload_date":"2026-08-13","source_height_raw":-1,"source_confidence_raw":-1,"height_m":null,"confidence":null,"area_m2":43.85},"geometry":{"type":"Polygon","coordinates":[[[106.35229146765838,11.08826555466591],[106.35235715764695,11.088252217972212],[106.35236833615467,11.088305223348456],[106.35230264254088,11.088318560775775],[106.35229146765838,11.08826555466591]]]}},{"type":"Feature","properties":{"source":"Microsoft Global ML Building Footprints","source_release":"2026-08-13","source_region":"Vietnam","source_quadkey":"132230111","source_upload_date":"2026-08-13","source_height_raw":-1,"source_confidence_raw":-1,"height_m":null,"confidence":null,"area_m2":136.28},"geometry":{"type":"Polygon","coordinates":[[[106.3478394859558,11.096721287211565],[106.34786834561879,11.096800674584628],[106.34774223692841,11.09684482059734],[106.34771337726544,11.096765433236286],[106.3478394859558,11.096721287211565]]]}},{"type":"Feature","properties":{"source":"Microsoft Global ML Building Footprints","source_release":"2026-08-13","source_region":"Vietnam","source_quadkey":"132230111","source_upload_date":"2026-08-13","source_height_raw":-1,"source_confidence_raw":-1,"height_m":null,"confidence":null,"area_m2":40.15},"geometry":{"type":"Polygon","coordinates":[[[106.35101237382665,11.086582484691633],[106.3509399619002,11.086581748622052],[106.35094044317981,11.086535842553047],[106.35101285515839,11.086536573649838],[106.35101237382665,11.086582484691633]]]}},{"type":"Feature","properties":{"source":"Microsoft Global ML Building Footprints","source_release":"2026-08-13","source_region":"Vietnam","source_quadkey":"132230111","source_upload_date":"2026-08-13","source_height_raw":-1,"source_confidence_raw":-1,"height_m":null,"confidence":null,"area_m2":48.71},"geometry":{"type":"Polygon","coordinates":[[[106.35236406242706,11.083998997712541],[106.35237791905607,11.084067361676489],[106.35232115624773,11.08407844165012],[106.35230729961869,11.084010077688731],[106.35236406242706,11.083998997712541]]]}},{"type":"Feature","properties":{"source":"Microsoft Global ML Building Footprints","source_release":"2026-08-13","source_region":"Vietnam","source_quadkey":"132230111","source_upload_date":"2026-08-13","source_height_raw":-1,"source_confidence_raw":-1,"height_m":null,"confidence":null,"area_m2":40.89},"geometry":{"type":"Polygon","coordinates":[[[106.34802448549749,11.086511080026298],[106.34808881156569,11.086509374645118],[106.34809025974262,11.086561979317878],[106.34802593367444,11.08656368469876],[106.34802448549749,11.086511080026298]]]}},{"type":"Feature","properties":{"source":"Microsoft Global ML Building Footprints","source_release":"2026-08-13","source_region":"Vietnam","source_quadkey":"132230111","source_upload_date":"2026-08-13","source_height_raw":-1,"source_confidence_raw":-1,"height_m":null,"confidence":null,"area_m2":62.68},"geometry":{"type":"Polygon","coordinates":[[[106.34915630639826,11.102422456393668],[106.34905770327914,11.102451169487892],[106.34904306946659,11.102402790631288],[106.34914167258566,11.102374077532303],[106.34915630639826,11.102422456393668]]]}},{"type":"Feature","properties":{"source":"Microsoft Global ML Building Footprints","source_release":"2026-08-13","source_region":"Vietnam","source_quadkey":"132230111","source_upload_date":"2026-08-13","source_height_raw":-1,"source_confidence_raw":-1,"height_m":null,"confidence":null,"area_m2":367.63},"geometry":{"type":"Polygon","coordinates":[[[106.3515096877405,11.084129007972095],[106.35151980292255,11.084168636282456],[106.3515399937191,11.084163673036556],[106.35155832748661,11.084235499336557],[106.35150027894659,11.084249768664733],[106.35151229072532,11.084296827263245],[106.35136733331106,11.084332460276656],[106.3513268832205,11.084173944476944],[106.3515096877405,11.084129007972095]]]}},{"type":"Feature","properties":{"source":"Microsoft Global ML Building Footprints","source_release":"2026-08-13","source_region":"Vietnam","source_quadkey":"132230111","source_upload_date":"2026-08-13","source_height_raw":-1,"source_confidence_raw":-1,"height_m":null,"confidence":null,"area_m2":348.09},"geometry":{"type":"Polygon","coordinates":[[[106.3510123295922,11.084874839574496],[106.35124803108539,11.08479849366475],[106.35128990494138,11.084922991457034],[106.35112675469863,11.084975826114771],[106.35111123226808,11.084929665627726],[106.35103866961268,11.084953169339485],[106.3510123295922,11.084874839574496]]]}},{"type":"Feature","properties":{"source":"Microsoft Global ML Building Footprints","source_release":"2026-08-13","source_region":"Vietnam","source_quadkey":"132230111","source_upload_date":"2026-08-13","source_height_raw":-1,"source_confidence_raw":-1,"height_m":null,"confidence":null,"area_m2":142.74},"geometry":{"type":"Polygon","coordinates":[[[106.3510153203647,11.088299404684918],[106.35106815519573,11.08828607604724],[106.35112313072774,11.08849593899103],[106.3510702958967,11.08850926761913],[106.3510153203647,11.088299404684918]]]}},{"type":"Feature","properties":{"source":"Microsoft Global ML Building Footprints","source_release":"2026-08-13","source_region":"Vietnam","source_quadkey":"132230111","source_upload_date":"2026-08-13","source_height_raw":-1,"source_confidence_raw":-1,"height_m":null,"confidence":null,"area_m2":107.92},"geometry":{"type":"Polygon","coordinates":[[[106.35142296668904,11.08816704246685],[106.35145028329825,11.088325705951107],[106.35139552012933,11.088334785625861],[106.35136820352012,11.088176122146535],[106.35142296668904,11.08816704246685]]]}},{"type":"Feature","properties":{"source":"Microsoft Global ML Building Footprints","source_release":"2026-08-13","source_region":"Vietnam","source_quadkey":"132230111","source_upload_date":"2026-08-13","source_height_raw":-1,"source_confidence_raw":-1,"height_m":null,"confidence":null,"area_m2":52.4},"geometry":{"type":"Polygon","coordinates":[[[106.35238090056018,11.090822335390484],[106.35232771309188,11.090827171966907],[106.35232007372157,11.090746271083418],[106.35237326118988,11.09074143450566],[106.35238090056018,11.090822335390484]]]}},{"type":"Feature","properties":{"source":"Microsoft Global ML Building Footprints","source_release":"2026-08-13","source_region":"Vietnam","source_quadkey":"132230111","source_upload_date":"2026-08-13","source_height_raw":-1,"source_confidence_raw":-1,"height_m":null,"confidence":null,"area_m2":165.37},"geometry":{"type":"Polygon","coordinates":[[[106.35148685057243,11.092497507439916],[106.35130743364742,11.092504605246361],[106.35130430841004,11.092428397984833],[106.35148372533507,11.092421300176554],[106.35148685057243,11.092497507439916]]]}},{"type":"Feature","properties":{"source":"Microsoft Global ML Building Footprints","source_release":"2026-08-13","source_region":"Vietnam","source_quadkey":"132230111","source_upload_date":"2026-08-13","source_height_raw":-1,"source_confidence_raw":-1,"height_m":null,"confidence":null,"area_m2":180.96},"geometry":{"type":"Polygon","coordinates":[[[106.35189683677777,11.086944309186649],[106.35191608641729,11.087015637313243],[106.3518634526796,11.087029320160937],[106.35184783128975,11.086971436251162],[106.35186413575623,11.08696719880497],[106.35184288916135,11.086888491892651],[106.35200329674281,11.086846802780457],[106.3520209111306,11.086912054380164],[106.35189683677777,11.086944309186649]]]}},{"type":"Feature","properties":{"source":"Microsoft Global ML Building Footprints","source_release":"2026-08-13","source_region":"Vietnam","source_quadkey":"132230111","source_upload_date":"2026-08-13","source_height_raw":-1,"source_confidence_raw":-1,"height_m":null,"confidence":null,"area_m2":226.55},"geometry":{"type":"Polygon","coordinates":[[[106.35649145158527,11.094597102921185],[106.35649244990262,11.094526050240674],[106.35654876558613,11.09452681219831],[106.35654602945712,11.094721549132814],[106.35645753338302,11.094720351771613],[106.35645816195321,11.094675614919566],[106.35640989136732,11.094674961813354],[106.35641100060883,11.094596014410513],[106.35649145158527,11.094597102921185]]]}},{"type":"Feature","properties":{"source":"Microsoft Global ML Building Footprints","source_release":"2026-08-13","source_region":"Vietnam","source_quadkey":"132230111","source_upload_date":"2026-08-13","source_height_raw":-1,"source_confidence_raw":-1,"height_m":null,"confidence":null,"area_m2":89.98},"geometry":{"type":"Polygon","coordinates":[[[106.35105368905177,11.090844092690318],[106.35109658469577,11.090829179310987],[106.35115230780254,11.090983525777858],[106.35110941215854,11.090998439149317],[106.35105368905177,11.090844092690318]]]}},{"type":"Feature","properties":{"source":"Microsoft Global ML Building Footprints","source_release":"2026-08-13","source_region":"Vietnam","source_quadkey":"132230111","source_upload_date":"2026-08-13","source_height_raw":-1,"source_confidence_raw":-1,"height_m":null,"confidence":null,"area_m2":184.86},"geometry":{"type":"Polygon","coordinates":[[[106.35242918884936,11.103275322059645],[106.3525028160124,11.10332218680874],[106.35240607399612,11.103468537255722],[106.35233244683307,11.103421672530118],[106.35242918884936,11.103275322059645]]]}},{"type":"Feature","properties":{"source":"Microsoft Global ML Building Footprints","source_release":"2026-08-13","source_region":"Vietnam","source_quadkey":"132230111","source_upload_date":"2026-08-13","source_height_raw":-1,"source_confidence_raw":-1,"height_m":null,"confidence":null,"area_m2":156.98},"geometry":{"type":"Polygon","coordinates":[[[106.34786922882725,11.086078821771508],[106.34791906071379,11.086240373563555],[106.34784534855834,11.086262269965957],[106.34779551667184,11.086100718186017],[106.34786922882725,11.086078821771508]]]}},{"type":"Feature","properties":{"source":"Microsoft Global ML Building Footprints","source_release":"2026-08-13","source_region":"Vietnam","source_quadkey":"132230111","source_upload_date":"2026-08-13","source_height_raw":-1,"source_confidence_raw":-1,"height_m":null,"confidence":null,"area_m2":31.54},"geometry":{"type":"Polygon","coordinates":[[[106.3487461675351,11.089777445837058],[106.34869393488147,11.089799257458878],[106.34867557372658,11.089756914461105],[106.34872780638027,11.08973510283613],[106.3487461675351,11.089777445837058]]]}},{"type":"Feature","properties":{"source":"Microsoft Global ML Building Footprints","source_release":"2026-08-13","source_region":"Vietnam","source_quadkey":"132230111","source_upload_date":"2026-08-13","source_height_raw":-1,"source_confidence_raw":-1,"height_m":null,"confidence":null,"area_m2":353.56},"geometry":{"type":"Polygon","coordinates":[[[106.34960482535895,11.086978841313694],[106.34941886239672,11.087035435865701],[106.34938395632288,11.086924980047428],[106.34944757523098,11.086905618747252],[106.34943163984946,11.086855193247786],[106.34955398390355,11.086817959968187],[106.34960482535895,11.086978841313694]]]}},{"type":"Feature","properties":{"source":"Microsoft Global ML Building Footprints","source_release":"2026-08-13","source_region":"Vietnam","source_quadkey":"132230111","source_upload_date":"2026-08-13","source_height_raw":-1,"source_confidence_raw":-1,"height_m":null,"confidence":null,"area_m2":55.16},"geometry":{"type":"Polygon","coordinates":[[[106.35036124957509,11.110327424574777],[106.35037076461388,11.110256465589757],[106.3504340426786,11.11026463125954],[106.35042452706702,11.110335594514382],[106.35036124957509,11.110327424574777]]]}},{"type":"Feature","properties":{"source":"Microsoft Global ML Building Footprints","source_release":"2026-08-13","source_region":"Vietnam","source_quadkey":"132230111","source_upload_date":"2026-08-13","source_height_raw":-1,"source_confidence_raw":-1,"height_m":null,"confidence":null,"area_m2":89.54},"geometry":{"type":"Polygon","coordinates":[[[106.35071097098,11.091131478808236],[106.35066066881701,11.091146030560964],[106.3506199212479,11.091010420003286],[106.35067023230945,11.090995865669598],[106.35071097098,11.091131478808236]]]}},{"type":"Feature","properties":{"source":"Microsoft Global ML Building Footprints","source_release":"2026-08-13","source_region":"Vietnam","source_quadkey":"132230111","source_upload_date":"2026-08-13","source_height_raw":-1,"source_confidence_raw":-1,"height_m":null,"confidence":null,"area_m2":197.68},"geometry":{"type":"Polygon","coordinates":[[[106.3507901363007,11.08325194124913],[106.35078824290727,11.083175653191802],[106.35100269241278,11.08317052745376],[106.35100458580618,11.08324681551241],[106.3507901363007,11.08325194124913]]]}},{"type":"Feature","properties":{"source":"Microsoft Global ML Building Footprints","source_release":"2026-08-13","source_region":"Vietnam","source_quadkey":"132230111","source_upload_date":"2026-08-13","source_height_raw":-1,"source_confidence_raw":-1,"height_m":null,"confidence":null,"area_m2":94.49},"geometry":{"type":"Polygon","coordinates":[[[106.35141504654702,11.091304373456964],[106.35146590148092,11.091302082183248],[106.3514730741429,11.091455622302192],[106.35142221904613,11.091457910089233],[106.35141504654702,11.091304373456964]]]}},{"type":"Feature","properties":{"source":"Microsoft Global ML Building Footprints","source_release":"2026-08-13","source_region":"Vietnam","source_quadkey":"132230111","source_upload_date":"2026-08-13","source_height_raw":-1,"source_confidence_raw":-1,"height_m":null,"confidence":null,"area_m2":147.82},"geometry":{"type":"Polygon","coordinates":[[[106.35257274198996,11.112128077402716],[106.35257765164712,11.112034932575085],[106.35270872971161,11.112041576054281],[106.35270381958122,11.112134729857786],[106.35257274198996,11.112128077402716]]]}},{"type":"Feature","properties":{"source":"Microsoft Global ML Building Footprints","source_release":"2026-08-13","source_region":"Vietnam","source_quadkey":"132230111","source_upload_date":"2026-08-13","source_height_raw":-1,"source_confidence_raw":-1,"height_m":null,"confidence":null,"area_m2":26.54},"geometry":{"type":"Polygon","coordinates":[[[106.35713495008648,11.087797155165433],[106.35716167335535,11.087849929081727],[106.35712826874834,11.087866216366876],[106.35710154849814,11.087813440981677],[106.35713495008648,11.087797155165433]]]}},{"type":"Feature","properties":{"source":"Microsoft Global ML Building Footprints","source_release":"2026-08-13","source_region":"Vietnam","source_quadkey":"132230111","source_upload_date":"2026-08-13","source_height_raw":-1,"source_confidence_raw":-1,"height_m":null,"confidence":null,"area_m2":177.53},"geometry":{"type":"Polygon","coordinates":[[[106.35006045135009,11.087361165400793],[106.35012243580242,11.08755361520349],[106.35005298774428,11.087575155894612],[106.34999099221056,11.087382714313847],[106.35006045135009,11.087361165400793]]]}},{"type":"Feature","properties":{"source":"Microsoft Global ML Building Footprints","source_release":"2026-08-13","source_region":"Vietnam","source_quadkey":"132230111","source_upload_date":"2026-08-13","source_height_raw":-1,"source_confidence_raw":-1,"height_m":null,"confidence":null,"area_m2":29.35},"geometry":{"type":"Polygon","coordinates":[[[106.35117767238953,11.090720356168518],[106.35121615257827,11.090718157289032],[106.35121988839558,11.090781114581432],[106.35118141268177,11.09078331320471],[106.35117767238953,11.090720356168518]]]}},{"type":"Feature","properties":{"source":"Microsoft Global ML Building Footprints","source_release":"2026-08-13","source_region":"Vietnam","source_quadkey":"132230111","source_upload_date":"2026-08-13","source_height_raw":-1,"source_confidence_raw":-1,"height_m":null,"confidence":null,"area_m2":405.82},"geometry":{"type":"Polygon","coordinates":[[[106.3513919329284,11.085809656542565],[106.35131774640547,11.085830837872493],[106.35133213579404,11.085879372682143],[106.3512653679234,11.085898435874583],[106.3512301139214,11.085779525584357],[106.35153427866544,11.085692682106725],[106.35156665478974,11.085801885468769],[106.35140344443926,11.085848484393765],[106.3513919329284,11.085809656542565]]]}},{"type":"Feature","properties":{"source":"Microsoft Global ML Building Footprints","source_release":"2026-08-13","source_region":"Vietnam","source_quadkey":"132230111","source_upload_date":"2026-08-13","source_height_raw":-1,"source_confidence_raw":-1,"height_m":null,"confidence":null,"area_m2":154.93},"geometry":{"type":"Polygon","coordinates":[[[106.35155233005446,11.088813534833676],[106.35170465076594,11.088768256547212],[106.35172846480488,11.088845405926705],[106.3515761440934,11.088890684201232],[106.35155233005446,11.088813534833676]]]}},{"type":"Feature","properties":{"source":"Microsoft Global ML Building Footprints","source_release":"2026-08-13","source_region":"Vietnam","source_quadkey":"132230111","source_upload_date":"2026-08-13","source_height_raw":-1,"source_confidence_raw":-1,"height_m":null,"confidence":null,"area_m2":622.22},"geometry":{"type":"Polygon","coordinates":[[[106.35186315219865,11.088486947094935],[106.3516409796672,11.088532541877157],[106.35161381853868,11.08840508761898],[106.35191449177795,11.088343403354727],[106.35192821324723,11.088407791704569],[106.35200648232545,11.088391729129725],[106.35202822504598,11.088493791543016],[106.35187146158685,11.088525952150889],[106.35186315219865,11.088486947094935]]]}},{"type":"Feature","properties":{"source":"Microsoft Global ML Building Footprints","source_release":"2026-08-13","source_region":"Vietnam","source_quadkey":"132230111","source_upload_date":"2026-08-13","source_height_raw":-1,"source_confidence_raw":-1,"height_m":null,"confidence":null,"area_m2":382.74},"geometry":{"type":"Polygon","coordinates":[[[106.35633160030477,11.093951400378401],[106.3563348586261,11.093713457972768],[106.35650112556124,11.09371565049284],[106.35649932373052,11.093847231135527],[106.35642531173306,11.093846255158468],[106.35642386291333,11.093952610684426],[106.35633160030477,11.093951400378401]]]}},{"type":"Feature","properties":{"source":"Microsoft Global ML Building Footprints","source_release":"2026-08-13","source_region":"Vietnam","source_quadkey":"132230111","source_upload_date":"2026-08-13","source_height_raw":-1,"source_confidence_raw":-1,"height_m":null,"confidence":null,"area_m2":244.67},"geometry":{"type":"Polygon","coordinates":[[[106.34767878503068,11.091414377685382],[106.34771074948856,11.09140674219735],[106.34768754727529,11.0913132053617],[106.34774072366682,11.091300506535248],[106.3478120029063,11.09158785983692],[106.34777496183509,11.091596707991968],[106.34776285901494,11.091547902981532],[106.34771474626803,11.091559392570957],[106.34767878503068,11.091414377685382]]]}},{"type":"Feature","properties":{"source":"Microsoft Global ML Building Footprints","source_release":"2026-08-13","source_region":"Vietnam","source_quadkey":"132230111","source_upload_date":"2026-08-13","source_height_raw":-1,"source_confidence_raw":-1,"height_m":null,"confidence":null,"area_m2":68.89},"geometry":{"type":"Polygon","coordinates":[[[106.34814058245126,11.088926760596038],[106.34803736942406,11.088959731010007],[106.34802079409351,11.088909751075079],[106.34812400389761,11.088876781685016],[106.34814058245126,11.088926760596038]]]}},{"type":"Feature","properties":{"source":"Microsoft Global ML Building Footprints","source_release":"2026-08-13","source_region":"Vietnam","source_quadkey":"132230111","source_upload_date":"2026-08-13","source_height_raw":-1,"source_confidence_raw":-1,"height_m":null,"confidence":null,"area_m2":254.68},"geometry":{"type":"Polygon","coordinates":[[[106.34839884030565,11.089271631190542],[106.34820805850644,11.08932796218268],[106.34817698375312,11.089226588036354],[106.34836775892246,11.089170258982236],[106.34839884030565,11.089271631190542]]]}},{"type":"Feature","properties":{"source":"Microsoft Global ML Building Footprints","source_release":"2026-08-13","source_region":"Vietnam","source_quadkey":"132230111","source_upload_date":"2026-08-13","source_height_raw":-1,"source_confidence_raw":-1,"height_m":null,"confidence":null,"area_m2":178.57},"geometry":{"type":"Polygon","coordinates":[[[106.34923864138372,11.098331164303033],[106.349316676365,11.098317647810276],[106.34934973418521,11.098501429182349],[106.34927169920388,11.098514945666551],[106.34923864138372,11.098331164303033]]]}},{"type":"Feature","properties":{"source":"Microsoft Global ML Building Footprints","source_release":"2026-08-13","source_region":"Vietnam","source_quadkey":"132230111","source_upload_date":"2026-08-13","source_height_raw":-1,"source_confidence_raw":-1,"height_m":null,"confidence":null,"area_m2":175.07},"geometry":{"type":"Polygon","coordinates":[[[106.35489716953025,11.106681836488946],[106.35490910292772,11.106424435034995],[106.35496531316399,11.106426940438396],[106.35495337976651,11.106684341890116],[106.35489716953025,11.106681836488946]]]}},{"type":"Feature","properties":{"source":"Microsoft Global ML Building Footprints","source_release":"2026-08-13","source_region":"Vietnam","source_quadkey":"132230111","source_upload_date":"2026-08-13","source_height_raw":-1,"source_confidence_raw":-1,"height_m":null,"confidence":null,"area_m2":123.74},"geometry":{"type":"Polygon","coordinates":[[[106.35557224355901,11.10506142460865],[106.35571130028275,11.10505393726713],[106.35571540361802,11.105127411939918],[106.35557634689424,11.105134899279548],[106.35557224355901,11.10506142460865]]]}},{"type":"Feature","properties":{"source":"Microsoft Global ML Building Footprints","source_release":"2026-08-13","source_region":"Vietnam","source_quadkey":"132230111","source_upload_date":"2026-08-13","source_height_raw":-1,"source_confidence_raw":-1,"height_m":null,"confidence":null,"area_m2":280.69},"geometry":{"type":"Polygon","coordinates":[[[106.35034182084559,11.089109234094948],[106.35008208832741,11.089164802461909],[106.35006310853628,11.089079370665047],[106.35032284687108,11.089023801037385],[106.35034182084559,11.089109234094948]]]}},{"type":"Feature","properties":{"source":"Microsoft Global ML Building Footprints","source_release":"2026-08-13","source_region":"Vietnam","source_quadkey":"132230111","source_upload_date":"2026-08-13","source_height_raw":-1,"source_confidence_raw":-1,"height_m":null,"confidence":null,"area_m2":35.16},"geometry":{"type":"Polygon","coordinates":[[[106.35103696173196,11.11259757419883],[106.35108201837885,11.112592731565556],[106.35108915098544,11.11265658844907],[106.35104409468003,11.112661434138857],[106.35103696173196,11.11259757419883]]]}},{"type":"Feature","properties":{"source":"Microsoft Global ML Building Footprints","source_release":"2026-08-13","source_region":"Vietnam","source_quadkey":"132230111","source_upload_date":"2026-08-13","source_height_raw":-1,"source_confidence_raw":-1,"height_m":null,"confidence":null,"area_m2":298.06},"geometry":{"type":"Polygon","coordinates":[[[106.35167743537453,11.087017237146824],[106.3514886504133,11.087076116802152],[106.3514623258775,11.086994834034726],[106.35149155952394,11.08698571642627],[106.35147720209561,11.086941384712176],[106.35163676477052,11.086891630057494],[106.35167743537453,11.087017237146824]]]}},{"type":"Feature","properties":{"source":"Microsoft Global ML Building Footprints","source_release":"2026-08-13","source_region":"Vietnam","source_quadkey":"132230111","source_upload_date":"2026-08-13","source_height_raw":-1,"source_confidence_raw":-1,"height_m":null,"confidence":null,"area_m2":29.04},"geometry":{"type":"Polygon","coordinates":[[[106.35538536991217,11.093119123459957],[106.35532210988863,11.093116803353311],[106.35532355573356,11.093078840337071],[106.35538681829534,11.093081164882037],[106.35538536991217,11.093119123459957]]]}},{"type":"Feature","properties":{"source":"Microsoft Global ML Building Footprints","source_release":"2026-08-13","source_region":"Vietnam","source_quadkey":"132230111","source_upload_date":"2026-08-13","source_height_raw":-1,"source_confidence_raw":-1,"height_m":null,"confidence":null,"area_m2":40.88},"geometry":{"type":"Polygon","coordinates":[[[106.3563089009937,11.100082371313391],[106.35625530224922,11.100083902665062],[106.3562534295943,11.10002078741067],[106.35630702833879,11.100019256058687],[106.3563089009937,11.100082371313391]]]}},{"type":"Feature","properties":{"source":"Microsoft Global ML Building Footprints","source_release":"2026-08-13","source_region":"Vietnam","source_quadkey":"132230111","source_upload_date":"2026-08-13","source_height_raw":-1,"source_confidence_raw":-1,"height_m":null,"confidence":null,"area_m2":2481.45},"geometry":{"type":"Polygon","coordinates":[[[106.35404326697383,11.087001331117818],[106.35407953852408,11.086986097290804],[106.35404727983371,11.086912130008699],[106.35405195225955,11.086953594347563],[106.35391333557618,11.086635754267505],[106.35375388114689,11.086653068985257],[106.35374183387786,11.086546225844273],[106.35376208146587,11.086537721969236],[106.35384658731464,11.086528551512217],[106.35388937821517,11.086510579569222],[106.35387833334806,11.086412564348677],[106.35400247195155,11.086360426793874],[106.35430818158711,11.087061401601062],[106.3542932298244,11.086928715744946],[106.3544132492255,11.087203913071178],[106.35428856577154,11.08725627930923],[106.35427793563574,11.087231905056797],[106.35426066597347,11.08723377913202],[106.35416260428994,11.087274964396556],[106.35404326697383,11.087001331117818]]]}},{"type":"Feature","properties":{"source":"Microsoft Global ML Building Footprints","source_release":"2026-08-13","source_region":"Vietnam","source_quadkey":"132230111","source_upload_date":"2026-08-13","source_height_raw":-1,"source_confidence_raw":-1,"height_m":null,"confidence":null,"area_m2":102.55},"geometry":{"type":"Polygon","coordinates":[[[106.35751450208761,11.09142245808765],[106.35736085881275,11.091428567957735],[106.35735858001156,11.091373384278413],[106.35751222721572,11.091367274250928],[106.35751450208761,11.09142245808765]]]}},{"type":"Feature","properties":{"source":"Microsoft Global ML Building Footprints","source_release":"2026-08-13","source_region":"Vietnam","source_quadkey":"132230111","source_upload_date":"2026-08-13","source_height_raw":-1,"source_confidence_raw":-1,"height_m":null,"confidence":null,"area_m2":23.57},"geometry":{"type":"Polygon","coordinates":[[[106.3576338,11.088753950097322],[106.3576338,11.088810848955745],[106.35760630558138,11.088817581013345],[106.35759268358905,11.088764020349942],[106.3576338,11.088753950097322]]]}},{"type":"Feature","properties":{"source":"Microsoft Global ML Building Footprints","source_release":"2026-08-13","source_region":"Vietnam","source_quadkey":"132230111","source_upload_date":"2026-08-13","source_height_raw":-1,"source_confidence_raw":-1,"height_m":null,"confidence":null,"area_m2":114.67},"geometry":{"type":"Polygon","coordinates":[[[106.35003599156904,11.085590216797996],[106.34994672930733,11.08560310371746],[106.34993111184845,11.085498976907004],[106.35002037321011,11.085486083982175],[106.35003599156904,11.085590216797996]]]}},{"type":"Feature","properties":{"source":"Microsoft Global ML Building Footprints","source_release":"2026-08-13","source_region":"Vietnam","source_quadkey":"132230111","source_upload_date":"2026-08-13","source_height_raw":-1,"source_confidence_raw":-1,"height_m":null,"confidence":null,"area_m2":127.83},"geometry":{"type":"Polygon","coordinates":[[[106.35338225311733,11.086449069335188],[106.35339710712628,11.086576375788866],[106.35331503466885,11.086585597845641],[106.35330018065987,11.086458291395942],[106.35338225311733,11.086449069335188]]]}},{"type":"Feature","properties":{"source":"Microsoft Global ML Building Footprints","source_release":"2026-08-13","source_region":"Vietnam","source_quadkey":"132230111","source_upload_date":"2026-08-13","source_height_raw":-1,"source_confidence_raw":-1,"height_m":null,"confidence":null,"area_m2":89.01},"geometry":{"type":"Polygon","coordinates":[[[106.3554918979062,11.091205920323688],[106.35544098205042,11.091204416622006],[106.35544541771962,11.091059781465347],[106.35549633357539,11.091061285167768],[106.3554918979062,11.091205920323688]]]}},{"type":"Feature","properties":{"source":"Microsoft Global ML Building Footprints","source_release":"2026-08-13","source_region":"Vietnam","source_quadkey":"132230111","source_upload_date":"2026-08-13","source_height_raw":-1,"source_confidence_raw":-1,"height_m":null,"confidence":null,"area_m2":308.37},"geometry":{"type":"Polygon","coordinates":[[[106.34914215789313,11.085752066085234],[106.34909043679781,11.085767209761627],[106.34902134571055,11.085540016134459],[106.34913463953843,11.085506844245145],[106.34919241383841,11.08569682468432],[106.34913084228675,11.085714856756937],[106.34914215789313,11.085752066085234]]]}},{"type":"Feature","properties":{"source":"Microsoft Global ML Building Footprints","source_release":"2026-08-13","source_region":"Vietnam","source_quadkey":"132230111","source_upload_date":"2026-08-13","source_height_raw":-1,"source_confidence_raw":-1,"height_m":null,"confidence":null,"area_m2":53.71},"geometry":{"type":"Polygon","coordinates":[[[106.35066734495393,11.10907643415706],[106.35073776121357,11.109088088924011],[106.35072720359346,11.109149508302252],[106.35065678733383,11.109137853537774],[106.35066734495393,11.10907643415706]]]}},{"type":"Feature","properties":{"source":"Microsoft Global ML Building Footprints","source_release":"2026-08-13","source_region":"Vietnam","source_quadkey":"132230111","source_upload_date":"2026-08-13","source_height_raw":-1,"source_confidence_raw":-1,"height_m":null,"confidence":null,"area_m2":225.8},"geometry":{"type":"Polygon","coordinates":[[[106.3536497403011,11.111496531575014],[106.35366333423212,11.111402320461437],[106.35385791690493,11.111429354452909],[106.35384432108363,11.111523578658321],[106.3536497403011,11.111496531575014]]]}},{"type":"Feature","properties":{"source":"Microsoft Global ML Building Footprints","source_release":"2026-08-13","source_region":"Vietnam","source_quadkey":"132230111","source_upload_date":"2026-08-13","source_height_raw":-1,"source_confidence_raw":-1,"height_m":null,"confidence":null,"area_m2":177.48},"geometry":{"type":"Polygon","coordinates":[[[106.34819462726493,11.085038675043677],[106.34825364368149,11.085023336881704],[106.34831645575227,11.085256083865275],[106.34825745586905,11.085271421770372],[106.34819462726493,11.085038675043677]]]}},{"type":"Feature","properties":{"source":"Microsoft Global ML Building Footprints","source_release":"2026-08-13","source_region":"Vietnam","source_quadkey":"132230111","source_upload_date":"2026-08-13","source_height_raw":-1,"source_confidence_raw":-1,"height_m":null,"confidence":null,"area_m2":685.32},"geometry":{"type":"Polygon","coordinates":[[[106.34979284671051,11.087713939940798],[106.3497412795341,11.087724094157053],[106.34970483888237,11.087545940246528],[106.34968802671591,11.087549251927143],[106.34972807655176,11.087745118985382],[106.34967270832668,11.087756021674053],[106.34965562922586,11.087672524051825],[106.34951504525971,11.08770020678054],[106.34947758514006,11.087517004920883],[106.34974191419983,11.087464937057064],[106.34979284671051,11.087713939940798]]]}},{"type":"Feature","properties":{"source":"Microsoft Global ML Building Footprints","source_release":"2026-08-13","source_region":"Vietnam","source_quadkey":"132230111","source_upload_date":"2026-08-13","source_height_raw":-1,"source_confidence_raw":-1,"height_m":null,"confidence":null,"area_m2":37.08},"geometry":{"type":"Polygon","coordinates":[[[106.35229532188472,11.0889425415387],[106.35235087527712,11.08892081976272],[106.3523702434378,11.088968521436882],[106.35231469004543,11.088990243209324],[106.35229532188472,11.0889425415387]]]}},{"type":"Feature","properties":{"source":"Microsoft Global ML Building Footprints","source_release":"2026-08-13","source_region":"Vietnam","source_quadkey":"132230111","source_upload_date":"2026-08-13","source_height_raw":-1,"source_confidence_raw":-1,"height_m":null,"confidence":null,"area_m2":103.57},"geometry":{"type":"Polygon","coordinates":[[[106.35440502012362,11.11040800589845],[106.35436598189118,11.110533137148238],[106.35430330541436,11.110514305250561],[106.3543423518068,11.110389176444443],[106.35440502012362,11.11040800589845]]]}},{"type":"Feature","properties":{"source":"Microsoft Global ML Building Footprints","source_release":"2026-08-13","source_region":"Vietnam","source_quadkey":"132230111","source_upload_date":"2026-08-13","source_height_raw":-1,"source_confidence_raw":-1,"height_m":null,"confidence":null,"area_m2":34.46},"geometry":{"type":"Polygon","coordinates":[[[106.34811914444478,11.085974656354452],[106.34814144017736,11.085908156241672],[106.34818016281102,11.085920661583174],[106.34815786707847,11.085987161693112],[106.34811914444478,11.085974656354452]]]}},{"type":"Feature","properties":{"source":"Microsoft Global ML Building Footprints","source_release":"2026-08-13","source_region":"Vietnam","source_quadkey":"132230111","source_upload_date":"2026-08-13","source_height_raw":-1,"source_confidence_raw":-1,"height_m":null,"confidence":null,"area_m2":62.76},"geometry":{"type":"Polygon","coordinates":[[[106.34818372798193,11.088485276203414],[106.34817810462918,11.088434895047115],[106.3482800292682,11.088423939405132],[106.34828564984188,11.088474327862244],[106.34818372798193,11.088485276203414]]]}},{"type":"Feature","properties":{"source":"Microsoft Global ML Building Footprints","source_release":"2026-08-13","source_region":"Vietnam","source_quadkey":"132230111","source_upload_date":"2026-08-13","source_height_raw":-1,"source_confidence_raw":-1,"height_m":null,"confidence":null,"area_m2":190.53},"geometry":{"type":"Polygon","coordinates":[[[106.34869929436704,11.091397889731013],[106.3488585136295,11.091359211144535],[106.34888354596877,11.09145841450244],[106.34875718147478,11.091489111783304],[106.34875005651728,11.091460875526991],[106.34871720228534,11.091468858946385],[106.34869929436704,11.091397889731013]]]}},{"type":"Feature","properties":{"source":"Microsoft Global ML Building Footprints","source_release":"2026-08-13","source_region":"Vietnam","source_quadkey":"132230111","source_upload_date":"2026-08-13","source_height_raw":-1,"source_confidence_raw":-1,"height_m":null,"confidence":null,"area_m2":389.02},"geometry":{"type":"Polygon","coordinates":[[[106.35147286599152,11.086629309545089],[106.3514802598174,11.086667410030955],[106.35155532159719,11.086653382076904],[106.35158046060519,11.086782923697939],[106.35139021484667,11.086818477844005],[106.35137001222347,11.086714335218502],[106.35133765381235,11.08672038253333],[106.35132533076924,11.086656881732296],[106.35147286599152,11.086629309545089]]]}},{"type":"Feature","properties":{"source":"Microsoft Global ML Building Footprints","source_release":"2026-08-13","source_region":"Vietnam","source_quadkey":"132230111","source_upload_date":"2026-08-13","source_height_raw":-1,"source_confidence_raw":-1,"height_m":null,"confidence":null,"area_m2":67.01},"geometry":{"type":"Polygon","coordinates":[[[106.35255355596232,11.091466928697372],[106.35261129461345,11.091458525638771],[106.35262550673662,11.091552565207067],[106.35256776867189,11.091560972143157],[106.35255355596232,11.091466928697372]]]}},{"type":"Feature","properties":{"source":"Microsoft Global ML Building Footprints","source_release":"2026-08-13","source_region":"Vietnam","source_quadkey":"132230111","source_upload_date":"2026-08-13","source_height_raw":-1,"source_confidence_raw":-1,"height_m":null,"confidence":null,"area_m2":214.24},"geometry":{"type":"Polygon","coordinates":[[[106.3512593353619,11.11266214763134],[106.35110952708365,11.112676499824772],[106.35109785394603,11.112559181834143],[106.35124767051319,11.11254482884081],[106.3512593353619,11.11266214763134]]]}},{"type":"Feature","properties":{"source":"Microsoft Global ML Building Footprints","source_release":"2026-08-13","source_region":"Vietnam","source_quadkey":"132230111","source_upload_date":"2026-08-13","source_height_raw":-1,"source_confidence_raw":-1,"height_m":null,"confidence":null,"area_m2":190.5},"geometry":{"type":"Polygon","coordinates":[[[106.3563047376041,11.091202028967501],[106.356308269065,11.09106524695008],[106.35642353006546,11.091068112654199],[106.35641999860454,11.091204894670255],[106.3563047376041,11.091202028967501]]]}},{"type":"Feature","properties":{"source":"Microsoft Global ML Building Footprints","source_release":"2026-08-13","source_region":"Vietnam","source_quadkey":"132230111","source_upload_date":"2026-08-13","source_height_raw":-1,"source_confidence_raw":-1,"height_m":null,"confidence":null,"area_m2":20.96},"geometry":{"type":"Polygon","coordinates":[[[106.35228641650676,11.088272999258223],[106.35229775276589,11.088316133251197],[106.3522600289055,11.088325680936364],[106.35224869328485,11.088282549374128],[106.35228641650676,11.088272999258223]]]}},{"type":"Feature","properties":{"source":"Microsoft Global ML Building Footprints","source_release":"2026-08-13","source_region":"Vietnam","source_quadkey":"132230111","source_upload_date":"2026-08-13","source_height_raw":-1,"source_confidence_raw":-1,"height_m":null,"confidence":null,"area_m2":341.29},"geometry":{"type":"Polygon","coordinates":[[[106.3523015984005,11.083819341288958],[106.3524317755295,11.083785195627712],[106.35248695261664,11.083987831711823],[106.35235677321535,11.084021969004354],[106.3523015984005,11.083819341288958]]]}},{"type":"Feature","properties":{"source":"Microsoft Global ML Building Footprints","source_release":"2026-08-13","source_region":"Vietnam","source_quadkey":"132230111","source_upload_date":"2026-08-13","source_height_raw":-1,"source_confidence_raw":-1,"height_m":null,"confidence":null,"area_m2":223.22},"geometry":{"type":"Polygon","coordinates":[[[106.3534154438377,11.090390821427121],[106.35333082938119,11.090400776474212],[106.35330451709376,11.090185406247969],[106.35338913155027,11.090175451193545],[106.3534154438377,11.090390821427121]]]}},{"type":"Feature","properties":{"source":"Microsoft Global ML Building Footprints","source_release":"2026-08-13","source_region":"Vietnam","source_quadkey":"132230111","source_upload_date":"2026-08-13","source_height_raw":-1,"source_confidence_raw":-1,"height_m":null,"confidence":null,"area_m2":276.61},"geometry":{"type":"Polygon","coordinates":[[[106.35466668632617,11.090511363524058],[106.3548044306101,11.090515403164147],[106.35480279228435,11.090569199963198],[106.35476152531108,11.09056799255714],[106.35475665143234,11.09072840904824],[106.35466017766795,11.090725586380756],[106.35466668632617,11.090511363524058]]]}},{"type":"Feature","properties":{"source":"Microsoft Global ML Building Footprints","source_release":"2026-08-13","source_region":"Vietnam","source_quadkey":"132230111","source_upload_date":"2026-08-13","source_height_raw":-1,"source_confidence_raw":-1,"height_m":null,"confidence":null,"area_m2":234.36},"geometry":{"type":"Polygon","coordinates":[[[106.35659657661914,11.102407654343281],[106.35651083269231,11.102410327859062],[106.35650349445424,11.102184203693355],[106.35658923838109,11.1021815301755],[106.35659657661914,11.102407654343281]]]}},{"type":"Feature","properties":{"source":"Microsoft Global ML Building Footprints","source_release":"2026-08-13","source_region":"Vietnam","source_quadkey":"132230111","source_upload_date":"2026-08-13","source_height_raw":-1,"source_confidence_raw":-1,"height_m":null,"confidence":null,"area_m2":23.89},"geometry":{"type":"Polygon","coordinates":[[[106.34896258344514,11.090938314403914],[106.34891442411485,11.09094067938166],[106.348912336967,11.090899693102287],[106.34896049646531,11.090897331423605],[106.34896258344514,11.090938314403914]]]}},{"type":"Feature","properties":{"source":"Microsoft Global ML Building Footprints","source_release":"2026-08-13","source_region":"Vietnam","source_quadkey":"132230111","source_upload_date":"2026-08-13","source_height_raw":-1,"source_confidence_raw":-1,"height_m":null,"confidence":null,"area_m2":214.68},"geometry":{"type":"Polygon","coordinates":[[[106.3513609637009,11.083085210681773],[106.35120877344893,11.083095308236139],[106.35120496992774,11.0830401],[106.35147962995985,11.0830401],[106.35148507759914,11.083119090891543],[106.35136385196996,11.08312713399701],[106.3513609637009,11.083085210681773]]]}},{"type":"Feature","properties":{"source":"Microsoft Global ML Building Footprints","source_release":"2026-08-13","source_region":"Vietnam","source_quadkey":"132230111","source_upload_date":"2026-08-13","source_height_raw":-1,"source_confidence_raw":-1,"height_m":null,"confidence":null,"area_m2":128.61},"geometry":{"type":"Polygon","coordinates":[[[106.35141974156075,11.083400405044188],[106.35142201950983,11.083459663435335],[106.35124256735753,11.083466319141138],[106.35124028893536,11.083407048443448],[106.35141974156075,11.083400405044188]]]}},{"type":"Feature","properties":{"source":"Microsoft Global ML Building Footprints","source_release":"2026-08-13","source_region":"Vietnam","source_quadkey":"132230111","source_upload_date":"2026-08-13","source_height_raw":-1,"source_confidence_raw":-1,"height_m":null,"confidence":null,"area_m2":122.03},"geometry":{"type":"Polygon","coordinates":[[[106.35281048145157,11.08558590183182],[106.35296404704648,11.085536255553976],[106.35298397861952,11.085595615919345],[106.3528304092055,11.085645263421796],[106.35281048145157,11.08558590183182]]]}},{"type":"Feature","properties":{"source":"Microsoft Global ML Building Footprints","source_release":"2026-08-13","source_region":"Vietnam","source_quadkey":"132230111","source_upload_date":"2026-08-13","source_height_raw":-1,"source_confidence_raw":-1,"height_m":null,"confidence":null,"area_m2":67.63},"geometry":{"type":"Polygon","coordinates":[[[106.34775597060434,11.085003263350757],[106.3477738393387,11.085054187165838],[106.34767552610484,11.085087409212292],[106.34765765525219,11.085036479366195],[106.34775597060434,11.085003263350757]]]}},{"type":"Feature","properties":{"source":"Microsoft Global ML Building Footprints","source_release":"2026-08-13","source_region":"Vietnam","source_quadkey":"132230111","source_upload_date":"2026-08-13","source_height_raw":-1,"source_confidence_raw":-1,"height_m":null,"confidence":null,"area_m2":98.08},"geometry":{"type":"Polygon","coordinates":[[[106.34916203564701,11.08551010012006],[106.34921655195252,11.085500353607756],[106.34924333178499,11.085644551300206],[106.3491888161525,11.085654301431674],[106.34916203564701,11.08551010012006]]]}},{"type":"Feature","properties":{"source":"Microsoft Global ML Building Footprints","source_release":"2026-08-13","source_region":"Vietnam","source_quadkey":"132230111","source_upload_date":"2026-08-13","source_height_raw":-1,"source_confidence_raw":-1,"height_m":null,"confidence":null,"area_m2":279.05},"geometry":{"type":"Polygon","coordinates":[[[106.3509743259273,11.090960285594193],[106.35090559152053,11.090968433678682],[106.35089696900559,11.090898388760138],[106.35083087822986,11.090906223458404],[106.35081267514278,11.090758350801465],[106.35089991496679,11.090748008994481],[106.35090502460525,11.090789517117742],[106.35095260996378,11.090783876132775],[106.3509743259273,11.090960285594193]]]}},{"type":"Feature","properties":{"source":"Microsoft Global ML Building Footprints","source_release":"2026-08-13","source_region":"Vietnam","source_quadkey":"132230111","source_upload_date":"2026-08-13","source_height_raw":-1,"source_confidence_raw":-1,"height_m":null,"confidence":null,"area_m2":403.56},"geometry":{"type":"Polygon","coordinates":[[[106.3554838657734,11.092471280806748],[106.35549500782416,11.092373641112843],[106.35552583604394,11.092377028827912],[106.35553130881374,11.092329099955478],[106.35561607520368,11.09233842076273],[106.35562128870396,11.092292762489123],[106.3556901619292,11.092300330974311],[106.35568554153609,11.092340794992339],[106.35574381842916,11.092347203047098],[106.3557300362725,11.092467903008355],[106.35558699188161,11.09245218385557],[106.35558355956877,11.092482243007652],[106.3554838657734,11.092471280806748]]]}},{"type":"Feature","properties":{"source":"Microsoft Global ML Building Footprints","source_release":"2026-08-13","source_region":"Vietnam","source_quadkey":"132230111","source_upload_date":"2026-08-13","source_height_raw":-1,"source_confidence_raw":-1,"height_m":null,"confidence":null,"area_m2":27.81},"geometry":{"type":"Polygon","coordinates":[[[106.34785636045356,11.092510651489988],[106.34782684304605,11.092519362766552],[106.34780492206187,11.092447818152749],[106.34783444003901,11.09243910873326],[106.34785636045356,11.092510651489988]]]}},{"type":"Feature","properties":{"source":"Microsoft Global ML Building Footprints","source_release":"2026-08-13","source_region":"Vietnam","source_quadkey":"132230111","source_upload_date":"2026-08-13","source_height_raw":-1,"source_confidence_raw":-1,"height_m":null,"confidence":null,"area_m2":119.68},"geometry":{"type":"Polygon","coordinates":[[[106.35597603348874,11.106626202049341],[106.35597984458641,11.106526327115148],[106.35607894737251,11.106529968420048],[106.35607513627488,11.10662984335302],[106.35597603348874,11.106626202049341]]]}},{"type":"Feature","properties":{"source":"Microsoft Global ML Building Footprints","source_release":"2026-08-13","source_region":"Vietnam","source_quadkey":"132230111","source_upload_date":"2026-08-13","source_height_raw":-1,"source_confidence_raw":-1,"height_m":null,"confidence":null,"area_m2":295.43},"geometry":{"type":"Polygon","coordinates":[[[106.34909828983342,11.085276993414439],[106.34895746519895,11.085341662087146],[106.34888950767846,11.085199146280274],[106.34903033231294,11.085134477576062],[106.34909828983342,11.085276993414439]]]}},{"type":"Feature","properties":{"source":"Microsoft Global ML Building Footprints","source_release":"2026-08-13","source_region":"Vietnam","source_quadkey":"132230111","source_upload_date":"2026-08-13","source_height_raw":-1,"source_confidence_raw":-1,"height_m":null,"confidence":null,"area_m2":87.02},"geometry":{"type":"Polygon","coordinates":[[[106.35195089296602,11.092410578645882],[106.35195432876897,11.092457715282592],[106.35180222108885,11.092468392064049],[106.35179878528592,11.092421255429073],[106.35195089296602,11.092410578645882]]]}},{"type":"Feature","properties":{"source":"Microsoft Global ML Building Footprints","source_release":"2026-08-13","source_region":"Vietnam","source_quadkey":"132230111","source_upload_date":"2026-08-13","source_height_raw":-1,"source_confidence_raw":-1,"height_m":null,"confidence":null,"area_m2":70.23},"geometry":{"type":"Polygon","coordinates":[[[106.35607094041634,11.09725779959173],[106.35606764928609,11.097344537200541],[106.35600068689561,11.097342090540423],[106.35600397802587,11.097255352930901],[106.35607094041634,11.09725779959173]]]}},{"type":"Feature","properties":{"source":"Microsoft Global ML Building Footprints","source_release":"2026-08-13","source_region":"Vietnam","source_quadkey":"132230111","source_upload_date":"2026-08-13","source_height_raw":-1,"source_confidence_raw":-1,"height_m":null,"confidence":null,"area_m2":405.54},"geometry":{"type":"Polygon","coordinates":[[[106.35196390400182,11.090560987968502],[106.35200934215686,11.090751849427605],[106.35184247588394,11.090790093629465],[106.35179705322346,11.090599240103714],[106.35196390400182,11.090560987968502]]]}},{"type":"Feature","properties":{"source":"Microsoft Global ML Building Footprints","source_release":"2026-08-13","source_region":"Vietnam","source_quadkey":"132230111","source_upload_date":"2026-08-13","source_height_raw":-1,"source_confidence_raw":-1,"height_m":null,"confidence":null,"area_m2":251.43},"geometry":{"type":"Polygon","coordinates":[[[106.35549913310791,11.091085652395279],[106.35557416070341,11.091087971251952],[106.35556528238378,11.091365218644654],[106.3554902546234,11.091362904938109],[106.35549913310791,11.091085652395279]]]}},{"type":"Feature","properties":{"source":"Microsoft Global ML Building Footprints","source_release":"2026-08-13","source_region":"Vietnam","source_quadkey":"132230111","source_upload_date":"2026-08-13","source_height_raw":-1,"source_confidence_raw":-1,"height_m":null,"confidence":null,"area_m2":77.97},"geometry":{"type":"Polygon","coordinates":[[[106.34897959723244,11.090821063820869],[106.34899003181327,11.090887930734539],[106.34889568477222,11.090902108776149],[106.34888525019142,11.090835241865747],[106.34897959723244,11.090821063820869]]]}},{"type":"Feature","properties":{"source":"Microsoft Global ML Building Footprints","source_release":"2026-08-13","source_region":"Vietnam","source_quadkey":"132230111","source_upload_date":"2026-08-13","source_height_raw":-1,"source_confidence_raw":-1,"height_m":null,"confidence":null,"area_m2":84.1},"geometry":{"type":"Polygon","coordinates":[[[106.34994948033271,11.09055434091536],[106.35002508125423,11.090541733765022],[106.35004058634723,11.090631272237403],[106.34996498542576,11.090643879383904],[106.34994948033271,11.09055434091536]]]}},{"type":"Feature","properties":{"source":"Microsoft Global ML Building Footprints","source_release":"2026-08-13","source_region":"Vietnam","source_quadkey":"132230111","source_upload_date":"2026-08-13","source_height_raw":-1,"source_confidence_raw":-1,"height_m":null,"confidence":null,"area_m2":34.64},"geometry":{"type":"Polygon","coordinates":[[[106.3534981493049,11.089882856237736],[106.35355264265222,11.089876736914462],[106.35355870190295,11.089928698951596],[106.35350420489753,11.08993481868454],[106.3534981493049,11.089882856237736]]]}},{"type":"Feature","properties":{"source":"Microsoft Global ML Building Footprints","source_release":"2026-08-13","source_region":"Vietnam","source_quadkey":"132230111","source_upload_date":"2026-08-13","source_height_raw":-1,"source_confidence_raw":-1,"height_m":null,"confidence":null,"area_m2":57.19},"geometry":{"type":"Polygon","coordinates":[[[106.34983754450846,11.091125186303998],[106.34983935245518,11.091167225216594],[106.3497268999673,11.091171882435148],[106.34972509202053,11.091129843523206],[106.34983754450846,11.091125186303998]]]}},{"type":"Feature","properties":{"source":"Microsoft Global ML Building Footprints","source_release":"2026-08-13","source_region":"Vietnam","source_quadkey":"132230111","source_upload_date":"2026-08-13","source_height_raw":-1,"source_confidence_raw":-1,"height_m":null,"confidence":null,"area_m2":354.77},"geometry":{"type":"Polygon","coordinates":[[[106.350975979755,11.08337583029504],[106.35097293756927,11.083499470932964],[106.35073546609426,11.083493860175082],[106.35073849946718,11.083370219326568],[106.350975979755,11.08337583029504]]]}},{"type":"Feature","properties":{"source":"Microsoft Global ML Building Footprints","source_release":"2026-08-13","source_region":"Vietnam","source_quadkey":"132230111","source_upload_date":"2026-08-13","source_height_raw":-1,"source_confidence_raw":-1,"height_m":null,"confidence":null,"area_m2":399.5},"geometry":{"type":"Polygon","coordinates":[[[106.35161361273072,11.084467175163297],[106.35140831704514,11.084495009260735],[106.35138522144159,11.084330876457088],[106.35152735057177,11.084311616265936],[106.35153009180601,11.084331097315513],[106.35159325970925,11.084322532973317],[106.35161361273072,11.084467175163297]]]}},{"type":"Feature","properties":{"source":"Microsoft Global ML Building Footprints","source_release":"2026-08-13","source_region":"Vietnam","source_quadkey":"132230111","source_upload_date":"2026-08-13","source_height_raw":-1,"source_confidence_raw":-1,"height_m":null,"confidence":null,"area_m2":89.36},"geometry":{"type":"Polygon","coordinates":[[[106.35176338255917,11.088648146084225],[106.351888148588,11.088622549879418],[106.35190025817353,11.088679374369619],[106.35177549001081,11.088704979576619],[106.35176338255917,11.088648146084225]]]}},{"type":"Feature","properties":{"source":"Microsoft Global ML Building Footprints","source_release":"2026-08-13","source_region":"Vietnam","source_quadkey":"132230111","source_upload_date":"2026-08-13","source_height_raw":-1,"source_confidence_raw":-1,"height_m":null,"confidence":null,"area_m2":48.06},"geometry":{"type":"Polygon","coordinates":[[[106.35277271608597,11.086855944070876],[106.35283845454757,11.08684003290172],[106.35285279749748,11.08689710082811],[106.35278705903592,11.086913011994199],[106.35277271608597,11.086855944070876]]]}},{"type":"Feature","properties":{"source":"Microsoft Global ML Building Footprints","source_release":"2026-08-13","source_region":"Vietnam","source_quadkey":"132230111","source_upload_date":"2026-08-13","source_height_raw":-1,"source_confidence_raw":-1,"height_m":null,"confidence":null,"area_m2":63.51},"geometry":{"type":"Polygon","coordinates":[[[106.35755168601112,11.090792290767993],[106.35755905751681,11.090911916898335],[106.35751525644416,11.090914516094784],[106.35750787662272,11.090794893467901],[106.35755168601112,11.090792290767993]]]}},{"type":"Feature","properties":{"source":"Microsoft Global ML Building Footprints","source_release":"2026-08-13","source_region":"Vietnam","source_quadkey":"132230111","source_upload_date":"2026-08-13","source_height_raw":-1,"source_confidence_raw":-1,"height_m":null,"confidence":null,"area_m2":115.26},"geometry":{"type":"Polygon","coordinates":[[[106.34999629249062,11.086986221278934],[106.35003672721922,11.087168637192164],[106.34998675965554,11.087179303530547],[106.34994633662326,11.086996881696138],[106.34999629249062,11.086986221278934]]]}},{"type":"Feature","properties":{"source":"Microsoft Global ML Building Footprints","source_release":"2026-08-13","source_region":"Vietnam","source_quadkey":"132230111","source_upload_date":"2026-08-13","source_height_raw":-1,"source_confidence_raw":-1,"height_m":null,"confidence":null,"area_m2":194.18},"geometry":{"type":"Polygon","coordinates":[[[106.35677901632421,11.102833143431582],[106.35691037170845,11.1028361745999],[106.3569092590132,11.102882467254474],[106.3569843191089,11.102884204502544],[106.35698315571575,11.10293260638683],[106.35677674011194,11.10292784312388],[106.35677901632421,11.102833143431582]]]}},{"type":"Feature","properties":{"source":"Microsoft Global ML Building Footprints","source_release":"2026-08-13","source_region":"Vietnam","source_quadkey":"132230111","source_upload_date":"2026-08-13","source_height_raw":-1,"source_confidence_raw":-1,"height_m":null,"confidence":null,"area_m2":61.99},"geometry":{"type":"Polygon","coordinates":[[[106.35689672897728,11.09651812786079],[106.35694251400619,11.096525026960137],[106.35692537321286,11.096634566111987],[106.35687958103244,11.0966276627926],[106.35689672897728,11.09651812786079]]]}},{"type":"Feature","properties":{"source":"Microsoft Global ML Building Footprints","source_release":"2026-08-13","source_region":"Vietnam","source_quadkey":"132230111","source_upload_date":"2026-08-13","source_height_raw":-1,"source_confidence_raw":-1,"height_m":null,"confidence":null,"area_m2":55.35},"geometry":{"type":"Polygon","coordinates":[[[106.35699214056523,11.091097589593787],[106.35699436810745,11.091030277787425],[106.35706238908023,11.091032445497845],[106.35706015658755,11.091099761817361],[106.35699214056523,11.091097589593787]]]}},{"type":"Feature","properties":{"source":"Microsoft Global ML Building Footprints","source_release":"2026-08-13","source_region":"Vietnam","source_quadkey":"132230111","source_upload_date":"2026-08-13","source_height_raw":-1,"source_confidence_raw":-1,"height_m":null,"confidence":null,"area_m2":21.63},"geometry":{"type":"Polygon","coordinates":[[[106.3571486393356,11.1066807769854],[106.35715933844156,11.106633080439408],[106.3571951540815,11.106640816335059],[106.35718445497554,11.10668851287977],[106.3571486393356,11.1066807769854]]]}},{"type":"Feature","properties":{"source":"Microsoft Global ML Building Footprints","source_release":"2026-08-13","source_region":"Vietnam","source_quadkey":"132230111","source_upload_date":"2026-08-13","source_height_raw":-1,"source_confidence_raw":-1,"height_m":null,"confidence":null,"area_m2":355.58},"geometry":{"type":"Polygon","coordinates":[[[106.35151566779331,11.085580056503247],[106.3515460973513,11.08567895890836],[106.35127324602665,11.085759804164397],[106.35124281646866,11.08566090178661],[106.35151566779331,11.085580056503247]]]}},{"type":"Feature","properties":{"source":"Microsoft Global ML Building Footprints","source_release":"2026-08-13","source_region":"Vietnam","source_quadkey":"132230111","source_upload_date":"2026-08-13","source_height_raw":-1,"source_confidence_raw":-1,"height_m":null,"confidence":null,"area_m2":251.37},"geometry":{"type":"Polygon","coordinates":[[[106.35196615724725,11.088033572326424],[106.35178569029794,11.08805185478424],[106.35178158068801,11.088012789016574],[106.35177627283653,11.088013326735975],[106.35176860156467,11.087940403955841],[106.35195437636546,11.08792158377149],[106.35196615724725,11.088033572326424]]]}},{"type":"Feature","properties":{"source":"Microsoft Global ML Building Footprints","source_release":"2026-08-13","source_region":"Vietnam","source_quadkey":"132230111","source_upload_date":"2026-08-13","source_height_raw":-1,"source_confidence_raw":-1,"height_m":null,"confidence":null,"area_m2":40.11},"geometry":{"type":"Polygon","coordinates":[[[106.34888367632314,11.101822999705746],[106.34890393816006,11.101867850279774],[106.34884203203744,11.101894776004656],[106.34882177447918,11.1018499278252],[106.34888367632314,11.101822999705746]]]}},{"type":"Feature","properties":{"source":"Microsoft Global ML Building Footprints","source_release":"2026-08-13","source_region":"Vietnam","source_quadkey":"132230111","source_upload_date":"2026-08-13","source_height_raw":-1,"source_confidence_raw":-1,"height_m":null,"confidence":null,"area_m2":246.87},"geometry":{"type":"Polygon","coordinates":[[[106.34990672143253,11.087714838554447],[106.34983611208811,11.087732316577913],[106.34976614236206,11.087460100469954],[106.34983675170643,11.087442622430203],[106.34990672143253,11.087714838554447]]]}},{"type":"Feature","properties":{"source":"Microsoft Global ML Building Footprints","source_release":"2026-08-13","source_region":"Vietnam","source_quadkey":"132230111","source_upload_date":"2026-08-13","source_height_raw":-1,"source_confidence_raw":-1,"height_m":null,"confidence":null,"area_m2":214.5},"geometry":{"type":"Polygon","coordinates":[[[106.35106458898908,11.08366841273245],[106.35075783787585,11.083674859751412],[106.35075657881939,11.083616978268196],[106.35106332580648,11.08361053133467],[106.35106458898908,11.08366841273245]]]}},{"type":"Feature","properties":{"source":"Microsoft Global ML Building Footprints","source_release":"2026-08-13","source_region":"Vietnam","source_quadkey":"132230111","source_upload_date":"2026-08-13","source_height_raw":-1,"source_confidence_raw":-1,"height_m":null,"confidence":null,"area_m2":185.84},"geometry":{"type":"Polygon","coordinates":[[[106.35426791530352,11.11120294972251],[106.35428303658368,11.111140687472016],[106.35421704687306,11.111125256123287],[106.35422914389716,11.111075446310679],[106.35433574266045,11.111100373877889],[106.35434239602372,11.111072978479655],[106.35439061927379,11.11108425523662],[106.35435674760627,11.111223722686233],[106.35426791530352,11.11120294972251]]]}},{"type":"Feature","properties":{"source":"Microsoft Global ML Building Footprints","source_release":"2026-08-13","source_region":"Vietnam","source_quadkey":"132230111","source_upload_date":"2026-08-13","source_height_raw":-1,"source_confidence_raw":-1,"height_m":null,"confidence":null,"area_m2":158.47},"geometry":{"type":"Polygon","coordinates":[[[106.35739371996115,11.090368426857339],[106.35740325818756,11.09059703721347],[106.35734595964338,11.090599343335526],[106.3573364051397,11.090370733636306],[106.35739371996115,11.090368426857339]]]}},{"type":"Feature","properties":{"source":"Microsoft Global ML Building Footprints","source_release":"2026-08-13","source_region":"Vietnam","source_quadkey":"132230111","source_upload_date":"2026-08-13","source_height_raw":-1,"source_confidence_raw":-1,"height_m":null,"confidence":null,"area_m2":19.51},"geometry":{"type":"Polygon","coordinates":[[[106.34882410067509,11.08892014938273],[106.34886995509295,11.088909800527063],[106.3488777990994,11.088943270613626],[106.34883194398053,11.0889536164769],[106.34882410067509,11.08892014938273]]]}},{"type":"Feature","properties":{"source":"Microsoft Global ML Building Footprints","source_release":"2026-08-13","source_region":"Vietnam","source_quadkey":"132230111","source_upload_date":"2026-08-13","source_height_raw":-1,"source_confidence_raw":-1,"height_m":null,"confidence":null,"area_m2":56.83},"geometry":{"type":"Polygon","coordinates":[[[106.35131061539018,11.091040266251653],[106.3512595273794,11.091051480397084],[106.351239529112,11.090963746188919],[106.35129061712281,11.090952532040106],[106.35131061539018,11.091040266251653]]]}},{"type":"Feature","properties":{"source":"Microsoft Global ML Building Footprints","source_release":"2026-08-13","source_region":"Vietnam","source_quadkey":"132230111","source_upload_date":"2026-08-13","source_height_raw":-1,"source_confidence_raw":-1,"height_m":null,"confidence":null,"area_m2":16.89},"geometry":{"type":"Polygon","coordinates":[[[106.35141487044795,11.08468408383861],[106.35137398397244,11.084697703655706],[106.35136337081995,11.08466702082518],[106.35140425729548,11.084653401006676],[106.35141487044795,11.08468408383861]]]}},{"type":"Feature","properties":{"source":"Microsoft Global ML Building Footprints","source_release":"2026-08-13","source_region":"Vietnam","source_quadkey":"132230111","source_upload_date":"2026-08-13","source_height_raw":-1,"source_confidence_raw":-1,"height_m":null,"confidence":null,"area_m2":76.42},"geometry":{"type":"Polygon","coordinates":[[[106.35175421733862,11.090393452302251],[106.35180199350725,11.090383618092687],[106.35182625176705,11.09049707010891],[106.35180672873146,11.090501088713921],[106.3518115788333,11.090523779430626],[106.35178331794982,11.090529596626283],[106.35175421733862,11.090393452302251]]]}},{"type":"Feature","properties":{"source":"Microsoft Global ML Building Footprints","source_release":"2026-08-13","source_region":"Vietnam","source_quadkey":"132230111","source_upload_date":"2026-08-13","source_height_raw":-1,"source_confidence_raw":-1,"height_m":null,"confidence":null,"area_m2":290.64},"geometry":{"type":"Polygon","coordinates":[[[106.35724691451244,11.10256652270003],[106.35726969342332,11.102508264086637],[106.35740296109897,11.102558439065405],[106.35741965651398,11.1025157394063],[106.35755058922506,11.102565026282662],[106.35751111801875,11.102665976549687],[106.35724691451244,11.10256652270003]]]}},{"type":"Feature","properties":{"source":"Microsoft Global ML Building Footprints","source_release":"2026-08-13","source_region":"Vietnam","source_quadkey":"132230111","source_upload_date":"2026-08-13","source_height_raw":-1,"source_confidence_raw":-1,"height_m":null,"confidence":null,"area_m2":162.44},"geometry":{"type":"Polygon","coordinates":[[[106.34803223285489,11.092015621053207],[106.34819194300611,11.092001909661946],[106.34819939495421,11.092085497218207],[106.34803968480296,11.09209920860556],[106.34803223285489,11.092015621053207]]]}},{"type":"Feature","properties":{"source":"Microsoft Global ML Building Footprints","source_release":"2026-08-13","source_region":"Vietnam","source_quadkey":"132230111","source_upload_date":"2026-08-13","source_height_raw":-1,"source_confidence_raw":-1,"height_m":null,"confidence":null,"area_m2":55.32},"geometry":{"type":"Polygon","coordinates":[[[106.34823985553794,11.084958001241546],[106.34825749624443,11.085013102139285],[106.34818181789213,11.085036435142356],[106.34816417718567,11.084981334249008],[106.34823985553794,11.084958001241546]]]}},{"type":"Feature","properties":{"source":"Microsoft Global ML Building Footprints","source_release":"2026-08-13","source_region":"Vietnam","source_quadkey":"132230111","source_upload_date":"2026-08-13","source_height_raw":-1,"source_confidence_raw":-1,"height_m":null,"confidence":null,"area_m2":140.46},"geometry":{"type":"Polygon","coordinates":[[[106.34961547573785,11.102427546008613],[106.3494892028764,11.102452582893207],[106.3494709783048,11.10236407602845],[106.34959725116623,11.102339039136268],[106.34961547573785,11.102427546008613]]]}},{"type":"Feature","properties":{"source":"Microsoft Global ML Building Footprints","source_release":"2026-08-13","source_region":"Vietnam","source_quadkey":"132230111","source_upload_date":"2026-08-13","source_height_raw":-1,"source_confidence_raw":-1,"height_m":null,"confidence":null,"area_m2":248.35},"geometry":{"type":"Polygon","coordinates":[[[106.35464232544686,11.091226375413413],[106.35463435813324,11.091008190283262],[106.35475490274821,11.091003951333647],[106.35475763448429,11.091078760030072],[106.35471745304659,11.091080175769108],[106.3547226885235,11.091223549449126],[106.35464232544686,11.091226375413413]]]}},{"type":"Feature","properties":{"source":"Microsoft Global ML Building Footprints","source_release":"2026-08-13","source_region":"Vietnam","source_quadkey":"132230111","source_upload_date":"2026-08-13","source_height_raw":-1,"source_confidence_raw":-1,"height_m":null,"confidence":null,"area_m2":35.13},"geometry":{"type":"Polygon","coordinates":[[[106.35530443351995,11.090769108094477],[106.35525179709892,11.090776255260138],[106.35524414975049,11.090722019222383],[106.35529678617151,11.0907148720554],[106.35530443351995,11.090769108094477]]]}},{"type":"Feature","properties":{"source":"Microsoft Global ML Building Footprints","source_release":"2026-08-13","source_region":"Vietnam","source_quadkey":"132230111","source_upload_date":"2026-08-13","source_height_raw":-1,"source_confidence_raw":-1,"height_m":null,"confidence":null,"area_m2":33.99},"geometry":{"type":"Polygon","coordinates":[[[106.34795896314591,11.086286628193307],[106.34795763008829,11.086336604901732],[106.34790134226589,11.086335159017693],[106.34790267532351,11.086285182309012],[106.34795896314591,11.086286628193307]]]}},{"type":"Feature","properties":{"source":"Microsoft Global ML Building Footprints","source_release":"2026-08-13","source_region":"Vietnam","source_quadkey":"132230111","source_upload_date":"2026-08-13","source_height_raw":-1,"source_confidence_raw":-1,"height_m":null,"confidence":null,"area_m2":20.17},"geometry":{"type":"Polygon","coordinates":[[[106.34930343309895,11.083416084609553],[106.34929702808292,11.083467966734133],[106.34926530715771,11.083464195403636],[106.34927171217375,11.083412313278387],[106.34930343309895,11.083416084609553]]]}},{"type":"Feature","properties":{"source":"Microsoft Global ML Building Footprints","source_release":"2026-08-13","source_region":"Vietnam","source_quadkey":"132230111","source_upload_date":"2026-08-13","source_height_raw":-1,"source_confidence_raw":-1,"height_m":null,"confidence":null,"area_m2":18.51},"geometry":{"type":"Polygon","coordinates":[[[106.3543831365308,11.087317079056348],[106.3543554031007,11.087333271766866],[106.35433065206243,11.087292448077136],[106.35435838549259,11.087276255364358],[106.3543831365308,11.087317079056348]]]}},{"type":"Feature","properties":{"source":"Microsoft Global ML Building Footprints","source_release":"2026-08-13","source_region":"Vietnam","source_quadkey":"132230111","source_upload_date":"2026-08-13","source_height_raw":-1,"source_confidence_raw":-1,"height_m":null,"confidence":null,"area_m2":375.75},"geometry":{"type":"Polygon","coordinates":[[[106.35179294479623,11.091261702632096],[106.35179568492151,11.091335303485593],[106.3518358644274,11.091333862979539],[106.35183840882945,11.091402206612955],[106.35180793417261,11.09140329918283],[106.35181058149134,11.091474271219113],[106.35171783394189,11.0914775963805],[106.35171705104894,11.091456567577353],[106.35166515124892,11.0914584282758],[106.35165799368342,11.091266540868318],[106.35179294479623,11.091261702632096]]]}},{"type":"Feature","properties":{"source":"Microsoft Global ML Building Footprints","source_release":"2026-08-13","source_region":"Vietnam","source_quadkey":"132230111","source_upload_date":"2026-08-13","source_height_raw":-1,"source_confidence_raw":-1,"height_m":null,"confidence":null,"area_m2":56.9},"geometry":{"type":"Polygon","coordinates":[[[106.3527131656294,11.109271507139411],[106.35275480515124,11.109278659225552],[106.35273521686432,11.109388468462186],[106.35269357734254,11.109381316378716],[106.3527131656294,11.109271507139411]]]}},{"type":"Feature","properties":{"source":"Microsoft Global ML Building Footprints","source_release":"2026-08-13","source_region":"Vietnam","source_quadkey":"132230111","source_upload_date":"2026-08-13","source_height_raw":-1,"source_confidence_raw":-1,"height_m":null,"confidence":null,"area_m2":305.56},"geometry":{"type":"Polygon","coordinates":[[[106.35278340198238,11.086837873978965],[106.3527474649878,11.086726690184733],[106.35293877826761,11.086667140166341],[106.35298244049501,11.08680225453405],[106.35291054862611,11.086824627344555],[106.35290281849662,11.08680071145929],[106.35278340198238,11.086837873978965]]]}},{"type":"Feature","properties":{"source":"Microsoft Global ML Building Footprints","source_release":"2026-08-13","source_region":"Vietnam","source_quadkey":"132230111","source_upload_date":"2026-08-13","source_height_raw":-1,"source_confidence_raw":-1,"height_m":null,"confidence":null,"area_m2":596.15},"geometry":{"type":"Polygon","coordinates":[[[106.35372864306626,11.090321934186989],[106.35370422372227,11.090198905820714],[106.35409078204451,11.090124991942048],[106.35411521492095,11.090248044302314],[106.35372864306626,11.090321934186989]]]}},{"type":"Feature","properties":{"source":"Microsoft Global ML Building Footprints","source_release":"2026-08-13","source_region":"Vietnam","source_quadkey":"132230111","source_upload_date":"2026-08-13","source_height_raw":-1,"source_confidence_raw":-1,"height_m":null,"confidence":null,"area_m2":219.46},"geometry":{"type":"Polygon","coordinates":[[[106.35533683553669,11.09895575027464],[106.35547085995582,11.098959082398721],[106.35546814344744,11.09906429649817],[106.35526978730712,11.099059364956304],[106.35527141721218,11.098996236500113],[106.35533574893333,11.098997835919462],[106.35533683553669,11.09895575027464]]]}},{"type":"Feature","properties":{"source":"Microsoft Global ML Building Footprints","source_release":"2026-08-13","source_region":"Vietnam","source_quadkey":"132230111","source_upload_date":"2026-08-13","source_height_raw":-1,"source_confidence_raw":-1,"height_m":null,"confidence":null,"area_m2":325.68},"geometry":{"type":"Polygon","coordinates":[[[106.35701160124066,11.094260885926076],[106.35701138443564,11.094220354985453],[106.35696200282635,11.094220605961723],[106.35696126659025,11.094081109212766],[106.35712219481444,11.09408029131346],[106.3571231449245,11.094260311357473],[106.35701160124066,11.094260885926076]]]}},{"type":"Feature","properties":{"source":"Microsoft Global ML Building Footprints","source_release":"2026-08-13","source_region":"Vietnam","source_quadkey":"132230111","source_upload_date":"2026-08-13","source_height_raw":-1,"source_confidence_raw":-1,"height_m":null,"confidence":null,"area_m2":187.03},"geometry":{"type":"Polygon","coordinates":[[[106.35443818121541,11.110936287174539],[106.35450708800406,11.110753350954624],[106.35458157759639,11.110780361951399],[106.35451268228809,11.110963302317302],[106.35443818121541,11.110936287174539]]]}},{"type":"Feature","properties":{"source":"Microsoft Global ML Building Footprints","source_release":"2026-08-13","source_region":"Vietnam","source_quadkey":"132230111","source_upload_date":"2026-08-13","source_height_raw":-1,"source_confidence_raw":-1,"height_m":null,"confidence":null,"area_m2":30.09},"geometry":{"type":"Polygon","coordinates":[[[106.35504325761336,11.090644443042592],[106.35502973686428,11.090684830037333],[106.35497405573645,11.090666878895462],[106.3549875764855,11.090626491898234],[106.35504325761336,11.090644443042592]]]}},{"type":"Feature","properties":{"source":"Microsoft Global ML Building Footprints","source_release":"2026-08-13","source_region":"Vietnam","source_quadkey":"132230111","source_upload_date":"2026-08-13","source_height_raw":-1,"source_confidence_raw":-1,"height_m":null,"confidence":null,"area_m2":285.87},"geometry":{"type":"Polygon","coordinates":[[[106.3487501085792,11.089622805637717],[106.34881072483145,11.0896079969869],[106.34882745808687,11.089673957187273],[106.34859762523469,11.089730121502441],[106.34857019915655,11.089622011672844],[106.34873941952735,11.089580670853977],[106.3487501085792,11.089622805637717]]]}},{"type":"Feature","properties":{"source":"Microsoft Global ML Building Footprints","source_release":"2026-08-13","source_region":"Vietnam","source_quadkey":"132230111","source_upload_date":"2026-08-13","source_height_raw":-1,"source_confidence_raw":-1,"height_m":null,"confidence":null,"area_m2":224.68},"geometry":{"type":"Polygon","coordinates":[[[106.34936012115857,11.087209004708583],[106.34942902078657,11.087193724437668],[106.34948820592292,11.087450645060386],[106.34941930733201,11.087465929819999],[106.34936012115857,11.087209004708583]]]}},{"type":"Feature","properties":{"source":"Microsoft Global ML Building Footprints","source_release":"2026-08-13","source_region":"Vietnam","source_quadkey":"132230111","source_upload_date":"2026-08-13","source_height_raw":-1,"source_confidence_raw":-1,"height_m":null,"confidence":null,"area_m2":224.41},"geometry":{"type":"Polygon","coordinates":[[[106.35085861023283,11.090452856757167],[106.3508759304634,11.090502286807492],[106.3508231611149,11.090520092944544],[106.35084213089122,11.090574230605853],[106.35070685481443,11.09061987724968],[106.3506705582022,11.090516311786075],[106.35085861023283,11.090452856757167]]]}},{"type":"Feature","properties":{"source":"Microsoft Global ML Building Footprints","source_release":"2026-08-13","source_region":"Vietnam","source_quadkey":"132230111","source_upload_date":"2026-08-13","source_height_raw":-1,"source_confidence_raw":-1,"height_m":null,"confidence":null,"area_m2":33.33},"geometry":{"type":"Polygon","coordinates":[[[106.35137198426928,11.092377618151275],[106.35145265658218,11.092385330775642],[106.35144929145804,11.0924192263614],[106.3513686167504,11.092411513509006],[106.35137198426928,11.092377618151275]]]}},{"type":"Feature","properties":{"source":"Microsoft Global ML Building Footprints","source_release":"2026-08-13","source_region":"Vietnam","source_quadkey":"132230111","source_upload_date":"2026-08-13","source_height_raw":-1,"source_confidence_raw":-1,"height_m":null,"confidence":null,"area_m2":126.4},"geometry":{"type":"Polygon","coordinates":[[[106.3515691545801,11.083862908320953],[106.35165953265397,11.083854472377993],[106.35167064907964,11.08396925054899],[106.35158027100582,11.083977686488652],[106.3515691545801,11.083862908320953]]]}},{"type":"Feature","properties":{"source":"Microsoft Global ML Building Footprints","source_release":"2026-08-13","source_region":"Vietnam","source_quadkey":"132230111","source_upload_date":"2026-08-13","source_height_raw":-1,"source_confidence_raw":-1,"height_m":null,"confidence":null,"area_m2":12.79},"geometry":{"type":"Polygon","coordinates":[[[106.3560676574707,11.097211590642772],[106.3560676574707,11.097251071497467],[106.35604083538055,11.097251071497467],[106.35604083538055,11.097211590642772],[106.3560676574707,11.097211590642772]]]}},{"type":"Feature","properties":{"source":"Microsoft Global ML Building Footprints","source_release":"2026-08-13","source_region":"Vietnam","source_quadkey":"132230111","source_upload_date":"2026-08-13","source_height_raw":-1,"source_confidence_raw":-1,"height_m":null,"confidence":null,"area_m2":166.87},"geometry":{"type":"Polygon","coordinates":[[[106.35741848419829,11.090813771157983],[106.35749348746889,11.090811102759204],[106.35750028542769,11.09099510888646],[106.3574252821571,11.090997777283533],[106.35741848419829,11.090813771157983]]]}},{"type":"Feature","properties":{"source":"Microsoft Global ML Building Footprints","source_release":"2026-08-13","source_region":"Vietnam","source_quadkey":"132230111","source_upload_date":"2026-08-13","source_height_raw":-1,"source_confidence_raw":-1,"height_m":null,"confidence":null,"area_m2":267.72},"geometry":{"type":"Polygon","coordinates":[[[106.35073308910002,11.109169525338103],[106.35074398825152,11.109082504232944],[106.35099500447609,11.109112793386046],[106.35098410745161,11.10919979749957],[106.35073308910002,11.109169525338103]]]}},{"type":"Feature","properties":{"source":"Microsoft Global ML Building Footprints","source_release":"2026-08-13","source_region":"Vietnam","source_quadkey":"132230111","source_upload_date":"2026-08-13","source_height_raw":-1,"source_confidence_raw":-1,"height_m":null,"confidence":null,"area_m2":45.88},"geometry":{"type":"Polygon","coordinates":[[[106.35270364173401,11.086287393682142],[106.35276378818195,11.08627793364235],[106.35277384285008,11.086339523938122],[106.35271369640215,11.086348983975938],[106.35270364173401,11.086287393682142]]]}},{"type":"Feature","properties":{"source":"Microsoft Global ML Building Footprints","source_release":"2026-08-13","source_region":"Vietnam","source_quadkey":"132230111","source_upload_date":"2026-08-13","source_height_raw":-1,"source_confidence_raw":-1,"height_m":null,"confidence":null,"area_m2":163.06},"geometry":{"type":"Polygon","coordinates":[[[106.34877536874767,11.089394841975206],[106.34859846217807,11.089416688205432],[106.34858882643076,11.089341546422574],[106.34876573300039,11.089319700186735],[106.34877536874767,11.089394841975206]]]}},{"type":"Feature","properties":{"source":"Microsoft Global ML Building Footprints","source_release":"2026-08-13","source_region":"Vietnam","source_quadkey":"132230111","source_upload_date":"2026-08-13","source_height_raw":-1,"source_confidence_raw":-1,"height_m":null,"confidence":null,"area_m2":79.67},"geometry":{"type":"Polygon","coordinates":[[[106.35464683792176,11.091232875263941],[106.35471375380533,11.091229878745494],[106.35471832913348,11.09132827025249],[106.35465141346323,11.091331271356268],[106.35464683792176,11.091232875263941]]]}},{"type":"Feature","properties":{"source":"Microsoft Global ML Building Footprints","source_release":"2026-08-13","source_region":"Vietnam","source_quadkey":"132230111","source_upload_date":"2026-08-13","source_height_raw":-1,"source_confidence_raw":-1,"height_m":null,"confidence":null,"area_m2":259.07},"geometry":{"type":"Polygon","coordinates":[[[106.34830273940989,11.088494806986319],[106.34832446344181,11.088567520831646],[106.34805277388584,11.088645688534498],[106.34803104985396,11.088572974708597],[106.34830273940989,11.088494806986319]]]}},{"type":"Feature","properties":{"source":"Microsoft Global ML Building Footprints","source_release":"2026-08-13","source_region":"Vietnam","source_quadkey":"132230111","source_upload_date":"2026-08-13","source_height_raw":-1,"source_confidence_raw":-1,"height_m":null,"confidence":null,"area_m2":115.62},"geometry":{"type":"Polygon","coordinates":[[[106.35427732072509,11.091248390238277],[106.35421668921835,11.091246916088053],[106.35422067404266,11.091089086276327],[106.35428129429971,11.091090560153845],[106.35427732072509,11.091248390238277]]]}},{"type":"Feature","properties":{"source":"Microsoft Global ML Building Footprints","source_release":"2026-08-13","source_region":"Vietnam","source_quadkey":"132230111","source_upload_date":"2026-08-13","source_height_raw":-1,"source_confidence_raw":-1,"height_m":null,"confidence":null,"area_m2":338.55},"geometry":{"type":"Polygon","coordinates":[[[106.35500023565609,11.091473529218078],[106.35490379235466,11.091470243778133],[106.35490239736478,11.091509677886847],[106.35484345979171,11.091507670118261],[106.35484569177551,11.091444575541331],[106.35488319750384,11.091445853212534],[106.35488980045602,11.091259198343508],[106.35500767560218,11.091263213884105],[106.35500023565609,11.091473529218078]]]}},{"type":"Feature","properties":{"source":"Microsoft Global ML Building Footprints","source_release":"2026-08-13","source_region":"Vietnam","source_quadkey":"132230111","source_upload_date":"2026-08-13","source_height_raw":-1,"source_confidence_raw":-1,"height_m":null,"confidence":null,"area_m2":232.46},"geometry":{"type":"Polygon","coordinates":[[[106.35595990568078,11.090518792927],[106.35607242395575,11.090522610533952],[106.35606640331605,11.090693493842707],[106.35595388504106,11.090689676237972],[106.35595990568078,11.090518792927]]]}},{"type":"Feature","properties":{"source":"Microsoft Global ML Building Footprints","source_release":"2026-08-13","source_region":"Vietnam","source_quadkey":"132230111","source_upload_date":"2026-08-13","source_height_raw":-1,"source_confidence_raw":-1,"height_m":null,"confidence":null,"area_m2":105.15},"geometry":{"type":"Polygon","coordinates":[[[106.34939371573265,11.087138872284314],[106.34940665682065,11.087194962301439],[106.34934927931202,11.08720771088997],[106.34932443195856,11.087100049319488],[106.34942263941618,11.087078228801687],[106.34943453776225,11.087129799317154],[106.34939371573265,11.087138872284314]]]}},{"type":"Feature","properties":{"source":"Microsoft Global ML Building Footprints","source_release":"2026-08-13","source_region":"Vietnam","source_quadkey":"132230111","source_upload_date":"2026-08-13","source_height_raw":-1,"source_confidence_raw":-1,"height_m":null,"confidence":null,"area_m2":47.8},"geometry":{"type":"Polygon","coordinates":[[[106.35245476581717,11.089398073668747],[106.35239906443914,11.089403865750441],[106.35239148079592,11.089333586881551],[106.35244718217395,11.08932779479845],[106.35245476581717,11.089398073668747]]]}},{"type":"Feature","properties":{"source":"Microsoft Global ML Building Footprints","source_release":"2026-08-13","source_region":"Vietnam","source_quadkey":"132230111","source_upload_date":"2026-08-13","source_height_raw":-1,"source_confidence_raw":-1,"height_m":null,"confidence":null,"area_m2":132.91},"geometry":{"type":"Polygon","coordinates":[[[106.35684842124981,11.083907884127044],[106.35690991345258,11.083904454656277],[106.35692024548393,11.08408286641118],[106.35685875328116,11.084086295879871],[106.35684842124981,11.083907884127044]]]}},{"type":"Feature","properties":{"source":"Microsoft Global ML Building Footprints","source_release":"2026-08-13","source_region":"Vietnam","source_quadkey":"132230111","source_upload_date":"2026-08-13","source_height_raw":-1,"source_confidence_raw":-1,"height_m":null,"confidence":null,"area_m2":101.4},"geometry":{"type":"Polygon","coordinates":[[[106.3478770545536,11.106957944942579],[106.34792614055254,11.106943267079586],[106.34797475417432,11.107099808439244],[106.34792566817536,11.107114486294364],[106.3478770545536,11.106957944942579]]]}},{"type":"Feature","properties":{"source":"Microsoft Global ML Building Footprints","source_release":"2026-08-13","source_region":"Vietnam","source_quadkey":"132230111","source_upload_date":"2026-08-13","source_height_raw":-1,"source_confidence_raw":-1,"height_m":null,"confidence":null,"area_m2":347.36},"geometry":{"type":"Polygon","coordinates":[[[106.3480931719884,11.087546074732657],[106.34820700923666,11.087518647018484],[106.34826663462928,11.087756966768183],[106.34815279738102,11.087784394459973],[106.3480931719884,11.087546074732657]]]}},{"type":"Feature","properties":{"source":"Microsoft Global ML Building Footprints","source_release":"2026-08-13","source_region":"Vietnam","source_quadkey":"132230111","source_upload_date":"2026-08-13","source_height_raw":-1,"source_confidence_raw":-1,"height_m":null,"confidence":null,"area_m2":46.05},"geometry":{"type":"Polygon","coordinates":[[[106.35203359157657,11.088007003302693],[106.35197671008773,11.088017797659475],[106.35196397591422,11.087953176056246],[106.35202085666097,11.087942377931228],[106.35203359157657,11.088007003302693]]]}},{"type":"Feature","properties":{"source":"Microsoft Global ML Building Footprints","source_release":"2026-08-13","source_region":"Vietnam","source_quadkey":"132230111","source_upload_date":"2026-08-13","source_height_raw":-1,"source_confidence_raw":-1,"height_m":null,"confidence":null,"area_m2":183.67},"geometry":{"type":"Polygon","coordinates":[[[106.35449425549184,11.086346854507738],[106.35460756223678,11.086296231201771],[106.35465914820932,11.086407423472409],[106.35454584146441,11.08645804675912],[106.35449425549184,11.086346854507738]]]}},{"type":"Feature","properties":{"source":"Microsoft Global ML Building Footprints","source_release":"2026-08-13","source_region":"Vietnam","source_quadkey":"132230111","source_upload_date":"2026-08-13","source_height_raw":-1,"source_confidence_raw":-1,"height_m":null,"confidence":null,"area_m2":222.44},"geometry":{"type":"Polygon","coordinates":[[[106.35594455866823,11.098447085441506],[106.35586159809738,11.098450959891522],[106.35585606674825,11.098336910087994],[106.35606480694281,11.0983271757718],[106.35606824578873,11.0983980806691],[106.35594246644072,11.098403946217218],[106.35594455866823,11.098447085441506]]]}},{"type":"Feature","properties":{"source":"Microsoft Global ML Building Footprints","source_release":"2026-08-13","source_region":"Vietnam","source_quadkey":"132230111","source_upload_date":"2026-08-13","source_height_raw":-1,"source_confidence_raw":-1,"height_m":null,"confidence":null,"area_m2":651.29},"geometry":{"type":"Polygon","coordinates":[[[106.35060732065884,11.091323567758664],[106.35062359601574,11.091562019938863],[106.35054081889302,11.091567460728243],[106.35053920924237,11.091543877554699],[106.35040302752435,11.091552828531277],[106.35039927167276,11.09149780112061],[106.35036989914535,11.09149973172373],[106.3503589892907,11.091339890139821],[106.35060732065884,11.091323567758664]]]}},{"type":"Feature","properties":{"source":"Microsoft Global ML Building Footprints","source_release":"2026-08-13","source_region":"Vietnam","source_quadkey":"132230111","source_upload_date":"2026-08-13","source_height_raw":-1,"source_confidence_raw":-1,"height_m":null,"confidence":null,"area_m2":61.22},"geometry":{"type":"Polygon","coordinates":[[[106.35139482352596,11.08450653121443],[106.35149112992997,11.084501682693443],[106.35149387101369,11.084554188121828],[106.35139756460968,11.084559036641977],[106.35139482352596,11.08450653121443]]]}},{"type":"Feature","properties":{"source":"Microsoft Global ML Building Footprints","source_release":"2026-08-13","source_region":"Vietnam","source_quadkey":"132230111","source_upload_date":"2026-08-13","source_height_raw":-1,"source_confidence_raw":-1,"height_m":null,"confidence":null,"area_m2":370.09},"geometry":{"type":"Polygon","coordinates":[[[106.35625845370204,11.106614148558961],[106.35627684649452,11.106493137665723],[106.3565733407265,11.10653653041011],[106.35656120931019,11.1066163460994],[106.35641808835746,11.106595399961805],[106.35641182985562,11.10663659557136],[106.35625845370204,11.106614148558961]]]}},{"type":"Feature","properties":{"source":"Microsoft Global ML Building Footprints","source_release":"2026-08-13","source_region":"Vietnam","source_quadkey":"132230111","source_upload_date":"2026-08-13","source_height_raw":-1,"source_confidence_raw":-1,"height_m":null,"confidence":null,"area_m2":197.36},"geometry":{"type":"Polygon","coordinates":[[[106.3476534984791,11.09910717390136],[106.34780629244575,11.099103501055609],[106.34780896861639,11.099210401111165],[106.34765617491226,11.099214084443105],[106.3476534984791,11.09910717390136]]]}},{"type":"Feature","properties":{"source":"Microsoft Global ML Building Footprints","source_release":"2026-08-13","source_region":"Vietnam","source_quadkey":"132230111","source_upload_date":"2026-08-13","source_height_raw":-1,"source_confidence_raw":-1,"height_m":null,"confidence":null,"area_m2":180.31},"geometry":{"type":"Polygon","coordinates":[[[106.35200885359723,11.086539136845275],[106.35202577202868,11.086618660582687],[106.3518458618897,11.086655532984551],[106.35182894093921,11.086575997416574],[106.35200885359723,11.086539136845275]]]}},{"type":"Feature","properties":{"source":"Microsoft Global ML Building Footprints","source_release":"2026-08-13","source_region":"Vietnam","source_quadkey":"132230111","source_upload_date":"2026-08-13","source_height_raw":-1,"source_confidence_raw":-1,"height_m":null,"confidence":null,"area_m2":277.27},"geometry":{"type":"Polygon","coordinates":[[[106.35381978552748,11.09142346336894],[106.35372598320713,11.09142606613301],[106.35371893565319,11.091181475419049],[106.35381273797354,11.091178872652776],[106.35381978552748,11.09142346336894]]]}},{"type":"Feature","properties":{"source":"Microsoft Global ML Building Footprints","source_release":"2026-08-13","source_region":"Vietnam","source_quadkey":"132230111","source_upload_date":"2026-08-13","source_height_raw":-1,"source_confidence_raw":-1,"height_m":null,"confidence":null,"area_m2":94.96},"geometry":{"type":"Polygon","coordinates":[[[106.34803170863994,11.08896278176148],[106.34789361616069,11.089007140672877],[106.34787646051223,11.088955698535216],[106.34801455584851,11.088911348182933],[106.34803170863994,11.08896278176148]]]}},{"type":"Feature","properties":{"source":"Microsoft Global ML Building Footprints","source_release":"2026-08-13","source_region":"Vietnam","source_quadkey":"132230111","source_upload_date":"2026-08-13","source_height_raw":-1,"source_confidence_raw":-1,"height_m":null,"confidence":null,"area_m2":304.27},"geometry":{"type":"Polygon","coordinates":[[[106.35521510721051,11.090615367302362],[106.3552189295869,11.090766763169341],[106.35511276246145,11.090769337151869],[106.35510643446231,11.09051798905196],[106.3551975737808,11.090515773151509],[106.35520009037806,11.09061573241145],[106.35521510721051,11.090615367302362]]]}},{"type":"Feature","properties":{"source":"Microsoft Global ML Building Footprints","source_release":"2026-08-13","source_region":"Vietnam","source_quadkey":"132230111","source_upload_date":"2026-08-13","source_height_raw":-1,"source_confidence_raw":-1,"height_m":null,"confidence":null,"area_m2":76.76},"geometry":{"type":"Polygon","coordinates":[[[106.35650385411878,11.093792951132372],[106.35664592299912,11.093796424776244],[106.35664478759476,11.093841142506434],[106.35650271871441,11.093837668863088],[106.35650385411878,11.093792951132372]]]}},{"type":"Feature","properties":{"source":"Microsoft Global ML Building Footprints","source_release":"2026-08-13","source_region":"Vietnam","source_quadkey":"132230111","source_upload_date":"2026-08-13","source_height_raw":-1,"source_confidence_raw":-1,"height_m":null,"confidence":null,"area_m2":71.26},"geometry":{"type":"Polygon","coordinates":[[[106.34767720787535,11.087193294839878],[106.34780909536141,11.08715717914319],[106.34782089996578,11.087198693111603],[106.34768901247973,11.08723480880316],[106.34767720787535,11.087193294839878]]]}},{"type":"Feature","properties":{"source":"Microsoft Global ML Building Footprints","source_release":"2026-08-13","source_region":"Vietnam","source_quadkey":"132230111","source_upload_date":"2026-08-13","source_height_raw":-1,"source_confidence_raw":-1,"height_m":null,"confidence":null,"area_m2":77.34},"geometry":{"type":"Polygon","coordinates":[[[106.3486005607536,11.085106822831847],[106.34845742454303,11.085143482718223],[106.34844628302105,11.085101589450005],[106.3485894192316,11.085064929558342],[106.3486005607536,11.085106822831847]]]}},{"type":"Feature","properties":{"source":"Microsoft Global ML Building Footprints","source_release":"2026-08-13","source_region":"Vietnam","source_quadkey":"132230111","source_upload_date":"2026-08-13","source_height_raw":-1,"source_confidence_raw":-1,"height_m":null,"confidence":null,"area_m2":233.16},"geometry":{"type":"Polygon","coordinates":[[[106.348888903585,11.101683118529863],[106.34892329869257,11.101773105646984],[106.34873518962245,11.101842352325733],[106.34870079451484,11.101752365229984],[106.348888903585,11.101683118529863]]]}},{"type":"Feature","properties":{"source":"Microsoft Global ML Building Footprints","source_release":"2026-08-13","source_region":"Vietnam","source_quadkey":"132230111","source_upload_date":"2026-08-13","source_height_raw":-1,"source_confidence_raw":-1,"height_m":null,"confidence":null,"area_m2":20.56},"geometry":{"type":"Polygon","coordinates":[[[106.35250074368332,11.103501017764046],[106.3525020421459,11.103539183691751],[106.35245749334885,11.103540646157569],[106.35245619206293,11.103502477262992],[106.35250074368332,11.103501017764046]]]}},{"type":"Feature","properties":{"source":"Microsoft Global ML Building Footprints","source_release":"2026-08-13","source_region":"Vietnam","source_quadkey":"132230111","source_upload_date":"2026-08-13","source_height_raw":-1,"source_confidence_raw":-1,"height_m":null,"confidence":null,"area_m2":19.54},"geometry":{"type":"Polygon","coordinates":[[[106.3487187841802,11.086561609105857],[106.34875494974395,11.086551837258256],[106.34876661969203,11.086593430667307],[106.3487304568856,11.086603201768483],[106.3487187841802,11.086561609105857]]]}},{"type":"Feature","properties":{"source":"Microsoft Global ML Building Footprints","source_release":"2026-08-13","source_region":"Vietnam","source_quadkey":"132230111","source_upload_date":"2026-08-13","source_height_raw":-1,"source_confidence_raw":-1,"height_m":null,"confidence":null,"area_m2":41.56},"geometry":{"type":"Polygon","coordinates":[[[106.34994143644279,11.09089539365229],[106.35002535977752,11.090882978013042],[106.35003152022558,11.090923078543653],[106.34994759775665,11.090935499817022],[106.34994143644279,11.09089539365229]]]}},{"type":"Feature","properties":{"source":"Microsoft Global ML Building Footprints","source_release":"2026-08-13","source_region":"Vietnam","source_quadkey":"132230111","source_upload_date":"2026-08-13","source_height_raw":-1,"source_confidence_raw":-1,"height_m":null,"confidence":null,"area_m2":100.21},"geometry":{"type":"Polygon","coordinates":[[[106.35069556692386,11.083372248321965],[106.35069860081215,11.083501156436029],[106.35063426211659,11.083502614705608],[106.35063122822828,11.083373706592212],[106.35069556692386,11.083372248321965]]]}},{"type":"Feature","properties":{"source":"Microsoft Global ML Building Footprints","source_release":"2026-08-13","source_region":"Vietnam","source_quadkey":"132230111","source_upload_date":"2026-08-13","source_height_raw":-1,"source_confidence_raw":-1,"height_m":null,"confidence":null,"area_m2":28.35},"geometry":{"type":"Polygon","coordinates":[[[106.35694649959242,11.106555338710294],[106.35695316424713,11.106511572388413],[106.35700563681178,11.106519266307046],[106.35699897215703,11.106563032627776],[106.35694649959242,11.106555338710294]]]}},{"type":"Feature","properties":{"source":"Microsoft Global ML Building Footprints","source_release":"2026-08-13","source_region":"Vietnam","source_quadkey":"132230111","source_upload_date":"2026-08-13","source_height_raw":-1,"source_confidence_raw":-1,"height_m":null,"confidence":null,"area_m2":31.21},"geometry":{"type":"Polygon","coordinates":[[[106.34772219585726,11.092463254149877],[106.34773183717856,11.092500320682646],[106.34766636537206,11.092516720096839],[106.34765672405076,11.092479653566144],[106.34772219585726,11.092463254149877]]]}},{"type":"Feature","properties":{"source":"Microsoft Global ML Building Footprints","source_release":"2026-08-13","source_region":"Vietnam","source_quadkey":"132230111","source_upload_date":"2026-08-13","source_height_raw":-1,"source_confidence_raw":-1,"height_m":null,"confidence":null,"area_m2":49.23},"geometry":{"type":"Polygon","coordinates":[[[106.34797717760533,11.086104280587648],[106.3480682795779,11.086138701086597],[106.3480529904646,11.08617767115949],[106.34796188849208,11.086143250665117],[106.34797717760533,11.086104280587648]]]}},{"type":"Feature","properties":{"source":"Microsoft Global ML Building Footprints","source_release":"2026-08-13","source_region":"Vietnam","source_quadkey":"132230111","source_upload_date":"2026-08-13","source_height_raw":-1,"source_confidence_raw":-1,"height_m":null,"confidence":null,"area_m2":99.96},"geometry":{"type":"Polygon","coordinates":[[[106.3523877285837,11.087973233601147],[106.3524653470262,11.08796971513118],[106.35247035641119,11.088076136360016],[106.35239273821908,11.088079660148352],[106.3523877285837,11.087973233601147]]]}},{"type":"Feature","properties":{"source":"Microsoft Global ML Building Footprints","source_release":"2026-08-13","source_region":"Vietnam","source_quadkey":"132230111","source_upload_date":"2026-08-13","source_height_raw":-1,"source_confidence_raw":-1,"height_m":null,"confidence":null,"area_m2":165.27},"geometry":{"type":"Polygon","coordinates":[[[106.3488733215282,11.101979917129455],[106.34884160537098,11.101907446453183],[106.3489050146558,11.101880729205575],[106.34896687726632,11.102022083817673],[106.34886583287722,11.102064665383281],[106.34883568896313,11.101995776039146],[106.3488733215282,11.101979917129455]]]}},{"type":"Feature","properties":{"source":"Microsoft Global ML Building Footprints","source_release":"2026-08-13","source_region":"Vietnam","source_quadkey":"132230111","source_upload_date":"2026-08-13","source_height_raw":-1,"source_confidence_raw":-1,"height_m":null,"confidence":null,"area_m2":26.86},"geometry":{"type":"Polygon","coordinates":[[[106.35080618422337,11.083245271065522],[106.35087117739299,11.08325663182859],[106.35086515751891,11.08328979793336],[106.3508001643493,11.083278437171572],[106.35080618422337,11.083245271065522]]]}},{"type":"Feature","properties":{"source":"Microsoft Global ML Building Footprints","source_release":"2026-08-13","source_region":"Vietnam","source_quadkey":"132230111","source_upload_date":"2026-08-13","source_height_raw":-1,"source_confidence_raw":-1,"height_m":null,"confidence":null,"area_m2":205.14},"geometry":{"type":"Polygon","coordinates":[[[106.35174239568985,11.08561032251066],[106.35192679663923,11.085577582997288],[106.35194324270239,11.085666788730578],[106.351758841753,11.08569952823396],[106.35174239568985,11.08561032251066]]]}},{"type":"Feature","properties":{"source":"Microsoft Global ML Building Footprints","source_release":"2026-08-13","source_region":"Vietnam","source_quadkey":"132230111","source_upload_date":"2026-08-13","source_height_raw":-1,"source_confidence_raw":-1,"height_m":null,"confidence":null,"area_m2":367.68},"geometry":{"type":"Polygon","coordinates":[[[106.35349530702246,11.088138272046208],[106.35375598709446,11.088108157343044],[106.35377187968487,11.08824056044017],[106.35358791114194,11.088261813141202],[106.35358090030763,11.088203370316677],[106.35350418008801,11.088212238580212],[106.35349530702246,11.088138272046208]]]}},{"type":"Feature","properties":{"source":"Microsoft Global ML Building Footprints","source_release":"2026-08-13","source_region":"Vietnam","source_quadkey":"132230111","source_upload_date":"2026-08-13","source_height_raw":-1,"source_confidence_raw":-1,"height_m":null,"confidence":null,"area_m2":33.81},"geometry":{"type":"Polygon","coordinates":[[[106.34845760325935,11.088777350359479],[106.34841058341605,11.088788498328327],[106.3483967348522,11.088732232271752],[106.34844375165508,11.088721088250821],[106.34845760325935,11.088777350359479]]]}},{"type":"Feature","properties":{"source":"Microsoft Global ML Building Footprints","source_release":"2026-08-13","source_region":"Vietnam","source_quadkey":"132230111","source_upload_date":"2026-08-13","source_height_raw":-1,"source_confidence_raw":-1,"height_m":null,"confidence":null,"area_m2":204.29},"geometry":{"type":"Polygon","coordinates":[[[106.35218756708528,11.09084244149119],[106.3521893054187,11.091008247108931],[106.35211152958989,11.091009032349035],[106.35210877033039,11.09074584878563],[106.35215005704868,11.09074543194643],[106.35215107103033,11.090842809962751],[106.35218756708528,11.09084244149119]]]}},{"type":"Feature","properties":{"source":"Microsoft Global ML Building Footprints","source_release":"2026-08-13","source_region":"Vietnam","source_quadkey":"132230111","source_upload_date":"2026-08-13","source_height_raw":-1,"source_confidence_raw":-1,"height_m":null,"confidence":null,"area_m2":396.03},"geometry":{"type":"Polygon","coordinates":[[[106.35347037141855,11.083062957055887],[106.3534855505812,11.083152609512425],[106.35343751313314,11.08316043893629],[106.35344358230927,11.08319630031589],[106.35322432468944,11.083232036196392],[106.35320286521201,11.083105237027283],[106.35327177949085,11.083094000240152],[106.35327199772081,11.083095289168384],[106.35347037141855,11.083062957055887]]]}},{"type":"Feature","properties":{"source":"Microsoft Global ML Building Footprints","source_release":"2026-08-13","source_region":"Vietnam","source_quadkey":"132230111","source_upload_date":"2026-08-13","source_height_raw":-1,"source_confidence_raw":-1,"height_m":null,"confidence":null,"area_m2":38.3},"geometry":{"type":"Polygon","coordinates":[[[106.34849303755628,11.085262019573634],[106.34857911669746,11.085236591327913],[106.34858947896811,11.085270380564793],[106.34850339982692,11.085295808807587],[106.34849303755628,11.085262019573634]]]}},{"type":"Feature","properties":{"source":"Microsoft Global ML Building Footprints","source_release":"2026-08-13","source_region":"Vietnam","source_quadkey":"132230111","source_upload_date":"2026-08-13","source_height_raw":-1,"source_confidence_raw":-1,"height_m":null,"confidence":null,"area_m2":106.83},"geometry":{"type":"Polygon","coordinates":[[[106.34941454804337,11.083489664571488],[106.34955226083893,11.083494639784476],[106.3495498541683,11.083558794027212],[106.3494121371586,11.08355380920419],[106.34941454804337,11.083489664571488]]]}},{"type":"Feature","properties":{"source":"Microsoft Global ML Building Footprints","source_release":"2026-08-13","source_region":"Vietnam","source_quadkey":"132230111","source_upload_date":"2026-08-13","source_height_raw":-1,"source_confidence_raw":-1,"height_m":null,"confidence":null,"area_m2":51.1},"geometry":{"type":"Polygon","coordinates":[[[106.35215443271287,11.091595140654817],[106.35208744364114,11.091597206462566],[106.35208542271663,11.091534098191417],[106.35215241178837,11.091532032383228],[106.35215443271287,11.091595140654817]]]}},{"type":"Feature","properties":{"source":"Microsoft Global ML Building Footprints","source_release":"2026-08-13","source_region":"Vietnam","source_quadkey":"132230111","source_upload_date":"2026-08-13","source_height_raw":-1,"source_confidence_raw":-1,"height_m":null,"confidence":null,"area_m2":89.66},"geometry":{"type":"Polygon","coordinates":[[[106.3532663634101,11.086127046915095],[106.3533118613094,11.086116006568204],[106.35335061229253,11.08626979710084],[106.35330511439325,11.086280837441933],[106.3532663634101,11.086127046915095]]]}},{"type":"Feature","properties":{"source":"Microsoft Global ML Building Footprints","source_release":"2026-08-13","source_region":"Vietnam","source_quadkey":"132230111","source_upload_date":"2026-08-13","source_height_raw":-1,"source_confidence_raw":-1,"height_m":null,"confidence":null,"area_m2":294.76},"geometry":{"type":"Polygon","coordinates":[[[106.35327258799919,11.109683642989324],[106.35329120807627,11.109519867514948],[106.35341572314357,11.109533489820592],[106.35341040312154,11.109580282820474],[106.35344219420256,11.109583760855287],[106.3534288941475,11.109700743320758],[106.35327258799919,11.109683642989324]]]}},{"type":"Feature","properties":{"source":"Microsoft Global ML Building Footprints","source_release":"2026-08-13","source_region":"Vietnam","source_quadkey":"132230111","source_upload_date":"2026-08-13","source_height_raw":-1,"source_confidence_raw":-1,"height_m":null,"confidence":null,"area_m2":295.71},"geometry":{"type":"Polygon","coordinates":[[[106.3535610981,11.090362788639382],[106.35346317469838,11.090377840424125],[106.35342420135721,11.090133779628076],[106.35352214174857,11.090118725219298],[106.3535610981,11.090362788639382]]]}},{"type":"Feature","properties":{"source":"Microsoft Global ML Building Footprints","source_release":"2026-08-13","source_region":"Vietnam","source_quadkey":"132230111","source_upload_date":"2026-08-13","source_height_raw":-1,"source_confidence_raw":-1,"height_m":null,"confidence":null,"area_m2":40.37},"geometry":{"type":"Polygon","coordinates":[[[106.35183057752197,11.091496284525718],[106.35183343262935,11.091546137319042],[106.35176658827251,11.091549819276736],[106.35176373316511,11.09149996648405],[106.35183057752197,11.091496284525718]]]}},{"type":"Feature","properties":{"source":"Microsoft Global ML Building Footprints","source_release":"2026-08-13","source_region":"Vietnam","source_quadkey":"132230111","source_upload_date":"2026-08-13","source_height_raw":-1,"source_confidence_raw":-1,"height_m":null,"confidence":null,"area_m2":99.82},"geometry":{"type":"Polygon","coordinates":[[[106.35719045939243,11.090932790771063],[106.35714060137074,11.090934478965835],[106.35713477776588,11.090768852943256],[106.35718462398906,11.090767165147042],[106.35719045939243,11.090932790771063]]]}},{"type":"Feature","properties":{"source":"Microsoft Global ML Building Footprints","source_release":"2026-08-13","source_region":"Vietnam","source_quadkey":"132230111","source_upload_date":"2026-08-13","source_height_raw":-1,"source_confidence_raw":-1,"height_m":null,"confidence":null,"area_m2":38.42},"geometry":{"type":"Polygon","coordinates":[[[106.34930527293284,11.083461712223112],[106.34931078530744,11.083412292924208],[106.34937439613657,11.083419126052249],[106.34936888376197,11.083468545349987],[106.34930527293284,11.083461712223112]]]}},{"type":"Feature","properties":{"source":"Microsoft Global ML Building Footprints","source_release":"2026-08-13","source_region":"Vietnam","source_quadkey":"132230111","source_upload_date":"2026-08-13","source_height_raw":-1,"source_confidence_raw":-1,"height_m":null,"confidence":null,"area_m2":156.26},"geometry":{"type":"Polygon","coordinates":[[[106.35178851461896,11.084525048852726],[106.35166246142245,11.08456359305815],[106.35163274556847,11.08447002480483],[106.35175880484768,11.084431478727112],[106.35178851461896,11.084525048852726]]]}},{"type":"Feature","properties":{"source":"Microsoft Global ML Building Footprints","source_release":"2026-08-13","source_region":"Vietnam","source_quadkey":"132230111","source_upload_date":"2026-08-13","source_height_raw":-1,"source_confidence_raw":-1,"height_m":null,"confidence":null,"area_m2":236.92},"geometry":{"type":"Polygon","coordinates":[[[106.35380994581911,11.104492709202589],[106.35382750832707,11.104608584490236],[106.35371991870431,11.104624293683713],[106.35371465570823,11.104589569083544],[106.3536317338851,11.10460167083005],[106.35361942955542,11.104520526550544],[106.35380994581911,11.104492709202589]]]}},{"type":"Feature","properties":{"source":"Microsoft Global ML Building Footprints","source_release":"2026-08-13","source_region":"Vietnam","source_quadkey":"132230111","source_upload_date":"2026-08-13","source_height_raw":-1,"source_confidence_raw":-1,"height_m":null,"confidence":null,"area_m2":87.36},"geometry":{"type":"Polygon","coordinates":[[[106.34782062887088,11.096894839492208],[106.347875649063,11.097012113767263],[106.3478247471914,11.09703511013032],[106.34776972699927,11.096917835864488],[106.34782062887088,11.096894839492208]]]}},{"type":"Feature","properties":{"source":"Microsoft Global ML Building Footprints","source_release":"2026-08-13","source_region":"Vietnam","source_quadkey":"132230111","source_upload_date":"2026-08-13","source_height_raw":-1,"source_confidence_raw":-1,"height_m":null,"confidence":null,"area_m2":51.01},"geometry":{"type":"Polygon","coordinates":[[[106.35115530846066,11.091024064666655],[106.3512221761859,11.090995627392076],[106.351245665773,11.091048808532108],[106.3511787948546,11.09107724715949],[106.35115530846066,11.091024064666655]]]}},{"type":"Feature","properties":{"source":"Microsoft Global ML Building Footprints","source_release":"2026-08-13","source_region":"Vietnam","source_quadkey":"132230111","source_upload_date":"2026-08-13","source_height_raw":-1,"source_confidence_raw":-1,"height_m":null,"confidence":null,"area_m2":67.9},"geometry":{"type":"Polygon","coordinates":[[[106.35178683854389,11.08577658445057],[106.3517808671633,11.085713961356333],[106.35186986501431,11.085705782661933],[106.35187584082232,11.085768405351061],[106.35178683854389,11.08577658445057]]]}},{"type":"Feature","properties":{"source":"Microsoft Global ML Building Footprints","source_release":"2026-08-13","source_region":"Vietnam","source_quadkey":"132230111","source_upload_date":"2026-08-13","source_height_raw":-1,"source_confidence_raw":-1,"height_m":null,"confidence":null,"area_m2":2269.03},"geometry":{"type":"Polygon","coordinates":[[[106.35196105125158,11.090555162917084],[106.3518507396124,11.090578263338116],[106.35171004677485,11.089931271139918],[106.35162902064694,11.08994823890231],[106.35159837345878,11.089807257861821],[106.35193336327868,11.089737107268789],[106.35205653794186,11.090303540581417],[106.35191287627222,11.090333624876209],[106.35196105125158,11.090555162917084]]]}},{"type":"Feature","properties":{"source":"Microsoft Global ML Building Footprints","source_release":"2026-08-13","source_region":"Vietnam","source_quadkey":"132230111","source_upload_date":"2026-08-13","source_height_raw":-1,"source_confidence_raw":-1,"height_m":null,"confidence":null,"area_m2":31.44},"geometry":{"type":"Polygon","coordinates":[[[106.35030407536217,11.087129493765957],[106.35035250308592,11.087116006275082],[106.35036689379251,11.087165766274211],[106.35031846189422,11.087179251599025],[106.35030407536217,11.087129493765957]]]}},{"type":"Feature","properties":{"source":"Microsoft Global ML Building Footprints","source_release":"2026-08-13","source_region":"Vietnam","source_quadkey":"132230111","source_upload_date":"2026-08-13","source_height_raw":-1,"source_confidence_raw":-1,"height_m":null,"confidence":null,"area_m2":24.53},"geometry":{"type":"Polygon","coordinates":[[[106.35623694999491,11.095272193001932],[106.35619040717114,11.095267187142724],[106.35619522025756,11.09522406638547],[106.35624176647303,11.095229069413378],[106.35623694999491,11.095272193001932]]]}},{"type":"Feature","properties":{"source":"Microsoft Global ML Building Footprints","source_release":"2026-08-13","source_region":"Vietnam","source_quadkey":"132230111","source_upload_date":"2026-08-13","source_height_raw":-1,"source_confidence_raw":-1,"height_m":null,"confidence":null,"area_m2":92.03},"geometry":{"type":"Polygon","coordinates":[[[106.35656732377868,11.093143087260614],[106.35642254129155,11.093145901362206],[106.35642147918703,11.093093280125643],[106.3565662616741,11.093090466023554],[106.35656732377868,11.093143087260614]]]}},{"type":"Feature","properties":{"source":"Microsoft Global ML Building Footprints","source_release":"2026-08-13","source_region":"Vietnam","source_quadkey":"132230111","source_upload_date":"2026-08-13","source_height_raw":-1,"source_confidence_raw":-1,"height_m":null,"confidence":null,"area_m2":55.79},"geometry":{"type":"Polygon","coordinates":[[[106.34784799431111,11.084469384845008],[106.34792429856118,11.084442923963437],[106.34794367502363,11.084496744524003],[106.34786737077354,11.0845232054007],[106.34784799431111,11.084469384845008]]]}},{"type":"Feature","properties":{"source":"Microsoft Global ML Building Footprints","source_release":"2026-08-13","source_region":"Vietnam","source_quadkey":"132230111","source_upload_date":"2026-08-13","source_height_raw":-1,"source_confidence_raw":-1,"height_m":null,"confidence":null,"area_m2":39.41},"geometry":{"type":"Polygon","coordinates":[[[106.3484974725264,11.090296773759292],[106.34844787460598,11.090310675576902],[106.34843016664185,11.090249835958645],[106.34847976456226,11.09023593413815],[106.3484974725264,11.090296773759292]]]}},{"type":"Feature","properties":{"source":"Microsoft Global ML Building Footprints","source_release":"2026-08-13","source_region":"Vietnam","source_quadkey":"132230111","source_upload_date":"2026-08-13","source_height_raw":-1,"source_confidence_raw":-1,"height_m":null,"confidence":null,"area_m2":238.83},"geometry":{"type":"Polygon","coordinates":[[[106.348747767271,11.084441219907035],[106.34879234846507,11.084431522625636],[106.34880119899965,11.084470694777593],[106.34886766866786,11.084456231761067],[106.34890246678425,11.084610246945914],[106.34879140180635,11.084634405734917],[106.348747767271,11.084441219907035]]]}},{"type":"Feature","properties":{"source":"Microsoft Global ML Building Footprints","source_release":"2026-08-13","source_region":"Vietnam","source_quadkey":"132230111","source_upload_date":"2026-08-13","source_height_raw":-1,"source_confidence_raw":-1,"height_m":null,"confidence":null,"area_m2":34.97},"geometry":{"type":"Polygon","coordinates":[[[106.3563706352301,11.095044607516513],[106.35632556737306,11.095039812911779],[106.3563325849824,11.094976292225269],[106.35637765250142,11.094981089890325],[106.3563706352301,11.095044607516513]]]}},{"type":"Feature","properties":{"source":"Microsoft Global ML Building Footprints","source_release":"2026-08-13","source_region":"Vietnam","source_quadkey":"132230111","source_upload_date":"2026-08-13","source_height_raw":-1,"source_confidence_raw":-1,"height_m":null,"confidence":null,"area_m2":304.73},"geometry":{"type":"Polygon","coordinates":[[[106.3565124219661,11.083619543493072],[106.35652364165348,11.083709233784774],[106.3563904142309,11.083725274615247],[106.3563686927612,11.083551533902806],[106.35633543612671,11.083555538065937],[106.35632927284519,11.083506268710366],[106.35644709078683,11.083492083199602],[106.35646375910235,11.083625405936985],[106.3565124219661,11.083619543493072]]]}},{"type":"Feature","properties":{"source":"Microsoft Global ML Building Footprints","source_release":"2026-08-13","source_region":"Vietnam","source_quadkey":"132230111","source_upload_date":"2026-08-13","source_height_raw":-1,"source_confidence_raw":-1,"height_m":null,"confidence":null,"area_m2":52.23},"geometry":{"type":"Polygon","coordinates":[[[106.34826188926098,11.091449937000007],[106.34828496429351,11.091505537234966],[106.34821824637599,11.091532201557698],[106.34819516971226,11.09147659739736],[106.34826188926098,11.091449937000007]]]}},{"type":"Feature","properties":{"source":"Microsoft Global ML Building Footprints","source_release":"2026-08-13","source_region":"Vietnam","source_quadkey":"132230111","source_upload_date":"2026-08-13","source_height_raw":-1,"source_confidence_raw":-1,"height_m":null,"confidence":null,"area_m2":43.13},"geometry":{"type":"Polygon","coordinates":[[[106.34854557188594,11.085131985967621],[106.34855913664406,11.085172341833726],[106.34847930941146,11.085198182138981],[106.34846574465335,11.085157826276443],[106.34854557188594,11.085131985967621]]]}},{"type":"Feature","properties":{"source":"Microsoft Global ML Building Footprints","source_release":"2026-08-13","source_region":"Vietnam","source_quadkey":"132230111","source_upload_date":"2026-08-13","source_height_raw":-1,"source_confidence_raw":-1,"height_m":null,"confidence":null,"area_m2":50.33},"geometry":{"type":"Polygon","coordinates":[[[106.3500514134331,11.084403310298711],[106.35013229066986,11.084383668155922],[106.35014453667746,11.084432227793101],[106.3500636607607,11.084451875166849],[106.3500514134331,11.084403310298711]]]}},{"type":"Feature","properties":{"source":"Microsoft Global ML Building Footprints","source_release":"2026-08-13","source_region":"Vietnam","source_quadkey":"132230111","source_upload_date":"2026-08-13","source_height_raw":-1,"source_confidence_raw":-1,"height_m":null,"confidence":null,"area_m2":98.36},"geometry":{"type":"Polygon","coordinates":[[[106.350296430175,11.087112220481472],[106.35024214451109,11.087125467758426],[106.35020633086528,11.086984174856923],[106.35026062601936,11.086970925257674],[106.350296430175,11.087112220481472]]]}},{"type":"Feature","properties":{"source":"Microsoft Global ML Building Footprints","source_release":"2026-08-13","source_region":"Vietnam","source_quadkey":"132230111","source_upload_date":"2026-08-13","source_height_raw":-1,"source_confidence_raw":-1,"height_m":null,"confidence":null,"area_m2":350.62},"geometry":{"type":"Polygon","coordinates":[[[106.35033518414392,11.086870709036788],[106.35048622028248,11.086845034493948],[106.35051960043843,11.087034139298325],[106.35040502129885,11.087053616525324],[106.3504032169661,11.087043394647822],[106.35036675996712,11.087049591947292],[106.35033518414392,11.086870709036788]]]}},{"type":"Feature","properties":{"source":"Microsoft Global ML Building Footprints","source_release":"2026-08-13","source_region":"Vietnam","source_quadkey":"132230111","source_upload_date":"2026-08-13","source_height_raw":-1,"source_confidence_raw":-1,"height_m":null,"confidence":null,"area_m2":182.34},"geometry":{"type":"Polygon","coordinates":[[[106.35165178402272,11.091468861030691],[106.35159553856967,11.091470954788733],[106.35158517531569,11.09120286533711],[106.35164142076874,11.091200771577135],[106.35165178402272,11.091468861030691]]]}},{"type":"Feature","properties":{"source":"Microsoft Global ML Building Footprints","source_release":"2026-08-13","source_region":"Vietnam","source_quadkey":"132230111","source_upload_date":"2026-08-13","source_height_raw":-1,"source_confidence_raw":-1,"height_m":null,"confidence":null,"area_m2":39.77},"geometry":{"type":"Polygon","coordinates":[[[106.35377391923447,11.111546548537135],[106.35376816016385,11.111603894456763],[106.3537112772803,11.11159839796538],[106.35371703229995,11.111541051653248],[106.35377391923447,11.111546548537135]]]}},{"type":"Feature","properties":{"source":"Microsoft Global ML Building Footprints","source_release":"2026-08-13","source_region":"Vietnam","source_quadkey":"132230111","source_upload_date":"2026-08-13","source_height_raw":-1,"source_confidence_raw":-1,"height_m":null,"confidence":null,"area_m2":146.66},"geometry":{"type":"Polygon","coordinates":[[[106.34945526853434,11.087202272809947],[106.34950466096424,11.087185918069082],[106.34958055551797,11.087406648572795],[106.34953114790702,11.087423004934593],[106.34945526853434,11.087202272809947]]]}},{"type":"Feature","properties":{"source":"Microsoft Global ML Building Footprints","source_release":"2026-08-13","source_region":"Vietnam","source_quadkey":"132230111","source_upload_date":"2026-08-13","source_height_raw":-1,"source_confidence_raw":-1,"height_m":null,"confidence":null,"area_m2":76.02},"geometry":{"type":"Polygon","coordinates":[[[106.35088186714722,11.087389087855655],[106.35090640467659,11.08747601265857],[106.35083914749745,11.087494300812182],[106.350814608757,11.087407371724552],[106.35088186714722,11.087389087855655]]]}},{"type":"Feature","properties":{"source":"Microsoft Global ML Building Footprints","source_release":"2026-08-13","source_region":"Vietnam","source_quadkey":"132230111","source_upload_date":"2026-08-13","source_height_raw":-1,"source_confidence_raw":-1,"height_m":null,"confidence":null,"area_m2":22.31},"geometry":{"type":"Polygon","coordinates":[[[106.35094603182267,11.090769280536634],[106.35091795674514,11.090784369038843],[106.35088970914839,11.09073374737767],[106.3509177814486,11.090718660365482],[106.35094603182267,11.090769280536634]]]}},{"type":"Feature","properties":{"source":"Microsoft Global ML Building Footprints","source_release":"2026-08-13","source_region":"Vietnam","source_quadkey":"132230111","source_upload_date":"2026-08-13","source_height_raw":-1,"source_confidence_raw":-1,"height_m":null,"confidence":null,"area_m2":190.66},"geometry":{"type":"Polygon","coordinates":[[[106.35120842638692,11.090977629000434],[106.35113437165505,11.090986270452163],[106.35110889738556,11.09077604179879],[106.35118295211743,11.090767400340837],[106.35120842638692,11.090977629000434]]]}},{"type":"Feature","properties":{"source":"Microsoft Global ML Building Footprints","source_release":"2026-08-13","source_region":"Vietnam","source_quadkey":"132230111","source_upload_date":"2026-08-13","source_height_raw":-1,"source_confidence_raw":-1,"height_m":null,"confidence":null,"area_m2":88.85},"geometry":{"type":"Polygon","coordinates":[[[106.34782944427184,11.092409014709148],[106.34770790418081,11.09244737160381],[106.3476899241073,11.092392507636418],[106.34781146419833,11.09235415073455],[106.34782944427184,11.092409014709148]]]}},{"type":"Feature","properties":{"source":"Microsoft Global ML Building Footprints","source_release":"2026-08-13","source_region":"Vietnam","source_quadkey":"132230111","source_upload_date":"2026-08-13","source_height_raw":-1,"source_confidence_raw":-1,"height_m":null,"confidence":null,"area_m2":528.45},"geometry":{"type":"Polygon","coordinates":[[[106.34800968856574,11.085042610100658],[106.34813185632704,11.085014786040944],[106.34820744164409,11.085334488466984],[106.34822897767893,11.085329583578087],[106.34824020058596,11.085377038646513],[106.34818929813667,11.085388631812023],[106.34817866590893,11.085343674380724],[106.34813794394948,11.085352948914206],[106.34813676259088,11.08534795364379],[106.34808331501911,11.085360126468743],[106.34806935575608,11.085301100956897],[106.34807072812518,11.085300788490429],[106.34800968856574,11.085042610100658]]]}},{"type":"Feature","properties":{"source":"Microsoft Global ML Building Footprints","source_release":"2026-08-13","source_region":"Vietnam","source_quadkey":"132230111","source_upload_date":"2026-08-13","source_height_raw":-1,"source_confidence_raw":-1,"height_m":null,"confidence":null,"area_m2":59},"geometry":{"type":"Polygon","coordinates":[[[106.35100785971903,11.090724069458048],[106.3510209226718,11.090791530843205],[106.3509510276874,11.090804569011041],[106.35093796383748,11.09073710299569],[106.35100785971903,11.090724069458048]]]}},{"type":"Feature","properties":{"source":"Microsoft Global ML Building Footprints","source_release":"2026-08-13","source_region":"Vietnam","source_quadkey":"132230111","source_upload_date":"2026-08-13","source_height_raw":-1,"source_confidence_raw":-1,"height_m":null,"confidence":null,"area_m2":64.54},"geometry":{"type":"Polygon","coordinates":[[[106.35109646756086,11.091001597339528],[106.35114927869421,11.090995086598355],[106.3511620261009,11.091094714895917],[106.35110921451071,11.09110122206404],[106.35109646756086,11.091001597339528]]]}},{"type":"Feature","properties":{"source":"Microsoft Global ML Building Footprints","source_release":"2026-08-13","source_region":"Vietnam","source_quadkey":"132230111","source_upload_date":"2026-08-13","source_height_raw":-1,"source_confidence_raw":-1,"height_m":null,"confidence":null,"area_m2":281.6},"geometry":{"type":"Polygon","coordinates":[[[106.35148769144148,11.08390605398985],[106.35151157671255,11.084025153144623],[106.35132307673528,11.084061559519853],[106.35129919146416,11.083942460379916],[106.35148769144148,11.08390605398985]]]}},{"type":"Feature","properties":{"source":"Microsoft Global ML Building Footprints","source_release":"2026-08-13","source_region":"Vietnam","source_quadkey":"132230111","source_upload_date":"2026-08-13","source_height_raw":-1,"source_confidence_raw":-1,"height_m":null,"confidence":null,"area_m2":281.73},"geometry":{"type":"Polygon","coordinates":[[[106.35733260916142,11.090195933974911],[106.35721199284137,11.090199040529754],[106.35721058587606,11.090146434355887],[106.35717842152404,11.090147262770657],[106.35717624072785,11.090065723182704],[106.35738262865333,11.090060407519758],[106.35738487979776,11.090144577418172],[106.3573312725444,11.090145958109446],[106.35733260916142,11.090195933974911]]]}},{"type":"Feature","properties":{"source":"Microsoft Global ML Building Footprints","source_release":"2026-08-13","source_region":"Vietnam","source_quadkey":"132230111","source_upload_date":"2026-08-13","source_height_raw":-1,"source_confidence_raw":-1,"height_m":null,"confidence":null,"area_m2":64.05},"geometry":{"type":"Polygon","coordinates":[[[106.35102404939823,11.088455090905299],[106.35097101809289,11.088460685489295],[106.35096018616669,11.088361807029045],[106.35101321747204,11.088356212443145],[106.35102404939823,11.088455090905299]]]}},{"type":"Feature","properties":{"source":"Microsoft Global ML Building Footprints","source_release":"2026-08-13","source_region":"Vietnam","source_quadkey":"132230111","source_upload_date":"2026-08-13","source_height_raw":-1,"source_confidence_raw":-1,"height_m":null,"confidence":null,"area_m2":28.99},"geometry":{"type":"Polygon","coordinates":[[[106.3556025306478,11.090938772815761],[106.35556604659882,11.090937880756684],[106.35556772099841,11.090872118847713],[106.35560420036013,11.090873010792365],[106.3556025306478,11.090938772815761]]]}},{"type":"Feature","properties":{"source":"Microsoft Global ML Building Footprints","source_release":"2026-08-13","source_region":"Vietnam","source_quadkey":"132230111","source_upload_date":"2026-08-13","source_height_raw":-1,"source_confidence_raw":-1,"height_m":null,"confidence":null,"area_m2":194.9},"geometry":{"type":"Polygon","coordinates":[[[106.34955281940456,11.098394595649808],[106.3494599048368,11.09841839174372],[106.34941666037619,11.098255751862979],[106.34950957494395,11.098231955755793],[106.34955281940456,11.098394595649808]]]}},{"type":"Feature","properties":{"source":"Microsoft Global ML Building Footprints","source_release":"2026-08-13","source_region":"Vietnam","source_quadkey":"132230111","source_upload_date":"2026-08-13","source_height_raw":-1,"source_confidence_raw":-1,"height_m":null,"confidence":null,"area_m2":226.68},"geometry":{"type":"Polygon","coordinates":[[[106.35081362669118,11.108954569100618],[106.35079968823887,11.10888350691124],[106.3509884952553,11.108847848273783],[106.35100840733,11.108949365694315],[106.35085456078913,11.108978421585775],[106.35084858507209,11.108947966761946],[106.35081362669118,11.108954569100618]]]}},{"type":"Feature","properties":{"source":"Microsoft Global ML Building Footprints","source_release":"2026-08-13","source_region":"Vietnam","source_quadkey":"132230111","source_upload_date":"2026-08-13","source_height_raw":-1,"source_confidence_raw":-1,"height_m":null,"confidence":null,"area_m2":22.27},"geometry":{"type":"Polygon","coordinates":[[[106.34768778339674,11.092464543407814],[106.34765731563446,11.09246519628799],[106.34765597347835,11.092404686744132],[106.34768643692708,11.092404033956285],[106.34768778339674,11.092464543407814]]]}},{"type":"Feature","properties":{"source":"Microsoft Global ML Building Footprints","source_release":"2026-08-13","source_region":"Vietnam","source_quadkey":"132230111","source_upload_date":"2026-08-13","source_height_raw":-1,"source_confidence_raw":-1,"height_m":null,"confidence":null,"area_m2":48.39},"geometry":{"type":"Polygon","coordinates":[[[106.3478222139535,11.084965865322374],[106.34777608040712,11.084987145584066],[106.34774200424059,11.084916002547004],[106.34778813778698,11.084894722280083],[106.3478222139535,11.084965865322374]]]}},{"type":"Feature","properties":{"source":"Microsoft Global ML Building Footprints","source_release":"2026-08-13","source_region":"Vietnam","source_quadkey":"132230111","source_upload_date":"2026-08-13","source_height_raw":-1,"source_confidence_raw":-1,"height_m":null,"confidence":null,"area_m2":81.08},"geometry":{"type":"Polygon","coordinates":[[[106.34979599335846,11.08801623272808],[106.34974123666304,11.088035356479779],[106.34970176950546,11.087926509053261],[106.34975652741127,11.087907388632658],[106.34979599335846,11.08801623272808]]]}},{"type":"Feature","properties":{"source":"Microsoft Global ML Building Footprints","source_release":"2026-08-13","source_region":"Vietnam","source_quadkey":"132230111","source_upload_date":"2026-08-13","source_height_raw":-1,"source_confidence_raw":-1,"height_m":null,"confidence":null,"area_m2":63.45},"geometry":{"type":"Polygon","coordinates":[[[106.35033586383973,11.087492871242802],[106.3502804108905,11.087506650915444],[106.3502574334532,11.087417603430978],[106.35031288640242,11.08740382375413],[106.35033586383973,11.087492871242802]]]}},{"type":"Feature","properties":{"source":"Microsoft Global ML Building Footprints","source_release":"2026-08-13","source_region":"Vietnam","source_quadkey":"132230111","source_upload_date":"2026-08-13","source_height_raw":-1,"source_confidence_raw":-1,"height_m":null,"confidence":null,"area_m2":197.82},"geometry":{"type":"Polygon","coordinates":[[[106.3510805467053,11.091333998739344],[106.35107414954004,11.091223807739127],[106.35115702901908,11.091219174213407],[106.35117210805157,11.091478910080212],[106.35112398448308,11.091481600512111],[106.3511153026159,11.091332055648678],[106.3510805467053,11.091333998739344]]]}},{"type":"Feature","properties":{"source":"Microsoft Global ML Building Footprints","source_release":"2026-08-13","source_region":"Vietnam","source_quadkey":"132230111","source_upload_date":"2026-08-13","source_height_raw":-1,"source_confidence_raw":-1,"height_m":null,"confidence":null,"area_m2":15.08},"geometry":{"type":"Polygon","coordinates":[[[106.35145173587247,11.108343946230335],[106.35144601043743,11.108377212854094],[106.35140950081886,11.108371162521223],[106.3514152262539,11.108337895896753],[106.35145173587247,11.108343946230335]]]}},{"type":"Feature","properties":{"source":"Microsoft Global ML Building Footprints","source_release":"2026-08-13","source_region":"Vietnam","source_quadkey":"132230111","source_upload_date":"2026-08-13","source_height_raw":-1,"source_confidence_raw":-1,"height_m":null,"confidence":null,"area_m2":108.23},"geometry":{"type":"Polygon","coordinates":[[[106.35315542871848,11.086489949467222],[106.35318570839787,11.086652991748679],[106.35313249854215,11.086662508308919],[106.35310223011723,11.086499464019923],[106.35315542871848,11.086489949467222]]]}},{"type":"Feature","properties":{"source":"Microsoft Global ML Building Footprints","source_release":"2026-08-13","source_region":"Vietnam","source_quadkey":"132230111","source_upload_date":"2026-08-13","source_height_raw":-1,"source_confidence_raw":-1,"height_m":null,"confidence":null,"area_m2":343.98},"geometry":{"type":"Polygon","coordinates":[[[106.34989699361041,11.090003993238199],[106.35014063638822,11.089946981053018],[106.35016751182225,11.090057616857493],[106.34992386519814,11.090114613187026],[106.34989699361041,11.090003993238199]]]}},{"type":"Feature","properties":{"source":"Microsoft Global ML Building Footprints","source_release":"2026-08-13","source_region":"Vietnam","source_quadkey":"132230111","source_upload_date":"2026-08-13","source_height_raw":-1,"source_confidence_raw":-1,"height_m":null,"confidence":null,"area_m2":334.88},"geometry":{"type":"Polygon","coordinates":[[[106.35272846940556,11.109452152977596],[106.35277280944153,11.109197687603611],[106.3528313839305,11.10920751917935],[106.35281801123496,11.109284233067456],[106.35288576622585,11.10929560556319],[106.35285478272078,11.109473345645512],[106.35272846940556,11.109452152977596]]]}},{"type":"Feature","properties":{"source":"Microsoft Global ML Building Footprints","source_release":"2026-08-13","source_region":"Vietnam","source_quadkey":"132230111","source_upload_date":"2026-08-13","source_height_raw":-1,"source_confidence_raw":-1,"height_m":null,"confidence":null,"area_m2":198.79},"geometry":{"type":"Polygon","coordinates":[[[106.35235498438793,11.091366832970962],[106.35229653297603,11.091372433243379],[106.35226877684887,11.091093456701046],[106.35232722826073,11.0910878564233],[106.35235498438793,11.091366832970962]]]}},{"type":"Feature","properties":{"source":"Microsoft Global ML Building Footprints","source_release":"2026-08-13","source_region":"Vietnam","source_quadkey":"132230111","source_upload_date":"2026-08-13","source_height_raw":-1,"source_confidence_raw":-1,"height_m":null,"confidence":null,"area_m2":238.45},"geometry":{"type":"Polygon","coordinates":[[[106.35697634571696,11.094413002081296],[106.3569702548318,11.094597054103872],[106.35686307925634,11.094593646006786],[106.35686917014154,11.094409593982022],[106.35697634571696,11.094413002081296]]]}},{"type":"Feature","properties":{"source":"Microsoft Global ML Building Footprints","source_release":"2026-08-13","source_region":"Vietnam","source_quadkey":"132230111","source_upload_date":"2026-08-13","source_height_raw":-1,"source_confidence_raw":-1,"height_m":null,"confidence":null,"area_m2":45.49},"geometry":{"type":"Polygon","coordinates":[[[106.34867795555144,11.088354901476905],[106.34868420951159,11.088398789588553],[106.34860002501406,11.0884103419815],[106.34859377105391,11.0883664538716],[106.34867795555144,11.088354901476905]]]}},{"type":"Feature","properties":{"source":"Microsoft Global ML Building Footprints","source_release":"2026-08-13","source_region":"Vietnam","source_quadkey":"132230111","source_upload_date":"2026-08-13","source_height_raw":-1,"source_confidence_raw":-1,"height_m":null,"confidence":null,"area_m2":253.26},"geometry":{"type":"Polygon","coordinates":[[[106.34867900924473,11.091645704703836],[106.34873834820588,11.091634109944252],[106.34879021526537,11.091889817920375],[106.34883829464904,11.091880423276166],[106.34884774060203,11.091926976047333],[106.3487403176241,11.091947958964965],[106.34867900924473,11.091645704703836]]]}},{"type":"Feature","properties":{"source":"Microsoft Global ML Building Footprints","source_release":"2026-08-13","source_region":"Vietnam","source_quadkey":"132230111","source_upload_date":"2026-08-13","source_height_raw":-1,"source_confidence_raw":-1,"height_m":null,"confidence":null,"area_m2":202.64},"geometry":{"type":"Polygon","coordinates":[[[106.34953388407413,11.102636657280001],[106.3497306256407,11.102593594564766],[106.34974909756384,11.10267485817728],[106.34955235307139,11.102717908008728],[106.34953388407413,11.102636657280001]]]}},{"type":"Feature","properties":{"source":"Microsoft Global ML Building Footprints","source_release":"2026-08-13","source_region":"Vietnam","source_quadkey":"132230111","source_upload_date":"2026-08-13","source_height_raw":-1,"source_confidence_raw":-1,"height_m":null,"confidence":null,"area_m2":190.17},"geometry":{"type":"Polygon","coordinates":[[[106.35451114357708,11.091276028057763],[106.35442804215455,11.091277968619465],[106.35442344925724,11.09108856384644],[106.35450655067979,11.091086623283488],[106.35451114357708,11.091276028057763]]]}},{"type":"Feature","properties":{"source":"Microsoft Global ML Building Footprints","source_release":"2026-08-13","source_region":"Vietnam","source_quadkey":"132230111","source_upload_date":"2026-08-13","source_height_raw":-1,"source_confidence_raw":-1,"height_m":null,"confidence":null,"area_m2":187.42},"geometry":{"type":"Polygon","coordinates":[[[106.3562593492173,11.083845288039086],[106.35644955220062,11.083838743091505],[106.35645246417101,11.083920240383264],[106.35626226118768,11.083926785329012],[106.3562593492173,11.083845288039086]]]}},{"type":"Feature","properties":{"source":"Microsoft Global ML Building Footprints","source_release":"2026-08-13","source_region":"Vietnam","source_quadkey":"132230111","source_upload_date":"2026-08-13","source_height_raw":-1,"source_confidence_raw":-1,"height_m":null,"confidence":null,"area_m2":150.82},"geometry":{"type":"Polygon","coordinates":[[[106.34862828215849,11.085296958108145],[106.34864301878729,11.085352743304938],[106.3484332494513,11.085406108956946],[106.34841851298513,11.08535030932137],[106.34862828215849,11.085296958108145]]]}},{"type":"Feature","properties":{"source":"Microsoft Global ML Building Footprints","source_release":"2026-08-13","source_region":"Vietnam","source_quadkey":"132230111","source_upload_date":"2026-08-13","source_height_raw":-1,"source_confidence_raw":-1,"height_m":null,"confidence":null,"area_m2":44.33},"geometry":{"type":"Polygon","coordinates":[[[106.34934028450222,11.0830401],[106.34933767791378,11.083066431658139],[106.34906146978925,11.0830401],[106.34934028450222,11.0830401]]]}},{"type":"Feature","properties":{"source":"Microsoft Global ML Building Footprints","source_release":"2026-08-13","source_region":"Vietnam","source_quadkey":"132230111","source_upload_date":"2026-08-13","source_height_raw":-1,"source_confidence_raw":-1,"height_m":null,"confidence":null,"area_m2":412.64},"geometry":{"type":"Polygon","coordinates":[[[106.35027258776252,11.084508043891915],[106.35029036177833,11.084613066007321],[106.35019639422696,11.08462838131102],[106.3502052479306,11.084680695565481],[106.35010866907702,11.084696429835361],[106.3501032845665,11.084664614152487],[106.35003802932253,11.084675249778286],[106.35001678720602,11.084549735565062],[106.35027258776252,11.084508043891915]]]}},{"type":"Feature","properties":{"source":"Microsoft Global ML Building Footprints","source_release":"2026-08-13","source_region":"Vietnam","source_quadkey":"132230111","source_upload_date":"2026-08-13","source_height_raw":-1,"source_confidence_raw":-1,"height_m":null,"confidence":null,"area_m2":60.97},"geometry":{"type":"Polygon","coordinates":[[[106.35205470610957,11.089425042468122],[106.35214189974062,11.089414520442332],[106.35214905196175,11.089471564150358],[106.35206185833071,11.08948208617413],[106.35205470610957,11.089425042468122]]]}},{"type":"Feature","properties":{"source":"Microsoft Global ML Building Footprints","source_release":"2026-08-13","source_region":"Vietnam","source_quadkey":"132230111","source_upload_date":"2026-08-13","source_height_raw":-1,"source_confidence_raw":-1,"height_m":null,"confidence":null,"area_m2":62},"geometry":{"type":"Polygon","coordinates":[[[106.34784793088056,11.109468194246546],[106.34785003260552,11.109536562496515],[106.34777499918724,11.109538788631],[106.34777289746229,11.10947042038157],[106.34784793088056,11.109468194246546]]]}},{"type":"Feature","properties":{"source":"Microsoft Global ML Building Footprints","source_release":"2026-08-13","source_region":"Vietnam","source_quadkey":"132230111","source_upload_date":"2026-08-13","source_height_raw":-1,"source_confidence_raw":-1,"height_m":null,"confidence":null,"area_m2":82.23},"geometry":{"type":"Polygon","coordinates":[[[106.35393707860717,11.111170974079542],[106.35393932942442,11.111110520343672],[106.35405183204081,11.111114553487411],[106.35404958122355,11.11117500722247],[106.35393707860717,11.111170974079542]]]}},{"type":"Feature","properties":{"source":"Microsoft Global ML Building Footprints","source_release":"2026-08-13","source_region":"Vietnam","source_quadkey":"132230111","source_upload_date":"2026-08-13","source_height_raw":-1,"source_confidence_raw":-1,"height_m":null,"confidence":null,"area_m2":880.11},"geometry":{"type":"Polygon","coordinates":[[[106.35661325433695,11.094241324084507],[106.35662153482457,11.094069067948865],[106.35657603851156,11.094066961882618],[106.35657919464784,11.094001305838503],[106.35672371234801,11.094007995697481],[106.356730707173,11.0938624846506],[106.35685113819308,11.093868067788705],[106.35683270641802,11.094251497789557],[106.35661325433695,11.094241324084507]]]}},{"type":"Feature","properties":{"source":"Microsoft Global ML Building Footprints","source_release":"2026-08-13","source_region":"Vietnam","source_quadkey":"132230111","source_upload_date":"2026-08-13","source_height_raw":-1,"source_confidence_raw":-1,"height_m":null,"confidence":null,"area_m2":27.47},"geometry":{"type":"Polygon","coordinates":[[[106.34868845533384,11.101819476750123],[106.34864729836181,11.101834209106514],[106.34862916145005,11.101785428980577],[106.34867032149266,11.101770695522589],[106.34868845533384,11.101819476750123]]]}},{"type":"Feature","properties":{"source":"Microsoft Global ML Building Footprints","source_release":"2026-08-13","source_region":"Vietnam","source_quadkey":"132230111","source_upload_date":"2026-08-13","source_height_raw":-1,"source_confidence_raw":-1,"height_m":null,"confidence":null,"area_m2":518.59},"geometry":{"type":"Polygon","coordinates":[[[106.34994773482973,11.088780223790394],[106.34999965661828,11.088765381684809],[106.34996467484171,11.088647504182404],[106.35015753082254,11.088592388542693],[106.35019322901563,11.088712680163908],[106.35022289860905,11.088704198958837],[106.3502404849346,11.08876345929778],[106.3499660360388,11.088841893043778],[106.34994773482973,11.088780223790394]]]}},{"type":"Feature","properties":{"source":"Microsoft Global ML Building Footprints","source_release":"2026-08-13","source_region":"Vietnam","source_quadkey":"132230111","source_upload_date":"2026-08-13","source_height_raw":-1,"source_confidence_raw":-1,"height_m":null,"confidence":null,"area_m2":52.05},"geometry":{"type":"Polygon","coordinates":[[[106.35145923158728,11.088850367246025],[106.35154754621017,11.088846260810826],[106.35154989739263,11.088894955791503],[106.35146158306193,11.088899068278025],[106.35145923158728,11.088850367246025]]]}},{"type":"Feature","properties":{"source":"Microsoft Global ML Building Footprints","source_release":"2026-08-13","source_region":"Vietnam","source_quadkey":"132230111","source_upload_date":"2026-08-13","source_height_raw":-1,"source_confidence_raw":-1,"height_m":null,"confidence":null,"area_m2":59.91},"geometry":{"type":"Polygon","coordinates":[[[106.35452407906908,11.110339127319648],[106.35453882263309,11.11024664054544],[106.35459118555697,11.11025467790276],[106.35457644199296,11.110347164674394],[106.35452407906908,11.110339127319648]]]}},{"type":"Feature","properties":{"source":"Microsoft Global ML Building Footprints","source_release":"2026-08-13","source_region":"Vietnam","source_quadkey":"132230111","source_upload_date":"2026-08-13","source_height_raw":-1,"source_confidence_raw":-1,"height_m":null,"confidence":null,"area_m2":391.96},"geometry":{"type":"Polygon","coordinates":[[[106.35559827853143,11.090966217603423],[106.35572695508847,11.090969151724622],[106.35572116203173,11.091213806072332],[106.35564073918354,11.091211972248118],[106.35564026795292,11.091231873412042],[106.35559201432247,11.09123076980525],[106.35559827853143,11.090966217603423]]]}},{"type":"Feature","properties":{"source":"Microsoft Global ML Building Footprints","source_release":"2026-08-13","source_region":"Vietnam","source_quadkey":"132230111","source_upload_date":"2026-08-13","source_height_raw":-1,"source_confidence_raw":-1,"height_m":null,"confidence":null,"area_m2":66.18},"geometry":{"type":"Polygon","coordinates":[[[106.35691370689459,11.091112705536418],[106.35683173544903,11.091116094753659],[106.3568288743785,11.091049346894252],[106.35691084131321,11.091045963492377],[106.35691370689459,11.091112705536418]]]}},{"type":"Feature","properties":{"source":"Microsoft Global ML Building Footprints","source_release":"2026-08-13","source_region":"Vietnam","source_quadkey":"132230111","source_upload_date":"2026-08-13","source_height_raw":-1,"source_confidence_raw":-1,"height_m":null,"confidence":null,"area_m2":41.4},"geometry":{"type":"Polygon","coordinates":[[[106.35249052484855,11.10320168691517],[106.35253876921713,11.10320296918654],[106.3525368091208,11.103273981166396],[106.35248856475222,11.103272698895381],[106.35249052484855,11.10320168691517]]]}},{"type":"Feature","properties":{"source":"Microsoft Global ML Building Footprints","source_release":"2026-08-13","source_region":"Vietnam","source_quadkey":"132230111","source_upload_date":"2026-08-13","source_height_raw":-1,"source_confidence_raw":-1,"height_m":null,"confidence":null,"area_m2":594.91},"geometry":{"type":"Polygon","coordinates":[[[106.34967954360039,11.08809984707321],[106.34998454186858,11.088029461848606],[106.35003295564745,11.0882314925353],[106.34988553981782,11.08826551203913],[106.34986282718081,11.08817073223922],[106.34970524474228,11.08820709792316],[106.34967954360039,11.08809984707321]]]}},{"type":"Feature","properties":{"source":"Microsoft Global ML Building Footprints","source_release":"2026-08-13","source_region":"Vietnam","source_quadkey":"132230111","source_upload_date":"2026-08-13","source_height_raw":-1,"source_confidence_raw":-1,"height_m":null,"confidence":null,"area_m2":28.13},"geometry":{"type":"Polygon","coordinates":[[[106.35106654930887,11.085592395896612],[106.35110503069758,11.085579577284491],[106.35112380781348,11.085633862120744],[106.35108532642477,11.085646680730505],[106.35106654930887,11.085592395896612]]]}},{"type":"Feature","properties":{"source":"Microsoft Global ML Building Footprints","source_release":"2026-08-13","source_region":"Vietnam","source_quadkey":"132230111","source_upload_date":"2026-08-13","source_height_raw":-1,"source_confidence_raw":-1,"height_m":null,"confidence":null,"area_m2":128.41},"geometry":{"type":"Polygon","coordinates":[[[106.3561043740996,11.092964031133945],[106.35629298509255,11.092958694077552],[106.3562946442472,11.093015021158209],[106.35610602962063,11.093020371270654],[106.3561043740996,11.092964031133945]]]}},{"type":"Feature","properties":{"source":"Microsoft Global ML Building Footprints","source_release":"2026-08-13","source_region":"Vietnam","source_quadkey":"132230111","source_upload_date":"2026-08-13","source_height_raw":-1,"source_confidence_raw":-1,"height_m":null,"confidence":null,"area_m2":201.23},"geometry":{"type":"Polygon","coordinates":[[[106.35049650306566,11.087491438029048],[106.35036460707913,11.087516377283976],[106.35034068838794,11.087394556935266],[106.35047258437447,11.087369617669921],[106.35049650306566,11.087491438029048]]]}},{"type":"Feature","properties":{"source":"Microsoft Global ML Building Footprints","source_release":"2026-08-13","source_region":"Vietnam","source_quadkey":"132230111","source_upload_date":"2026-08-13","source_height_raw":-1,"source_confidence_raw":-1,"height_m":null,"confidence":null,"area_m2":131.2},"geometry":{"type":"Polygon","coordinates":[[[106.35263374663694,11.086711794560784],[106.35266832653265,11.086867596808077],[106.35260174754444,11.086881827414146],[106.35256716764874,11.086726025174443],[106.35263374663694,11.086711794560784]]]}},{"type":"Feature","properties":{"source":"Microsoft Global ML Building Footprints","source_release":"2026-08-13","source_region":"Vietnam","source_quadkey":"132230111","source_upload_date":"2026-08-13","source_height_raw":-1,"source_confidence_raw":-1,"height_m":null,"confidence":null,"area_m2":333.27},"geometry":{"type":"Polygon","coordinates":[[[106.35612016592002,11.096406218819666],[106.35635318279697,11.096414892813527],[106.35634861077313,11.096533165492275],[106.35611559389618,11.09652449150191],[106.35612016592002,11.096406218819666]]]}}]}