{"type":"FeatureCollection","features":[{"type":"Feature","id":"QHXD_NhaCaoTang_point.1","geometry":{"type":"Point","coordinates":[106.69400905,10.79263639]},"geometry_name":"geom","properties":{"id":1,"OBJECTID":1,"TenCT":"Trung tâm Văn hóa","TenDA":"Trung tâm Văn hóa","ChuDauTu":"Tổng công ty văn hóa Sài Gòn","LoaiCT":13,"DTXDCT":518,"ChieuCaoCT":45.8,"SoNha":"62","TenDuong":"Trần Quang Khải","PhuongXa":"Phường Tân Định","QuanHuyenTP":"Quận 1","MaPhuongXa":"76026734","MaQuanHuyenTP":"760"}},{"type":"Feature","id":"QHXD_NhaCaoTang_point.2","geometry":{"type":"Point","coordinates":[106.68766759,10.7920469]},"geometry_name":"geom","properties":{"id":2,"OBJECTID":2,"TenCT":"Chung cư","TenDA":"Chung cư","ChuDauTu":"Tổng Công ty Vật liệu Xây Dựng số 1","LoaiCT":1,"DTXDCT":1580.1,"ChieuCaoCT":83,"SoNha":"214","TenDuong":"Trần Quang Khải","PhuongXa":"Phường Tân Định","QuanHuyenTP":"Quận 1","MaPhuongXa":"76026734","MaQuanHuyenTP":"760"}},{"type":"Feature","id":"QHXD_NhaCaoTang_point.3","geometry":{"type":"Point","coordinates":[106.69286392,10.78940397]},"geometry_name":"geom","properties":{"id":3,"OBJECTID":3,"TenCT":"Nhà văn phòng cho thuê","TenDA":"Nhà văn phòng cho thuê","ChuDauTu":"Phạm Tấn Nghĩa","LoaiCT":13,"DTXDCT":null,"ChieuCaoCT":56.95,"SoNha":"72bis, 72 ter, 72/1,74","TenDuong":"Võ Thị Sáu","PhuongXa":"Phường Tân Định","QuanHuyenTP":"Quận 1","MaPhuongXa":"76026734","MaQuanHuyenTP":"760"}},{"type":"Feature","id":"QHXD_NhaCaoTang_point.4","geometry":{"type":"Point","coordinates":[106.68863013,10.79463666]},"geometry_name":"geom","properties":{"id":4,"OBJECTID":4,"TenCT":"Chung cư 10A Trần Nhật Duật","TenDA":"Chung cư 10A Trần Nhật Duật","ChuDauTu":"Cty phát triển và dịch vụ nhà quận 1","LoaiCT":1,"DTXDCT":null,"ChieuCaoCT":31.1,"SoNha":"10A","TenDuong":"Trần Nhật Duật","PhuongXa":"Phường Tân Định","QuanHuyenTP":"Quận 1","MaPhuongXa":"76026734","MaQuanHuyenTP":"760"}},{"type":"Feature","id":"QHXD_NhaCaoTang_point.5","geometry":{"type":"Point","coordinates":[106.68964948,10.79021388]},"geometry_name":"geom","properties":{"id":5,"OBJECTID":5,"TenCT":"Trung tâm Y tế Quận 1","TenDA":"Trung tâm Y tế Quận 1","ChuDauTu":"UBND Q.1","LoaiCT":4,"DTXDCT":null,"ChieuCaoCT":17,"SoNha":"338","TenDuong":"Hai Bà Trưng","PhuongXa":"Phường Tân Định","QuanHuyenTP":"Quận 1","MaPhuongXa":"76026734","MaQuanHuyenTP":"760"}},{"type":"Feature","id":"QHXD_NhaCaoTang_point.6","geometry":{"type":"Point","coordinates":[106.69318089,10.79069136]},"geometry_name":"geom","properties":{"id":6,"OBJECTID":6,"TenCT":"Cư xá 30-4","TenDA":"Cư xá 30-4","ChuDauTu":"Công ty phát triển và dịch vụ nhà Q.1","LoaiCT":1,"DTXDCT":null,"ChieuCaoCT":null,"SoNha":null,"TenDuong":"Lý Văn Phức","PhuongXa":"Phường Tân Định","QuanHuyenTP":"Quận 1","MaPhuongXa":"76026734","MaQuanHuyenTP":"760"}},{"type":"Feature","id":"QHXD_NhaCaoTang_point.7","geometry":{"type":"Point","coordinates":[106.68730077,10.79421961]},"geometry_name":"geom","properties":{"id":7,"OBJECTID":7,"TenCT":"XD khối học tập-thực hành","TenDA":"Trường công nhân KT TP.HCM","ChuDauTu":"BQLDA khu vực ĐT-XD công trình sở LĐ-TB và XH","LoaiCT":3,"DTXDCT":null,"ChieuCaoCT":null,"SoNha":"38","TenDuong":"Trần Khánh Dư","PhuongXa":"Phường Tân Định","QuanHuyenTP":"Quận 1","MaPhuongXa":"76026734","MaQuanHuyenTP":"760"}},{"type":"Feature","id":"QHXD_NhaCaoTang_point.8","geometry":{"type":"Point","coordinates":[106.68734191,10.79402352]},"geometry_name":"geom","properties":{"id":8,"OBJECTID":8,"TenCT":"Sửa chữa cải tạo khối nhà xưởng","TenDA":"Trường công nhân KT TP.HCM","ChuDauTu":"BQLDA khu vực ĐT-XD công trình sở LĐ-TB và XH","LoaiCT":3,"DTXDCT":null,"ChieuCaoCT":null,"SoNha":"38","TenDuong":"Trần Khánh Dư","PhuongXa":"Phường Tân Định","QuanHuyenTP":"Quận 1","MaPhuongXa":"76026734","MaQuanHuyenTP":"760"}},{"type":"Feature","id":"QHXD_NhaCaoTang_point.9","geometry":{"type":"Point","coordinates":[106.69364069,10.79358879]},"geometry_name":"geom","properties":{"id":9,"OBJECTID":9,"TenCT":"Chùa Đức Quang","TenDA":"Chùa Đức Quang","ChuDauTu":"Chùa Đức Quang","LoaiCT":6,"DTXDCT":66.7,"ChieuCaoCT":13.7,"SoNha":"68/282B","TenDuong":"Trần Quang Khải","PhuongXa":"Phường Tân Định","QuanHuyenTP":"Quận 1","MaPhuongXa":"76026734","MaQuanHuyenTP":"760"}},{"type":"Feature","id":"QHXD_NhaCaoTang_point.10","geometry":{"type":"Point","coordinates":[106.68603112,10.79579163]},"geometry_name":"geom","properties":{"id":10,"OBJECTID":10,"TenCT":"Nhà chư tăng chùa Vạn Thọ","TenDA":"Chùa Vạn Thọ","ChuDauTu":"Chùa Vạn Thọ","LoaiCT":6,"DTXDCT":177.37,"ChieuCaoCT":15.85,"SoNha":"212/158","TenDuong":"Nguyễn Văn Nguyễn","PhuongXa":"Phường Tân Định","QuanHuyenTP":"Quận 1","MaPhuongXa":"76026734","MaQuanHuyenTP":"760"}},{"type":"Feature","id":"QHXD_NhaCaoTang_point.11","geometry":{"type":"Point","coordinates":[106.68729834,10.79195719]},"geometry_name":"geom","properties":{"id":11,"OBJECTID":11,"TenCT":"Nhà văn phòng 456-458 Hai Bà Trưng","TenDA":"Nhà văn phòng","ChuDauTu":"Nguyễn Tùng Sơn - NGô Thị Thìn","LoaiCT":13,"DTXDCT":219.39,"ChieuCaoCT":33.8,"SoNha":"số 456-458","TenDuong":"Hai Bà Trưng","PhuongXa":"Phường Tân Định","QuanHuyenTP":"Quận 1","MaPhuongXa":"76026734","MaQuanHuyenTP":"760"}},{"type":"Feature","id":"QHXD_NhaCaoTang_point.12","geometry":{"type":"Point","coordinates":[106.69083619,10.79020539]},"geometry_name":"geom","properties":{"id":12,"OBJECTID":12,"TenCT":"Nhà văn phòng","TenDA":"Nhà văn phòng","ChuDauTu":"Trần Kiến Xương","LoaiCT":13,"DTXDCT":190.2,"ChieuCaoCT":32.9,"SoNha":"số 85","TenDuong":"Nguyễn Hữu Cầu","PhuongXa":"Phường Tân Định","QuanHuyenTP":"Quận 1","MaPhuongXa":"76026734","MaQuanHuyenTP":"760"}},{"type":"Feature","id":"QHXD_NhaCaoTang_point.13","geometry":{"type":"Point","coordinates":[106.70360719,10.78400399]},"geometry_name":"geom","properties":{"id":13,"OBJECTID":13,"TenCT":"Cao ốc văn phòng Trung tâm Thương mại quốc tế Sài Gòn","TenDA":"Cao ốc văn phòng Trung tâm Thương mại quốc tế Sài Gòn","ChuDauTu":"Công ty Liên doanh Lucks - Lavico (LLC)","LoaiCT":7,"DTXDCT":2258.3,"ChieuCaoCT":141.2,"SoNha":"37","TenDuong":"Tôn Đức Thắng","PhuongXa":"Phường Bến Nghé","QuanHuyenTP":"Quận 1","MaPhuongXa":"76026740","MaQuanHuyenTP":"760"}},{"type":"Feature","id":"QHXD_NhaCaoTang_point.14","geometry":{"type":"Point","coordinates":[106.69667196,10.78104395]},"geometry_name":"geom","properties":{"id":14,"OBJECTID":14,"TenCT":"Cao ốc văn phòng","TenDA":"Cao ốc văn phòng","ChuDauTu":"Báo Tuổi Trẻ","LoaiCT":13,"DTXDCT":null,"ChieuCaoCT":41.9,"SoNha":"41","TenDuong":"Nguyễn Thị Minh Khai","PhuongXa":"Phường Bến Nghé","QuanHuyenTP":"Quận 1","MaPhuongXa":"76026740","MaQuanHuyenTP":"760"}},{"type":"Feature","id":"QHXD_NhaCaoTang_point.15","geometry":{"type":"Point","coordinates":[106.70684272,10.77788249]},"geometry_name":"geom","properties":{"id":15,"OBJECTID":15,"TenCT":"Cao ốc Văn phòng Căn hộ","TenDA":"Cao ốc Văn phòng Căn hộ","ChuDauTu":"Công ty Liên Doanh International Burotel","LoaiCT":13,"DTXDCT":1352,"ChieuCaoCT":65.7,"SoNha":"5B","TenDuong":"Tôn Đức Thắng","PhuongXa":"Phường Bến Nghé","QuanHuyenTP":"Quận 1","MaPhuongXa":"76026740","MaQuanHuyenTP":"760"}},{"type":"Feature","id":"QHXD_NhaCaoTang_point.16","geometry":{"type":"Point","coordinates":[106.70626538,10.77436908]},"geometry_name":"geom","properties":{"id":16,"OBJECTID":16,"TenCT":"Công ty liên doanh khách sạn Riverside","TenDA":"Công ty liên doanh khách sạn Riverside","ChuDauTu":"Công ty Liên doanh khách sạn Riverside","LoaiCT":10,"DTXDCT":1328.63,"ChieuCaoCT":86.9,"SoNha":"8−15","TenDuong":"Tôn Đức Thắng","PhuongXa":"Phường Bến Nghé","QuanHuyenTP":"Quận 1","MaPhuongXa":"76026740","MaQuanHuyenTP":"760"}},{"type":"Feature","id":"QHXD_NhaCaoTang_point.17","geometry":{"type":"Point","coordinates":[106.70392925,10.77584631]},"geometry_name":"geom","properties":{"id":17,"OBJECTID":17,"TenCT":"Khách sạn Sheraton","TenDA":"Khách sạn Sheraton","ChuDauTu":"OCEAN Place Joint Venture CO.LTD (Công ty liên doanh Đại Dương)","LoaiCT":10,"DTXDCT":4535,"ChieuCaoCT":102.8,"SoNha":"80","TenDuong":"Đông Du","PhuongXa":"Phường Bến Nghé","QuanHuyenTP":"Quận 1","MaPhuongXa":"76026740","MaQuanHuyenTP":"760"}},{"type":"Feature","id":"QHXD_NhaCaoTang_point.18","geometry":{"type":"Point","coordinates":[106.70121693,10.78269037]},"geometry_name":"geom","properties":{"id":18,"OBJECTID":18,"TenCT":"Cao ốc văn phòng","TenDA":"Cao ốc văn phòng","ChuDauTu":"Công ty Liên doanh Sài Gòn Tower","LoaiCT":13,"DTXDCT":795,"ChieuCaoCT":73.05,"SoNha":"29","TenDuong":"Lê Duẩn","PhuongXa":"Phường Bến Nghé","QuanHuyenTP":"Quận 1","MaPhuongXa":"76026740","MaQuanHuyenTP":"760"}},{"type":"Feature","id":"QHXD_NhaCaoTang_point.19","geometry":{"type":"Point","coordinates":[106.69970322,10.78403769]},"geometry_name":"geom","properties":{"id":19,"OBJECTID":19,"TenCT":"Cao ốc văn phòng và căn hộ","TenDA":"Cao ốc văn phòng và căn hộ","ChuDauTu":"Công ty Liên doanh Căn hộ & Văn phòng Sài Gòn","LoaiCT":13,"DTXDCT":1718.75,"ChieuCaoCT":68.1,"SoNha":"11","TenDuong":"Mạc Đỉnh Chi","PhuongXa":"Phường Bến Nghé","QuanHuyenTP":"Quận 1","MaPhuongXa":"76026740","MaQuanHuyenTP":"760"}},{"type":"Feature","id":"QHXD_NhaCaoTang_point.20","geometry":{"type":"Point","coordinates":[106.70254468,10.78403844]},"geometry_name":"geom","properties":{"id":20,"OBJECTID":20,"TenCT":"Khách sạn và Cao ốc văn phòng Plaza","TenDA":"Khách sạn và Cao ốc văn phòng Plaza","ChuDauTu":"Công ty Liên doanh khách sạn Plaza","LoaiCT":13,"DTXDCT":3500,"ChieuCaoCT":78.5,"SoNha":"17","TenDuong":"Lê Duẩn","PhuongXa":"Phường Bến Nghé","QuanHuyenTP":"Quận 1","MaPhuongXa":"76026740","MaQuanHuyenTP":"760"}},{"type":"Feature","id":"QHXD_NhaCaoTang_point.21","geometry":{"type":"Point","coordinates":[106.69996652,10.77848145]},"geometry_name":"geom","properties":{"id":21,"OBJECTID":21,"TenCT":"Nhà văn phòng & căn hộ","TenDA":"Nhà văn phòng & căn hộ","ChuDauTu":"Công ty liên doanh cao ốc Sài Gòn Metropolitan TNHH","LoaiCT":13,"DTXDCT":1850,"ChieuCaoCT":86.385,"SoNha":"61","TenDuong":"Nguyễn Du","PhuongXa":"Phường Bến Nghé","QuanHuyenTP":"Quận 1","MaPhuongXa":"76026740","MaQuanHuyenTP":"760"}},{"type":"Feature","id":"QHXD_NhaCaoTang_point.22","geometry":{"type":"Point","coordinates":[106.70412762,10.78086366]},"geometry_name":"geom","properties":{"id":22,"OBJECTID":22,"TenCT":"Nhà ở căn hộ cho thuê","TenDA":"Nhà ở căn hộ cho thuê","ChuDauTu":"Công ty TNHH Bến Thành - RSC","LoaiCT":1,"DTXDCT":null,"ChieuCaoCT":55.67,"SoNha":"17,19,21","TenDuong":"Lý Tự Trọng","PhuongXa":"Phường Bến Nghé","QuanHuyenTP":"Quận 1","MaPhuongXa":"76026740","MaQuanHuyenTP":"760"}},{"type":"Feature","id":"QHXD_NhaCaoTang_point.23","geometry":{"type":"Point","coordinates":[106.70540497,10.77192535]},"geometry_name":"geom","properties":{"id":23,"OBJECTID":23,"TenCT":"Cao ốc văn phòng","TenDA":"Cao ốc văn phòng","ChuDauTu":"Công ty Liên doanh Hữu hạn VietComBank BonDay","LoaiCT":13,"DTXDCT":null,"ChieuCaoCT":72.1,"SoNha":"35","TenDuong":"Nguyễn Huệ","PhuongXa":"Phường Bến Nghé","QuanHuyenTP":"Quận 1","MaPhuongXa":"76026740","MaQuanHuyenTP":"760"}},{"type":"Feature","id":"QHXD_NhaCaoTang_point.24","geometry":{"type":"Point","coordinates":[106.70583898,10.77453458]},"geometry_name":"geom","properties":{"id":24,"OBJECTID":24,"TenCT":"Cao ốc văn phòng và cửa hàng","TenDA":"Cao ốc văn phòng và cửa hàng","ChuDauTu":"Công ty TNHH Trung tâm Mê Linh","LoaiCT":13,"DTXDCT":1437.09,"ChieuCaoCT":90.35,"SoNha":"2","TenDuong":"Ngô Đức Kế","PhuongXa":"Phường Bến Nghé","QuanHuyenTP":"Quận 1","MaPhuongXa":"76026740","MaQuanHuyenTP":"760"}},{"type":"Feature","id":"QHXD_NhaCaoTang_point.25","geometry":{"type":"Point","coordinates":[106.70026475,10.7782072]},"geometry_name":"geom","properties":{"id":25,"OBJECTID":25,"TenCT":"Tòa nhà Bảo Việt","TenDA":"Tòa nhà Bảo Việt","ChuDauTu":"Tổng Công ty bảo hiểm Việt Nam","LoaiCT":12,"DTXDCT":null,"ChieuCaoCT":49.6,"SoNha":"233","TenDuong":"Đồng Khởi","PhuongXa":"Phường Bến Nghé","QuanHuyenTP":"Quận 1","MaPhuongXa":"76026740","MaQuanHuyenTP":"760"}},{"type":"Feature","id":"QHXD_NhaCaoTang_point.26","geometry":{"type":"Point","coordinates":[106.70555182,10.77295829]},"geometry_name":"geom","properties":{"id":26,"OBJECTID":26,"TenCT":"Nhà văn phòng","TenDA":"Nhà văn phòng","ChuDauTu":"Tổng Công ty dệt may Việt Nam (Vinatex)","LoaiCT":13,"DTXDCT":null,"ChieuCaoCT":62.1,"SoNha":"10","TenDuong":"Nguyễn Huệ","PhuongXa":"Phường Bến Nghé","QuanHuyenTP":"Quận 1","MaPhuongXa":"76026740","MaQuanHuyenTP":"760"}},{"type":"Feature","id":"QHXD_NhaCaoTang_point.27","geometry":{"type":"Point","coordinates":[106.701921,10.77816789]},"geometry_name":"geom","properties":{"id":27,"OBJECTID":27,"TenCT":"Trung tâm Thương mại, Văn phòng, Căn hộ cho thuê Vincom và bãi đậu xe ngầm Vincom - Khu B","TenDA":"Trung tâm Thương mại, Văn phòng, Căn hộ cho thuê Vincom và bãi đậu xe ngầm Vincom - Khu B","ChuDauTu":"Công ty cổ phần VINCOM","LoaiCT":13,"DTXDCT":null,"ChieuCaoCT":104,"SoNha":"70 và phần ngầm công viên Chi Lăng","TenDuong":"Lê Thánh Tôn","PhuongXa":"Phường Bến Nghé","QuanHuyenTP":"Quận 1","MaPhuongXa":"76026740","MaQuanHuyenTP":"760"}},{"type":"Feature","id":"QHXD_NhaCaoTang_point.28","geometry":{"type":"Point","coordinates":[106.69547466,10.77971774]},"geometry_name":"geom","properties":{"id":28,"OBJECTID":28,"TenCT":"Cao ốc văn phòng và căn hộ","TenDA":"Cao ốc văn phòng và căn hộ","ChuDauTu":"Công ty liên doanh Avalon Sài Gòn","LoaiCT":13,"DTXDCT":364.32,"ChieuCaoCT":54,"SoNha":"53","TenDuong":"Nguyễn Thị Minh Khai","PhuongXa":"Phường Bến Nghé","QuanHuyenTP":"Quận 1","MaPhuongXa":"76026740","MaQuanHuyenTP":"760"}},{"type":"Feature","id":"QHXD_NhaCaoTang_point.29","geometry":{"type":"Point","coordinates":[106.70570759,10.78210209]},"geometry_name":"geom","properties":{"id":29,"OBJECTID":29,"TenCT":"Cao ốc văn phòng trung tâm xúc tiến thương mại hàng hải Gemadept","TenDA":"Cao ốc văn phòng trung tâm xúc tiến thương mại hàng hải Gemadept","ChuDauTu":"Công ty cổ phần đại lý liên hiệp vận chuyển (Gemadept)","LoaiCT":13,"DTXDCT":779,"ChieuCaoCT":80,"SoNha":"2bis-4-6","TenDuong":"Lê Thánh Tôn","PhuongXa":"Phường Bến Nghé","QuanHuyenTP":"Quận 1","MaPhuongXa":"76026740","MaQuanHuyenTP":"760"}},{"type":"Feature","id":"QHXD_NhaCaoTang_point.30","geometry":{"type":"Point","coordinates":[106.69941862,10.78343147]},"geometry_name":"geom","properties":{"id":30,"OBJECTID":30,"TenCT":"Cao ốc văn phòng","TenDA":"Khu nhà ở công vụ & văn phòng cho thuê","ChuDauTu":"Công ty Quản lý  Kinh doanh nhà thành phố","LoaiCT":13,"DTXDCT":599.8,"ChieuCaoCT":64.6,"SoNha":"25 bis","TenDuong":"Nguyễn Thị Minh Khai","PhuongXa":"Phường Bến Nghé","QuanHuyenTP":"Quận 1","MaPhuongXa":"76026740","MaQuanHuyenTP":"760"}},{"type":"Feature","id":"QHXD_NhaCaoTang_point.31","geometry":{"type":"Point","coordinates":[106.70556397,10.77179276]},"geometry_name":"geom","properties":{"id":31,"OBJECTID":31,"TenCT":"Cao ốc văn phòng","TenDA":"Cao ốc văn phòng","ChuDauTu":"Công ty sản xuất kinh doanh xuất nhập khẩu Bình Minh","LoaiCT":13,"DTXDCT":390.37,"ChieuCaoCT":74.65,"SoNha":"19-21-23-25","TenDuong":"Nguyễn Huệ","PhuongXa":"Phường Bến Nghé","QuanHuyenTP":"Quận 1","MaPhuongXa":"76026740","MaQuanHuyenTP":"760"}},{"type":"Feature","id":"QHXD_NhaCaoTang_point.32","geometry":{"type":"Point","coordinates":[106.70455217,10.78078535]},"geometry_name":"geom","properties":{"id":32,"OBJECTID":32,"TenCT":"Cao ốc văn phòng - căn hộ Lancaster","TenDA":"Cao ốc văn phòng-căn hộ Lancaster","ChuDauTu":"Ông Nguyễn Văn Trung ( Đại diện công ty Trung Thủy)","LoaiCT":1,"DTXDCT":371.24,"ChieuCaoCT":79,"SoNha":"22-22Bis","TenDuong":"Lê Thánh Tôn","PhuongXa":"Phường Bến Nghé","QuanHuyenTP":"Quận 1","MaPhuongXa":"76026740","MaQuanHuyenTP":"760"}},{"type":"Feature","id":"QHXD_NhaCaoTang_point.33","geometry":{"type":"Point","coordinates":[106.69646857,10.78070729]},"geometry_name":"geom","properties":{"id":33,"OBJECTID":33,"TenCT":"Cao ốc văn phòng","TenDA":"Cao ốc văn phòng","ChuDauTu":"Công ty TNHH Một thành viên Xây dựng Thái Bình Dương","LoaiCT":13,"DTXDCT":825.23,"ChieuCaoCT":71.95,"SoNha":"43-45-47","TenDuong":"Nguyễn Thị Minh Khai","PhuongXa":"Phường Bến Nghé","QuanHuyenTP":"Quận 1","MaPhuongXa":"76026740","MaQuanHuyenTP":"760"}},{"type":"Feature","id":"QHXD_NhaCaoTang_point.34","geometry":{"type":"Point","coordinates":[106.70547536,10.77415409]},"geometry_name":"geom","properties":{"id":34,"OBJECTID":34,"TenCT":"Mở rộng và cải tạo khách sạn Grand_Khối 12 tầng","TenDA":"Mở rộng và cải tạo khách sạn Grand_Khối 12 tầng","ChuDauTu":"Tổng Công ty Du lịch Sài Gòn","LoaiCT":10,"DTXDCT":1730.5,"ChieuCaoCT":40.4,"SoNha":"8","TenDuong":"Đồng Khởi","PhuongXa":"Phường Bến Nghé","QuanHuyenTP":"Quận 1","MaPhuongXa":"76026740","MaQuanHuyenTP":"760"}},{"type":"Feature","id":"QHXD_NhaCaoTang_point.35","geometry":{"type":"Point","coordinates":[106.7037169,10.77625869]},"geometry_name":"geom","properties":{"id":35,"OBJECTID":35,"TenCT":"Khách sạn Caravelle_Khối 23 tầng","TenDA":"Khách sạn liên doanh","ChuDauTu":"Cty Liên Doanh  hữu hạn KS Chains Caravelle","LoaiCT":10,"DTXDCT":1160.95,"ChieuCaoCT":87.15,"SoNha":"15 - 23","TenDuong":"Công Trường Lam Sơn","PhuongXa":"Phường Bến Nghé","QuanHuyenTP":"Quận 1","MaPhuongXa":"76026740","MaQuanHuyenTP":"760"}},{"type":"Feature","id":"QHXD_NhaCaoTang_point.36","geometry":{"type":"Point","coordinates":[106.70347203,10.77599645]},"geometry_name":"geom","properties":{"id":36,"OBJECTID":36,"TenCT":"Khối 11 tầng","TenDA":"Khách sạn liên doanh","ChuDauTu":"Công ty Liên doanh hữu hạn khách sạn Chains Caravelle","LoaiCT":10,"DTXDCT":843.67,"ChieuCaoCT":42.83,"SoNha":"15 - 23","TenDuong":"Công Trường Lam Sơn","PhuongXa":"Phường Bến Nghé","QuanHuyenTP":"Quận 1","MaPhuongXa":"76026740","MaQuanHuyenTP":"760"}},{"type":"Feature","id":"QHXD_NhaCaoTang_point.37","geometry":{"type":"Point","coordinates":[106.70099992,10.77360225]},"geometry_name":"geom","properties":{"id":37,"OBJECTID":37,"TenCT":"Văn phòng và căn hộ","TenDA":"Văn phòng và căn hộ","ChuDauTu":"Công ty Liên doanh FPSL WATCO","LoaiCT":13,"DTXDCT":null,"ChieuCaoCT":106.25,"SoNha":"94","TenDuong":"Nam Kỳ Khởi Nghĩa","PhuongXa":"Phường Bến Nghé","QuanHuyenTP":"Quận 1","MaPhuongXa":"76026740","MaQuanHuyenTP":"760"}},{"type":"Feature","id":"QHXD_NhaCaoTang_point.38","geometry":{"type":"Point","coordinates":[106.70466837,10.78103518]},"geometry_name":"geom","properties":{"id":38,"OBJECTID":38,"TenCT":"Nhà ở căn hộ cho thuê","TenDA":"Nhà ở căn hộ cho thuê","ChuDauTu":"Công ty TNHH Vườn Thiên Đàng Sài Gòn","LoaiCT":1,"DTXDCT":null,"ChieuCaoCT":49.1,"SoNha":"20","TenDuong":"Lê Thánh Tôn","PhuongXa":"Phường Bến Nghé","QuanHuyenTP":"Quận 1","MaPhuongXa":"76026740","MaQuanHuyenTP":"760"}},{"type":"Feature","id":"QHXD_NhaCaoTang_point.39","geometry":{"type":"Point","coordinates":[106.70547016,10.77433621]},"geometry_name":"geom","properties":{"id":39,"OBJECTID":39,"TenCT":"Mở rộng và cải tạo khách sạn Grand_Khối 20 tầng","TenDA":"Mở rộng và cải tạo khách sạn Grand_Khối 20 tầng","ChuDauTu":"Tổng Công ty Du lịch Sài Gòn","LoaiCT":10,"DTXDCT":897,"ChieuCaoCT":74,"SoNha":"8","TenDuong":"Đồng Khởi","PhuongXa":"Phường Bến Nghé","QuanHuyenTP":"Quận 1","MaPhuongXa":"76026740","MaQuanHuyenTP":"760"}},{"type":"Feature","id":"QHXD_NhaCaoTang_point.40","geometry":{"type":"Point","coordinates":[106.70547016,10.77433621]},"geometry_name":"geom","properties":{"id":40,"OBJECTID":40,"TenCT":"Mở rộng và cải tạo khách sạn Grand","TenDA":"Mở rộng và cải tạo khách sạn Grand","ChuDauTu":"Tổng Công ty Du lịch Sài Gòn","LoaiCT":10,"DTXDCT":897,"ChieuCaoCT":74,"SoNha":"8-24","TenDuong":"Đồng Khởi","PhuongXa":"Phường Bến Nghé","QuanHuyenTP":"Quận 1","MaPhuongXa":"76026740","MaQuanHuyenTP":"760"}},{"type":"Feature","id":"QHXD_NhaCaoTang_point.41","geometry":{"type":"Point","coordinates":[106.70732476,10.77988806]},"geometry_name":"geom","properties":{"id":41,"OBJECTID":41,"TenCT":"Cao ốc văn phòng và khách sạn cao cấp","TenDA":"Cao ốc văn phòng và khách sạn cao cấp","ChuDauTu":"Công ty TNHH Tiến Phước và Chín Chín Mươi","LoaiCT":13,"DTXDCT":1926.26,"ChieuCaoCT":95,"SoNha":"3C","TenDuong":"Tôn Đức Thắng","PhuongXa":"Phường Bến Nghé","QuanHuyenTP":"Quận 1","MaPhuongXa":"76026740","MaQuanHuyenTP":"760"}},{"type":"Feature","id":"QHXD_NhaCaoTang_point.42","geometry":{"type":"Point","coordinates":[106.69871979,10.77656967]},"geometry_name":"geom","properties":{"id":42,"OBJECTID":42,"TenCT":"Trụ sở Viện kiểm sát nhân dân TP.HCM","TenDA":"Trụ sở Viện kiểm sát nhân dân TP.HCM","ChuDauTu":"Viện Kiểm sát nhân dân TP.HCM","LoaiCT":11,"DTXDCT":681,"ChieuCaoCT":49,"SoNha":"120","TenDuong":"Nam Kỳ Khởi Nghĩa","PhuongXa":"Phường Bến Nghé","QuanHuyenTP":"Quận 1","MaPhuongXa":"76026740","MaQuanHuyenTP":"760"}},{"type":"Feature","id":"QHXD_NhaCaoTang_point.43","geometry":{"type":"Point","coordinates":[106.69871979,10.77656967]},"geometry_name":"geom","properties":{"id":43,"OBJECTID":43,"TenCT":"Trụ sở Viện kiểm sát nhân dân TP.HCM","TenDA":"Trụ sở Viện kiểm sát nhân dân TP.HCM","ChuDauTu":"Viện kiểm sát nhân dân TP.HCM","LoaiCT":11,"DTXDCT":681,"ChieuCaoCT":49,"SoNha":"120","TenDuong":"Nam Kỳ Khởi Nghĩa","PhuongXa":"Phường Bến Nghé","QuanHuyenTP":"Quận 1","MaPhuongXa":"76026740","MaQuanHuyenTP":"760"}},{"type":"Feature","id":"QHXD_NhaCaoTang_point.44","geometry":{"type":"Point","coordinates":[106.70565575,10.77285186]},"geometry_name":"geom","properties":{"id":44,"OBJECTID":44,"TenCT":"Cải tạo công trình số 8 Nguyễn Huệ/Cao ốc VP Trung tâm dịch vụ Imexco","TenDA":"Cải tạo công trình số 8 Nguyễn Huệ/Cao ốc VP Trung tâm dịch vụ Imexco","ChuDauTu":"Công ty Quản Lý Kinh doanh nhà TP","LoaiCT":13,"DTXDCT":744,"ChieuCaoCT":59.5,"SoNha":"8","TenDuong":"Nguyễn Huệ","PhuongXa":"Phường Bến Nghé","QuanHuyenTP":"Quận 1","MaPhuongXa":"76026740","MaQuanHuyenTP":"760"}},{"type":"Feature","id":"QHXD_NhaCaoTang_point.45","geometry":{"type":"Point","coordinates":[106.704413,10.77402392]},"geometry_name":"geom","properties":{"id":45,"OBJECTID":45,"TenCT":"Nhà cao tầng","TenDA":"Nhà cao tầng","ChuDauTu":"Công ty Quản lý Kinh Doanh Nhà (Sở Nhà Đất)","LoaiCT":13,"DTXDCT":null,"ChieuCaoCT":81,"SoNha":"38","TenDuong":"Nguyễn Huệ","PhuongXa":"Phường Bến Nghé","QuanHuyenTP":"Quận 1","MaPhuongXa":"76026740","MaQuanHuyenTP":"760"}},{"type":"Feature","id":"QHXD_NhaCaoTang_point.46","geometry":{"type":"Point","coordinates":[106.70450144,10.77182275]},"geometry_name":"geom","properties":{"id":46,"OBJECTID":46,"TenCT":"Trung tâm Văn Phòng -Thượng Mại -Dịch Vụ Tài chính","TenDA":"Trung tâm Văn Phòng -Thượng Mại -Dịch Vụ Tài chính","ChuDauTu":"Công ty Sản xuất - Kinh doanh - Xuất nhập khẩu Bình Minh (Bitexco)","LoaiCT":7,"DTXDCT":null,"ChieuCaoCT":262.5,"SoNha":"45","TenDuong":"Ngô Đức Kế","PhuongXa":"Phường Bến Nghé","QuanHuyenTP":"Quận 1","MaPhuongXa":"76026740","MaQuanHuyenTP":"760"}},{"type":"Feature","id":"QHXD_NhaCaoTang_point.47","geometry":{"type":"Point","coordinates":[106.70489267,10.77767712]},"geometry_name":"geom","properties":{"id":47,"OBJECTID":47,"TenCT":"Căn hộ và văn phòng cao tầng","TenDA":"Căn hộ và văn phòng cao tầng","ChuDauTu":"Cty Liên doanh TT Thương Mại và Căn hộ Sài Gòn","LoaiCT":13,"DTXDCT":1208.5,"ChieuCaoCT":42,"SoNha":"11D","TenDuong":"Thi Sách","PhuongXa":"Phường Bến Nghé","QuanHuyenTP":"Quận 1","MaPhuongXa":"76026740","MaQuanHuyenTP":"760"}},{"type":"Feature","id":"QHXD_NhaCaoTang_point.48","geometry":{"type":"Point","coordinates":[106.70358046,10.77473247]},"geometry_name":"geom","properties":{"id":48,"OBJECTID":48,"TenCT":"Trung tâm đào tạo nghiệp vụ ngân hàng Nhà nước tại khu vực phía Nam","TenDA":"Trung tâm đào tạo nghiệp vụ ngân hàng Nhà nước tại khu vực phía Nam","ChuDauTu":"Ngân hàng Nhà nước Việt Nam-Văn phòng đại diện tại TPHCM","LoaiCT":3,"DTXDCT":494.03,"ChieuCaoCT":419,"SoNha":"68","TenDuong":"Nguyễn Huệ","PhuongXa":"Phường Bến Nghé","QuanHuyenTP":"Quận 1","MaPhuongXa":"76026740","MaQuanHuyenTP":"760"}},{"type":"Feature","id":"QHXD_NhaCaoTang_point.49","geometry":{"type":"Point","coordinates":[106.7006146,10.77468143]},"geometry_name":"geom","properties":{"id":49,"OBJECTID":49,"TenCT":"Tòa nhà Văn hóa đa năng","TenDA":"Tòa nhà Văn hóa đa năng","ChuDauTu":"Tổng cty Văn hóa Sài Gòn","LoaiCT":13,"DTXDCT":524.18,"ChieuCaoCT":70.6,"SoNha":"59-61","TenDuong":"Pasteur","PhuongXa":"Phường Bến Nghé","QuanHuyenTP":"Quận 1","MaPhuongXa":"76026740","MaQuanHuyenTP":"760"}},{"type":"Feature","id":"QHXD_NhaCaoTang_point.50","geometry":{"type":"Point","coordinates":[106.7041668,10.77286187]},"geometry_name":"geom","properties":{"id":50,"OBJECTID":50,"TenCT":"Khách sạn","TenDA":"Khách sạn","ChuDauTu":"Cty liên doanh TNHH VINAMETRIC","LoaiCT":10,"DTXDCT":null,"ChieuCaoCT":56,"SoNha":"59-73","TenDuong":"Nguyễn Huệ","PhuongXa":"Phường Bến Nghé","QuanHuyenTP":"Quận 1","MaPhuongXa":"76026740","MaQuanHuyenTP":"760"}},{"type":"Feature","id":"QHXD_NhaCaoTang_point.51","geometry":{"type":"Point","coordinates":[106.70259978,10.77704411]},"geometry_name":"geom","properties":{"id":51,"OBJECTID":51,"TenCT":"Mở rộng công trình khách sạn Continental","TenDA":"Mở rộng công trình khách sạn Continental","ChuDauTu":"Tổng cty du lịch Sài Gòn","LoaiCT":10,"DTXDCT":730.61,"ChieuCaoCT":41.3,"SoNha":"132-134","TenDuong":"Đồng Khởi","PhuongXa":"Phường Bến Nghé","QuanHuyenTP":"Quận 1","MaPhuongXa":"76026740","MaQuanHuyenTP":"760"}},{"type":"Feature","id":"QHXD_NhaCaoTang_point.52","geometry":{"type":"Point","coordinates":[106.70518897,10.77744467]},"geometry_name":"geom","properties":{"id":52,"OBJECTID":52,"TenCT":"Khách sạn","TenDA":"Khách sạn","ChuDauTu":"Doanh nghiệp tư nhân TMDV KS Tuấn Phương","LoaiCT":10,"DTXDCT":256.62,"ChieuCaoCT":46.9,"SoNha":"11A-11B","TenDuong":"Thi Sách","PhuongXa":"Phường Bến Nghé","QuanHuyenTP":"Quận 1","MaPhuongXa":"76026740","MaQuanHuyenTP":"760"}},{"type":"Feature","id":"QHXD_NhaCaoTang_point.53","geometry":{"type":"Point","coordinates":[106.69846148,10.77666266]},"geometry_name":"geom","properties":{"id":53,"OBJECTID":53,"TenCT":"Trụ sở tòa phúc thẩm tòa án nhân dân tối cao tại TPHCM","TenDA":"Trụ sở tòa phúc thẩm tòa án nhân dân tối cao tại TPHCM","ChuDauTu":"Tòa án nhân dân tối cao","LoaiCT":11,"DTXDCT":null,"ChieuCaoCT":38.25,"SoNha":"124","TenDuong":"Nam Kỳ Khởi Nghĩa","PhuongXa":"Phường Bến Nghé","QuanHuyenTP":"Quận 1","MaPhuongXa":"76026740","MaQuanHuyenTP":"760"}},{"type":"Feature","id":"QHXD_NhaCaoTang_point.54","geometry":{"type":"Point","coordinates":[106.70244245,10.7783475]},"geometry_name":"geom","properties":{"id":54,"OBJECTID":54,"TenCT":"Trụ sở Sở GD&ĐT TPHCM","TenDA":"Trụ sở sở GD&ĐT TPHCM","ChuDauTu":"Công ty cổ phần Vincom","LoaiCT":11,"DTXDCT":530.18,"ChieuCaoCT":50,"SoNha":"66-68","TenDuong":"Lê Thánh Tôn","PhuongXa":"Phường Bến Nghé","QuanHuyenTP":"Quận 1","MaPhuongXa":"76026740","MaQuanHuyenTP":"760"}},{"type":"Feature","id":"QHXD_NhaCaoTang_point.55","geometry":{"type":"Point","coordinates":[106.69821711,10.77797482]},"geometry_name":"geom","properties":{"id":55,"OBJECTID":55,"TenCT":"nhà làm việc","TenDA":"nhà làm việc","ChuDauTu":"Viện nghiên cứu Quy hoạch và thiết kế tổng hợp","LoaiCT":13,"DTXDCT":207.78,"ChieuCaoCT":39.97,"SoNha":"162","TenDuong":"Nguyễn Thị Minh Khai","PhuongXa":"Phường Bến Nghé","QuanHuyenTP":"Quận 1","MaPhuongXa":"76026740","MaQuanHuyenTP":"760"}},{"type":"Feature","id":"QHXD_NhaCaoTang_point.56","geometry":{"type":"Point","coordinates":[106.70503058,10.78304884]},"geometry_name":"geom","properties":{"id":56,"OBJECTID":56,"TenCT":"Văn phòng","TenDA":"Văn phòng","ChuDauTu":"Cty cổ phần khử trùng giám định Việt Nam","LoaiCT":13,"DTXDCT":235.9,"ChieuCaoCT":40.8,"SoNha":"29","TenDuong":"Tôn Đức Thắng","PhuongXa":"Phường Bến Nghé","QuanHuyenTP":"Quận 1","MaPhuongXa":"76026740","MaQuanHuyenTP":"760"}},{"type":"Feature","id":"QHXD_NhaCaoTang_point.57","geometry":{"type":"Point","coordinates":[106.70536154,10.78240167]},"geometry_name":"geom","properties":{"id":57,"OBJECTID":57,"TenCT":"Nhà văn phòng","TenDA":null,"ChuDauTu":"bà Huỳnh thị Kim Nhung","LoaiCT":13,"DTXDCT":null,"ChieuCaoCT":38,"SoNha":"3B","TenDuong":"Lý Tự Trọng","PhuongXa":"Phường Bến Nghé","QuanHuyenTP":"Quận 1","MaPhuongXa":"76026740","MaQuanHuyenTP":"760"}},{"type":"Feature","id":"QHXD_NhaCaoTang_point.58","geometry":{"type":"Point","coordinates":[106.70454816,10.7785999]},"geometry_name":"geom","properties":{"id":58,"OBJECTID":58,"TenCT":"Khách sạn Nhật Hạ 3","TenDA":"Khách sạn","ChuDauTu":"Bà Nguyễn Thị Hải","LoaiCT":10,"DTXDCT":251.5,"ChieuCaoCT":48.4,"SoNha":"14-16","TenDuong":"Cao Bá Quát","PhuongXa":"Phường Bến Nghé","QuanHuyenTP":"Quận 1","MaPhuongXa":"76026740","MaQuanHuyenTP":"760"}},{"type":"Feature","id":"QHXD_NhaCaoTang_point.59","geometry":{"type":"Point","coordinates":[106.70377025,10.77162954]},"geometry_name":"geom","properties":{"id":59,"OBJECTID":59,"TenCT":"Nhà văn phòng","TenDA":"Nhà văn phòng","ChuDauTu":"Công ty TNHH Vũ Khải Hoàn","LoaiCT":13,"DTXDCT":null,"ChieuCaoCT":39.8,"SoNha":"57-59","TenDuong":"Hồ Tùng Mậu","PhuongXa":"Phường Bến Nghé","QuanHuyenTP":"Quận 1","MaPhuongXa":"76026740","MaQuanHuyenTP":"760"}},{"type":"Feature","id":"QHXD_NhaCaoTang_point.60","geometry":{"type":"Point","coordinates":[106.70440969,10.77871747]},"geometry_name":"geom","properties":{"id":60,"OBJECTID":60,"TenCT":"Văn  phòng làm việc","TenDA":"Văn phòng làm việc","ChuDauTu":"Bùi Thị Đổng","LoaiCT":13,"DTXDCT":173.51,"ChieuCaoCT":49,"SoNha":"20-20bis","TenDuong":"Thi Sách","PhuongXa":"Phường Bến Nghé","QuanHuyenTP":"Quận 1","MaPhuongXa":"76026740","MaQuanHuyenTP":"760"}},{"type":"Feature","id":"QHXD_NhaCaoTang_point.61","geometry":{"type":"Point","coordinates":[106.69930092,10.77794975]},"geometry_name":"geom","properties":{"id":61,"OBJECTID":61,"TenCT":"Trụ sở Làm Việc","TenDA":"Trụ Sở Làm Việc","ChuDauTu":"Quỹ đầu tư phát triển đô thị TP.HCM","LoaiCT":12,"DTXDCT":275.28,"ChieuCaoCT":30,"SoNha":"67-69-71-73","TenDuong":"Nguyễn Du","PhuongXa":"Phường Bến Nghé","QuanHuyenTP":"Quận 1","MaPhuongXa":"76026740","MaQuanHuyenTP":"760"}},{"type":"Feature","id":"QHXD_NhaCaoTang_point.62","geometry":{"type":"Point","coordinates":[106.70448791,10.77530014]},"geometry_name":"geom","properties":{"id":62,"OBJECTID":62,"TenCT":"Mở rộng khách sạn Hương Sen","TenDA":"Mở rộng khách sạn Hương Sen","ChuDauTu":"Nhà khách Hương Sen","LoaiCT":10,"DTXDCT":null,"ChieuCaoCT":33.9,"SoNha":"60","TenDuong":"Mạc Thị Bưởi","PhuongXa":"Phường Bến Nghé","QuanHuyenTP":"Quận 1","MaPhuongXa":"76026740","MaQuanHuyenTP":"760"}},{"type":"Feature","id":"QHXD_NhaCaoTang_point.63","geometry":{"type":"Point","coordinates":[106.70466592,10.78225591]},"geometry_name":"geom","properties":{"id":63,"OBJECTID":63,"TenCT":"Chung cư","TenDA":"Chung cư","ChuDauTu":"Công ty TNHH An Hưng","LoaiCT":1,"DTXDCT":null,"ChieuCaoCT":44.7,"SoNha":"10","TenDuong":"Lý Tự Trọng","PhuongXa":"Phường Bến Nghé","QuanHuyenTP":"Quận 1","MaPhuongXa":"76026740","MaQuanHuyenTP":"760"}},{"type":"Feature","id":"QHXD_NhaCaoTang_point.64","geometry":{"type":"Point","coordinates":[106.70398704,10.77922242]},"geometry_name":"geom","properties":{"id":64,"OBJECTID":64,"TenCT":"Khách sạn (cải tạo lầu 11, nâng tầng kỹ thuật, tầng sân thượng có bể bơi)","TenDA":"Khách sạn ( cải tạo lầu 11, nâng tầng kỹ thuật, tầng sân thượng có bể bơi)","ChuDauTu":"Ông Nguyễn Hữu Danh (Đ/d DNTN khách sạn Danh)","LoaiCT":10,"DTXDCT":1221.77,"ChieuCaoCT":47.6,"SoNha":"28-30","TenDuong":"Thi Sách","PhuongXa":"Phường Bến Nghé","QuanHuyenTP":"Quận 1","MaPhuongXa":"76026740","MaQuanHuyenTP":"760"}},{"type":"Feature","id":"QHXD_NhaCaoTang_point.65","geometry":{"type":"Point","coordinates":[106.70488635,10.78290121]},"geometry_name":"geom","properties":{"id":65,"OBJECTID":65,"TenCT":"Cao ốc văn phòng - Thương mại","TenDA":"Cao ốc văn phòng - thương mại","ChuDauTu":"Công ty TNHH Trung Thủy","LoaiCT":12,"DTXDCT":455,"ChieuCaoCT":42.75,"SoNha":"21","TenDuong":"Nguyễn Trung Ngạn","PhuongXa":"Phường Bến Nghé","QuanHuyenTP":"Quận 1","MaPhuongXa":"76026740","MaQuanHuyenTP":"760"}},{"type":"Feature","id":"QHXD_NhaCaoTang_point.66","geometry":{"type":"Point","coordinates":[106.70403853,10.77906846]},"geometry_name":"geom","properties":{"id":66,"OBJECTID":66,"TenCT":"Khách sạn Asian Ruby","TenDA":"Khách sạn Asian Ruby","ChuDauTu":"Lê Đức Hiếu\r\nLê Đúc Trung","LoaiCT":10,"DTXDCT":null,"ChieuCaoCT":40,"SoNha":"26","TenDuong":"Thi Sách","PhuongXa":"Phường Bến Nghé","QuanHuyenTP":"Quận 1","MaPhuongXa":"76026740","MaQuanHuyenTP":"760"}},{"type":"Feature","id":"QHXD_NhaCaoTang_point.67","geometry":{"type":"Point","coordinates":[106.70415824,10.77897168]},"geometry_name":"geom","properties":{"id":67,"OBJECTID":67,"TenCT":"Khách sạn","TenDA":"Khách sạn","ChuDauTu":"DNTN Khách sạn Sao","LoaiCT":1,"DTXDCT":null,"ChieuCaoCT":40,"SoNha":"24","TenDuong":"Thi Sách","PhuongXa":"Phường Bến Nghé","QuanHuyenTP":"Quận 1","MaPhuongXa":"76026740","MaQuanHuyenTP":"760"}},{"type":"Feature","id":"QHXD_NhaCaoTang_point.68","geometry":{"type":"Point","coordinates":[106.70446561,10.77733825]},"geometry_name":"geom","properties":{"id":68,"OBJECTID":68,"TenCT":"Nhà văn phòng Lant Building","TenDA":"Nhà văn phòng Lant Building","ChuDauTu":"Nguyễn Sơn Dũng","LoaiCT":13,"DTXDCT":258.3,"ChieuCaoCT":40.3,"SoNha":"56-58-60","TenDuong":"Hai Bà Trưng","PhuongXa":"Phường Bến Nghé","QuanHuyenTP":"Quận 1","MaPhuongXa":"76026740","MaQuanHuyenTP":"760"}},{"type":"Feature","id":"QHXD_NhaCaoTang_point.69","geometry":{"type":"Point","coordinates":[106.7049703,10.77112192]},"geometry_name":"geom","properties":{"id":69,"OBJECTID":69,"TenCT":"Nhà văn phòng","TenDA":"Nhà văn phòng","ChuDauTu":"ông Trần Tiến Dũng và bà Vũ Ánh Tuyết","LoaiCT":13,"DTXDCT":null,"ChieuCaoCT":41.925,"SoNha":"26-28","TenDuong":"Hàm Nghi","PhuongXa":"Phường Bến Nghé","QuanHuyenTP":"Quận 1","MaPhuongXa":"76026740","MaQuanHuyenTP":"760"}},{"type":"Feature","id":"QHXD_NhaCaoTang_point.70","geometry":{"type":"Point","coordinates":[106.70461048,10.77666624]},"geometry_name":"geom","properties":{"id":70,"OBJECTID":70,"TenCT":"Cải tạo nâng cấp khách sạn Bông Sen","TenDA":"Khách sạn Bông Sen","ChuDauTu":"Công ty du lịch TP.HCM- Khách sạn Bông Sen","LoaiCT":10,"DTXDCT":null,"ChieuCaoCT":39,"SoNha":"61-63","TenDuong":"Hai Bà Trưng","PhuongXa":"Phường Bến Nghé","QuanHuyenTP":"Quận 1","MaPhuongXa":"76026740","MaQuanHuyenTP":"760"}},{"type":"Feature","id":"QHXD_NhaCaoTang_point.71","geometry":{"type":"Point","coordinates":[106.69834575,10.77687387]},"geometry_name":"geom","properties":{"id":71,"OBJECTID":71,"TenCT":"Nhà văn phòng và căn hộ-Cty liên doanh Nhất Phương","TenDA":"Nhà văn phòng và căn hộ-Cty liên doanh Nhất Phương","ChuDauTu":"Công ty liên doanh Nhất Phương","LoaiCT":13,"DTXDCT":12764,"ChieuCaoCT":46,"SoNha":"93","TenDuong":"Nguyễn Du","PhuongXa":"Phường Bến Nghé","QuanHuyenTP":"Quận 1","MaPhuongXa":"76026740","MaQuanHuyenTP":"760"}},{"type":"Feature","id":"QHXD_NhaCaoTang_point.72","geometry":{"type":"Point","coordinates":[106.70272403,10.78691313]},"geometry_name":"geom","properties":{"id":72,"OBJECTID":72,"TenCT":"Tòa nhà trung tâm đài truyền hình","TenDA":"Tòa nhà trung tâm đài truyền hình","ChuDauTu":"Đài truyền hình TP HCM","LoaiCT":8,"DTXDCT":null,"ChieuCaoCT":73.35,"SoNha":"09","TenDuong":"Nguyễn Thị Minh Khai","PhuongXa":"Phường Bến Nghé","QuanHuyenTP":"Quận 1","MaPhuongXa":"76026740","MaQuanHuyenTP":"760"}},{"type":"Feature","id":"QHXD_NhaCaoTang_point.73","geometry":{"type":"Point","coordinates":[106.7009273,10.78398346]},"geometry_name":"geom","properties":{"id":73,"OBJECTID":73,"TenCT":"Trung tâm Văn hóa Quận 1","TenDA":"Trung tâm Văn hóa Quận 1","ChuDauTu":"UBND Q.1","LoaiCT":6,"DTXDCT":null,"ChieuCaoCT":17.1,"SoNha":"6","TenDuong":"Mạc Đỉnh Chi","PhuongXa":"Phường Bến Nghé","QuanHuyenTP":"Quận 1","MaPhuongXa":"76026740","MaQuanHuyenTP":"760"}},{"type":"Feature","id":"QHXD_NhaCaoTang_point.74","geometry":{"type":"Point","coordinates":[106.70598354,10.78599318]},"geometry_name":"geom","properties":{"id":74,"OBJECTID":74,"TenCT":"Trường cán bộ quản lý giáo dục đào tạo II","TenDA":"Trường cán bộ quản lý giáo dục đào tạo II","ChuDauTu":"Trường cán bộ quản lý giáo dục đào tạo II","LoaiCT":3,"DTXDCT":null,"ChieuCaoCT":24.5,"SoNha":"7-9","TenDuong":"Nguyễn Bỉnh Khiêm","PhuongXa":"Phường Bến Nghé","QuanHuyenTP":"Quận 1","MaPhuongXa":"76026740","MaQuanHuyenTP":"760"}},{"type":"Feature","id":"QHXD_NhaCaoTang_point.75","geometry":{"type":"Point","coordinates":[106.70646518,10.7763481]},"geometry_name":"geom","properties":{"id":75,"OBJECTID":75,"TenCT":"Nhà khách Hải Quân","TenDA":"Nhà khách Hải Quân","ChuDauTu":"Công ty Hải Thành-Bộ tư lệnh Hải Quân","LoaiCT":10,"DTXDCT":215,"ChieuCaoCT":40,"SoNha":"4B","TenDuong":"Tôn Đức Thắng","PhuongXa":"Phường Bến Nghé","QuanHuyenTP":"Quận 1","MaPhuongXa":"76026740","MaQuanHuyenTP":"760"}},{"type":"Feature","id":"QHXD_NhaCaoTang_point.76","geometry":{"type":"Point","coordinates":[106.7070115,10.78384599]},"geometry_name":"geom","properties":{"id":76,"OBJECTID":76,"TenCT":"Trường Trung học SP mầm non TP","TenDA":"Trường Trung học SP mầm non TP","ChuDauTu":"Sở giáo dục và đào tạo TP.HCM","LoaiCT":3,"DTXDCT":1144.74,"ChieuCaoCT":21.7,"SoNha":"4","TenDuong":"Tôn Đức Thắng","PhuongXa":"Phường Bến Nghé","QuanHuyenTP":"Quận 1","MaPhuongXa":"76026740","MaQuanHuyenTP":"760"}},{"type":"Feature","id":"QHXD_NhaCaoTang_point.77","geometry":{"type":"Point","coordinates":[106.70115877,10.77939018]},"geometry_name":"geom","properties":{"id":77,"OBJECTID":77,"TenCT":"Khối A","TenDA":"Trường THPT Chuyên TĐN","ChuDauTu":"Trường THPT Chuyên TĐN","LoaiCT":3,"DTXDCT":null,"ChieuCaoCT":19.48,"SoNha":"53","TenDuong":"Nguyễn Du","PhuongXa":"Phường Bến Nghé","QuanHuyenTP":"Quận 1","MaPhuongXa":"76026740","MaQuanHuyenTP":"760"}},{"type":"Feature","id":"QHXD_NhaCaoTang_point.78","geometry":{"type":"Point","coordinates":[106.70125446,10.77971034]},"geometry_name":"geom","properties":{"id":78,"OBJECTID":78,"TenCT":"Khối B","TenDA":"Trường THPT Chuyên TĐN","ChuDauTu":"Trường THPT Chuyên TĐN","LoaiCT":3,"DTXDCT":null,"ChieuCaoCT":18.35,"SoNha":"53","TenDuong":"Nguyễn Du","PhuongXa":"Phường Bến Nghé","QuanHuyenTP":"Quận 1","MaPhuongXa":"76026740","MaQuanHuyenTP":"760"}},{"type":"Feature","id":"QHXD_NhaCaoTang_point.79","geometry":{"type":"Point","coordinates":[106.70083987,10.7792615]},"geometry_name":"geom","properties":{"id":79,"OBJECTID":79,"TenCT":"Khối C","TenDA":"Trường THPT Chuyên TĐN","ChuDauTu":"Trường THPT Chuyên TĐN","LoaiCT":3,"DTXDCT":null,"ChieuCaoCT":18.95,"SoNha":"53","TenDuong":"Nguyễn Du","PhuongXa":"Phường Bến Nghé","QuanHuyenTP":"Quận 1","MaPhuongXa":"76026740","MaQuanHuyenTP":"760"}},{"type":"Feature","id":"QHXD_NhaCaoTang_point.80","geometry":{"type":"Point","coordinates":[106.70165697,10.77939913]},"geometry_name":"geom","properties":{"id":80,"OBJECTID":80,"TenCT":"Khối E","TenDA":"Trường THPT Chuyên TĐN","ChuDauTu":"Trường THPT Chuyên TĐN","LoaiCT":3,"DTXDCT":null,"ChieuCaoCT":20.2,"SoNha":"53","TenDuong":"Nguyễn Du","PhuongXa":"Phường Bến Nghé","QuanHuyenTP":"Quận 1","MaPhuongXa":"76026740","MaQuanHuyenTP":"760"}},{"type":"Feature","id":"QHXD_NhaCaoTang_point.81","geometry":{"type":"Point","coordinates":[106.70148305,10.77874217]},"geometry_name":"geom","properties":{"id":81,"OBJECTID":81,"TenCT":"Khối H","TenDA":"Trường THPT Chuyên TĐN","ChuDauTu":"Trường THPT Chuyên TĐN","LoaiCT":3,"DTXDCT":null,"ChieuCaoCT":20.35,"SoNha":"53","TenDuong":"Nguyễn Du","PhuongXa":"Phường Bến Nghé","QuanHuyenTP":"Quận 1","MaPhuongXa":"76026740","MaQuanHuyenTP":"760"}},{"type":"Feature","id":"QHXD_NhaCaoTang_point.82","geometry":{"type":"Point","coordinates":[106.70121782,10.77886966]},"geometry_name":"geom","properties":{"id":82,"OBJECTID":82,"TenCT":"Khối F","TenDA":"Trường THPT Chuyên TĐN","ChuDauTu":"Trường THPT Chuyên TĐN","LoaiCT":3,"DTXDCT":null,"ChieuCaoCT":15.55,"SoNha":"53","TenDuong":"Nguyễn Du","PhuongXa":"Phường Bến Nghé","QuanHuyenTP":"Quận 1","MaPhuongXa":"76026740","MaQuanHuyenTP":"760"}},{"type":"Feature","id":"QHXD_NhaCaoTang_point.83","geometry":{"type":"Point","coordinates":[106.70183386,10.77911978]},"geometry_name":"geom","properties":{"id":83,"OBJECTID":83,"TenCT":"Khối G","TenDA":"Trường THPT Chuyên TĐN","ChuDauTu":"Trường THPT Chuyên TĐN","LoaiCT":3,"DTXDCT":780.3,"ChieuCaoCT":23.2,"SoNha":"53","TenDuong":"Nguyễn Du","PhuongXa":"Phường Bến Nghé","QuanHuyenTP":"Quận 1","MaPhuongXa":"76026740","MaQuanHuyenTP":"760"}},{"type":"Feature","id":"QHXD_NhaCaoTang_point.84","geometry":{"type":"Point","coordinates":[106.70238805,10.77744021]},"geometry_name":"geom","properties":{"id":84,"OBJECTID":84,"TenCT":"TT thương mại dịch vụ","TenDA":"TT thương mại dịch vụ","ChuDauTu":"Công ty du lịch TP","LoaiCT":7,"DTXDCT":2686.94,"ChieuCaoCT":24.38,"SoNha":"39","TenDuong":"Lê Thánh Tôn","PhuongXa":"Phường Bến Nghé","QuanHuyenTP":"Quận 1","MaPhuongXa":"76026740","MaQuanHuyenTP":"760"}},{"type":"Feature","id":"QHXD_NhaCaoTang_point.85","geometry":{"type":"Point","coordinates":[106.70252501,10.77241792]},"geometry_name":"geom","properties":{"id":85,"OBJECTID":85,"TenCT":"Cửa hàng kinh doanh tổng hợp","TenDA":"Cửa hàng kinh doanh tổng hợp","ChuDauTu":"Công ty Cổ phần thương mại - dịch vụ Bến Thành","LoaiCT":7,"DTXDCT":338,"ChieuCaoCT":40,"SoNha":"129-131","TenDuong":"Nguyễn Đình Chiểu","PhuongXa":"Phường Bến Nghé","QuanHuyenTP":"Quận 1","MaPhuongXa":"76026740","MaQuanHuyenTP":"760"}},{"type":"Feature","id":"QHXD_NhaCaoTang_point.86","geometry":{"type":"Point","coordinates":[106.69903119,10.77842922]},"geometry_name":"geom","properties":{"id":86,"OBJECTID":86,"TenCT":"Nhà văn phòng cty ViNaMit","TenDA":"Nhà văn phòng cty ViNaMit","ChuDauTu":"Nguyễn Lâm Viên","LoaiCT":13,"DTXDCT":508.04,"ChieuCaoCT":37.4,"SoNha":"22A","TenDuong":"Nguyễn Văn Trỗi","PhuongXa":"Phường Bến Nghé","QuanHuyenTP":"Quận 1","MaPhuongXa":"76026740","MaQuanHuyenTP":"760"}},{"type":"Feature","id":"QHXD_NhaCaoTang_point.87","geometry":{"type":"Point","coordinates":[106.70520654,10.775176]},"geometry_name":"geom","properties":{"id":87,"OBJECTID":87,"TenCT":"Cao ốc đa năng","TenDA":"Cao ốc đa năng","ChuDauTu":"Sở TDTT TP.HCM","LoaiCT":13,"DTXDCT":306,"ChieuCaoCT":41.5,"SoNha":"3","TenDuong":"Phan Văn Đạt","PhuongXa":"Phường Bến Nghé","QuanHuyenTP":"Quận 1","MaPhuongXa":"76026740","MaQuanHuyenTP":"760"}},{"type":"Feature","id":"QHXD_NhaCaoTang_point.88","geometry":{"type":"Point","coordinates":[106.70621136,10.78179552]},"geometry_name":"geom","properties":{"id":88,"OBJECTID":88,"TenCT":"Cao ốc Văn Phòng","TenDA":"Cao ốc Văn Phòng","ChuDauTu":"Công ty TNHH dịch vụ Mai Thành","LoaiCT":13,"DTXDCT":766,"ChieuCaoCT":123,"SoNha":"9-11","TenDuong":"Tôn Đức Thắng","PhuongXa":"Phường Bến Nghé","QuanHuyenTP":"Quận 1","MaPhuongXa":"76026740","MaQuanHuyenTP":"760"}},{"type":"Feature","id":"QHXD_NhaCaoTang_point.89","geometry":{"type":"Point","coordinates":[106.70551461,10.77566492]},"geometry_name":"geom","properties":{"id":89,"OBJECTID":89,"TenCT":"Cao ốc Văn phòng","TenDA":"Cao ốc Văn phòng","ChuDauTu":"Cty liên doanh TNHH Vietcombank-bonday-Bến Thành","LoaiCT":13,"DTXDCT":null,"ChieuCaoCT":171,"SoNha":"5","TenDuong":null,"PhuongXa":"Phường Bến Nghé","QuanHuyenTP":"Quận 1","MaPhuongXa":"76026740","MaQuanHuyenTP":"760"}},{"type":"Feature","id":"QHXD_NhaCaoTang_point.90","geometry":{"type":"Point","coordinates":[106.7048143,10.77385427]},"geometry_name":"geom","properties":{"id":90,"OBJECTID":90,"TenCT":"TTTM-Cao ốc văn phòng, Căn hộ cao cấp-KS và công trình phục vụ","TenDA":"TTTM-Căn hộ cao cấp-KS","ChuDauTu":"Cty ĐT Quảng trường Thời Đại (Việt Nam)","LoaiCT":13,"DTXDCT":3045,"ChieuCaoCT":163.3,"SoNha":"22-36","TenDuong":"Nguyễn Huệ","PhuongXa":"Phường Bến Nghé","QuanHuyenTP":"Quận 1","MaPhuongXa":"76026740","MaQuanHuyenTP":"760"}},{"type":"Feature","id":"QHXD_NhaCaoTang_point.91","geometry":{"type":"Point","coordinates":[106.70532299,10.77733175]},"geometry_name":"geom","properties":{"id":91,"OBJECTID":91,"TenCT":"Cao ốc VP","TenDA":"Cao ốc VP","ChuDauTu":"Bà Đồng Thị Hoài Thu","LoaiCT":13,"DTXDCT":228.53,"ChieuCaoCT":44.3,"SoNha":"9A-9B","TenDuong":"Thi Sách","PhuongXa":"Phường Bến Nghé","QuanHuyenTP":"Quận 1","MaPhuongXa":"76026740","MaQuanHuyenTP":"760"}},{"type":"Feature","id":"QHXD_NhaCaoTang_point.92","geometry":{"type":"Point","coordinates":[106.70704846,10.77924642]},"geometry_name":"geom","properties":{"id":92,"OBJECTID":92,"TenCT":"Văn phòng","TenDA":"Văn phòng","ChuDauTu":"Cty Hải Thành-Bộ Tư lệnh Hải Quân","LoaiCT":13,"DTXDCT":215.8,"ChieuCaoCT":44.5,"SoNha":"4B","TenDuong":"Tôn Đức Thắng","PhuongXa":"Phường Bến Nghé","QuanHuyenTP":"Quận 1","MaPhuongXa":"76026740","MaQuanHuyenTP":"760"}},{"type":"Feature","id":"QHXD_NhaCaoTang_point.93","geometry":{"type":"Point","coordinates":[106.69710099,10.78115888]},"geometry_name":"geom","properties":{"id":93,"OBJECTID":93,"TenCT":"Văn phòng","TenDA":"Văn phòng","ChuDauTu":"Cty CP nhiên liệu Sài Gòn (SFC)","LoaiCT":13,"DTXDCT":342.12,"ChieuCaoCT":40.4,"SoNha":"1A","TenDuong":"Phạm Ngọc Thạch","PhuongXa":"Phường Bến Nghé","QuanHuyenTP":"Quận 1","MaPhuongXa":"76026740","MaQuanHuyenTP":"760"}},{"type":"Feature","id":"QHXD_NhaCaoTang_point.94","geometry":{"type":"Point","coordinates":[106.70260409,10.77852842]},"geometry_name":"geom","properties":{"id":94,"OBJECTID":94,"TenCT":"Khách sạn","TenDA":"Khách sạn","ChuDauTu":"Cty TNHH BĐS Diệp Bạch Dương","LoaiCT":10,"DTXDCT":446.64,"ChieuCaoCT":50,"SoNha":"64","TenDuong":"Lê Thánh Tôn","PhuongXa":"Phường Bến Nghé","QuanHuyenTP":"Quận 1","MaPhuongXa":"76026740","MaQuanHuyenTP":"760"}},{"type":"Feature","id":"QHXD_NhaCaoTang_point.95","geometry":{"type":"Point","coordinates":[106.70392523,10.78854808]},"geometry_name":"geom","properties":{"id":95,"OBJECTID":95,"TenCT":"Khối lớp học","TenDA":"Trường Tiểu học Nguyễn Bỉnh Khiêm","ChuDauTu":"Ban Quản lý Dự án ĐTXDCT Quận 1","LoaiCT":3,"DTXDCT":1243.92,"ChieuCaoCT":17.75,"SoNha":"2 Bis","TenDuong":"Nguyễn Bỉnh Khiêm","PhuongXa":"Phường Bến Nghé","QuanHuyenTP":"Quận 1","MaPhuongXa":"76026740","MaQuanHuyenTP":"760"}},{"type":"Feature","id":"QHXD_NhaCaoTang_point.96","geometry":{"type":"Point","coordinates":[106.7005631,10.78187823]},"geometry_name":"geom","properties":{"id":96,"OBJECTID":96,"TenCT":"Ngôi nhà Đức - Khối trước 18 tầng","TenDA":"Ngôi nhà Đức","ChuDauTu":"Công ty TNHH Ngôi nhà Đức TP.HCM","LoaiCT":12,"DTXDCT":1983.1,"ChieuCaoCT":75,"SoNha":"3-5","TenDuong":"Lê Văn Hưu","PhuongXa":"Phường Bến Nghé","QuanHuyenTP":"Quận 1","MaPhuongXa":"76026740","MaQuanHuyenTP":"760"}},{"type":"Feature","id":"QHXD_NhaCaoTang_point.97","geometry":{"type":"Point","coordinates":[106.70090863,10.77303068]},"geometry_name":"geom","properties":{"id":97,"OBJECTID":97,"TenCT":"Cao ốc-Căn hộ","TenDA":"Cao ốc-Căn hộ","ChuDauTu":"Cty TNHH Keppel land Watco II & III","LoaiCT":1,"DTXDCT":null,"ChieuCaoCT":191.75,"SoNha":"92-94","TenDuong":"Nam Kỳ Khởi Nghĩa","PhuongXa":"Phường Bến Nghé","QuanHuyenTP":"Quận 1","MaPhuongXa":"76026740","MaQuanHuyenTP":"760"}},{"type":"Feature","id":"QHXD_NhaCaoTang_point.98","geometry":{"type":"Point","coordinates":[106.7058165,10.77268475]},"geometry_name":"geom","properties":{"id":98,"OBJECTID":98,"TenCT":"Khách sạn Cửu Long (Majestic) mở rộng","TenDA":"Khách sạn","ChuDauTu":"Tổng Cty du lịch Sài Gòn-TNHH MTV","LoaiCT":10,"DTXDCT":1795,"ChieuCaoCT":110,"SoNha":"29-30-30A","TenDuong":"Tôn Đức Thắng","PhuongXa":"Phường Bến Nghé","QuanHuyenTP":"Quận 1","MaPhuongXa":"76026740","MaQuanHuyenTP":"760"}},{"type":"Feature","id":"QHXD_NhaCaoTang_point.99","geometry":{"type":"Point","coordinates":[106.70055683,10.78420335]},"geometry_name":"geom","properties":{"id":99,"OBJECTID":99,"TenCT":"Khách sạn Mường Thanh Sài Gòn","TenDA":"Khách sạn","ChuDauTu":"Doanh nghiệp tư nhân xây dựng số 1 tỉnh Điện Biên","LoaiCT":10,"DTXDCT":720.81,"ChieuCaoCT":50,"SoNha":"8A","TenDuong":"Mạc Đỉnh Chi","PhuongXa":"Phường Bến Nghé","QuanHuyenTP":"Quận 1","MaPhuongXa":"76026740","MaQuanHuyenTP":"760"}},{"type":"Feature","id":"QHXD_NhaCaoTang_point.100","geometry":{"type":"Point","coordinates":[106.70076556,10.78169049]},"geometry_name":"geom","properties":{"id":100,"OBJECTID":100,"TenCT":"Ngôi nhà Đức - Khối sau 26 tầng","TenDA":"Ngôi nhà Đức","ChuDauTu":"Công ty TNHH Ngôi nhà Đức TP.HCM","LoaiCT":12,"DTXDCT":1983.1,"ChieuCaoCT":105.7,"SoNha":"3-5","TenDuong":"Lê Văn Hưu","PhuongXa":"Phường Bến Nghé","QuanHuyenTP":"Quận 1","MaPhuongXa":"76026740","MaQuanHuyenTP":"760"}},{"type":"Feature","id":"QHXD_NhaCaoTang_point.101","geometry":{"type":"Point","coordinates":[106.70439805,10.78838709]},"geometry_name":"geom","properties":{"id":101,"OBJECTID":101,"TenCT":"Khu nghỉ","TenDA":"Trường TH Nguyễn Bỉnh khiêm","ChuDauTu":"Ban QLDAĐTXDCT Quận 1","LoaiCT":3,"DTXDCT":246.5,"ChieuCaoCT":8.2,"SoNha":"2 Bis","TenDuong":"Nguyễn Bỉnh Khiêm","PhuongXa":"Phường Bến Nghé","QuanHuyenTP":"Quận 1","MaPhuongXa":"76026740","MaQuanHuyenTP":"760"}},{"type":"Feature","id":"QHXD_NhaCaoTang_point.102","geometry":{"type":"Point","coordinates":[106.70626915,10.77405796]},"geometry_name":"geom","properties":{"id":102,"OBJECTID":102,"TenCT":"Khách sạn 17 Tôn Đức Thắng","TenDA":"Khách sạn","ChuDauTu":"Cty TNHH MTV Caric","LoaiCT":10,"DTXDCT":null,"ChieuCaoCT":84.4,"SoNha":"17","TenDuong":"Tôn Đức Thắng","PhuongXa":"Phường Bến Nghé","QuanHuyenTP":"Quận 1","MaPhuongXa":"76026740","MaQuanHuyenTP":"760"}},{"type":"Feature","id":"QHXD_NhaCaoTang_point.103","geometry":{"type":"Point","coordinates":[106.70752148,10.78053738]},"geometry_name":"geom","properties":{"id":103,"OBJECTID":103,"TenCT":"Cao ốc văn phòng,trung tâm thương mại và căn hộ cho thuê","TenDA":"Cao ốc văn phòng,trung tâm thương mại và căn hộ cho thuê","ChuDauTu":"Cty cổ phần Cảnh Hưng - Hải Thành","LoaiCT":13,"DTXDCT":1129.93,"ChieuCaoCT":120.8,"SoNha":"1-1A-2","TenDuong":"Tôn Đức Thắng","PhuongXa":"Phường Bến Nghé","QuanHuyenTP":"Quận 1","MaPhuongXa":"76026740","MaQuanHuyenTP":"760"}},{"type":"Feature","id":"QHXD_NhaCaoTang_point.104","geometry":{"type":"Point","coordinates":[106.70394479,10.77807281]},"geometry_name":"geom","properties":{"id":104,"OBJECTID":104,"TenCT":"khách sạn Cao Bá Quát","TenDA":"Khách sạn","ChuDauTu":"Cty TNHH phát triển địa ốc An Cư","LoaiCT":10,"DTXDCT":303.53,"ChieuCaoCT":59,"SoNha":"20","TenDuong":"Cao Bá Quát","PhuongXa":"Phường Bến Nghé","QuanHuyenTP":"Quận 1","MaPhuongXa":"76026740","MaQuanHuyenTP":"760"}},{"type":"Feature","id":"QHXD_NhaCaoTang_point.105","geometry":{"type":"Point","coordinates":[106.70138554,10.77725448]},"geometry_name":"geom","properties":{"id":105,"OBJECTID":105,"TenCT":"Trung tâm hành chính TPHCM (Giai đoạn 1)","TenDA":"Trung tâm hành chính TPHCM (Giai đoạn 1)","ChuDauTu":"Cty TNHH MTV Quản lý Kinh doanh nhà Thành phố","LoaiCT":11,"DTXDCT":750,"ChieuCaoCT":14.95,"SoNha":"213","TenDuong":"Đồng Khởi","PhuongXa":"Phường Bến Nghé","QuanHuyenTP":"Quận 1","MaPhuongXa":"76026740","MaQuanHuyenTP":"760"}},{"type":"Feature","id":"QHXD_NhaCaoTang_point.106","geometry":{"type":"Point","coordinates":[106.69816854,10.78250008]},"geometry_name":"geom","properties":{"id":106,"OBJECTID":106,"TenCT":"Nhà Văn hóa Thanh niên TPHCM_Hội trường 2","TenDA":"Nhà Văn hóa Thanh niên TPHCM","ChuDauTu":"Thành Đoàn TPHCM","LoaiCT":6,"DTXDCT":468.36,"ChieuCaoCT":12,"SoNha":"4","TenDuong":"Phạm Ngọc Thạch","PhuongXa":"Phường Bến Nghé","QuanHuyenTP":"Quận 1","MaPhuongXa":"76026740","MaQuanHuyenTP":"760"}},{"type":"Feature","id":"QHXD_NhaCaoTang_point.107","geometry":{"type":"Point","coordinates":[106.70209774,10.78176777]},"geometry_name":"geom","properties":{"id":107,"OBJECTID":107,"TenCT":"Bệnh viện Nhi Đồng 2_Khối khám bệnh và điều trị trong ngày","TenDA":"Bệnh viện Nhi Đồng 2","ChuDauTu":"Bệnh viện Nhi Đồng 2","LoaiCT":4,"DTXDCT":2507,"ChieuCaoCT":30.65,"SoNha":"14","TenDuong":"Lý Tự Trọng","PhuongXa":"Phường Bến Nghé","QuanHuyenTP":"Quận 1","MaPhuongXa":"76026740","MaQuanHuyenTP":"760"}},{"type":"Feature","id":"QHXD_NhaCaoTang_point.108","geometry":{"type":"Point","coordinates":[106.70558133,10.78368461]},"geometry_name":"geom","properties":{"id":108,"OBJECTID":108,"TenCT":"Dòng Thánh Phao Lô_Nhà ở, nhà ăn, sinh hoạt","TenDA":"Trường Trung học Sư phạm mầm non","ChuDauTu":"Dòng Thánh Phao Lô","LoaiCT":6,"DTXDCT":966,"ChieuCaoCT":21.55,"SoNha":"4","TenDuong":"Tôn Đức Thắng","PhuongXa":"Phường Bến Nghé","QuanHuyenTP":"Quận 1","MaPhuongXa":"76026740","MaQuanHuyenTP":"760"}},{"type":"Feature","id":"QHXD_NhaCaoTang_point.109","geometry":{"type":"Point","coordinates":[106.70454395,10.78537941]},"geometry_name":"geom","properties":{"id":109,"OBJECTID":109,"TenCT":"Nhà ở và nhà sinh hoạt Trung tâm mục vụ giáo phận đại chúng viện thánh Giuse","TenDA":"Trung tâm mục vụ giáo phận đại chúng viện thánh Giuse","ChuDauTu":"TT Mục vụ giáo phận - Đại chủng viện Thánh Giuse","LoaiCT":6,"DTXDCT":790.25,"ChieuCaoCT":16.6,"SoNha":"06 Bis","TenDuong":"Tôn Đức Thắng","PhuongXa":"Phường Bến Nghé","QuanHuyenTP":"Quận 1","MaPhuongXa":"76026740","MaQuanHuyenTP":"760"}},{"type":"Feature","id":"QHXD_NhaCaoTang_point.110","geometry":{"type":"Point","coordinates":[106.69903258,10.77728816]},"geometry_name":"geom","properties":{"id":110,"OBJECTID":110,"TenCT":"Văn phòng giao dịch phát triển văn hóa thương mại Lào","TenDA":"Đại sứ quán Lào","ChuDauTu":"Tổng lãnh sự quán Cộng hòa Dân chủ Nhân dân Lào tại TP.HCM","LoaiCT":12,"DTXDCT":84,"ChieuCaoCT":12.65,"SoNha":"93","TenDuong":"Pasteur","PhuongXa":"Phường Bến Nghé","QuanHuyenTP":"Quận 1","MaPhuongXa":"76026740","MaQuanHuyenTP":"760"}},{"type":"Feature","id":"QHXD_NhaCaoTang_point.111","geometry":{"type":"Point","coordinates":[106.69596823,10.77901608]},"geometry_name":"geom","properties":{"id":111,"OBJECTID":111,"TenCT":"Trụ sở làm việc và sàn giao dịch BĐS - Khối nhà chính","TenDA":"Trụ sở làm việc và sàn giao dịch BĐS","ChuDauTu":"TT Kiểm định bản đồ và Tư vấn TNMT","LoaiCT":12,"DTXDCT":285.16,"ChieuCaoCT":16.8,"SoNha":"18","TenDuong":"Alexandre de Rhodes","PhuongXa":"Phường Bến Nghé","QuanHuyenTP":"Quận 1","MaPhuongXa":"76026740","MaQuanHuyenTP":"760"}},{"type":"Feature","id":"QHXD_NhaCaoTang_point.112","geometry":{"type":"Point","coordinates":[106.70182795,10.78034742]},"geometry_name":"geom","properties":{"id":112,"OBJECTID":112,"TenCT":"Bệnh viện Nhi Đồng 2 - Khối B12","TenDA":"Bệnh viện Nhi Đồng 2","ChuDauTu":"Bệnh viện Nhi Đồng 2","LoaiCT":4,"DTXDCT":3835,"ChieuCaoCT":16.6,"SoNha":"14","TenDuong":"Lý Tự Trọng","PhuongXa":"Phường Bến Nghé","QuanHuyenTP":"Quận 1","MaPhuongXa":"76026740","MaQuanHuyenTP":"760"}},{"type":"Feature","id":"QHXD_NhaCaoTang_point.113","geometry":{"type":"Point","coordinates":[106.70230076,10.78086214]},"geometry_name":"geom","properties":{"id":113,"OBJECTID":113,"TenCT":"Bệnh viện Nhi Đồng 2 - Khối B13","TenDA":"Bệnh viện Nhi Đồng 2","ChuDauTu":"Bệnh viện Nhi Đồng 2","LoaiCT":4,"DTXDCT":3835,"ChieuCaoCT":16.6,"SoNha":"14","TenDuong":"Lý Tự Trọng","PhuongXa":"Phường Bến Nghé","QuanHuyenTP":"Quận 1","MaPhuongXa":"76026740","MaQuanHuyenTP":"760"}},{"type":"Feature","id":"QHXD_NhaCaoTang_point.114","geometry":{"type":"Point","coordinates":[106.7027061,10.78131494]},"geometry_name":"geom","properties":{"id":114,"OBJECTID":114,"TenCT":"Bệnh viện Nhi Đồng 2 - Khối B14","TenDA":"Bệnh viện Nhi Đồng 2","ChuDauTu":"Bệnh viện Nhi Đồng 2","LoaiCT":4,"DTXDCT":3835,"ChieuCaoCT":16.6,"SoNha":"14","TenDuong":"Lý Tự Trọng","PhuongXa":"Phường Bến Nghé","QuanHuyenTP":"Quận 1","MaPhuongXa":"76026740","MaQuanHuyenTP":"760"}},{"type":"Feature","id":"QHXD_NhaCaoTang_point.115","geometry":{"type":"Point","coordinates":[106.69756634,10.77797187]},"geometry_name":"geom","properties":{"id":115,"OBJECTID":115,"TenCT":"Trụ sở Viện thực hành quyền công tố và kiểm sát xét xử phúc thẩm tại TPHCM","TenDA":"Viện thực hành quyền công tố và kiểm sát xét xử phúc thẩm tại TPHCM","ChuDauTu":"Viện thực hành quyền công tố và kiểm sát xét xử phúc thẩm tại TPHCM","LoaiCT":11,"DTXDCT":279.7,"ChieuCaoCT":16.55,"SoNha":"33","TenDuong":"Hàn Thuyên","PhuongXa":"Phường Bến Nghé","QuanHuyenTP":"Quận 1","MaPhuongXa":"76026740","MaQuanHuyenTP":"760"}},{"type":"Feature","id":"QHXD_NhaCaoTang_point.199","geometry":{"type":"Point","coordinates":[106.69404671,10.76610388]},"geometry_name":"geom","properties":{"id":199,"OBJECTID":199,"TenCT":"Nhà văn phòng","TenDA":"Nhà VP","ChuDauTu":"Cty CP ĐT PT Phú Mỹ","LoaiCT":13,"DTXDCT":142.51,"ChieuCaoCT":33.8,"SoNha":"số 167-173","TenDuong":"Trần Hưng Đạo","PhuongXa":"Phường Cô Giang","QuanHuyenTP":"Quận 1","MaPhuongXa":"76026755","MaQuanHuyenTP":"760"}},{"type":"Feature","id":"QHXD_NhaCaoTang_point.116","geometry":{"type":"Point","coordinates":[106.70401445,10.78277846]},"geometry_name":"geom","properties":{"id":116,"OBJECTID":116,"TenCT":"Đan viện Cát Minh Sài Gòn_Khối nhà nguyện","TenDA":"Đan viện Cát Minh Sài Gòn","ChuDauTu":"Đan viện Cát Minh Sài Gòn","LoaiCT":6,"DTXDCT":775.08,"ChieuCaoCT":23.2,"SoNha":"33","TenDuong":"Tôn Đức Thắng","PhuongXa":"Phường Bến Nghé","QuanHuyenTP":"Quận 1","MaPhuongXa":"76026740","MaQuanHuyenTP":"760"}},{"type":"Feature","id":"QHXD_NhaCaoTang_point.117","geometry":{"type":"Point","coordinates":[106.70379763,10.78289999]},"geometry_name":"geom","properties":{"id":117,"OBJECTID":117,"TenCT":"Đan viện Cát Minh Sài Gòn_Nhà ở khu B","TenDA":"Đan viện Cát Minh Sài Gòn","ChuDauTu":"Đan viện Cát Minh Sài Gòn","LoaiCT":6,"DTXDCT":172.64,"ChieuCaoCT":10.4,"SoNha":"33","TenDuong":"Tôn Đức Thắng","PhuongXa":"Phường Bến Nghé","QuanHuyenTP":"Quận 1","MaPhuongXa":"76026740","MaQuanHuyenTP":"760"}},{"type":"Feature","id":"QHXD_NhaCaoTang_point.118","geometry":{"type":"Point","coordinates":[106.70400746,10.78312014]},"geometry_name":"geom","properties":{"id":118,"OBJECTID":118,"TenCT":"Đan viện Cát Minh Sài Gòn_Khối nhà ở A","TenDA":"Đan viện Cát Minh Sài Gòn","ChuDauTu":"Đan viện Cát Minh Sài Gòn","LoaiCT":6,"DTXDCT":499.22,"ChieuCaoCT":13.8,"SoNha":"33","TenDuong":"Tôn Đức Thắng","PhuongXa":"Phường Bến Nghé","QuanHuyenTP":"Quận 1","MaPhuongXa":"76026740","MaQuanHuyenTP":"760"}},{"type":"Feature","id":"QHXD_NhaCaoTang_point.119","geometry":{"type":"Point","coordinates":[106.69963945,10.77818769]},"geometry_name":"geom","properties":{"id":119,"OBJECTID":119,"TenCT":"Tòa nhà văn phòng Bến Thành","TenDA":"Tòa nhà văn phòng Bến Thành","ChuDauTu":"Cty TNHH MTV Phát triển nhà Bến Thành","LoaiCT":13,"DTXDCT":726,"ChieuCaoCT":33.1,"SoNha":"65","TenDuong":"Nguyễn Du","PhuongXa":"Phường Bến Nghé","QuanHuyenTP":"Quận 1","MaPhuongXa":"76026740","MaQuanHuyenTP":"760"}},{"type":"Feature","id":"QHXD_NhaCaoTang_point.120","geometry":{"type":"Point","coordinates":[106.70353288,10.7881351]},"geometry_name":"geom","properties":{"id":120,"OBJECTID":120,"TenCT":"Trung tâm sản xuất chương trình Đài truyên hình Việt Nam","TenDA":"Trung tâm sản xuất chưng trình Đài truyên hình Việt Nam","ChuDauTu":"TT Truyền hình Việt Nam tại TP.HCM","LoaiCT":8,"DTXDCT":485,"ChieuCaoCT":58.55,"SoNha":"07","TenDuong":"Nguyễn Thị Minh Khai","PhuongXa":"Phường Bến Nghé","QuanHuyenTP":"Quận 1","MaPhuongXa":"76026740","MaQuanHuyenTP":"760"}},{"type":"Feature","id":"QHXD_NhaCaoTang_point.121","geometry":{"type":"Point","coordinates":[106.70383743,10.77864858]},"geometry_name":"geom","properties":{"id":121,"OBJECTID":121,"TenCT":"Trụ sở Cơ quan đại diện Tổng cục Hải quan - Khối nhà làm việc và phòng thí nghiệm","TenDA":"Trụ sở Cơ quan đại diện Tổng cục Hải quan tại TPHCM","ChuDauTu":"BQL các Dự án Đầu tư Xây dựng của Tổng cục Hải quan","LoaiCT":11,"DTXDCT":311.5,"ChieuCaoCT":37.7,"SoNha":"15B","TenDuong":"Thi Sách","PhuongXa":"Phường Bến Nghé","QuanHuyenTP":"Quận 1","MaPhuongXa":"76026740","MaQuanHuyenTP":"760"}},{"type":"Feature","id":"QHXD_NhaCaoTang_point.122","geometry":{"type":"Point","coordinates":[106.70190821,10.77318916]},"geometry_name":"geom","properties":{"id":122,"OBJECTID":122,"TenCT":"Khách sạn - Hội nghị","TenDA":"Khách sạn - Hội nghị","ChuDauTu":"Công ty TNHH MTV Đầu tư xây dựng BĐS Tân Hà Phan","LoaiCT":10,"DTXDCT":176.5,"ChieuCaoCT":30,"SoNha":"35-37-39-41","TenDuong":"Tôn Thất Thiệp","PhuongXa":"Phường Bến Nghé","QuanHuyenTP":"Quận 1","MaPhuongXa":"76026740","MaQuanHuyenTP":"760"}},{"type":"Feature","id":"QHXD_NhaCaoTang_point.123","geometry":{"type":"Point","coordinates":[106.70487393,10.77573145]},"geometry_name":"geom","properties":{"id":123,"OBJECTID":123,"TenCT":"Văn phòng chi nhánh ngân hàng Nông nghiệp và Phát triển nông thôn","TenDA":"Trụ sở văn phòng- Ngân hàng NN và PTNT VN","ChuDauTu":"Ngân hàng NN và PTNT VN","LoaiCT":12,"DTXDCT":182,"ChieuCaoCT":31.8,"SoNha":"Số 28-30-32","TenDuong":"Mạc Thị Bưởi","PhuongXa":"Phường Bến Nghé","QuanHuyenTP":"Quận 1","MaPhuongXa":"76026740","MaQuanHuyenTP":"760"}},{"type":"Feature","id":"QHXD_NhaCaoTang_point.124","geometry":{"type":"Point","coordinates":[106.70379803,10.77260806]},"geometry_name":"geom","properties":{"id":124,"OBJECTID":124,"TenCT":"Văn phòng-Dịch vụ-Khách sạn","TenDA":"Văn phòng DV KS- Cty TNHH TM DV Du lịch Hoàng Như","ChuDauTu":"Cty TNHH TM DV Du Lịch Hoàng Luận","LoaiCT":13,"DTXDCT":247.3,"ChieuCaoCT":33.8,"SoNha":"Số 76-78-80","TenDuong":"Hồ Tùng Mậu","PhuongXa":"Phường Bến Nghé","QuanHuyenTP":"Quận 1","MaPhuongXa":"76026740","MaQuanHuyenTP":"760"}},{"type":"Feature","id":"QHXD_NhaCaoTang_point.125","geometry":{"type":"Point","coordinates":[106.70374362,10.77796772]},"geometry_name":"geom","properties":{"id":125,"OBJECTID":125,"TenCT":"Khách sạn công ty Sao Phương Nam","TenDA":"Khách Sạn","ChuDauTu":"Cty CP Sao Phương Nam","LoaiCT":10,"DTXDCT":131.19,"ChieuCaoCT":27,"SoNha":"74","TenDuong":"Hai Bà Trưng","PhuongXa":"Phường Bến Nghé","QuanHuyenTP":"Quận 1","MaPhuongXa":"76026740","MaQuanHuyenTP":"760"}},{"type":"Feature","id":"QHXD_NhaCaoTang_point.126","geometry":{"type":"Point","coordinates":[106.7023666,10.77220445]},"geometry_name":"geom","properties":{"id":126,"OBJECTID":126,"TenCT":"Văn phòng công ty CP cơ khí ngành in","TenDA":"Văn phòng- Cty CP Cơ Khí ngành In","ChuDauTu":"Cty CP Cơ Khí ngành In","LoaiCT":12,"DTXDCT":465,"ChieuCaoCT":23.7,"SoNha":"90","TenDuong":"Pasteur","PhuongXa":"Phường Bến Nghé","QuanHuyenTP":"Quận 1","MaPhuongXa":"76026740","MaQuanHuyenTP":"760"}},{"type":"Feature","id":"QHXD_NhaCaoTang_point.127","geometry":{"type":"Point","coordinates":[106.70471876,10.77711336]},"geometry_name":"geom","properties":{"id":127,"OBJECTID":127,"TenCT":"Khách sạn FiMexco","TenDA":"Khách sạn FiMexco","ChuDauTu":"Cty CP SX KD DV XNK Quận 1","LoaiCT":10,"DTXDCT":159.18,"ChieuCaoCT":31.8,"SoNha":"số 40-42","TenDuong":"Hai Bà Trưng","PhuongXa":"Phường Bến Nghé","QuanHuyenTP":"Quận 1","MaPhuongXa":"76026740","MaQuanHuyenTP":"760"}},{"type":"Feature","id":"QHXD_NhaCaoTang_point.128","geometry":{"type":"Point","coordinates":[106.69980041,10.77450209]},"geometry_name":"geom","properties":{"id":128,"OBJECTID":128,"TenCT":"Văn phòng dịch vụ","TenDA":"Văn phòng dịch vụ tại NKKN Q1","ChuDauTu":"Ông Hoàng Nhự Luận và bà Nguyễn Kim Thu","LoaiCT":13,"DTXDCT":89.2,"ChieuCaoCT":30.4,"SoNha":"104","TenDuong":"Nam Kỳ Khởi Nghĩa","PhuongXa":"Phường Bến Nghé","QuanHuyenTP":"Quận 1","MaPhuongXa":"76026740","MaQuanHuyenTP":"760"}},{"type":"Feature","id":"QHXD_NhaCaoTang_point.129","geometry":{"type":"Point","coordinates":[106.69731638,10.77770216]},"geometry_name":"geom","properties":{"id":129,"OBJECTID":129,"TenCT":"Trung tâm học tập cộng đồng","TenDA":"Liên đoàn lao động Q1","ChuDauTu":"Liên đoàn lao động Q1","LoaiCT":11,"DTXDCT":94.02,"ChieuCaoCT":16.8,"SoNha":"số 142","TenDuong":"Nam Kỳ Khởi Nghĩa","PhuongXa":"Phường Bến Nghé","QuanHuyenTP":"Quận 1","MaPhuongXa":"76026740","MaQuanHuyenTP":"760"}},{"type":"Feature","id":"QHXD_NhaCaoTang_point.130","geometry":{"type":"Point","coordinates":[106.70037737,10.77669388]},"geometry_name":"geom","properties":{"id":130,"OBJECTID":130,"TenCT":"Sở giao thông công chánh_Khối A","TenDA":"Sữa chữa cải tạo khối nhà sở GT công chánh","ChuDauTu":"Sở GT công chánh","LoaiCT":11,"DTXDCT":2274,"ChieuCaoCT":15.75,"SoNha":"số 63","TenDuong":"Lý Tự Trọng","PhuongXa":"Phường Bến Nghé","QuanHuyenTP":"Quận 1","MaPhuongXa":"76026740","MaQuanHuyenTP":"760"}},{"type":"Feature","id":"QHXD_NhaCaoTang_point.131","geometry":{"type":"Point","coordinates":[106.70028898,10.77678343]},"geometry_name":"geom","properties":{"id":131,"OBJECTID":131,"TenCT":"Sở giao thông công chánh_Khối B","TenDA":"Sữa chữa cải tạo khối nhà sở GT công chánh","ChuDauTu":"Sở GT công chánh","LoaiCT":11,"DTXDCT":2274,"ChieuCaoCT":15.75,"SoNha":"số 63","TenDuong":"Lý Tự Trọng","PhuongXa":"Phường Bến Nghé","QuanHuyenTP":"Quận 1","MaPhuongXa":"76026740","MaQuanHuyenTP":"760"}},{"type":"Feature","id":"QHXD_NhaCaoTang_point.132","geometry":{"type":"Point","coordinates":[106.6994939,10.77776758]},"geometry_name":"geom","properties":{"id":132,"OBJECTID":132,"TenCT":"Sở QHKT_Khối nhà 7 tầng","TenDA":"Sữa chữa cải tạo trụ sở LV của sở quy hoạch kiến trúc","ChuDauTu":"Sở Quy hoạch kiến trúc","LoaiCT":11,"DTXDCT":2470,"ChieuCaoCT":28.6,"SoNha":"số 168","TenDuong":"Pasteur","PhuongXa":"Phường Bến Nghé","QuanHuyenTP":"Quận 1","MaPhuongXa":"76026740","MaQuanHuyenTP":"760"}},{"type":"Feature","id":"QHXD_NhaCaoTang_point.133","geometry":{"type":"Point","coordinates":[106.69945009,10.77786533]},"geometry_name":"geom","properties":{"id":133,"OBJECTID":133,"TenCT":"Sở QHKT_Khối 2 tầng","TenDA":"Sữa chữa cải tạo trụ sở LV của sở quy hoạch kiến trúc","ChuDauTu":"Sở Quy hoạch kiến trúc","LoaiCT":11,"DTXDCT":2470,"ChieuCaoCT":6.55,"SoNha":"số 168","TenDuong":"Pasteur","PhuongXa":"Phường Bến Nghé","QuanHuyenTP":"Quận 1","MaPhuongXa":"76026740","MaQuanHuyenTP":"760"}},{"type":"Feature","id":"QHXD_NhaCaoTang_point.134","geometry":{"type":"Point","coordinates":[106.70417279,10.77701014]},"geometry_name":"geom","properties":{"id":134,"OBJECTID":134,"TenCT":"Văn phòng kết hợp khách sạn 89 Hai Bà Trưng","TenDA":"Nhà VP Kết hợp KS","ChuDauTu":"Bà Nguyễn Thị Sáu","LoaiCT":13,"DTXDCT":161.36,"ChieuCaoCT":30.4,"SoNha":"89","TenDuong":"Hai Bà Trưng","PhuongXa":"Phường Bến Nghé","QuanHuyenTP":"Quận 1","MaPhuongXa":"76026740","MaQuanHuyenTP":"760"}},{"type":"Feature","id":"QHXD_NhaCaoTang_point.135","geometry":{"type":"Point","coordinates":[106.70495023,10.77581026]},"geometry_name":"geom","properties":{"id":135,"OBJECTID":135,"TenCT":"Nhà văn Phòng","TenDA":"Nhà VP","ChuDauTu":"Tổng công ty hải sản biển đông","LoaiCT":13,"DTXDCT":175.69,"ChieuCaoCT":33.8,"SoNha":"số 22-24-26","TenDuong":"Mạc Thị Bưởi","PhuongXa":"Phường Bến Nghé","QuanHuyenTP":"Quận 1","MaPhuongXa":"76026740","MaQuanHuyenTP":"760"}},{"type":"Feature","id":"QHXD_NhaCaoTang_point.136","geometry":{"type":"Point","coordinates":[106.70492456,10.77614884]},"geometry_name":"geom","properties":{"id":136,"OBJECTID":136,"TenCT":"Nhà văn phòng","TenDA":"Nhà VP","ChuDauTu":"Huỳnh Thúy Phương","LoaiCT":13,"DTXDCT":71.434,"ChieuCaoCT":30.6,"SoNha":"số 19-21","TenDuong":"Đông Du","PhuongXa":"Phường Bến Nghé","QuanHuyenTP":"Quận 1","MaPhuongXa":"76026740","MaQuanHuyenTP":"760"}},{"type":"Feature","id":"QHXD_NhaCaoTang_point.137","geometry":{"type":"Point","coordinates":[106.7046849,10.77659906]},"geometry_name":"geom","properties":{"id":137,"OBJECTID":137,"TenCT":"Nhà Văn Phòng","TenDA":"Nhà Văn Phòng","ChuDauTu":"Nguyễn Văn Phú","LoaiCT":13,"DTXDCT":95.25,"ChieuCaoCT":30.4,"SoNha":"số 59","TenDuong":"Hai Bà Trưng","PhuongXa":"Phường Bến Nghé","QuanHuyenTP":"Quận 1","MaPhuongXa":"76026740","MaQuanHuyenTP":"760"}},{"type":"Feature","id":"QHXD_NhaCaoTang_point.138","geometry":{"type":"Point","coordinates":[106.69755677,10.77753841]},"geometry_name":"geom","properties":{"id":138,"OBJECTID":138,"TenCT":"Khách sạn - nhà hàng","TenDA":"Khách sạn - nhà hàng","ChuDauTu":"Bùi Kim Khánh","LoaiCT":7,"DTXDCT":296.9,"ChieuCaoCT":23.6,"SoNha":"số 138","TenDuong":"Nam Kỳ Khởi Nghĩa","PhuongXa":"Phường Bến Nghé","QuanHuyenTP":"Quận 1","MaPhuongXa":"76026740","MaQuanHuyenTP":"760"}},{"type":"Feature","id":"QHXD_NhaCaoTang_point.139","geometry":{"type":"Point","coordinates":[106.7017253,10.78617284]},"geometry_name":"geom","properties":{"id":139,"OBJECTID":139,"TenCT":"Nhà Văn Phòng","TenDA":"Nhà Văn Phòng","ChuDauTu":"Phạm Thị Bông","LoaiCT":13,"DTXDCT":124.78,"ChieuCaoCT":30.4,"SoNha":"số 45","TenDuong":"Đinh Tiên Hoàng","PhuongXa":"Phường Bến Nghé","QuanHuyenTP":"Quận 1","MaPhuongXa":"76026740","MaQuanHuyenTP":"760"}},{"type":"Feature","id":"QHXD_NhaCaoTang_point.140","geometry":{"type":"Point","coordinates":[106.70288339,10.77120097]},"geometry_name":"geom","properties":{"id":140,"OBJECTID":140,"TenCT":"Văn phòng làm việc","TenDA":"Nhà ở kết hợp nhà Vp","ChuDauTu":"Nguyễn Minh Hoa","LoaiCT":13,"DTXDCT":45.16,"ChieuCaoCT":18.3,"SoNha":"số 94","TenDuong":"Hàm Nghi","PhuongXa":"Phường Bến Nghé","QuanHuyenTP":"Quận 1","MaPhuongXa":"76026740","MaQuanHuyenTP":"760"}},{"type":"Feature","id":"QHXD_NhaCaoTang_point.141","geometry":{"type":"Point","coordinates":[106.70430788,10.77691561]},"geometry_name":"geom","properties":{"id":141,"OBJECTID":141,"TenCT":"Nhà văn phòng","TenDA":"Nhà VP","ChuDauTu":"Phạm Soai - Phạm Thi Nguyệt Nga","LoaiCT":13,"DTXDCT":142.86,"ChieuCaoCT":24.8,"SoNha":"số 81","TenDuong":"Hai Bà Trưng","PhuongXa":"Phường Bến Nghé","QuanHuyenTP":"Quận 1","MaPhuongXa":"76026740","MaQuanHuyenTP":"760"}},{"type":"Feature","id":"QHXD_NhaCaoTang_point.142","geometry":{"type":"Point","coordinates":[106.70506556,10.77680253]},"geometry_name":"geom","properties":{"id":142,"OBJECTID":142,"TenCT":"Nhà văn phòng","TenDA":"Nhà văn phòng","ChuDauTu":"Nguyễn Thị Phương Hà","LoaiCT":13,"DTXDCT":76.75,"ChieuCaoCT":25.57,"SoNha":"số 1505-1507-1509","TenDuong":"Hai Bà Trưng","PhuongXa":"Phường Bến Nghé","QuanHuyenTP":"Quận 1","MaPhuongXa":"76026740","MaQuanHuyenTP":"760"}},{"type":"Feature","id":"QHXD_NhaCaoTang_point.143","geometry":{"type":"Point","coordinates":[106.69631285,10.76387156]},"geometry_name":"geom","properties":{"id":143,"OBJECTID":143,"TenCT":"Khối phía sau","TenDA":"Cao ốc Văn phòng","ChuDauTu":"Cty TNHH Đức Kiến","LoaiCT":13,"DTXDCT":383.02,"ChieuCaoCT":50,"SoNha":"202-203","TenDuong":"Bến Chương Dương","PhuongXa":"Phường Cầu Ông Lãnh","QuanHuyenTP":"Quận 1","MaPhuongXa":"76026752","MaQuanHuyenTP":"760"}},{"type":"Feature","id":"QHXD_NhaCaoTang_point.144","geometry":{"type":"Point","coordinates":[106.69688801,10.76363974]},"geometry_name":"geom","properties":{"id":144,"OBJECTID":144,"TenCT":"Khách sạn công ty TNHH Đức Kiến tại Bến Chương Dương (Cải tạo khối nhà văn phòng thành khách sạn)","TenDA":"Khách sạn - Cty TNHH Đức Kiến","ChuDauTu":"Cty TNHH Đức Kiến","LoaiCT":10,"DTXDCT":157.25,"ChieuCaoCT":33.8,"SoNha":"số 202-203","TenDuong":"Bến Chương Dương","PhuongXa":"Phường Cầu Ông Lãnh","QuanHuyenTP":"Quận 1","MaPhuongXa":"76026752","MaQuanHuyenTP":"760"}},{"type":"Feature","id":"QHXD_NhaCaoTang_point.145","geometry":{"type":"Point","coordinates":[106.69634224,10.76703023]},"geometry_name":"geom","properties":{"id":145,"OBJECTID":145,"TenCT":"Văn phòng ngân hàng công ty CP Quỹ tín dụng Trung Ương","TenDA":"Văn phòng làm việc- CN Cty CP Quỹ Tín Dụng Trung Ương tại TPHCM - Q1","ChuDauTu":"CN Cty CP Quỹ Tín Dụng Trung Ương tại TPHCM","LoaiCT":12,"DTXDCT":105.34,"ChieuCaoCT":31.04,"SoNha":"27-29-31","TenDuong":"Trịnh Văn Cấn","PhuongXa":"Phường Cầu Ông Lãnh","QuanHuyenTP":"Quận 1","MaPhuongXa":"76026752","MaQuanHuyenTP":"760"}},{"type":"Feature","id":"QHXD_NhaCaoTang_point.146","geometry":{"type":"Point","coordinates":[106.69809659,10.76448515]},"geometry_name":"geom","properties":{"id":146,"OBJECTID":146,"TenCT":"Nhà văn phòng","TenDA":"Văn phòng","ChuDauTu":"Cty CP DV Bến Thành","LoaiCT":13,"DTXDCT":121.51,"ChieuCaoCT":31.9,"SoNha":"số 136-137","TenDuong":"Võ Văn Kiệt","PhuongXa":"Phường Cầu Ông Lãnh","QuanHuyenTP":"Quận 1","MaPhuongXa":"76026752","MaQuanHuyenTP":"760"}},{"type":"Feature","id":"QHXD_NhaCaoTang_point.147","geometry":{"type":"Point","coordinates":[106.69518058,10.76731919]},"geometry_name":"geom","properties":{"id":147,"OBJECTID":147,"TenCT":"Nhà ở khách sạn 111 Trần Hưng Đạo","TenDA":"Nhà ở kết hợp khách sạn","ChuDauTu":"Ông Vĩnh Hùng- bà Trần Thị Phượng","LoaiCT":10,"DTXDCT":97.9,"ChieuCaoCT":30.4,"SoNha":"số 111","TenDuong":"Trần Hưng Đạo","PhuongXa":"Phường Cầu Ông Lãnh","QuanHuyenTP":"Quận 1","MaPhuongXa":"76026752","MaQuanHuyenTP":"760"}},{"type":"Feature","id":"QHXD_NhaCaoTang_point.148","geometry":{"type":"Point","coordinates":[106.69656789,10.76311215]},"geometry_name":"geom","properties":{"id":148,"OBJECTID":148,"TenCT":"Nhà văn phòng","TenDA":"Nhà VP","ChuDauTu":"Cty CP Tập Đoàn Cafiella","LoaiCT":13,"DTXDCT":250,"ChieuCaoCT":31.6,"SoNha":"số 268-270","TenDuong":"Võ Văn Kiệt","PhuongXa":"Phường Cầu Ông Lãnh","QuanHuyenTP":"Quận 1","MaPhuongXa":"76026752","MaQuanHuyenTP":"760"}},{"type":"Feature","id":"QHXD_NhaCaoTang_point.149","geometry":{"type":"Point","coordinates":[106.6978437,10.76429999]},"geometry_name":"geom","properties":{"id":149,"OBJECTID":149,"TenCT":"Văn phòng kết hợp nhà vệ sinh công cộng","TenDA":"VP kết hợp nhà VS công cộng","ChuDauTu":"Cty Công trình công cộng Q1","LoaiCT":13,"DTXDCT":55.14,"ChieuCaoCT":7.55,"SoNha":"số 146","TenDuong":"Bến Chương Dương","PhuongXa":"Phường Cầu Ông Lãnh","QuanHuyenTP":"Quận 1","MaPhuongXa":"76026752","MaQuanHuyenTP":"760"}},{"type":"Feature","id":"QHXD_NhaCaoTang_point.150","geometry":{"type":"Point","coordinates":[106.70555236,10.77009115]},"geometry_name":"geom","properties":{"id":150,"OBJECTID":150,"TenCT":"Cao ốc Văn phòng, Trung tâm thương mại và Căn hộ cho thuê (Cao ốc Sài Gòn M&C)","TenDA":"Cao ốc Văn phòng, Trung tâm thương mại và Căn hộ cho thuê (Cao ốc Sài Gòn M&C)","ChuDauTu":"Công ty cổ phần Địa ốc Sài Gòn M&C","LoaiCT":13,"DTXDCT":3062,"ChieuCaoCT":191.4,"SoNha":"34","TenDuong":"Tôn Đức Thắng","PhuongXa":"Phường Nguyễn Thái Bình","QuanHuyenTP":"Quận 1","MaPhuongXa":"76026746","MaQuanHuyenTP":"760"}},{"type":"Feature","id":"QHXD_NhaCaoTang_point.151","geometry":{"type":"Point","coordinates":[106.7009611,10.76886446]},"geometry_name":"geom","properties":{"id":151,"OBJECTID":151,"TenCT":"Cao ốc văn phòng","TenDA":"Cao ốc văn phòng","ChuDauTu":"Công ty cổ phần Du lịch Việt Nam tại TP. HCM","LoaiCT":13,"DTXDCT":994.37,"ChieuCaoCT":94.2,"SoNha":"180-192","TenDuong":"Nguyễn Công Trứ","PhuongXa":"Phường Nguyễn Thái Bình","QuanHuyenTP":"Quận 1","MaPhuongXa":"76026746","MaQuanHuyenTP":"760"}},{"type":"Feature","id":"QHXD_NhaCaoTang_point.152","geometry":{"type":"Point","coordinates":[106.69995145,10.76994368]},"geometry_name":"geom","properties":{"id":152,"OBJECTID":152,"TenCT":"Cao ốc Trung tâm giao dịch Thương mại quốc tế FOSCO","TenDA":"Cao ốc Trung tâm giao dịch Thương mại quốc tế FOSCO","ChuDauTu":"Công ty dịch vụ cơ quan nước ngoài FOSCO","LoaiCT":7,"DTXDCT":673.51,"ChieuCaoCT":74.5,"SoNha":"64","TenDuong":"Phó Đức Chính","PhuongXa":"Phường Nguyễn Thái Bình","QuanHuyenTP":"Quận 1","MaPhuongXa":"76026746","MaQuanHuyenTP":"760"}},{"type":"Feature","id":"QHXD_NhaCaoTang_point.153","geometry":{"type":"Point","coordinates":[106.70008901,10.76796737]},"geometry_name":"geom","properties":{"id":153,"OBJECTID":153,"TenCT":"Trụ sở văn phòng Artex Sài Gòn","TenDA":"Trụ sở văn phòng Artex Sài Gòn","ChuDauTu":"Công ty Cổ phần xuất nhập khẩu hàng tiểu thủ công nghiệp Sài Gòn.","LoaiCT":12,"DTXDCT":278,"ChieuCaoCT":40,"SoNha":"236-238","TenDuong":"Nguyễn Công Trứ","PhuongXa":"Phường Nguyễn Thái Bình","QuanHuyenTP":"Quận 1","MaPhuongXa":"76026746","MaQuanHuyenTP":"760"}},{"type":"Feature","id":"QHXD_NhaCaoTang_point.154","geometry":{"type":"Point","coordinates":[106.6997389,10.77008968]},"geometry_name":"geom","properties":{"id":154,"OBJECTID":154,"TenCT":"Cao ốc văn phòng Sacomreal Generalimex","TenDA":"Cao ốc văn phòng Sacomreal Generalimex","ChuDauTu":"Công ty cổ phần xuất nhập khẩu tổng hợp II - Generalimex","LoaiCT":13,"DTXDCT":278.8,"ChieuCaoCT":42,"SoNha":"66","TenDuong":"Phó Đức Chính","PhuongXa":"Phường Nguyễn Thái Bình","QuanHuyenTP":"Quận 1","MaPhuongXa":"76026746","MaQuanHuyenTP":"760"}},{"type":"Feature","id":"QHXD_NhaCaoTang_point.155","geometry":{"type":"Point","coordinates":[106.70292031,10.77051411]},"geometry_name":"geom","properties":{"id":155,"OBJECTID":155,"TenCT":"Cao ốc văn phòng Fideco Tower (Cao ốc Hàm Nghi)","TenDA":"Cao ốc Fideco Tower (Cao ốc Hàm Nghi)","ChuDauTu":"Trần Hữu Chinh (Đ/d Công ty CP Ngoại thương và phát triển đầu tư TPHCM)","LoaiCT":13,"DTXDCT":961.52,"ChieuCaoCT":74.75,"SoNha":"81-83-83B-85","TenDuong":"Hàm Nghi","PhuongXa":"Phường Nguyễn Thái Bình","QuanHuyenTP":"Quận 1","MaPhuongXa":"76026746","MaQuanHuyenTP":"760"}},{"type":"Feature","id":"QHXD_NhaCaoTang_point.156","geometry":{"type":"Point","coordinates":[106.69717992,10.76887838]},"geometry_name":"geom","properties":{"id":156,"OBJECTID":156,"TenCT":"Cao ốc văn phòng-căn hộ Bến Thành AA","TenDA":"Cao ốc văn phòng & căn hộ Bến Thành AA","ChuDauTu":"Công ty TNHH Căn hộ Bến Thành AA","LoaiCT":13,"DTXDCT":672,"ChieuCaoCT":79.1,"SoNha":"172-174","TenDuong":"Kênh C","PhuongXa":"Phường Nguyễn Thái Bình","QuanHuyenTP":"Quận 1","MaPhuongXa":"76026746","MaQuanHuyenTP":"760"}},{"type":"Feature","id":"QHXD_NhaCaoTang_point.157","geometry":{"type":"Point","coordinates":[106.70153832,10.76775618]},"geometry_name":"geom","properties":{"id":157,"OBJECTID":157,"TenCT":"Trụ sở ngân hàng nông nghiệp và phát triển nông thôn TPHCM","TenDA":"Trụ sở Ngân hàng Nông nghiệp và Phát triển Nông thôn Tp.HCM","ChuDauTu":"Chi nhánh ngân hàng nông nghiệp và phát triển nông thôn TPHCM","LoaiCT":12,"DTXDCT":525.8,"ChieuCaoCT":84,"SoNha":"50","TenDuong":"Bến Chương Dương","PhuongXa":"Phường Nguyễn Thái Bình","QuanHuyenTP":"Quận 1","MaPhuongXa":"76026746","MaQuanHuyenTP":"760"}},{"type":"Feature","id":"QHXD_NhaCaoTang_point.158","geometry":{"type":"Point","coordinates":[106.7009611,10.76886446]},"geometry_name":"geom","properties":{"id":158,"OBJECTID":158,"TenCT":"Cao ốc văn phòng","TenDA":"Cao ốc văn phòng","ChuDauTu":"Công ty Cổ phần Du lịch Việt Nam tại TPHCM","LoaiCT":13,"DTXDCT":1061.45,"ChieuCaoCT":94.95,"SoNha":"180 -192","TenDuong":"Nguyễn Công Trứ","PhuongXa":"Phường Nguyễn Thái Bình","QuanHuyenTP":"Quận 1","MaPhuongXa":"76026746","MaQuanHuyenTP":"760"}},{"type":"Feature","id":"QHXD_NhaCaoTang_point.159","geometry":{"type":"Point","coordinates":[106.70292031,10.77051411]},"geometry_name":"geom","properties":{"id":159,"OBJECTID":159,"TenCT":"Cao ốc Fideco Tower (Cao ốc Hàm Nghi)","TenDA":"Cao ốc Fideco Tower (Cao ốc Hàm Nghi)","ChuDauTu":"Ông Trần Hữu Chinh (Đại diện Công ty Cổ phần ngoại thương và phát triển đầu tư TP. HCM)","LoaiCT":13,"DTXDCT":961.52,"ChieuCaoCT":74.75,"SoNha":"81-83-83B-85","TenDuong":"Hàm Nghi","PhuongXa":"Phường Nguyễn Thái Bình","QuanHuyenTP":"Quận 1","MaPhuongXa":"76026746","MaQuanHuyenTP":"760"}},{"type":"Feature","id":"QHXD_NhaCaoTang_point.160","geometry":{"type":"Point","coordinates":[106.70238087,10.76878044]},"geometry_name":"geom","properties":{"id":160,"OBJECTID":160,"TenCT":"Trung tâm Phát triển Xuất khẩu phía Nam - Bộ Thương mại","TenDA":"Trung tâm Phát triển Xuất khẩu phía Nam - Bộ Thương mại","ChuDauTu":"Văn phòng Bộ thương mại tại Tp.HCM","LoaiCT":11,"DTXDCT":395.49,"ChieuCaoCT":46,"SoNha":"8","TenDuong":"Nam Kỳ Khởi Nghĩa","PhuongXa":"Phường Nguyễn Thái Bình","QuanHuyenTP":"Quận 1","MaPhuongXa":"76026746","MaQuanHuyenTP":"760"}},{"type":"Feature","id":"QHXD_NhaCaoTang_point.161","geometry":{"type":"Point","coordinates":[106.70095768,10.76802001]},"geometry_name":"geom","properties":{"id":161,"OBJECTID":161,"TenCT":"Khách sạn Thiên Tùng","TenDA":"Khách sạn","ChuDauTu":"DNTN Khách sạn Thiên Tùng","LoaiCT":10,"DTXDCT":175.87,"ChieuCaoCT":34.3,"SoNha":"70-74","TenDuong":"Phó Đức Chính","PhuongXa":"Phường Nguyễn Thái Bình","QuanHuyenTP":"Quận 1","MaPhuongXa":"76026746","MaQuanHuyenTP":"760"}},{"type":"Feature","id":"QHXD_NhaCaoTang_point.162","geometry":{"type":"Point","coordinates":[106.69923272,10.76610028]},"geometry_name":"geom","properties":{"id":162,"OBJECTID":162,"TenCT":"Cao ốc văn phòng - ĐN1","TenDA":"Cao ốc văn phòng","ChuDauTu":"Cty Cp Ck- XD Tân ĐỊnh  - FICO","LoaiCT":13,"DTXDCT":271.5,"ChieuCaoCT":38,"SoNha":"37","TenDuong":"Kênh C","PhuongXa":"Phường Nguyễn Thái Bình","QuanHuyenTP":"Quận 1","MaPhuongXa":"76026746","MaQuanHuyenTP":"760"}},{"type":"Feature","id":"QHXD_NhaCaoTang_point.163","geometry":{"type":"Point","coordinates":[106.6991702,10.76597892]},"geometry_name":"geom","properties":{"id":163,"OBJECTID":163,"TenCT":"Cao ốc văn phòng - ĐN2","TenDA":"Cao ốc văn phòng","ChuDauTu":"Cty CPCK - XD Tân Định - Fico","LoaiCT":13,"DTXDCT":271.5,"ChieuCaoCT":25.4,"SoNha":"37","TenDuong":"Kênh C","PhuongXa":"Phường Nguyễn Thái Bình","QuanHuyenTP":"Quận 1","MaPhuongXa":"76026746","MaQuanHuyenTP":"760"}},{"type":"Feature","id":"QHXD_NhaCaoTang_point.164","geometry":{"type":"Point","coordinates":[106.70395712,10.77049994]},"geometry_name":"geom","properties":{"id":164,"OBJECTID":164,"TenCT":"Nhà văn phòng kết hợp nhà ở","TenDA":"Nhà ở văn phòng kết hợp nhà ở","ChuDauTu":"Trần Thị Hoa","LoaiCT":13,"DTXDCT":null,"ChieuCaoCT":34.5,"SoNha":"67","TenDuong":"Hàm Nghi","PhuongXa":"Phường Nguyễn Thái Bình","QuanHuyenTP":"Quận 1","MaPhuongXa":"76026746","MaQuanHuyenTP":"760"}},{"type":"Feature","id":"QHXD_NhaCaoTang_point.165","geometry":{"type":"Point","coordinates":[106.69967633,10.7685061]},"geometry_name":"geom","properties":{"id":165,"OBJECTID":165,"TenCT":"Trương tiểu học Nguyễn Thái Bình - Quận 1 - Khối C","TenDA":"Trương tiểu học Nguyễn Thái Bình","ChuDauTu":"UBND Q.1","LoaiCT":3,"DTXDCT":null,"ChieuCaoCT":20.2,"SoNha":"105","TenDuong":"Nguyễn Thái Bình","PhuongXa":"Phường Nguyễn Thái Bình","QuanHuyenTP":"Quận 1","MaPhuongXa":"76026746","MaQuanHuyenTP":"760"}},{"type":"Feature","id":"QHXD_NhaCaoTang_point.166","geometry":{"type":"Point","coordinates":[106.69948073,10.76843499]},"geometry_name":"geom","properties":{"id":166,"OBJECTID":166,"TenCT":"Trương tiểu học Nguyễn Thái Bình - Quận 1 - Khối B","TenDA":"Trương tiểu học Nguyễn Thái Bình","ChuDauTu":"UBND Q.1","LoaiCT":3,"DTXDCT":null,"ChieuCaoCT":21.8,"SoNha":"105","TenDuong":"Nguyễn Thái Bình","PhuongXa":"Phường Nguyễn Thái Bình","QuanHuyenTP":"Quận 1","MaPhuongXa":"76026746","MaQuanHuyenTP":"760"}},{"type":"Feature","id":"QHXD_NhaCaoTang_point.167","geometry":{"type":"Point","coordinates":[106.70507618,10.77046074]},"geometry_name":"geom","properties":{"id":167,"OBJECTID":167,"TenCT":"Văn phòng làm việc","TenDA":"Văn phòng làm việc","ChuDauTu":"LÊ Hữu Báu - Nguyễn Thị Nga","LoaiCT":13,"DTXDCT":313,"ChieuCaoCT":58,"SoNha":"27-29-31-33-35","TenDuong":"Hàm Nghi","PhuongXa":"Phường Nguyễn Thái Bình","QuanHuyenTP":"Quận 1","MaPhuongXa":"76026746","MaQuanHuyenTP":"760"}},{"type":"Feature","id":"QHXD_NhaCaoTang_point.168","geometry":{"type":"Point","coordinates":[106.69867789,10.7655843]},"geometry_name":"geom","properties":{"id":168,"OBJECTID":168,"TenCT":"Trung tâm Văn hóa, giải trí và Văn phòng","TenDA":"Trung tâm Văn hóa, giải trí và Văn phòng","ChuDauTu":"Tổng công ty VH Sài gòn - Công ty TNHH 1 TV","LoaiCT":13,"DTXDCT":331.2,"ChieuCaoCT":41,"SoNha":"30-32","TenDuong":"Yersin","PhuongXa":"Phường Nguyễn Thái Bình","QuanHuyenTP":"Quận 1","MaPhuongXa":"76026746","MaQuanHuyenTP":"760"}},{"type":"Feature","id":"QHXD_NhaCaoTang_point.169","geometry":{"type":"Point","coordinates":[106.69910337,10.76532178]},"geometry_name":"geom","properties":{"id":169,"OBJECTID":169,"TenCT":"Khách sạn kết hợp văn phòng","TenDA":"Khách sạn kết hợp văn phòng","ChuDauTu":"Công ty Cổ phần Thương mại - Dịch vụ Bến Thành","LoaiCT":13,"DTXDCT":408.6,"ChieuCaoCT":59.6,"SoNha":"152-154","TenDuong":"Võ Văn Kiệt","PhuongXa":"Phường Nguyễn Thái Bình","QuanHuyenTP":"Quận 1","MaPhuongXa":"76026746","MaQuanHuyenTP":"760"}},{"type":"Feature","id":"QHXD_NhaCaoTang_point.170","geometry":{"type":"Point","coordinates":[106.70185732,10.76994956]},"geometry_name":"geom","properties":{"id":170,"OBJECTID":170,"TenCT":"Trụ sở làm việc Ngân hàng TMCP-ĐTPT Việt Nam","TenDA":"Trụ sở làm việc","ChuDauTu":"Ngân hàng TMCP-ĐTPT Việt Nam","LoaiCT":12,"DTXDCT":221.53,"ChieuCaoCT":47.4,"SoNha":"56 (sau),58,60,62,64","TenDuong":"Nam Kỳ Khởi Nghĩa","PhuongXa":"Phường Nguyễn Thái Bình","QuanHuyenTP":"Quận 1","MaPhuongXa":"76026746","MaQuanHuyenTP":"760"}},{"type":"Feature","id":"QHXD_NhaCaoTang_point.171","geometry":{"type":"Point","coordinates":[106.70213133,10.77042834]},"geometry_name":"geom","properties":{"id":171,"OBJECTID":171,"TenCT":"Văn phòng kết hợp nhà ở","TenDA":"Văn phòng kết hợp nhà ở","ChuDauTu":"Trần Văn Hận","LoaiCT":13,"DTXDCT":535.5,"ChieuCaoCT":51,"SoNha":"87A,89/9,89/11,89/13,89/15","TenDuong":"Hàm Nghi","PhuongXa":"Phường Nguyễn Thái Bình","QuanHuyenTP":"Quận 1","MaPhuongXa":"76026746","MaQuanHuyenTP":"760"}},{"type":"Feature","id":"QHXD_NhaCaoTang_point.172","geometry":{"type":"Point","coordinates":[106.6981151,10.76992805]},"geometry_name":"geom","properties":{"id":172,"OBJECTID":172,"TenCT":"Khu tứ giác Bến Thành -Tháp A","TenDA":"Khu VP-TM-DV-Căn hộ ở-Khách sạn 6 sao và VPKS","ChuDauTu":"Cty TNHH Tập Đoàn Bitexco","LoaiCT":13,"DTXDCT":null,"ChieuCaoCT":235.75,"SoNha":null,"TenDuong":"Phạm Ngũ Lão","PhuongXa":"Phường Nguyễn Thái Bình","QuanHuyenTP":"Quận 1","MaPhuongXa":"76026746","MaQuanHuyenTP":"760"}},{"type":"Feature","id":"QHXD_NhaCaoTang_point.173","geometry":{"type":"Point","coordinates":[106.6987789,10.77033885]},"geometry_name":"geom","properties":{"id":173,"OBJECTID":173,"TenCT":"Khu tứ giác Bến Thành -Tháp B","TenDA":"Khu VP-TM-DV-Căn hộ ở-Khách sạn 6 sao và VPKS","ChuDauTu":"Cty TNHH Tập Đoàn Bitexco","LoaiCT":13,"DTXDCT":null,"ChieuCaoCT":224.925,"SoNha":null,"TenDuong":"Phạm Ngũ Lão","PhuongXa":"Phường Nguyễn Thái Bình","QuanHuyenTP":"Quận 1","MaPhuongXa":"76026746","MaQuanHuyenTP":"760"}},{"type":"Feature","id":"QHXD_NhaCaoTang_point.174","geometry":{"type":"Point","coordinates":[106.702475,10.77009284]},"geometry_name":"geom","properties":{"id":174,"OBJECTID":174,"TenCT":"Trụ sở văn phòng HFIC","TenDA":"Nhà văn phòng","ChuDauTu":"Công ty Đầu tư tài chính nhà nước TPHCM","LoaiCT":13,"DTXDCT":385.97,"ChieuCaoCT":35,"SoNha":"33-39","TenDuong":"Pasteur","PhuongXa":"Phường Nguyễn Thái Bình","QuanHuyenTP":"Quận 1","MaPhuongXa":"76026746","MaQuanHuyenTP":"760"}},{"type":"Feature","id":"QHXD_NhaCaoTang_point.175","geometry":{"type":"Point","coordinates":[106.70131551,10.76999953]},"geometry_name":"geom","properties":{"id":175,"OBJECTID":175,"TenCT":"Thánh Đường Hồi giáo Masjid Al Rahim","TenDA":"Thánh đường và nhà nghỉ","ChuDauTu":"BQT Thánh đường Hồi giáo Masjid Al Rahim","LoaiCT":6,"DTXDCT":216,"ChieuCaoCT":17.2,"SoNha":"45","TenDuong":"Nam Kỳ Khởi Nghĩa","PhuongXa":"Phường Nguyễn Thái Bình","QuanHuyenTP":"Quận 1","MaPhuongXa":"76026746","MaQuanHuyenTP":"760"}},{"type":"Feature","id":"QHXD_NhaCaoTang_point.176","geometry":{"type":"Point","coordinates":[106.7014571,10.76995456]},"geometry_name":"geom","properties":{"id":176,"OBJECTID":176,"TenCT":"Nhà nghỉ Thánh đường Hồi giáo Masjid Al Rahim","TenDA":"Thánh đường và nhà nghỉ","ChuDauTu":"BQT Thánh đường Hồi giáo Masjid Al Rahim","LoaiCT":6,"DTXDCT":34.753,"ChieuCaoCT":11,"SoNha":"45","TenDuong":"Nam Kỳ Khởi Nghĩa","PhuongXa":"Phường Nguyễn Thái Bình","QuanHuyenTP":"Quận 1","MaPhuongXa":"76026746","MaQuanHuyenTP":"760"}},{"type":"Feature","id":"QHXD_NhaCaoTang_point.177","geometry":{"type":"Point","coordinates":[106.70136432,10.76748054]},"geometry_name":"geom","properties":{"id":177,"OBJECTID":177,"TenCT":"Cao ốc văn phòng","TenDA":"Cao ốc VP","ChuDauTu":"Hiệp hội DN TpHCM","LoaiCT":13,"DTXDCT":286.6,"ChieuCaoCT":55.3,"SoNha":"số 22","TenDuong":"Võ Văn Kiệt","PhuongXa":"Phường Nguyễn Thái Bình","QuanHuyenTP":"Quận 1","MaPhuongXa":"76026746","MaQuanHuyenTP":"760"}},{"type":"Feature","id":"QHXD_NhaCaoTang_point.178","geometry":{"type":"Point","coordinates":[106.70197481,10.76950613]},"geometry_name":"geom","properties":{"id":178,"OBJECTID":178,"TenCT":"Nhà Văn Phòng","TenDA":"Nhà Văn Phòng","ChuDauTu":"Ông Trần Văn Bích","LoaiCT":13,"DTXDCT":93.07,"ChieuCaoCT":27.5,"SoNha":"số 34-36","TenDuong":"Nam Kỳ Khởi Nghĩa","PhuongXa":"Phường Nguyễn Thái Bình","QuanHuyenTP":"Quận 1","MaPhuongXa":"76026746","MaQuanHuyenTP":"760"}},{"type":"Feature","id":"QHXD_NhaCaoTang_point.179","geometry":{"type":"Point","coordinates":[106.703904,10.77030884]},"geometry_name":"geom","properties":{"id":179,"OBJECTID":179,"TenCT":"Khu nhà văn phòng 50 Tôn Thất Đạm","TenDA":"Nhà văn phòng","ChuDauTu":"Ông Phan Đức Chiến","LoaiCT":13,"DTXDCT":53.55,"ChieuCaoCT":25,"SoNha":"50","TenDuong":"Tôn Thất Đạm","PhuongXa":"Phường Nguyễn Thái Bình","QuanHuyenTP":"Quận 1","MaPhuongXa":"76026746","MaQuanHuyenTP":"760"}},{"type":"Feature","id":"QHXD_NhaCaoTang_point.180","geometry":{"type":"Point","coordinates":[106.7040533,10.77050606]},"geometry_name":"geom","properties":{"id":180,"OBJECTID":180,"TenCT":"Nhà ở kết hợp văn phòng 73 Hàm Nghi","TenDA":"Nhà ở kết hợp VP","ChuDauTu":"Đoàn Như Ý - Nguyễn Thị Hoàng Oanh","LoaiCT":13,"DTXDCT":35.34,"ChieuCaoCT":23.7,"SoNha":"số 247","TenDuong":"Hàm Nghi","PhuongXa":"Phường Nguyễn Thái Bình","QuanHuyenTP":"Quận 1","MaPhuongXa":"76026746","MaQuanHuyenTP":"760"}},{"type":"Feature","id":"QHXD_NhaCaoTang_point.181","geometry":{"type":"Point","coordinates":[106.69176833,10.76148922]},"geometry_name":"geom","properties":{"id":181,"OBJECTID":181,"TenCT":"Nhà văn phòng","TenDA":"Nhà văn phòng-Cty CP DĐT Nghiên cứu & ứng dụng CNTT Cadasa","ChuDauTu":"Công ty Cổ phần Đào tạo- Nghiên cứu và ứng dụng CNTT CADASA","LoaiCT":13,"DTXDCT":null,"ChieuCaoCT":45.7,"SoNha":"53bis-53E","TenDuong":"Hồ Hảo Hớn","PhuongXa":"Phường Cô Giang","QuanHuyenTP":"Quận 1","MaPhuongXa":"76026755","MaQuanHuyenTP":"760"}},{"type":"Feature","id":"QHXD_NhaCaoTang_point.182","geometry":{"type":"Point","coordinates":[106.6930085,10.75991102]},"geometry_name":"geom","properties":{"id":182,"OBJECTID":182,"TenCT":"Cao ốc căn hộ và văn phòng BMC","TenDA":"Cao ốc căn hộ và văn phòng BMC","ChuDauTu":"Công ty vật liệu xây dựng và xây lắp thương mại BMC","LoaiCT":13,"DTXDCT":656.07,"ChieuCaoCT":72,"SoNha":"258","TenDuong":"Bến Chương Dương","PhuongXa":"Phường Cô Giang","QuanHuyenTP":"Quận 1","MaPhuongXa":"76026755","MaQuanHuyenTP":"760"}},{"type":"Feature","id":"QHXD_NhaCaoTang_point.183","geometry":{"type":"Point","coordinates":[106.69147618,10.7626737]},"geometry_name":"geom","properties":{"id":183,"OBJECTID":183,"TenCT":"Chung cư cao tầng 289 Trần Hưng Đạo - Đơn nguyên C","TenDA":"Chung cư cao tầng 289 Trần Hưng Đạo","ChuDauTu":"Công ty Xây dựng và Kinh doanh nhà Sài Gòn","LoaiCT":1,"DTXDCT":720,"ChieuCaoCT":58,"SoNha":"289","TenDuong":"Trần Hưng Đạo","PhuongXa":"Phường Cô Giang","QuanHuyenTP":"Quận 1","MaPhuongXa":"76026755","MaQuanHuyenTP":"760"}},{"type":"Feature","id":"QHXD_NhaCaoTang_point.184","geometry":{"type":"Point","coordinates":[106.69129105,10.76283707]},"geometry_name":"geom","properties":{"id":184,"OBJECTID":184,"TenCT":"Chung cư cao tầng 289 Trần Hưng Đạo - Đơn nguyên B","TenDA":"Chung cư cao tầng 289 Trần Hưng Đạo","ChuDauTu":"Công ty Xây dựng và Kinh doanh nhà Sài Gòn","LoaiCT":1,"DTXDCT":361.45,"ChieuCaoCT":51.6,"SoNha":"289","TenDuong":"Trần Hưng Đạo","PhuongXa":"Phường Cô Giang","QuanHuyenTP":"Quận 1","MaPhuongXa":"76026755","MaQuanHuyenTP":"760"}},{"type":"Feature","id":"QHXD_NhaCaoTang_point.185","geometry":{"type":"Point","coordinates":[106.69143642,10.76305648]},"geometry_name":"geom","properties":{"id":185,"OBJECTID":185,"TenCT":"Chung cư cao tầng 289 Trần Hưng Đạo - Đơn nguyên A","TenDA":"Chung cư cao tầng 289 Trần Hưng Đạo","ChuDauTu":"Công ty Xây dựng và Kinh doanh nhà Sài Gòn","LoaiCT":1,"DTXDCT":507.42,"ChieuCaoCT":59.9,"SoNha":"289","TenDuong":"Trần Hưng Đạo","PhuongXa":"Phường Cô Giang","QuanHuyenTP":"Quận 1","MaPhuongXa":"76026755","MaQuanHuyenTP":"760"}},{"type":"Feature","id":"QHXD_NhaCaoTang_point.186","geometry":{"type":"Point","coordinates":[106.69521439,10.76135044]},"geometry_name":"geom","properties":{"id":186,"OBJECTID":186,"TenCT":"Khu chung cư lô A","TenDA":"Chung cư cao tầng và trụ sở văn phòng","ChuDauTu":"Công ty cổ phần đầu tư và xây lấp Chương Dương","LoaiCT":13,"DTXDCT":6480,"ChieuCaoCT":68.15,"SoNha":"225","TenDuong":"Bến Chương Dương","PhuongXa":"Phường Cô Giang","QuanHuyenTP":"Quận 1","MaPhuongXa":"76026755","MaQuanHuyenTP":"760"}},{"type":"Feature","id":"QHXD_NhaCaoTang_point.187","geometry":{"type":"Point","coordinates":[106.69231988,10.76380917]},"geometry_name":"geom","properties":{"id":187,"OBJECTID":187,"TenCT":"Cao ốc văn phòng","TenDA":"Cao ốc văn phòng","ChuDauTu":"Công ty Cổ phần Việt R.E.M.A.X","LoaiCT":13,"DTXDCT":665,"ChieuCaoCT":85,"SoNha":"259","TenDuong":"Trần Hưng Đạo","PhuongXa":"Phường Cô Giang","QuanHuyenTP":"Quận 1","MaPhuongXa":"76026755","MaQuanHuyenTP":"760"}},{"type":"Feature","id":"QHXD_NhaCaoTang_point.188","geometry":{"type":"Point","coordinates":[106.69223737,10.76109135]},"geometry_name":"geom","properties":{"id":188,"OBJECTID":188,"TenCT":"Trường ĐH Mở TPHCM","TenDA":"Trường ĐH Mở TPHCM","ChuDauTu":"Trường ĐH Mở TPHCM","LoaiCT":3,"DTXDCT":492.34,"ChieuCaoCT":37,"SoNha":"35-37","TenDuong":"Hồ Hảo Hớn","PhuongXa":"Phường Cô Giang","QuanHuyenTP":"Quận 1","MaPhuongXa":"76026755","MaQuanHuyenTP":"760"}},{"type":"Feature","id":"QHXD_NhaCaoTang_point.189","geometry":{"type":"Point","coordinates":[106.69276081,10.76459457]},"geometry_name":"geom","properties":{"id":189,"OBJECTID":189,"TenCT":"Nhà công vụ TP.HCM - Khối A","TenDA":"Nhà công vụ TP","ChuDauTu":"Tổng công ty địa ốc SG","LoaiCT":1,"DTXDCT":null,"ChieuCaoCT":46.2,"SoNha":"255","TenDuong":"Trần Hưng Đạo","PhuongXa":"Phường Cô Giang","QuanHuyenTP":"Quận 1","MaPhuongXa":"76026755","MaQuanHuyenTP":"760"}},{"type":"Feature","id":"QHXD_NhaCaoTang_point.190","geometry":{"type":"Point","coordinates":[106.69303649,10.76452939]},"geometry_name":"geom","properties":{"id":190,"OBJECTID":190,"TenCT":"Nhà công vụ TP.HCM- Khối B","TenDA":"Nhà công vụ TP","ChuDauTu":"Tổng công ty địa ốc Sài Gòn","LoaiCT":1,"DTXDCT":null,"ChieuCaoCT":35.2,"SoNha":"255","TenDuong":"Trần Hưng Đạo","PhuongXa":"Phường Cô Giang","QuanHuyenTP":"Quận 1","MaPhuongXa":"76026755","MaQuanHuyenTP":"760"}},{"type":"Feature","id":"QHXD_NhaCaoTang_point.191","geometry":{"type":"Point","coordinates":[106.69396509,10.76319271]},"geometry_name":"geom","properties":{"id":191,"OBJECTID":191,"TenCT":"Trường THPT cấp 2-3 Cô Bắc","TenDA":"Trường THPT cấp 2-3 Cô Bắc","ChuDauTu":"Ban QLDA khu vực đầu tư XD công trình Q.1","LoaiCT":3,"DTXDCT":2053.5,"ChieuCaoCT":24.15,"SoNha":"131","TenDuong":"Cô Bắc","PhuongXa":"Phường Cô Giang","QuanHuyenTP":"Quận 1","MaPhuongXa":"76026755","MaQuanHuyenTP":"760"}},{"type":"Feature","id":"QHXD_NhaCaoTang_point.192","geometry":{"type":"Point","coordinates":[106.69617893,10.76245914]},"geometry_name":"geom","properties":{"id":192,"OBJECTID":192,"TenCT":"Nhà văn phòng","TenDA":"Nhà văn phòng","ChuDauTu":"Cty TNHH Đá quý Nguyên Thành","LoaiCT":13,"DTXDCT":71.47,"ChieuCaoCT":51,"SoNha":"1","TenDuong":"Đề Thám","PhuongXa":"Phường Cô Giang","QuanHuyenTP":"Quận 1","MaPhuongXa":"76026755","MaQuanHuyenTP":"760"}},{"type":"Feature","id":"QHXD_NhaCaoTang_point.193","geometry":{"type":"Point","coordinates":[106.69340985,10.7627107]},"geometry_name":"geom","properties":{"id":193,"OBJECTID":193,"TenCT":"Nhà văn phòng kết hợp căn hộ ở gia đình","TenDA":"Nhà văn phòng kết hợp căn hộ ở gia đình","ChuDauTu":"Ông Nguyễn Lâm Vinh Huy và Bà Nguyễn Thị Đoan Trân","LoaiCT":13,"DTXDCT":null,"ChieuCaoCT":33.8,"SoNha":"29","TenDuong":"Nguyễn Khắc Nhu","PhuongXa":"Phường Cô Giang","QuanHuyenTP":"Quận 1","MaPhuongXa":"76026755","MaQuanHuyenTP":"760"}},{"type":"Feature","id":"QHXD_NhaCaoTang_point.194","geometry":{"type":"Point","coordinates":[106.69503419,10.76279422]},"geometry_name":"geom","properties":{"id":194,"OBJECTID":194,"TenCT":"Khối Nhà văn phòng","TenDA":"Nhà văn phòng và để xe cao tầng","ChuDauTu":"Tổng công ty cơ khí GTVT SG - TNHH MTV","LoaiCT":13,"DTXDCT":null,"ChieuCaoCT":35,"SoNha":"121-139","TenDuong":"Cô Giang","PhuongXa":"Phường Cô Giang","QuanHuyenTP":"Quận 1","MaPhuongXa":"76026755","MaQuanHuyenTP":"760"}},{"type":"Feature","id":"QHXD_NhaCaoTang_point.195","geometry":{"type":"Point","coordinates":[106.69542958,10.76250853]},"geometry_name":"geom","properties":{"id":195,"OBJECTID":195,"TenCT":"Nhà để xe cao tầng - Khối B","TenDA":"Nhà văn phòng và để xe cao tầng","ChuDauTu":"Tổng công ty cơ khí GTVT SG - TNHH MTV","LoaiCT":13,"DTXDCT":null,"ChieuCaoCT":44.9,"SoNha":"121-139","TenDuong":"Cô Giang","PhuongXa":"Phường Cô Giang","QuanHuyenTP":"Quận 1","MaPhuongXa":"76026755","MaQuanHuyenTP":"760"}},{"type":"Feature","id":"QHXD_NhaCaoTang_point.196","geometry":{"type":"Point","coordinates":[106.69326838,10.7650284]},"geometry_name":"geom","properties":{"id":196,"OBJECTID":196,"TenCT":"Bệnh viện Quận 1 (Cơ sở 2)","TenDA":"Bệnh viện Quận 1 (Cơ sở 2)","ChuDauTu":"BQL Đầu tư Xây dựng Công trình Q.1","LoaiCT":4,"DTXDCT":615,"ChieuCaoCT":33.6,"SoNha":"235-237","TenDuong":"Trần Hưng Đạo","PhuongXa":"Phường Cô Giang","QuanHuyenTP":"Quận 1","MaPhuongXa":"76026755","MaQuanHuyenTP":"760"}},{"type":"Feature","id":"QHXD_NhaCaoTang_point.197","geometry":{"type":"Point","coordinates":[106.69329695,10.76159877]},"geometry_name":"geom","properties":{"id":197,"OBJECTID":197,"TenCT":"Khách sạn Sài Gòn Hải Đăng","TenDA":"Khách sạn Sài Gòn Hải Đăng","ChuDauTu":"Cty TNHH Sài Gòn Hải Đăng","LoaiCT":10,"DTXDCT":178.5,"ChieuCaoCT":33.8,"SoNha":"179","TenDuong":"Cô Giang","PhuongXa":"Phường Cô Giang","QuanHuyenTP":"Quận 1","MaPhuongXa":"76026755","MaQuanHuyenTP":"760"}},{"type":"Feature","id":"QHXD_NhaCaoTang_point.198","geometry":{"type":"Point","coordinates":[106.69444257,10.76596389]},"geometry_name":"geom","properties":{"id":198,"OBJECTID":198,"TenCT":"Nhà văn phòng công ty TNHH MTV TM-DV Thanh Nga","TenDA":"Nhà văn phòng-cty TNHH MTV TM DV Thanh Thanh Nga tại 159C Đề Thám, Q1","ChuDauTu":"TNHH MTV TM DV Thanh Thanh Nga","LoaiCT":13,"DTXDCT":229.68,"ChieuCaoCT":37,"SoNha":"số 159C","TenDuong":"Đề Thám","PhuongXa":"Phường Cô Giang","QuanHuyenTP":"Quận 1","MaPhuongXa":"76026755","MaQuanHuyenTP":"760"}},{"type":"Feature","id":"QHXD_NhaCaoTang_point.200","geometry":{"type":"Point","coordinates":[106.68592816,10.75676533]},"geometry_name":"geom","properties":{"id":200,"OBJECTID":200,"TenCT":"Cao ốc văn phòng","TenDA":"Cao ốc văn phòng","ChuDauTu":"Công ty hữu hạn chế tạo công nghiệp và gia công chế biến hàng XK Việt Nam","LoaiCT":13,"DTXDCT":212.5,"ChieuCaoCT":44.6,"SoNha":"569-571-573","TenDuong":"Trần Hưng Đạo","PhuongXa":"Phường Cầu kho","QuanHuyenTP":"Quận 1","MaPhuongXa":"76026761","MaQuanHuyenTP":"760"}},{"type":"Feature","id":"QHXD_NhaCaoTang_point.201","geometry":{"type":"Point","coordinates":[106.68990064,10.76126893]},"geometry_name":"geom","properties":{"id":201,"OBJECTID":201,"TenCT":"Cao ốc văn phòng","TenDA":"Cao ốc văn phòng","ChuDauTu":"Tổng Công ty Lương thực Miền Nam","LoaiCT":13,"DTXDCT":null,"ChieuCaoCT":54,"SoNha":"333","TenDuong":"Trần Hưng Đạo","PhuongXa":"Phường Cầu kho","QuanHuyenTP":"Quận 1","MaPhuongXa":"76026761","MaQuanHuyenTP":"760"}},{"type":"Feature","id":"QHXD_NhaCaoTang_point.202","geometry":{"type":"Point","coordinates":[106.68729121,10.7549404]},"geometry_name":"geom","properties":{"id":202,"OBJECTID":202,"TenCT":"Nhà điều hành sản xuất","TenDA":"Nhà điều hành sản xuất","ChuDauTu":"Ban quản lý dự án các công trình điện miền Nam","LoaiCT":13,"DTXDCT":1138,"ChieuCaoCT":35.7,"SoNha":"383","TenDuong":"Võ Văn Kiệt","PhuongXa":"Phường Cầu kho","QuanHuyenTP":"Quận 1","MaPhuongXa":"76026761","MaQuanHuyenTP":"760"}},{"type":"Feature","id":"QHXD_NhaCaoTang_point.203","geometry":{"type":"Point","coordinates":[106.68630372,10.75716779]},"geometry_name":"geom","properties":{"id":203,"OBJECTID":203,"TenCT":"Khách sạn Southern Star","TenDA":"Khách sạn Southern Star","ChuDauTu":"Bà Châu Thị Liên","LoaiCT":10,"DTXDCT":181.39,"ChieuCaoCT":40.2,"SoNha":"549","TenDuong":"Trần Hưng Đạo","PhuongXa":"Phường Cầu kho","QuanHuyenTP":"Quận 1","MaPhuongXa":"76026761","MaQuanHuyenTP":"760"}},{"type":"Feature","id":"QHXD_NhaCaoTang_point.204","geometry":{"type":"Point","coordinates":[106.68730507,10.75588017]},"geometry_name":"geom","properties":{"id":204,"OBJECTID":204,"TenCT":"Chung cư cao tầng 381 Bến Chương Dương - Khối B","TenDA":"Chung cư cao tầng 381 Bến Chương Dương","ChuDauTu":"Tập đoàn Công nghiệp cao su Việt Nam","LoaiCT":1,"DTXDCT":540.1,"ChieuCaoCT":79.6,"SoNha":"381","TenDuong":"Bến Chương Dương","PhuongXa":"Phường Cầu kho","QuanHuyenTP":"Quận 1","MaPhuongXa":"76026761","MaQuanHuyenTP":"760"}},{"type":"Feature","id":"QHXD_NhaCaoTang_point.205","geometry":{"type":"Point","coordinates":[106.68730507,10.75588017]},"geometry_name":"geom","properties":{"id":205,"OBJECTID":205,"TenCT":"Chung cư cao tầng - Khối B","TenDA":"Chung cư cao tầng 381 Bến Chương Dương","ChuDauTu":"Tập đoàn công nghiệp cao su Việt Nam","LoaiCT":1,"DTXDCT":540.1,"ChieuCaoCT":79.6,"SoNha":"381","TenDuong":"Bến Chương Dương","PhuongXa":"Phường Cầu kho","QuanHuyenTP":"Quận 1","MaPhuongXa":"76026761","MaQuanHuyenTP":"760"}},{"type":"Feature","id":"QHXD_NhaCaoTang_point.206","geometry":{"type":"Point","coordinates":[106.6876617,10.75533446]},"geometry_name":"geom","properties":{"id":206,"OBJECTID":206,"TenCT":"Chung cư cao tầng 381 Bến Chương Dương - Khối A","TenDA":"Chung cư cao tầng 381 Bến Chương Dương","ChuDauTu":"Tập đoàn Công nghiệp cao su Việt Nam","LoaiCT":1,"DTXDCT":424.2,"ChieuCaoCT":56.6,"SoNha":"381","TenDuong":"Bến Chương Dương","PhuongXa":"Phường Cầu kho","QuanHuyenTP":"Quận 1","MaPhuongXa":"76026761","MaQuanHuyenTP":"760"}},{"type":"Feature","id":"QHXD_NhaCaoTang_point.207","geometry":{"type":"Point","coordinates":[106.68764637,10.75535777]},"geometry_name":"geom","properties":{"id":207,"OBJECTID":207,"TenCT":"Chung cư cao tầng - Khối A","TenDA":"Chung cư cao tầng 381 Bến Chương Dương","ChuDauTu":"Tập đoàn công nghiệp cao su Việt Nam","LoaiCT":1,"DTXDCT":424.2,"ChieuCaoCT":56.6,"SoNha":"381","TenDuong":"Bến Chương Dương","PhuongXa":"Phường Cầu kho","QuanHuyenTP":"Quận 1","MaPhuongXa":"76026761","MaQuanHuyenTP":"760"}},{"type":"Feature","id":"QHXD_NhaCaoTang_point.208","geometry":{"type":"Point","coordinates":[106.69097638,10.75861867]},"geometry_name":"geom","properties":{"id":208,"OBJECTID":208,"TenCT":"Trường tiểu học bán trú Chương Dương","TenDA":"Trường tiểu học bán trú Chương Dương","ChuDauTu":"UBND Q.1","LoaiCT":3,"DTXDCT":809.5,"ChieuCaoCT":null,"SoNha":"296","TenDuong":"Bến Chương Dương","PhuongXa":"Phường Cầu kho","QuanHuyenTP":"Quận 1","MaPhuongXa":"76026761","MaQuanHuyenTP":"760"}},{"type":"Feature","id":"QHXD_NhaCaoTang_point.209","geometry":{"type":"Point","coordinates":[106.68869749,10.75991025]},"geometry_name":"geom","properties":{"id":209,"OBJECTID":209,"TenCT":"Văn phòng kết hợp nhà ở","TenDA":"Văn phòng kết hợp nhà ở","ChuDauTu":"Nguyễn Quang Sơn","LoaiCT":13,"DTXDCT":120.15,"ChieuCaoCT":33.1,"SoNha":"391E","TenDuong":"Trần Hưng Đạo","PhuongXa":"Phường Cầu kho","QuanHuyenTP":"Quận 1","MaPhuongXa":"76026761","MaQuanHuyenTP":"760"}},{"type":"Feature","id":"QHXD_NhaCaoTang_point.210","geometry":{"type":"Point","coordinates":[106.68873581,10.75995253]},"geometry_name":"geom","properties":{"id":210,"OBJECTID":210,"TenCT":"Văn phòng kết hợp nhà ở","TenDA":"Nhà VP kết hợp nhà ở","ChuDauTu":"Nguyễn Chánh Trung","LoaiCT":13,"DTXDCT":97.8,"ChieuCaoCT":30.4,"SoNha":"số 391","TenDuong":"Trần Hưng Đạo","PhuongXa":"Phường Cầu kho","QuanHuyenTP":"Quận 1","MaPhuongXa":"76026761","MaQuanHuyenTP":"760"}},{"type":"Feature","id":"QHXD_NhaCaoTang_point.211","geometry":{"type":"Point","coordinates":[106.68804661,10.75921843]},"geometry_name":"geom","properties":{"id":211,"OBJECTID":211,"TenCT":"Nhà văn phòng","TenDA":"Nhà văn phòng","ChuDauTu":"Cty CP Điện Máy TP","LoaiCT":13,"DTXDCT":77.23,"ChieuCaoCT":32.3,"SoNha":"số 455-457","TenDuong":"Trần Hưng Đạo","PhuongXa":"Phường Cầu kho","QuanHuyenTP":"Quận 1","MaPhuongXa":"76026761","MaQuanHuyenTP":"760"}},{"type":"Feature","id":"QHXD_NhaCaoTang_point.212","geometry":{"type":"Point","coordinates":[106.69170174,10.76426555]},"geometry_name":"geom","properties":{"id":212,"OBJECTID":212,"TenCT":"Khách sạn","TenDA":"Khách sạn","ChuDauTu":"Công ty cổ phần Quê Hương","LoaiCT":10,"DTXDCT":838.5,"ChieuCaoCT":93,"SoNha":"148","TenDuong":"Trần Hưng Đạo","PhuongXa":"Phường Nguyễn Cư Trinh","QuanHuyenTP":"Quận 1","MaPhuongXa":"76026758","MaQuanHuyenTP":"760"}},{"type":"Feature","id":"QHXD_NhaCaoTang_point.213","geometry":{"type":"Point","coordinates":[106.68490308,10.76466133]},"geometry_name":"geom","properties":{"id":213,"OBJECTID":213,"TenCT":"Khu nhà ở cao tầng Hoàng Long","TenDA":"Khu nhà ở cao tầng Hoàng Long","ChuDauTu":"Công ty TNHH  Xây dựng Việt Phát","LoaiCT":1,"DTXDCT":1235,"ChieuCaoCT":38.9,"SoNha":"212B/C79","TenDuong":"Nguyễn Trãi","PhuongXa":"Phường Nguyễn Cư Trinh","QuanHuyenTP":"Quận 1","MaPhuongXa":"76026758","MaQuanHuyenTP":"760"}},{"type":"Feature","id":"QHXD_NhaCaoTang_point.215","geometry":{"type":"Point","coordinates":[106.68427421,10.76494759]},"geometry_name":"geom","properties":{"id":215,"OBJECTID":215,"TenCT":"Chung cư 212 Nguyễn Trãi mở rộng","TenDA":"Chung cư 212 Nguyễn Trãi mở rộng","ChuDauTu":"Công ty xây dựng kinh doanh nhà (Tổng công ty Bến Thành)","LoaiCT":1,"DTXDCT":2315.28,"ChieuCaoCT":null,"SoNha":"212","TenDuong":"Nguyễn Trãi","PhuongXa":"Phường Nguyễn Cư Trinh","QuanHuyenTP":"Quận 1","MaPhuongXa":"76026758","MaQuanHuyenTP":"760"}},{"type":"Feature","id":"QHXD_NhaCaoTang_point.216","geometry":{"type":"Point","coordinates":[106.68824234,10.7658551]},"geometry_name":"geom","properties":{"id":216,"OBJECTID":216,"TenCT":"Chung cư 203 Nguyễn Trãi","TenDA":"Chung cư 203 Nguyễn Trãi","ChuDauTu":"Công ty quản lý Kinh doanh  nhà TP","LoaiCT":1,"DTXDCT":1220,"ChieuCaoCT":53.8,"SoNha":"203","TenDuong":"Nguyễn Trãi","PhuongXa":"Phường Nguyễn Cư Trinh","QuanHuyenTP":"Quận 1","MaPhuongXa":"76026758","MaQuanHuyenTP":"760"}},{"type":"Feature","id":"QHXD_NhaCaoTang_point.218","geometry":{"type":"Point","coordinates":[106.68490308,10.76466133]},"geometry_name":"geom","properties":{"id":218,"OBJECTID":218,"TenCT":"Khu nhà ở cao tầng Hoàng Long","TenDA":"Khu nhà ở cao tầng Hoàng Long","ChuDauTu":"Công ty TNHH Việt Phát","LoaiCT":1,"DTXDCT":1235,"ChieuCaoCT":38.9,"SoNha":"212B/C79","TenDuong":"Nguyễn Trãi","PhuongXa":"Phường Nguyễn Cư Trinh","QuanHuyenTP":"Quận 1","MaPhuongXa":"76026758","MaQuanHuyenTP":"760"}},{"type":"Feature","id":"QHXD_NhaCaoTang_point.219","geometry":{"type":"Point","coordinates":[106.68742503,10.76259656]},"geometry_name":"geom","properties":{"id":219,"OBJECTID":219,"TenCT":"Cao ốc văn phòng và phòng nghỉ cho thuê","TenDA":"Cao ốc văn phòng và phòng nghỉ cho thuê","ChuDauTu":"Công ty TNHH Easeway Thái  Sơn","LoaiCT":13,"DTXDCT":230,"ChieuCaoCT":37.9,"SoNha":"179","TenDuong":"Nguyễn Cư Trinh","PhuongXa":"Phường Nguyễn Cư Trinh","QuanHuyenTP":"Quận 1","MaPhuongXa":"76026758","MaQuanHuyenTP":"760"}},{"type":"Feature","id":"QHXD_NhaCaoTang_point.220","geometry":{"type":"Point","coordinates":[106.68742503,10.76259656]},"geometry_name":"geom","properties":{"id":220,"OBJECTID":220,"TenCT":"Cao ốc văn phòng và phòng nghỉ cho thuê","TenDA":"Cao ốc văn phòng và phòng nghỉ cho thuê","ChuDauTu":"Công ty TNHH  Easeway Thái Sơn","LoaiCT":13,"DTXDCT":230,"ChieuCaoCT":37.9,"SoNha":"179","TenDuong":"Nguyễn Cư Trinh","PhuongXa":"Phường Nguyễn Cư Trinh","QuanHuyenTP":"Quận 1","MaPhuongXa":"76026758","MaQuanHuyenTP":"760"}},{"type":"Feature","id":"QHXD_NhaCaoTang_point.221","geometry":{"type":"Point","coordinates":[106.69009576,10.76477475]},"geometry_name":"geom","properties":{"id":221,"OBJECTID":221,"TenCT":"Cao ốc phức hợp Ngân Bình - Khối A","TenDA":"Cao ốc phức hợp Ngân Bình","ChuDauTu":"Công ty TNHH đầu tư xây dựng Ngân Bình","LoaiCT":13,"DTXDCT":null,"ChieuCaoCT":139.15,"SoNha":"87","TenDuong":"Cống Quỳnh","PhuongXa":"Phường Nguyễn Cư Trinh","QuanHuyenTP":"Quận 1","MaPhuongXa":"76026758","MaQuanHuyenTP":"760"}},{"type":"Feature","id":"QHXD_NhaCaoTang_point.222","geometry":{"type":"Point","coordinates":[106.68985944,10.76455214]},"geometry_name":"geom","properties":{"id":222,"OBJECTID":222,"TenCT":"Cao ốc phức hợp Ngân Bình - Khối B","TenDA":"Cao ốc phức hợp Ngân Bình","ChuDauTu":"Công ty TNHH đầu tư xây dựng Ngân Bình","LoaiCT":13,"DTXDCT":null,"ChieuCaoCT":139.15,"SoNha":"87","TenDuong":"Cống Quỳnh","PhuongXa":"Phường Nguyễn Cư Trinh","QuanHuyenTP":"Quận 1","MaPhuongXa":"76026758","MaQuanHuyenTP":"760"}},{"type":"Feature","id":"QHXD_NhaCaoTang_point.223","geometry":{"type":"Point","coordinates":[106.69109895,10.76403828]},"geometry_name":"geom","properties":{"id":223,"OBJECTID":223,"TenCT":"Văn phòng","TenDA":"Văn phòng","ChuDauTu":"Công ty CP cho thuê Văn phòng Pha Lan","LoaiCT":13,"DTXDCT":187.85,"ChieuCaoCT":41.3,"SoNha":"51","TenDuong":"Nguyễn Cư Trinh","PhuongXa":"Phường Nguyễn Cư Trinh","QuanHuyenTP":"Quận 1","MaPhuongXa":"76026758","MaQuanHuyenTP":"760"}},{"type":"Feature","id":"QHXD_NhaCaoTang_point.224","geometry":{"type":"Point","coordinates":[106.68498192,10.75961686]},"geometry_name":"geom","properties":{"id":224,"OBJECTID":224,"TenCT":"Trường mầm non 20/10","TenDA":"Trường mầm non 20/10","ChuDauTu":"UBND Q.1","LoaiCT":3,"DTXDCT":616.15,"ChieuCaoCT":16.5,"SoNha":"385A","TenDuong":"Nguyễn Trãi","PhuongXa":"Phường Nguyễn Cư Trinh","QuanHuyenTP":"Quận 1","MaPhuongXa":"76026758","MaQuanHuyenTP":"760"}},{"type":"Feature","id":"QHXD_NhaCaoTang_point.225","geometry":{"type":"Point","coordinates":[106.6870942,10.76309437]},"geometry_name":"geom","properties":{"id":225,"OBJECTID":225,"TenCT":"Trung tâm bồi dưỡng cán bộ","TenDA":"Trung tâm bồi dưỡng cán bộ","ChuDauTu":"Quận ủy Q.1","LoaiCT":3,"DTXDCT":420,"ChieuCaoCT":18.85,"SoNha":"275","TenDuong":"Nguyễn Trãi","PhuongXa":"Phường Nguyễn Cư Trinh","QuanHuyenTP":"Quận 1","MaPhuongXa":"76026758","MaQuanHuyenTP":"760"}},{"type":"Feature","id":"QHXD_NhaCaoTang_point.226","geometry":{"type":"Point","coordinates":[106.68747847,10.76341606]},"geometry_name":"geom","properties":{"id":226,"OBJECTID":226,"TenCT":"Trường THCS Trí Đức","TenDA":"Trường học THCS Trí Đức","ChuDauTu":"Phòng giáo dục Q.1","LoaiCT":3,"DTXDCT":1816.56,"ChieuCaoCT":15.6,"SoNha":"273","TenDuong":"Nguyễn Trãi","PhuongXa":"Phường Nguyễn Cư Trinh","QuanHuyenTP":"Quận 1","MaPhuongXa":"76026758","MaQuanHuyenTP":"760"}},{"type":"Feature","id":"QHXD_NhaCaoTang_point.227","geometry":{"type":"Point","coordinates":[106.68899786,10.76144394]},"geometry_name":"geom","properties":{"id":227,"OBJECTID":227,"TenCT":"Cải tạo khối A","TenDA":"Trường Tiểu học Trần Hưng Đạo","ChuDauTu":"BQL đầu tư XD công trình Q.1","LoaiCT":3,"DTXDCT":1629.8,"ChieuCaoCT":14.9,"SoNha":"81","TenDuong":"Trần Đình Xu","PhuongXa":"Phường Nguyễn Cư Trinh","QuanHuyenTP":"Quận 1","MaPhuongXa":"76026758","MaQuanHuyenTP":"760"}},{"type":"Feature","id":"QHXD_NhaCaoTang_point.228","geometry":{"type":"Point","coordinates":[106.68931934,10.76151768]},"geometry_name":"geom","properties":{"id":228,"OBJECTID":228,"TenCT":"Nâng cấp Khối B-C","TenDA":"Trường Tiểu học Trần Hưng Đạo","ChuDauTu":"BQL đầu tư XD công trình Q.1","LoaiCT":3,"DTXDCT":null,"ChieuCaoCT":14.15,"SoNha":"81","TenDuong":"Trần Đình Xu","PhuongXa":"Phường Nguyễn Cư Trinh","QuanHuyenTP":"Quận 1","MaPhuongXa":"76026758","MaQuanHuyenTP":"760"}},{"type":"Feature","id":"QHXD_NhaCaoTang_point.229","geometry":{"type":"Point","coordinates":[106.68910715,10.76127586]},"geometry_name":"geom","properties":{"id":229,"OBJECTID":229,"TenCT":"Mở rộng, cải tạo, nâng cấp Trường tiểu học Trần Hưng Đạo - Khối D & E","TenDA":"Trường Tiểu học Trần Hưng Đạo","ChuDauTu":"BQL đầu tư XD công trình Q.1","LoaiCT":3,"DTXDCT":null,"ChieuCaoCT":14.15,"SoNha":"81","TenDuong":"Trần Đình Xu","PhuongXa":"Phường Nguyễn Cư Trinh","QuanHuyenTP":"Quận 1","MaPhuongXa":"76026758","MaQuanHuyenTP":"760"}},{"type":"Feature","id":"QHXD_NhaCaoTang_point.230","geometry":{"type":"Point","coordinates":[106.68917669,10.76570091]},"geometry_name":"geom","properties":{"id":230,"OBJECTID":230,"TenCT":"Trường nghệ thuật sân khấu 2","TenDA":"Trường nghệ thuật sân khấu 2","ChuDauTu":"Trường nghệ thuật sân khấu 2","LoaiCT":3,"DTXDCT":514,"ChieuCaoCT":17.5,"SoNha":"125","TenDuong":"Cống Quỳnh","PhuongXa":"Phường Nguyễn Cư Trinh","QuanHuyenTP":"Quận 1","MaPhuongXa":"76026758","MaQuanHuyenTP":"760"}},{"type":"Feature","id":"QHXD_NhaCaoTang_point.231","geometry":{"type":"Point","coordinates":[106.68595486,10.75762682]},"geometry_name":"geom","properties":{"id":231,"OBJECTID":231,"TenCT":"Nhà văn phòng 290-292 Trần Hưng Đạo","TenDA":"Nhà văn phòng","ChuDauTu":"Trần Thiện Mỹ - Trần Thị Cẩm Tú","LoaiCT":13,"DTXDCT":56.32,"ChieuCaoCT":33.8,"SoNha":"số 290-292","TenDuong":"Trần Hưng Đạo","PhuongXa":"Phường Nguyễn Cư Trinh","QuanHuyenTP":"Quận 1","MaPhuongXa":"76026758","MaQuanHuyenTP":"760"}},{"type":"Feature","id":"QHXD_NhaCaoTang_point.232","geometry":{"type":"Point","coordinates":[106.68859059,10.76304414]},"geometry_name":"geom","properties":{"id":232,"OBJECTID":232,"TenCT":"Tu viện Dòng Mến thánh giá Thủ Thiêm","TenDA":"Tu viện Dòng Mến Thánh Giá Thủ Thiêm","ChuDauTu":"Tu viện Dòng Mến Thánh Giá Thủ Thiêm","LoaiCT":6,"DTXDCT":42.96,"ChieuCaoCT":17.6,"SoNha":"số 122/14","TenDuong":"Trần Đình Xu","PhuongXa":"Phường Nguyễn Cư Trinh","QuanHuyenTP":"Quận 1","MaPhuongXa":"76026758","MaQuanHuyenTP":"760"}},{"type":"Feature","id":"QHXD_NhaCaoTang_point.233","geometry":{"type":"Point","coordinates":[106.68655621,10.76198849]},"geometry_name":"geom","properties":{"id":233,"OBJECTID":233,"TenCT":"Nhà văn phòng 331 Nguyễn Trãi","TenDA":"Nhà Văn Phòng","ChuDauTu":"Bà Dư Ngọc Hoa","LoaiCT":13,"DTXDCT":248.4,"ChieuCaoCT":35.5,"SoNha":"331","TenDuong":"Nguyễn Trãi","PhuongXa":"Phường Nguyễn Cư Trinh","QuanHuyenTP":"Quận 1","MaPhuongXa":"76026758","MaQuanHuyenTP":"760"}},{"type":"Feature","id":"QHXD_NhaCaoTang_point.234","geometry":{"type":"Point","coordinates":[106.68416895,10.7675948]},"geometry_name":"geom","properties":{"id":234,"OBJECTID":234,"TenCT":"Phòng khám đa khoa","TenDA":"Phòng khám đa khoa","ChuDauTu":"Cơ quan đại diện phía Nam- Hội chữ thập đỏ VN","LoaiCT":4,"DTXDCT":3960,"ChieuCaoCT":8.5,"SoNha":"201","TenDuong":"Nguyễn Thị Minh Khai","PhuongXa":"Phường Nguyễn Cư Trinh","QuanHuyenTP":"Quận 1","MaPhuongXa":"76026758","MaQuanHuyenTP":"760"}},{"type":"Feature","id":"QHXD_NhaCaoTang_point.235","geometry":{"type":"Point","coordinates":[106.68700391,10.76297863]},"geometry_name":"geom","properties":{"id":235,"OBJECTID":235,"TenCT":"Nhà VP kết hợp nhà ở","TenDA":"Nhà VP kết hợp nhà ở","ChuDauTu":"Ông Lê Hoàng Dũng","LoaiCT":13,"DTXDCT":81.84,"ChieuCaoCT":28,"SoNha":"277","TenDuong":"Nguyễn Trãi","PhuongXa":"Phường Nguyễn Cư Trinh","QuanHuyenTP":"Quận 1","MaPhuongXa":"76026758","MaQuanHuyenTP":"760"}},{"type":"Feature","id":"QHXD_NhaCaoTang_point.236","geometry":{"type":"Point","coordinates":[106.68987335,10.76276567]},"geometry_name":"geom","properties":{"id":236,"OBJECTID":236,"TenCT":"Nhà ở kết hợp Khách sạn 32A Cao Bá Nhạ","TenDA":"Nhà ở kết hợp với Khách sạn","ChuDauTu":"Trần Nam Sơn","LoaiCT":10,"DTXDCT":135.5,"ChieuCaoCT":29.2,"SoNha":"số 32A","TenDuong":"Cao Bá Nhạ","PhuongXa":"Phường Nguyễn Cư Trinh","QuanHuyenTP":"Quận 1","MaPhuongXa":"76026758","MaQuanHuyenTP":"760"}},{"type":"Feature","id":"QHXD_NhaCaoTang_point.237","geometry":{"type":"Point","coordinates":[106.68627206,10.76806103]},"geometry_name":"geom","properties":{"id":237,"OBJECTID":237,"TenCT":"Văn phòng","TenDA":"Văn phòng","ChuDauTu":"Nguyễn Long","LoaiCT":13,"DTXDCT":null,"ChieuCaoCT":47,"SoNha":"170-170 bis-172E","TenDuong":"Bùi Thị Xuân","PhuongXa":"Phường Phạm Ngũ Lão","QuanHuyenTP":"Quận 1","MaPhuongXa":"76026749","MaQuanHuyenTP":"760"}},{"type":"Feature","id":"QHXD_NhaCaoTang_point.238","geometry":{"type":"Point","coordinates":[106.69128986,10.76766291]},"geometry_name":"geom","properties":{"id":238,"OBJECTID":238,"TenCT":"Nhà văn phòng","TenDA":"Nhà văn phòng","ChuDauTu":"Bùi Tuấn Quang, Phan Thúy Ngoạn, Nguyễn Minh Đức","LoaiCT":13,"DTXDCT":null,"ChieuCaoCT":38.5,"SoNha":"287-289","TenDuong":"Phạm Ngũ Lão","PhuongXa":"Phường Phạm Ngũ Lão","QuanHuyenTP":"Quận 1","MaPhuongXa":"76026749","MaQuanHuyenTP":"760"}},{"type":"Feature","id":"QHXD_NhaCaoTang_point.239","geometry":{"type":"Point","coordinates":[106.68800083,10.76718251]},"geometry_name":"geom","properties":{"id":239,"OBJECTID":239,"TenCT":"Cao ốc văn phòng","TenDA":"Cao ốc văn phòng","ChuDauTu":"Ngân Hàng thương mại cổ phần Sài Gòn","LoaiCT":13,"DTXDCT":561,"ChieuCaoCT":56.6,"SoNha":"242","TenDuong":"Cống Quỳnh","PhuongXa":"Phường Phạm Ngũ Lão","QuanHuyenTP":"Quận 1","MaPhuongXa":"76026749","MaQuanHuyenTP":"760"}},{"type":"Feature","id":"QHXD_NhaCaoTang_point.240","geometry":{"type":"Point","coordinates":[106.68800083,10.76718251]},"geometry_name":"geom","properties":{"id":240,"OBJECTID":240,"TenCT":"Cao ốc văn phòng","TenDA":"Cao ốc văn phòng","ChuDauTu":"Ngân hàng thương mại cổ phần Sài Gòn","LoaiCT":13,"DTXDCT":561,"ChieuCaoCT":56.6,"SoNha":"242","TenDuong":"Cống Quỳnh","PhuongXa":"Phường Phạm Ngũ Lão","QuanHuyenTP":"Quận 1","MaPhuongXa":"76026749","MaQuanHuyenTP":"760"}},{"type":"Feature","id":"QHXD_NhaCaoTang_point.241","geometry":{"type":"Point","coordinates":[106.6906396,10.76521366]},"geometry_name":"geom","properties":{"id":241,"OBJECTID":241,"TenCT":"Phần công trình phía sau_Khối 10 tầng","TenDA":"Phần công trình phía sau_Khối 10 tầng","ChuDauTu":"Công ty cổ phần thương mại đầu tư Mỹ Phú Hưng","LoaiCT":13,"DTXDCT":null,"ChieuCaoCT":41.6,"SoNha":"102C","TenDuong":"Cống Quỳnh","PhuongXa":"Phường Phạm Ngũ Lão","QuanHuyenTP":"Quận 1","MaPhuongXa":"76026749","MaQuanHuyenTP":"760"}},{"type":"Feature","id":"QHXD_NhaCaoTang_point.242","geometry":{"type":"Point","coordinates":[106.69057309,10.76502624]},"geometry_name":"geom","properties":{"id":242,"OBJECTID":242,"TenCT":"Phần công trình phía trước - Khối 8 tầng","TenDA":"Phần công trình phía trước - Khối 8 tầng","ChuDauTu":"Công ty cổ phần thương mại đầu tư Mỹ Phú Hưng","LoaiCT":13,"DTXDCT":null,"ChieuCaoCT":31.8,"SoNha":"102C","TenDuong":"Cống Quỳnh","PhuongXa":"Phường Phạm Ngũ Lão","QuanHuyenTP":"Quận 1","MaPhuongXa":"76026749","MaQuanHuyenTP":"760"}},{"type":"Feature","id":"QHXD_NhaCaoTang_point.243","geometry":{"type":"Point","coordinates":[106.68790472,10.77033998]},"geometry_name":"geom","properties":{"id":243,"OBJECTID":243,"TenCT":"Khách sạn","TenDA":"Khách sạn","ChuDauTu":"Bà Nguyễn Thị Mỹ","LoaiCT":10,"DTXDCT":202.27,"ChieuCaoCT":40.7,"SoNha":"19","TenDuong":"Tôn Thất Tùng","PhuongXa":"Phường Phạm Ngũ Lão","QuanHuyenTP":"Quận 1","MaPhuongXa":"76026749","MaQuanHuyenTP":"760"}},{"type":"Feature","id":"QHXD_NhaCaoTang_point.244","geometry":{"type":"Point","coordinates":[106.69021403,10.76707915]},"geometry_name":"geom","properties":{"id":244,"OBJECTID":244,"TenCT":"Trung tâm văn hóa thương mại văn phòng căn hộ","TenDA":"Trung tâm văn hóa thương mại văn phòng căn hộ","ChuDauTu":"Công ty liên doanh văn hóa thương mại Quốc tế","LoaiCT":13,"DTXDCT":1022.2,"ChieuCaoCT":68,"SoNha":"343, 347, 349, 351","TenDuong":"Phạm Ngũ Lão","PhuongXa":"Phường Phạm Ngũ Lão","QuanHuyenTP":"Quận 1","MaPhuongXa":"76026749","MaQuanHuyenTP":"760"}},{"type":"Feature","id":"QHXD_NhaCaoTang_point.245","geometry":{"type":"Point","coordinates":[106.6877379,10.76720728]},"geometry_name":"geom","properties":{"id":245,"OBJECTID":245,"TenCT":"Cao ốc văn phòng","TenDA":"Cao ốc văn phòng","ChuDauTu":"Nguyễn Phước Chấn, Đàm Thị Hảo","LoaiCT":13,"DTXDCT":258.52,"ChieuCaoCT":45.4,"SoNha":"244","TenDuong":"Cống Quỳnh","PhuongXa":"Phường Phạm Ngũ Lão","QuanHuyenTP":"Quận 1","MaPhuongXa":"76026749","MaQuanHuyenTP":"760"}},{"type":"Feature","id":"QHXD_NhaCaoTang_point.246","geometry":{"type":"Point","coordinates":[106.69237237,10.76796899]},"geometry_name":"geom","properties":{"id":246,"OBJECTID":246,"TenCT":"Mở rộng khách sạn","TenDA":"Mở rộng khách sạn","ChuDauTu":"Công ty Cổ phần khách sạn Quê hương","LoaiCT":10,"DTXDCT":null,"ChieuCaoCT":32.8,"SoNha":"265/1B-241/2","TenDuong":"Phạm Ngũ Lão","PhuongXa":"Phường Phạm Ngũ Lão","QuanHuyenTP":"Quận 1","MaPhuongXa":"76026749","MaQuanHuyenTP":"760"}},{"type":"Feature","id":"QHXD_NhaCaoTang_point.247","geometry":{"type":"Point","coordinates":[106.68758845,10.76728643]},"geometry_name":"geom","properties":{"id":247,"OBJECTID":247,"TenCT":"Cao Ốc VĂn Phòng Vimedimex","TenDA":"Cao Ốc VĂn Phòng Vimedimex","ChuDauTu":"Công Ty Cổ Phần Dược Phẩm Vimedimex","LoaiCT":13,"DTXDCT":553.07,"ChieuCaoCT":50.2,"SoNha":"246","TenDuong":"Cống Quỳnh","PhuongXa":"Phường Phạm Ngũ Lão","QuanHuyenTP":"Quận 1","MaPhuongXa":"76026749","MaQuanHuyenTP":"760"}},{"type":"Feature","id":"QHXD_NhaCaoTang_point.248","geometry":{"type":"Point","coordinates":[106.68614472,10.76971403]},"geometry_name":"geom","properties":{"id":248,"OBJECTID":248,"TenCT":"Cao Ốc Văn Phòng","TenDA":"Cao Ốc Văn Phòng","ChuDauTu":"Công ty cổ phần Kim Khí TP.HCm","LoaiCT":13,"DTXDCT":353.4,"ChieuCaoCT":40,"SoNha":"189","TenDuong":"Nguyễn Thị Minh Khai","PhuongXa":"Phường Phạm Ngũ Lão","QuanHuyenTP":"Quận 1","MaPhuongXa":"76026749","MaQuanHuyenTP":"760"}},{"type":"Feature","id":"QHXD_NhaCaoTang_point.249","geometry":{"type":"Point","coordinates":[106.694862,10.76835827]},"geometry_name":"geom","properties":{"id":249,"OBJECTID":249,"TenCT":"Cao Ốc Văn Phòng","TenDA":"Cao Ốc Văn Phòng","ChuDauTu":"Công Ty CP Địa Ốc Sài Gòn Thương Tín","LoaiCT":12,"DTXDCT":177,"ChieuCaoCT":42,"SoNha":"177-179-181","TenDuong":"Nguyễn Thái Học","PhuongXa":"Phường Phạm Ngũ Lão","QuanHuyenTP":"Quận 1","MaPhuongXa":"76026749","MaQuanHuyenTP":"760"}},{"type":"Feature","id":"QHXD_NhaCaoTang_point.250","geometry":{"type":"Point","coordinates":[106.68836788,10.76765186]},"geometry_name":"geom","properties":{"id":250,"OBJECTID":250,"TenCT":"Văn phòng- công ty TNHH Vinh Quang","TenDA":"văn phòng công ty TNHH Vinh Quang","ChuDauTu":"Bà Vũ Thị Nga (Đại diện công ty TNHH Vinh Quang)","LoaiCT":13,"DTXDCT":null,"ChieuCaoCT":41.1,"SoNha":"208","TenDuong":"Nguyễn Trãi","PhuongXa":"Phường Phạm Ngũ Lão","QuanHuyenTP":"Quận 1","MaPhuongXa":"76026749","MaQuanHuyenTP":"760"}},{"type":"Feature","id":"QHXD_NhaCaoTang_point.251","geometry":{"type":"Point","coordinates":[106.69259259,10.76816396]},"geometry_name":"geom","properties":{"id":251,"OBJECTID":251,"TenCT":"Nhà Văn Phòng","TenDA":"Nhà văn phòng","ChuDauTu":"- ông Đặng Đức Tuấn\r\n- ông Nguyễn Văn Lãm","LoaiCT":13,"DTXDCT":null,"ChieuCaoCT":36.9,"SoNha":"231-233-235","TenDuong":"Phạm Ngũ Lão","PhuongXa":"Phường Phạm Ngũ Lão","QuanHuyenTP":"Quận 1","MaPhuongXa":"76026749","MaQuanHuyenTP":"760"}},{"type":"Feature","id":"QHXD_NhaCaoTang_point.252","geometry":{"type":"Point","coordinates":[106.68860147,10.7696632]},"geometry_name":"geom","properties":{"id":252,"OBJECTID":252,"TenCT":"Bệnh viện phụ sản quốc tế SG","TenDA":"Bệnh viện phụ sản quốc tế","ChuDauTu":"C.ty TNHH thương mại Đại Phú Nhi","LoaiCT":4,"DTXDCT":null,"ChieuCaoCT":34.2,"SoNha":"63","TenDuong":"Bùi Thị Xuân","PhuongXa":"Phường Phạm Ngũ Lão","QuanHuyenTP":"Quận 1","MaPhuongXa":"76026749","MaQuanHuyenTP":"760"}},{"type":"Feature","id":"QHXD_NhaCaoTang_point.253","geometry":{"type":"Point","coordinates":[106.68816448,10.7691221]},"geometry_name":"geom","properties":{"id":253,"OBJECTID":253,"TenCT":"Trường THPT Bùi Thị Xuân","TenDA":"Trường THPT Bùi Thị Xuân","ChuDauTu":"Xí nghiệp xây lắp công nhiệp (Sở công nghiệp)","LoaiCT":3,"DTXDCT":255,"ChieuCaoCT":17,"SoNha":"75","TenDuong":"Bùi Thị Xuân","PhuongXa":"Phường Phạm Ngũ Lão","QuanHuyenTP":"Quận 1","MaPhuongXa":"76026749","MaQuanHuyenTP":"760"}},{"type":"Feature","id":"QHXD_NhaCaoTang_point.254","geometry":{"type":"Point","coordinates":[106.6851231,10.76865914]},"geometry_name":"geom","properties":{"id":254,"OBJECTID":254,"TenCT":"Cải tạo, sửa chữa Khu A","TenDA":"BV phụ sản Từ Dũ","ChuDauTu":"Bệnh viện Từ Dũ","LoaiCT":4,"DTXDCT":2879.4,"ChieuCaoCT":12.8,"SoNha":"284","TenDuong":"Cống Quỳnh","PhuongXa":"Phường Phạm Ngũ Lão","QuanHuyenTP":"Quận 1","MaPhuongXa":"76026749","MaQuanHuyenTP":"760"}},{"type":"Feature","id":"QHXD_NhaCaoTang_point.255","geometry":{"type":"Point","coordinates":[106.68602436,10.76923625]},"geometry_name":"geom","properties":{"id":255,"OBJECTID":255,"TenCT":"Khối phòng khám","TenDA":"BV phụ sản Từ Dũ","ChuDauTu":"BV phụ sản Từ Dũ","LoaiCT":4,"DTXDCT":null,"ChieuCaoCT":13.3,"SoNha":"284","TenDuong":"Cống Quỳnh","PhuongXa":"Phường Phạm Ngũ Lão","QuanHuyenTP":"Quận 1","MaPhuongXa":"76026749","MaQuanHuyenTP":"760"}},{"type":"Feature","id":"QHXD_NhaCaoTang_point.256","geometry":{"type":"Point","coordinates":[106.68579869,10.76829797]},"geometry_name":"geom","properties":{"id":256,"OBJECTID":256,"TenCT":"Khu nhà G","TenDA":"BV phụ sản Từ Dũ","ChuDauTu":"Sở y tế TP.HCM","LoaiCT":4,"DTXDCT":null,"ChieuCaoCT":19,"SoNha":"284","TenDuong":"Cống Quỳnh","PhuongXa":"Phường Phạm Ngũ Lão","QuanHuyenTP":"Quận 1","MaPhuongXa":"76026749","MaQuanHuyenTP":"760"}},{"type":"Feature","id":"QHXD_NhaCaoTang_point.257","geometry":{"type":"Point","coordinates":[106.69543,10.76921195]},"geometry_name":"geom","properties":{"id":257,"OBJECTID":257,"TenCT":"Dãy D","TenDA":"Trường THPT BC ThalMan","ChuDauTu":"Trường THPT BC ThalMan","LoaiCT":3,"DTXDCT":402,"ChieuCaoCT":18,"SoNha":"8","TenDuong":"Trần Hưng Đạo","PhuongXa":"Phường Phạm Ngũ Lão","QuanHuyenTP":"Quận 1","MaPhuongXa":"76026749","MaQuanHuyenTP":"760"}},{"type":"Feature","id":"QHXD_NhaCaoTang_point.258","geometry":{"type":"Point","coordinates":[106.6955028,10.76911089]},"geometry_name":"geom","properties":{"id":258,"OBJECTID":258,"TenCT":"Dãy A","TenDA":"Trường THPT BC ThalMan","ChuDauTu":"Trường THPT BC ThalMan","LoaiCT":3,"DTXDCT":61788,"ChieuCaoCT":12,"SoNha":"8","TenDuong":"Trần Hưng Đạo","PhuongXa":"Phường Phạm Ngũ Lão","QuanHuyenTP":"Quận 1","MaPhuongXa":"76026749","MaQuanHuyenTP":"760"}},{"type":"Feature","id":"QHXD_NhaCaoTang_point.259","geometry":{"type":"Point","coordinates":[106.69575306,10.76900049]},"geometry_name":"geom","properties":{"id":259,"OBJECTID":259,"TenCT":"Dãy B","TenDA":"Trường THPT BC ThalMan","ChuDauTu":"Trường THPT BC ThalMan","LoaiCT":3,"DTXDCT":4664,"ChieuCaoCT":14.4,"SoNha":"8","TenDuong":"Trần Hưng Đạo","PhuongXa":"Phường Phạm Ngũ Lão","QuanHuyenTP":"Quận 1","MaPhuongXa":"76026749","MaQuanHuyenTP":"760"}},{"type":"Feature","id":"QHXD_NhaCaoTang_point.260","geometry":{"type":"Point","coordinates":[106.69548848,10.76878726]},"geometry_name":"geom","properties":{"id":260,"OBJECTID":260,"TenCT":"Dãy C","TenDA":"Trường THPT BC ThalMan","ChuDauTu":"Trường THPT BC ThalMan","LoaiCT":3,"DTXDCT":499,"ChieuCaoCT":18.4,"SoNha":"8","TenDuong":"Trần Hưng Đạo","PhuongXa":"Phường Phạm Ngũ Lão","QuanHuyenTP":"Quận 1","MaPhuongXa":"76026749","MaQuanHuyenTP":"760"}},{"type":"Feature","id":"QHXD_NhaCaoTang_point.261","geometry":{"type":"Point","coordinates":[106.69538451,10.76860921]},"geometry_name":"geom","properties":{"id":261,"OBJECTID":261,"TenCT":"Dãy E","TenDA":"Trường THPT BC ThalMan","ChuDauTu":"Trường THPT BC ThalMan","LoaiCT":3,"DTXDCT":3823,"ChieuCaoCT":21.55,"SoNha":"8","TenDuong":"Trần Hưng Đạo","PhuongXa":"Phường Phạm Ngũ Lão","QuanHuyenTP":"Quận 1","MaPhuongXa":"76026749","MaQuanHuyenTP":"760"}},{"type":"Feature","id":"QHXD_NhaCaoTang_point.262","geometry":{"type":"Point","coordinates":[106.68828247,10.76906443]},"geometry_name":"geom","properties":{"id":262,"OBJECTID":262,"TenCT":"Khối 1","TenDA":"Trường THPT Bùi Thị Xuân","ChuDauTu":"Trường THPT Bùi Thị Xuân","LoaiCT":3,"DTXDCT":null,"ChieuCaoCT":13.4,"SoNha":"73-75","TenDuong":"Bùi Thị Xuân","PhuongXa":"Phường Phạm Ngũ Lão","QuanHuyenTP":"Quận 1","MaPhuongXa":"76026749","MaQuanHuyenTP":"760"}},{"type":"Feature","id":"QHXD_NhaCaoTang_point.263","geometry":{"type":"Point","coordinates":[106.68777051,10.76884181]},"geometry_name":"geom","properties":{"id":263,"OBJECTID":263,"TenCT":"Khối 2","TenDA":"Trường THPT Bùi Thị Xuân","ChuDauTu":"Trường THPT Bùi Thị Xuân","LoaiCT":3,"DTXDCT":null,"ChieuCaoCT":18.4,"SoNha":"73-75","TenDuong":"Bùi Thị Xuân","PhuongXa":"Phường Phạm Ngũ Lão","QuanHuyenTP":"Quận 1","MaPhuongXa":"76026749","MaQuanHuyenTP":"760"}},{"type":"Feature","id":"QHXD_NhaCaoTang_point.264","geometry":{"type":"Point","coordinates":[106.68793622,10.76911688]},"geometry_name":"geom","properties":{"id":264,"OBJECTID":264,"TenCT":"Khối 3","TenDA":"Trường THPT Bùi Thị Xuân","ChuDauTu":"Trường THPT Bùi Thị Xuân","LoaiCT":3,"DTXDCT":785.5,"ChieuCaoCT":21.3,"SoNha":"73-75","TenDuong":"Bùi Thị Xuân","PhuongXa":"Phường Phạm Ngũ Lão","QuanHuyenTP":"Quận 1","MaPhuongXa":"76026749","MaQuanHuyenTP":"760"}},{"type":"Feature","id":"QHXD_NhaCaoTang_point.265","geometry":{"type":"Point","coordinates":[106.68822527,10.76942617]},"geometry_name":"geom","properties":{"id":265,"OBJECTID":265,"TenCT":"Khối 4","TenDA":"Trường THPT Bùi Thị Xuân","ChuDauTu":"Trường THPT Bùi Thị Xuân","LoaiCT":3,"DTXDCT":null,"ChieuCaoCT":19.2,"SoNha":"73-75","TenDuong":"Bùi Thị Xuân","PhuongXa":"Phường Phạm Ngũ Lão","QuanHuyenTP":"Quận 1","MaPhuongXa":"76026749","MaQuanHuyenTP":"760"}},{"type":"Feature","id":"QHXD_NhaCaoTang_point.266","geometry":{"type":"Point","coordinates":[106.68850838,10.76944392]},"geometry_name":"geom","properties":{"id":266,"OBJECTID":266,"TenCT":"Khối 5","TenDA":"Trường THPT Bùi Thị Xuân","ChuDauTu":"Trường THPT Bùi Thị Xuân","LoaiCT":3,"DTXDCT":356.8,"ChieuCaoCT":12.6,"SoNha":"73-75","TenDuong":"Bùi Thị Xuân","PhuongXa":"Phường Phạm Ngũ Lão","QuanHuyenTP":"Quận 1","MaPhuongXa":"76026749","MaQuanHuyenTP":"760"}},{"type":"Feature","id":"QHXD_NhaCaoTang_point.267","geometry":{"type":"Point","coordinates":[106.6922873,10.7650932]},"geometry_name":"geom","properties":{"id":267,"OBJECTID":267,"TenCT":"Trung tâm nghệ thuật cải lương Trần Hưng Đạo","TenDA":"Trung tâm nghệ thuật cải lương Trần Hưng Đạo","ChuDauTu":"Ban QLDA ĐTXDCT VH-TT","LoaiCT":3,"DTXDCT":null,"ChieuCaoCT":31,"SoNha":"136","TenDuong":"Trần Hưng Đạo","PhuongXa":"Phường Phạm Ngũ Lão","QuanHuyenTP":"Quận 1","MaPhuongXa":"76026749","MaQuanHuyenTP":"760"}},{"type":"Feature","id":"QHXD_NhaCaoTang_point.268","geometry":{"type":"Point","coordinates":[106.69183593,10.76779904]},"geometry_name":"geom","properties":{"id":268,"OBJECTID":268,"TenCT":"Cải tạo tầng 2","TenDA":"Cải tạo tầng 2","ChuDauTu":"Tổng công ty Thuong mại Sài Gòn SATRA","LoaiCT":13,"DTXDCT":578.5,"ChieuCaoCT":null,"SoNha":"275B","TenDuong":"Phạm Ngũ Lão","PhuongXa":"Phường Phạm Ngũ Lão","QuanHuyenTP":"Quận 1","MaPhuongXa":"76026749","MaQuanHuyenTP":"760"}},{"type":"Feature","id":"QHXD_NhaCaoTang_point.269","geometry":{"type":"Point","coordinates":[106.6861772,10.76935967]},"geometry_name":"geom","properties":{"id":269,"OBJECTID":269,"TenCT":"Khu kỹ thuật chăm sóc sức khỏe sinh sản","TenDA":"Khu kỹ thuật chăm sóc sức khỏe sinh sản","ChuDauTu":"Bệnh Viện Từ Dũ","LoaiCT":4,"DTXDCT":null,"ChieuCaoCT":57.25,"SoNha":"191","TenDuong":"Nguyễn Thị Minh Khai","PhuongXa":"Phường Phạm Ngũ Lão","QuanHuyenTP":"Quận 1","MaPhuongXa":"76026749","MaQuanHuyenTP":"760"}},{"type":"Feature","id":"QHXD_NhaCaoTang_point.270","geometry":{"type":"Point","coordinates":[106.69074672,10.76552035]},"geometry_name":"geom","properties":{"id":270,"OBJECTID":270,"TenCT":"Chung cư 207 Bùi Viện Lô A","TenDA":"Chung cư 207 Bùi Viện Lô A","ChuDauTu":"Công ty Xây dựng Kinh doanh nhà (CORESCO) thuộc Tổng Công Ty Bến Thành","LoaiCT":1,"DTXDCT":482.59,"ChieuCaoCT":21.8,"SoNha":"207","TenDuong":"Bùi Viện","PhuongXa":"Phường Phạm Ngũ Lão","QuanHuyenTP":"Quận 1","MaPhuongXa":"76026749","MaQuanHuyenTP":"760"}},{"type":"Feature","id":"QHXD_NhaCaoTang_point.271","geometry":{"type":"Point","coordinates":[106.69072661,10.76821688]},"geometry_name":"geom","properties":{"id":271,"OBJECTID":271,"TenCT":"Trụ sở Thanh tra Thành Phố_Cả tạo sữa chữa khối Hội trường","TenDA":"Trụ sở làm việc Thanh tra TPHCM","ChuDauTu":"Thanh tra TP.HCM","LoaiCT":11,"DTXDCT":948,"ChieuCaoCT":13.62,"SoNha":"2","TenDuong":"Phạm Ngũ Lão","PhuongXa":"Phường Phạm Ngũ Lão","QuanHuyenTP":"Quận 1","MaPhuongXa":"76026749","MaQuanHuyenTP":"760"}},{"type":"Feature","id":"QHXD_NhaCaoTang_point.272","geometry":{"type":"Point","coordinates":[106.69043249,10.76833396]},"geometry_name":"geom","properties":{"id":272,"OBJECTID":272,"TenCT":"Trụ sở Thanh tra Thành Phố_Khối nhà tiếp dân","TenDA":"Trụ sở làm việc Thanh tra TPHCM","ChuDauTu":"Thanh tra TP.HCM","LoaiCT":11,"DTXDCT":42,"ChieuCaoCT":4.9,"SoNha":"02","TenDuong":"Phạm Ngũ Lão","PhuongXa":"Phường Phạm Ngũ Lão","QuanHuyenTP":"Quận 1","MaPhuongXa":"76026749","MaQuanHuyenTP":"760"}},{"type":"Feature","id":"QHXD_NhaCaoTang_point.273","geometry":{"type":"Point","coordinates":[106.68796267,10.76799179]},"geometry_name":"geom","properties":{"id":273,"OBJECTID":273,"TenCT":"Văn phòng làm việc - ông Nguyễn Phước Miêng","TenDA":"Văn phòng làm việc","ChuDauTu":"Ông Nguyễn Phước Miêng","LoaiCT":13,"DTXDCT":196.46,"ChieuCaoCT":27,"SoNha":"8","TenDuong":"Nam Quốc Cang","PhuongXa":"Phường Phạm Ngũ Lão","QuanHuyenTP":"Quận 1","MaPhuongXa":"76026749","MaQuanHuyenTP":"760"}},{"type":"Feature","id":"QHXD_NhaCaoTang_point.274","geometry":{"type":"Point","coordinates":[106.6940186,10.76820088]},"geometry_name":"geom","properties":{"id":274,"OBJECTID":274,"TenCT":"Trụ sở Báo thể thao TPHCM","TenDA":"Trụ sở Báo thể thao TPHCM","ChuDauTu":"Báo Thể thao TPHCM","LoaiCT":12,"DTXDCT":134,"ChieuCaoCT":24.2,"SoNha":"40/25","TenDuong":"Bùi Viện","PhuongXa":"Phường Phạm Ngũ Lão","QuanHuyenTP":"Quận 1","MaPhuongXa":"76026749","MaQuanHuyenTP":"760"}},{"type":"Feature","id":"QHXD_NhaCaoTang_point.275","geometry":{"type":"Point","coordinates":[106.68891978,10.76931457]},"geometry_name":"geom","properties":{"id":275,"OBJECTID":275,"TenCT":"Nhà thờ Chợ Đũi_Ctr Phức Hợp phục vụ mục đích Tôn Giáo kết hợp DV","TenDA":"Nhà Thờ Chợ Đũi","ChuDauTu":"Nhà Thờ Chợ Đũi","LoaiCT":6,"DTXDCT":608.23,"ChieuCaoCT":29.5,"SoNha":"số 1A","TenDuong":"Tôn Thất Tùng","PhuongXa":"Phường Phạm Ngũ Lão","QuanHuyenTP":"Quận 1","MaPhuongXa":"76026749","MaQuanHuyenTP":"760"}},{"type":"Feature","id":"QHXD_NhaCaoTang_point.276","geometry":{"type":"Point","coordinates":[106.68589541,10.76864294]},"geometry_name":"geom","properties":{"id":276,"OBJECTID":276,"TenCT":"Bệnh viện Từ Dũ_Khối B-C","TenDA":"Bệnh viện từ dũ","ChuDauTu":"Bệnh viện từ dũ","LoaiCT":4,"DTXDCT":2422.85,"ChieuCaoCT":46.9,"SoNha":"số 284","TenDuong":"Cống Quỳnh","PhuongXa":"Phường Phạm Ngũ Lão","QuanHuyenTP":"Quận 1","MaPhuongXa":"76026749","MaQuanHuyenTP":"760"}},{"type":"Feature","id":"QHXD_NhaCaoTang_point.277","geometry":{"type":"Point","coordinates":[106.68631236,10.76893924]},"geometry_name":"geom","properties":{"id":277,"OBJECTID":277,"TenCT":"Khu E BV Từ Dũ","TenDA":"BV Từ Dũ","ChuDauTu":"BV Từ Dũ","LoaiCT":4,"DTXDCT":840.71,"ChieuCaoCT":19,"SoNha":"số 284","TenDuong":"Cống Quỳnh","PhuongXa":"Phường Phạm Ngũ Lão","QuanHuyenTP":"Quận 1","MaPhuongXa":"76026749","MaQuanHuyenTP":"760"}},{"type":"Feature","id":"QHXD_NhaCaoTang_point.278","geometry":{"type":"Point","coordinates":[106.69607047,10.76916396]},"geometry_name":"geom","properties":{"id":278,"OBJECTID":278,"TenCT":"Trung tâm thương mại","TenDA":"TT TM","ChuDauTu":"Cty CP DV TH Sài Gòn","LoaiCT":7,"DTXDCT":341.64,"ChieuCaoCT":10.45,"SoNha":"6","TenDuong":"Trần Hưng Đạo","PhuongXa":"Phường Phạm Ngũ Lão","QuanHuyenTP":"Quận 1","MaPhuongXa":"76026749","MaQuanHuyenTP":"760"}},{"type":"Feature","id":"QHXD_NhaCaoTang_point.279","geometry":{"type":"Point","coordinates":[106.69328784,10.76600174]},"geometry_name":"geom","properties":{"id":279,"OBJECTID":279,"TenCT":"Nhà văn phòng 102 Trần Hưng Đạo","TenDA":"Nhà văn phòng","ChuDauTu":"Lê Nguyễn Thiên Trang","LoaiCT":13,"DTXDCT":103.06,"ChieuCaoCT":25,"SoNha":"số 102","TenDuong":"Trần Hưng Đạo","PhuongXa":"Phường Phạm Ngũ Lão","QuanHuyenTP":"Quận 1","MaPhuongXa":"76026749","MaQuanHuyenTP":"760"}},{"type":"Feature","id":"QHXD_NhaCaoTang_point.280","geometry":{"type":"Point","coordinates":[106.68531148,10.76966677]},"geometry_name":"geom","properties":{"id":280,"OBJECTID":280,"TenCT":"Tòa nhà văn hóa - nghiệp vụ báo Sài Gòn Giải Phóng","TenDA":"Tòa nhà văn hóa - nghiệp vụ báo Sài Gòn Giải Phóng","ChuDauTu":"Báo Sài Gòn Giải phóng","LoaiCT":12,"DTXDCT":880.35,"ChieuCaoCT":74,"SoNha":"432-434-436-438","TenDuong":"Nguyễn Thị Minh Khai","PhuongXa":"Phường 5","QuanHuyenTP":"Quận 3","MaPhuongXa":"77027151","MaQuanHuyenTP":"770"}},{"type":"Feature","id":"QHXD_NhaCaoTang_point.281","geometry":{"type":"Point","coordinates":[106.68490217,10.7692394]},"geometry_name":"geom","properties":{"id":281,"OBJECTID":281,"TenCT":"Cao ốc văn phòng","TenDA":"Cao ốc văn phòng","ChuDauTu":"Công ty CP đầu tư Thời Đại","LoaiCT":13,"DTXDCT":465.89,"ChieuCaoCT":61,"SoNha":"442-444","TenDuong":"Nguyễn Thị Minh Khai","PhuongXa":"Phường 5","QuanHuyenTP":"Quận 3","MaPhuongXa":"77027151","MaQuanHuyenTP":"770"}},{"type":"Feature","id":"QHXD_NhaCaoTang_point.282","geometry":{"type":"Point","coordinates":[106.68643148,10.77120309]},"geometry_name":"geom","properties":{"id":282,"OBJECTID":282,"TenCT":"Nhà đa năng","TenDA":"Nhà đa năng","ChuDauTu":"Ngân hàng TMCP Việt Nam Thường Tín","LoaiCT":13,"DTXDCT":null,"ChieuCaoCT":66.4,"SoNha":"412-414B-408/13-15-17","TenDuong":"Nguyễn Thị Minh Khai","PhuongXa":"Phường 5","QuanHuyenTP":"Quận 3","MaPhuongXa":"77027151","MaQuanHuyenTP":"770"}},{"type":"Feature","id":"QHXD_NhaCaoTang_point.283","geometry":{"type":"Point","coordinates":[106.68809695,10.77397655]},"geometry_name":"geom","properties":{"id":283,"OBJECTID":283,"TenCT":"Rạp Nam Quang_Khối nhà triển lãm","TenDA":"Rạp Nam Quang","ChuDauTu":"Ủy ban nhân dân quận 3","LoaiCT":6,"DTXDCT":163.53,"ChieuCaoCT":12.5,"SoNha":null,"TenDuong":null,"PhuongXa":"Phường 5","QuanHuyenTP":"Quận 3","MaPhuongXa":"77027151","MaQuanHuyenTP":"770"}},{"type":"Feature","id":"QHXD_NhaCaoTang_point.284","geometry":{"type":"Point","coordinates":[106.68822984,10.77409389]},"geometry_name":"geom","properties":{"id":284,"OBJECTID":284,"TenCT":"Rạp Nam Quang_Khối phục vụ","TenDA":"Rạp Nam Quang","ChuDauTu":"Ủy ban nhân dân quận 3","LoaiCT":6,"DTXDCT":144,"ChieuCaoCT":6.195,"SoNha":null,"TenDuong":null,"PhuongXa":"Phường 5","QuanHuyenTP":"Quận 3","MaPhuongXa":"77027151","MaQuanHuyenTP":"770"}},{"type":"Feature","id":"QHXD_NhaCaoTang_point.285","geometry":{"type":"Point","coordinates":[106.68448602,10.77151773]},"geometry_name":"geom","properties":{"id":285,"OBJECTID":285,"TenCT":"Chùa Nguyên Hương","TenDA":"Chùa Nguyên Hương","ChuDauTu":"Chùa Nguyên Hương","LoaiCT":6,"DTXDCT":100.73,"ChieuCaoCT":13.9,"SoNha":"361/25-27-29, 361/21/4","TenDuong":"Nguyễn Đình Chiểu","PhuongXa":"Phường 5","QuanHuyenTP":"Quận 3","MaPhuongXa":"77027151","MaQuanHuyenTP":"770"}},{"type":"Feature","id":"QHXD_NhaCaoTang_point.286","geometry":{"type":"Point","coordinates":[106.68698837,10.77342782]},"geometry_name":"geom","properties":{"id":286,"OBJECTID":286,"TenCT":"Cao ốc văn phòng công ty DV công ích quận 3","TenDA":"Cao ốc văn phòng- Cty DV Công ích Q3","ChuDauTu":"Cty DV Công ích Q3","LoaiCT":13,"DTXDCT":507,"ChieuCaoCT":41.6,"SoNha":"Số 200B","TenDuong":"Võ Văn Tần","PhuongXa":"Phường 5","QuanHuyenTP":"Quận 3","MaPhuongXa":"77027151","MaQuanHuyenTP":"770"}},{"type":"Feature","id":"QHXD_NhaCaoTang_point.287","geometry":{"type":"Point","coordinates":[106.68712613,10.77454535]},"geometry_name":"geom","properties":{"id":287,"OBJECTID":287,"TenCT":"Nhà văn phòng","TenDA":"Nhà văn phòng","ChuDauTu":"Cty CP Bất Động Sản Exim","LoaiCT":13,"DTXDCT":117.35,"ChieuCaoCT":33.8,"SoNha":"số 179","TenDuong":"Cách Mạng Tháng 8","PhuongXa":"Phường 5","QuanHuyenTP":"Quận 3","MaPhuongXa":"77027151","MaQuanHuyenTP":"770"}},{"type":"Feature","id":"QHXD_NhaCaoTang_point.288","geometry":{"type":"Point","coordinates":[106.68796227,10.77248468]},"geometry_name":"geom","properties":{"id":288,"OBJECTID":288,"TenCT":"Nhà văn phòng","TenDA":"Nhà văn phòng","ChuDauTu":"Nguyễn Ngọc Đức","LoaiCT":13,"DTXDCT":136.42,"ChieuCaoCT":33.8,"SoNha":"số 354","TenDuong":"Nguyễn Thị Minh Khai","PhuongXa":"Phường 5","QuanHuyenTP":"Quận 3","MaPhuongXa":"77027151","MaQuanHuyenTP":"770"}},{"type":"Feature","id":"QHXD_NhaCaoTang_point.298","geometry":{"type":"Point","coordinates":[106.68490289,10.77571947]},"geometry_name":"geom","properties":{"id":298,"OBJECTID":298,"TenCT":"Trung tâm thương mại","TenDA":"Trung tâm thương mại","ChuDauTu":"Trần Thị Hường và Nguyễn Chấn","LoaiCT":7,"DTXDCT":1361,"ChieuCaoCT":22.2,"SoNha":"201-203","TenDuong":"Cách Mạng Tháng 8","PhuongXa":"Phường 4","QuanHuyenTP":"Quận 3","MaPhuongXa":"77027148","MaQuanHuyenTP":"770"}},{"type":"Feature","id":"QHXD_NhaCaoTang_point.310","geometry":{"type":"Point","coordinates":[106.70248902,10.76482513]},"geometry_name":"geom","properties":{"id":310,"OBJECTID":310,"TenCT":"Nhà văn phòng","TenDA":"Nhà văn phòng","ChuDauTu":"Công ty cổ phần Cơ điện lạnh (REE)","LoaiCT":13,"DTXDCT":1158.5,"ChieuCaoCT":92.3,"SoNha":"9","TenDuong":"Đoàn Văn Bơ","PhuongXa":"Phường 13","QuanHuyenTP":"Quận 4","MaPhuongXa":"77327259","MaQuanHuyenTP":"773"}},{"type":"Feature","id":"QHXD_NhaCaoTang_point.311","geometry":{"type":"Point","coordinates":[106.70500217,10.76656359]},"geometry_name":"geom","properties":{"id":311,"OBJECTID":311,"TenCT":"Trung tâm Hành chính Quận 4","TenDA":"Trung tâm Hành chính Quận 4","ChuDauTu":"Ban quản lý dự án khu vực đầu tư xây dựng Quận 4","LoaiCT":11,"DTXDCT":1269.54,"ChieuCaoCT":43.2,"SoNha":null,"TenDuong":"Đoàn Như Hài","PhuongXa":"Phường 13","QuanHuyenTP":"Quận 4","MaPhuongXa":"77327259","MaQuanHuyenTP":"773"}},{"type":"Feature","id":"QHXD_NhaCaoTang_point.312","geometry":{"type":"Point","coordinates":[106.70429319,10.76619929]},"geometry_name":"geom","properties":{"id":312,"OBJECTID":312,"TenCT":"Cao ốc văn phòng Cotec Building","TenDA":"Cao ốc văn phòng Cotec Building","ChuDauTu":"Công ty cổ phần XNK và kinh doanh tổng hợp mía đường","LoaiCT":13,"DTXDCT":179.2,"ChieuCaoCT":44.3,"SoNha":"14","TenDuong":"Nguyễn Trường Tộ","PhuongXa":"Phường 13","QuanHuyenTP":"Quận 4","MaPhuongXa":"77327259","MaQuanHuyenTP":"773"}},{"type":"Feature","id":"QHXD_NhaCaoTang_point.313","geometry":{"type":"Point","coordinates":[106.70549094,10.76387121]},"geometry_name":"geom","properties":{"id":313,"OBJECTID":313,"TenCT":"Nhà văn phòng","TenDA":"Nhà văn phòng","ChuDauTu":"Cty dịch vụ công ích Q4","LoaiCT":13,"DTXDCT":null,"ChieuCaoCT":51.48,"SoNha":"01","TenDuong":"Đinh Lễ","PhuongXa":"Phường 13","QuanHuyenTP":"Quận 4","MaPhuongXa":"77327259","MaQuanHuyenTP":"773"}},{"type":"Feature","id":"QHXD_NhaCaoTang_point.314","geometry":{"type":"Point","coordinates":[106.70553913,10.76750545]},"geometry_name":"geom","properties":{"id":314,"OBJECTID":314,"TenCT":"Nhà điều hành làm việc và trung tâm thông tin thư viện","TenDA":"Nhà điều hành làm việc và trung tâm thông tin thư viện","ChuDauTu":"Trường Đại học Luật TP.HCM","LoaiCT":3,"DTXDCT":null,"ChieuCaoCT":39.8,"SoNha":"2","TenDuong":"Nguyễn Tất Thành","PhuongXa":"Phường 13","QuanHuyenTP":"Quận 4","MaPhuongXa":"77327259","MaQuanHuyenTP":"773"}},{"type":"Feature","id":"QHXD_NhaCaoTang_point.315","geometry":{"type":"Point","coordinates":[106.70228999,10.76522223]},"geometry_name":"geom","properties":{"id":315,"OBJECTID":315,"TenCT":"Trung tâm y tế quận 4","TenDA":"Trung tâm y tế quận 4","ChuDauTu":"UBND Quận 4","LoaiCT":4,"DTXDCT":null,"ChieuCaoCT":18.5,"SoNha":"64","TenDuong":"Bến Vân Đồn","PhuongXa":"Phường 13","QuanHuyenTP":"Quận 4","MaPhuongXa":"77327259","MaQuanHuyenTP":"773"}},{"type":"Feature","id":"QHXD_NhaCaoTang_point.316","geometry":{"type":"Point","coordinates":[106.70503065,10.76307925]},"geometry_name":"geom","properties":{"id":316,"OBJECTID":316,"TenCT":"Chung cư Đoàn Văn Bơ","TenDA":"Chung cư Đoàn Văn Bơ","ChuDauTu":"UBND Q.4","LoaiCT":1,"DTXDCT":null,"ChieuCaoCT":null,"SoNha":null,"TenDuong":null,"PhuongXa":"Phường 13","QuanHuyenTP":"Quận 4","MaPhuongXa":"77327259","MaQuanHuyenTP":"773"}},{"type":"Feature","id":"QHXD_NhaCaoTang_point.317","geometry":{"type":"Point","coordinates":[106.70344042,10.76529499]},"geometry_name":"geom","properties":{"id":317,"OBJECTID":317,"TenCT":"Trường tiểu học","TenDA":"Trường tiểu học","ChuDauTu":"BQLDA Khu vực ĐTXD Q4","LoaiCT":3,"DTXDCT":643.94,"ChieuCaoCT":13.27,"SoNha":"57","TenDuong":"Lê Quốc Hưng","PhuongXa":"Phường 13","QuanHuyenTP":"Quận 4","MaPhuongXa":"77327259","MaQuanHuyenTP":"773"}},{"type":"Feature","id":"QHXD_NhaCaoTang_point.318","geometry":{"type":"Point","coordinates":[106.70500666,10.76701897]},"geometry_name":"geom","properties":{"id":318,"OBJECTID":318,"TenCT":"Khối F","TenDA":"Trường PTTH Nguyễn Khuyến","ChuDauTu":"BQLDA khu vực đầu tư xây dựng  Q.4","LoaiCT":3,"DTXDCT":335.75,"ChieuCaoCT":11,"SoNha":null,"TenDuong":"Bến Vân Đồn","PhuongXa":"Phường 13","QuanHuyenTP":"Quận 4","MaPhuongXa":"77327259","MaQuanHuyenTP":"773"}},{"type":"Feature","id":"QHXD_NhaCaoTang_point.319","geometry":{"type":"Point","coordinates":[106.70456181,10.76719958]},"geometry_name":"geom","properties":{"id":319,"OBJECTID":319,"TenCT":"Khối B","TenDA":"Trường PTTH Nguyễn Khuyến","ChuDauTu":"BQLDA khu vực đầu tư xây dựng  Q.4","LoaiCT":3,"DTXDCT":640,"ChieuCaoCT":14.5,"SoNha":null,"TenDuong":"Bến Vân Đồn","PhuongXa":"Phường 13","QuanHuyenTP":"Quận 4","MaPhuongXa":"77327259","MaQuanHuyenTP":"773"}},{"type":"Feature","id":"QHXD_NhaCaoTang_point.320","geometry":{"type":"Point","coordinates":[106.7046859,10.76746004]},"geometry_name":"geom","properties":{"id":320,"OBJECTID":320,"TenCT":"Khối A","TenDA":"Trường PTTH Nguyễn Khuyến","ChuDauTu":"BQLDA khu vực đầu tư xây dựng  Q.4","LoaiCT":3,"DTXDCT":572.85,"ChieuCaoCT":17.8,"SoNha":null,"TenDuong":"Bến Vân Đồn","PhuongXa":"Phường 13","QuanHuyenTP":"Quận 4","MaPhuongXa":"77327259","MaQuanHuyenTP":"773"}},{"type":"Feature","id":"QHXD_NhaCaoTang_point.321","geometry":{"type":"Point","coordinates":[106.70483782,10.76711625]},"geometry_name":"geom","properties":{"id":321,"OBJECTID":321,"TenCT":"Khối C","TenDA":"Trường PTTH Nguyễn Khuyến","ChuDauTu":"BQLDA khu vực đầu tư xây dựng  Q.4","LoaiCT":3,"DTXDCT":637.38,"ChieuCaoCT":17.8,"SoNha":null,"TenDuong":"Bến Vân Đồn","PhuongXa":"Phường 13","QuanHuyenTP":"Quận 4","MaPhuongXa":"77327259","MaQuanHuyenTP":"773"}},{"type":"Feature","id":"QHXD_NhaCaoTang_point.322","geometry":{"type":"Point","coordinates":[106.70507392,10.76737182]},"geometry_name":"geom","properties":{"id":322,"OBJECTID":322,"TenCT":"Khối D","TenDA":"Trường PTTH Nguyễn Khuyến","ChuDauTu":"BQLDA khu vực đầu tư xây dựng  Q.4","LoaiCT":3,"DTXDCT":322.5,"ChieuCaoCT":17.8,"SoNha":null,"TenDuong":"Bến Vân Đồn","PhuongXa":"Phường 13","QuanHuyenTP":"Quận 4","MaPhuongXa":"77327259","MaQuanHuyenTP":"773"}},{"type":"Feature","id":"QHXD_NhaCaoTang_point.323","geometry":{"type":"Point","coordinates":[106.70499406,10.76764497]},"geometry_name":"geom","properties":{"id":323,"OBJECTID":323,"TenCT":"Khối E","TenDA":"Trường PTTH Nguyễn Khuyến","ChuDauTu":"BQLDA khu vực đầu tư xây dựng  Q.4","LoaiCT":3,"DTXDCT":722.24,"ChieuCaoCT":14.5,"SoNha":null,"TenDuong":"Bến Vân Đồn","PhuongXa":"Phường 13","QuanHuyenTP":"Quận 4","MaPhuongXa":"77327259","MaQuanHuyenTP":"773"}},{"type":"Feature","id":"QHXD_NhaCaoTang_point.324","geometry":{"type":"Point","coordinates":[106.70983603,10.7609221]},"geometry_name":"geom","properties":{"id":324,"OBJECTID":324,"TenCT":"Trường tiểu học Bến Cảng","TenDA":"Trường tiểu học Bến Cảng","ChuDauTu":"UBND Q.4","LoaiCT":3,"DTXDCT":655.61,"ChieuCaoCT":12.56,"SoNha":"298B","TenDuong":"Nguyễn Tất Thành","PhuongXa":"Phường 13","QuanHuyenTP":"Quận 4","MaPhuongXa":"77327259","MaQuanHuyenTP":"773"}},{"type":"Feature","id":"QHXD_NhaCaoTang_point.325","geometry":{"type":"Point","coordinates":[106.70317982,10.7656955]},"geometry_name":"geom","properties":{"id":325,"OBJECTID":325,"TenCT":"Tòa nhà Văn Phòng và Căn hộ Cho thuê","TenDA":"Tòa nhà Văn Phòng và Căn hộ Cho thuê","ChuDauTu":"Cty Xuất Nhập Khẩu Khánh Hội","LoaiCT":13,"DTXDCT":1163,"ChieuCaoCT":100.9,"SoNha":"56","TenDuong":"Bến Vân Đồn","PhuongXa":"Phường 13","QuanHuyenTP":"Quận 4","MaPhuongXa":"77327259","MaQuanHuyenTP":"773"}},{"type":"Feature","id":"QHXD_NhaCaoTang_point.326","geometry":{"type":"Point","coordinates":[106.70649146,10.76782666]},"geometry_name":"geom","properties":{"id":326,"OBJECTID":326,"TenCT":"Bảo tàng Hồ Chí Minh Quận 4_Nhà trưng bày chuyên đề","TenDA":"Bảo tàng Hồ Chí Minh","ChuDauTu":"Bảo tàng Hồ Chí Minh - Chi nhánh TP.Hồ Chí Minh","LoaiCT":6,"DTXDCT":516.2,"ChieuCaoCT":6.2,"SoNha":"01","TenDuong":"Nguyễn Tất Thành","PhuongXa":"Phường 13","QuanHuyenTP":"Quận 4","MaPhuongXa":"77327259","MaQuanHuyenTP":"773"}},{"type":"Feature","id":"QHXD_NhaCaoTang_point.327","geometry":{"type":"Point","coordinates":[106.70692577,10.76801641]},"geometry_name":"geom","properties":{"id":327,"OBJECTID":327,"TenCT":"Bảo tàng Hồ Chí Minh quận 4_Phòng vé, quầy lưu niệm","TenDA":"Bảo tàng Hồ Chí Minh","ChuDauTu":"Bảo tàng Hồ Chí Minh-Chi nhánh TP.Hồ Chí Minh","LoaiCT":6,"DTXDCT":48,"ChieuCaoCT":3,"SoNha":"01","TenDuong":"Nguyễn Tất Thành","PhuongXa":"Phường 13","QuanHuyenTP":"Quận 4","MaPhuongXa":"77327259","MaQuanHuyenTP":"773"}},{"type":"Feature","id":"QHXD_NhaCaoTang_point.328","geometry":{"type":"Point","coordinates":[106.7066071,10.76585172]},"geometry_name":"geom","properties":{"id":328,"OBJECTID":328,"TenCT":"Khối Trước 10 tầng","TenDA":"Văn phòng làm việc","ChuDauTu":"Tổng Cty Công nghiệp Sài Gòn-TNHH MTV","LoaiCT":13,"DTXDCT":null,"ChieuCaoCT":39.8,"SoNha":"58-60","TenDuong":"Nguyễn Tất Thành","PhuongXa":"Phường 13","QuanHuyenTP":"Quận 4","MaPhuongXa":"77327259","MaQuanHuyenTP":"773"}},{"type":"Feature","id":"QHXD_NhaCaoTang_point.329","geometry":{"type":"Point","coordinates":[106.70641673,10.7659235]},"geometry_name":"geom","properties":{"id":329,"OBJECTID":329,"TenCT":"Khối Sau 12 tầng","TenDA":"Văn phòng làm việc","ChuDauTu":"Tổng Cty Công nghiệp Sài Gòn-TNHH MTV","LoaiCT":13,"DTXDCT":null,"ChieuCaoCT":47.3,"SoNha":"58-60","TenDuong":"Nguyễn Tất Thành","PhuongXa":"Phường 13","QuanHuyenTP":"Quận 4","MaPhuongXa":"77327259","MaQuanHuyenTP":"773"}},{"type":"Feature","id":"QHXD_NhaCaoTang_point.330","geometry":{"type":"Point","coordinates":[106.70600644,10.76573409]},"geometry_name":"geom","properties":{"id":330,"OBJECTID":330,"TenCT":"Trụ sở làm việc Chi cục thuế Quận 4","TenDA":"Trụ sở làm việc Chi cục thuế Quận 4","ChuDauTu":"Cục thuế TP HCM","LoaiCT":11,"DTXDCT":240.3,"ChieuCaoCT":33.3,"SoNha":"15/28-30","TenDuong":"Đoàn Như Hài","PhuongXa":"Phường 13","QuanHuyenTP":"Quận 4","MaPhuongXa":"77327259","MaQuanHuyenTP":"773"}},{"type":"Feature","id":"QHXD_NhaCaoTang_point.331","geometry":{"type":"Point","coordinates":[106.71128136,10.76054816]},"geometry_name":"geom","properties":{"id":331,"OBJECTID":331,"TenCT":"Chùa Đức Quang","TenDA":"Chùa Đức Quang","ChuDauTu":"Chùa Đức Quang","LoaiCT":6,"DTXDCT":101.8,"ChieuCaoCT":22,"SoNha":"330","TenDuong":"Nguyễn Tất Thành","PhuongXa":"Phường 13","QuanHuyenTP":"Quận 4","MaPhuongXa":"77327259","MaQuanHuyenTP":"773"}},{"type":"Feature","id":"QHXD_NhaCaoTang_point.332","geometry":{"type":"Point","coordinates":[106.70658783,10.76550277]},"geometry_name":"geom","properties":{"id":332,"OBJECTID":332,"TenCT":"Nhà khách NHNN và PTNT Việt Nam","TenDA":"Nhà khách NHNN và PTNT Việt Nam","ChuDauTu":"Ngân hàng NN & PTNT Việt Nam - Khu vực miền Nam","LoaiCT":12,"DTXDCT":314.67,"ChieuCaoCT":29.9,"SoNha":"20/1","TenDuong":"Hoàng Diệu","PhuongXa":"Phường 13","QuanHuyenTP":"Quận 4","MaPhuongXa":"77327259","MaQuanHuyenTP":"773"}},{"type":"Feature","id":"QHXD_NhaCaoTang_point.333","geometry":{"type":"Point","coordinates":[106.70546612,10.76593217]},"geometry_name":"geom","properties":{"id":333,"OBJECTID":333,"TenCT":"Chùa Linh Sơn","TenDA":"Chùa Linh Sơn","ChuDauTu":"Chùa Linh Sơn","LoaiCT":6,"DTXDCT":56.3,"ChieuCaoCT":13.8,"SoNha":"số 43/20","TenDuong":"Đoàn Như Hài","PhuongXa":"Phường 13","QuanHuyenTP":"Quận 4","MaPhuongXa":"77327259","MaQuanHuyenTP":"773"}},{"type":"Feature","id":"QHXD_NhaCaoTang_point.334","geometry":{"type":"Point","coordinates":[106.7022467,10.76260625]},"geometry_name":"geom","properties":{"id":334,"OBJECTID":334,"TenCT":"Chung cư lô H2","TenDA":"Chung cư lô H2","ChuDauTu":"Công ty Dịch vụ công ích Quận 4","LoaiCT":1,"DTXDCT":2787,"ChieuCaoCT":75.1,"SoNha":null,"TenDuong":"Hoàng Diệu","PhuongXa":"Phường 8","QuanHuyenTP":"Quận 4","MaPhuongXa":"77327268","MaQuanHuyenTP":"773"}},{"type":"Feature","id":"QHXD_NhaCaoTang_point.335","geometry":{"type":"Point","coordinates":[106.70150606,10.75899479]},"geometry_name":"geom","properties":{"id":335,"OBJECTID":335,"TenCT":"Tháp Phổ Đồng chùa Giác Nguyên","TenDA":"Chùa Giác Nguyên","ChuDauTu":"Chùa Giác Nguyên","LoaiCT":6,"DTXDCT":147,"ChieuCaoCT":39.9,"SoNha":"số 129F/186/2","TenDuong":"Bến Vân Đồn","PhuongXa":"Phường 4","QuanHuyenTP":"Quận 4","MaPhuongXa":"77327283","MaQuanHuyenTP":"773"}},{"type":"Feature","id":"QHXD_NhaCaoTang_point.336","geometry":{"type":"Point","coordinates":[106.70188633,10.75580899]},"geometry_name":"geom","properties":{"id":336,"OBJECTID":336,"TenCT":"Chung cư Vĩnh Hội","TenDA":"Chung cư Vĩnh Hội","ChuDauTu":"Cty TNHH MTV Dịch vụ công ích Quận 4","LoaiCT":13,"DTXDCT":1186,"ChieuCaoCT":59.76,"SoNha":null,"TenDuong":"V?nh H?i","PhuongXa":"Phường 4","QuanHuyenTP":"Quận 4","MaPhuongXa":"77327283","MaQuanHuyenTP":"773"}},{"type":"Feature","id":"QHXD_NhaCaoTang_point.337","geometry":{"type":"Point","coordinates":[106.70174236,10.75916952]},"geometry_name":"geom","properties":{"id":337,"OBJECTID":337,"TenCT":"Chánh điện Chùa GIác Nguyên","TenDA":"Chùa Giác Nguyên","ChuDauTu":"Chùa Giác Nguyên","LoaiCT":6,"DTXDCT":884.26,"ChieuCaoCT":28.89,"SoNha":"số 129F/186/2","TenDuong":"Bến Vân Đồn","PhuongXa":"Phường 4","QuanHuyenTP":"Quận 4","MaPhuongXa":"77327283","MaQuanHuyenTP":"773"}},{"type":"Feature","id":"QHXD_NhaCaoTang_point.338","geometry":{"type":"Point","coordinates":[106.70192343,10.75883422]},"geometry_name":"geom","properties":{"id":338,"OBJECTID":338,"TenCT":"Tăng đường Chùa Giác Nguyên","TenDA":"Chùa Giác Nguyên","ChuDauTu":"Chùa Giác Nguyên","LoaiCT":6,"DTXDCT":651.78,"ChieuCaoCT":14.33,"SoNha":"số 129F/186/2","TenDuong":"Bến Vân Đồn","PhuongXa":"Phường 4","QuanHuyenTP":"Quận 4","MaPhuongXa":"77327283","MaQuanHuyenTP":"773"}},{"type":"Feature","id":"QHXD_NhaCaoTang_point.339","geometry":{"type":"Point","coordinates":[106.70006177,10.75509434]},"geometry_name":"geom","properties":{"id":339,"OBJECTID":339,"TenCT":"Lô B1","TenDA":"Chung cư P3 Q4","ChuDauTu":"Công ty QL PTN Q4","LoaiCT":1,"DTXDCT":null,"ChieuCaoCT":17.58,"SoNha":null,"TenDuong":null,"PhuongXa":"Phường 3","QuanHuyenTP":"Quận 4","MaPhuongXa":"77327286","MaQuanHuyenTP":"773"}},{"type":"Feature","id":"QHXD_NhaCaoTang_point.340","geometry":{"type":"Point","coordinates":[106.70077211,10.75525415]},"geometry_name":"geom","properties":{"id":340,"OBJECTID":340,"TenCT":"Lô B2","TenDA":"Chung cư P3 Q4","ChuDauTu":"Công ty QL PTN Q4","LoaiCT":1,"DTXDCT":null,"ChieuCaoCT":20.175,"SoNha":null,"TenDuong":null,"PhuongXa":"Phường 3","QuanHuyenTP":"Quận 4","MaPhuongXa":"77327286","MaQuanHuyenTP":"773"}},{"type":"Feature","id":"QHXD_NhaCaoTang_point.341","geometry":{"type":"Point","coordinates":[106.70005965,10.75473805]},"geometry_name":"geom","properties":{"id":341,"OBJECTID":341,"TenCT":"Lô B3","TenDA":"Chung cư P3 Q4","ChuDauTu":"Công ty QL PTN Q4","LoaiCT":1,"DTXDCT":null,"ChieuCaoCT":19.36,"SoNha":null,"TenDuong":null,"PhuongXa":"Phường 3","QuanHuyenTP":"Quận 4","MaPhuongXa":"77327286","MaQuanHuyenTP":"773"}},{"type":"Feature","id":"QHXD_NhaCaoTang_point.342","geometry":{"type":"Point","coordinates":[106.69630048,10.75984349]},"geometry_name":"geom","properties":{"id":342,"OBJECTID":342,"TenCT":"Khối Nhà Truyền thống","TenDA":"Trung tâm Văn hoá Quận 4","ChuDauTu":"UBND Quận 4","LoaiCT":6,"DTXDCT":null,"ChieuCaoCT":12.2,"SoNha":"232-236","TenDuong":"Bến Vân Đồn","PhuongXa":"Phường 2","QuanHuyenTP":"Quận 4","MaPhuongXa":"77327292","MaQuanHuyenTP":"773"}},{"type":"Feature","id":"QHXD_NhaCaoTang_point.343","geometry":{"type":"Point","coordinates":[106.6963259,10.75967706]},"geometry_name":"geom","properties":{"id":343,"OBJECTID":343,"TenCT":"Khối nghiệp vụ","TenDA":"Trung tâm Văn hoá Quận 4","ChuDauTu":"UBND Quận 4","LoaiCT":6,"DTXDCT":null,"ChieuCaoCT":10.1,"SoNha":"232-236","TenDuong":"Bến Vân Đồn","PhuongXa":"Phường 2","QuanHuyenTP":"Quận 4","MaPhuongXa":"77327292","MaQuanHuyenTP":"773"}},{"type":"Feature","id":"QHXD_NhaCaoTang_point.344","geometry":{"type":"Point","coordinates":[106.69745936,10.76064093]},"geometry_name":"geom","properties":{"id":344,"OBJECTID":344,"TenCT":"Trường tiểu học Đặng Trần Côn","TenDA":"Trường tiểu học Đặng Trần Côn","ChuDauTu":"BQLDA khu vực đầu tư xây dựng CT Q.4","LoaiCT":3,"DTXDCT":757.68,"ChieuCaoCT":16.5,"SoNha":"220-203","TenDuong":"Bến Vân Đồn","PhuongXa":"Phường 2","QuanHuyenTP":"Quận 4","MaPhuongXa":"77327292","MaQuanHuyenTP":"773"}},{"type":"Feature","id":"QHXD_NhaCaoTang_point.345","geometry":{"type":"Point","coordinates":[106.69459987,10.75826674]},"geometry_name":"geom","properties":{"id":345,"OBJECTID":345,"TenCT":"Chung cư kết hợp thương mại dịch vụ-giai đoạn 2 (phần thân)","TenDA":"Chung cư kết hợp thương mại dịch vụ-giai đoạn 2 (phần thân)","ChuDauTu":"Công ty Cổ phần Thương mại và đầu tư Hồng Hà","LoaiCT":13,"DTXDCT":1106.95,"ChieuCaoCT":82,"SoNha":"278-279-280-281-282-283","TenDuong":"Bến Vân Đồn","PhuongXa":"Phường 2","QuanHuyenTP":"Quận 4","MaPhuongXa":"77327292","MaQuanHuyenTP":"773"}},{"type":"Feature","id":"QHXD_NhaCaoTang_point.346","geometry":{"type":"Point","coordinates":[106.69823992,10.76024738]},"geometry_name":"geom","properties":{"id":346,"OBJECTID":346,"TenCT":"Bảo tháp Chùa Long Bửu","TenDA":"Chùa Long Bửu","ChuDauTu":"Chùa Long Bửu","LoaiCT":6,"DTXDCT":67.24,"ChieuCaoCT":27.2,"SoNha":"183/36A","TenDuong":"Bến Vân Đồn","PhuongXa":"Phường 2","QuanHuyenTP":"Quận 4","MaPhuongXa":"77327292","MaQuanHuyenTP":"773"}},{"type":"Feature","id":"QHXD_NhaCaoTang_point.347","geometry":{"type":"Point","coordinates":[106.69881728,10.76252244]},"geometry_name":"geom","properties":{"id":347,"OBJECTID":347,"TenCT":"Khối tháp 1 (27 tầng)","TenDA":"Cao ốc văn phòng , TTTM và căn hộ","ChuDauTu":"Cty CP bất động sản Thanh Niên","LoaiCT":13,"DTXDCT":null,"ChieuCaoCT":112.5,"SoNha":"151-155","TenDuong":"Bến Vân Đồn","PhuongXa":"Phường 6","QuanHuyenTP":"Quận 4","MaPhuongXa":"77327265","MaQuanHuyenTP":"773"}},{"type":"Feature","id":"QHXD_NhaCaoTang_point.348","geometry":{"type":"Point","coordinates":[106.69944641,10.76177601]},"geometry_name":"geom","properties":{"id":348,"OBJECTID":348,"TenCT":"Khối tháp 2 (33 tầng)","TenDA":"Cao ốc văn phòng , TTTM và căn hộ","ChuDauTu":"Cty CP bất động sản Thanh Niên","LoaiCT":13,"DTXDCT":null,"ChieuCaoCT":123,"SoNha":"151-155","TenDuong":"Bến Vân Đồn","PhuongXa":"Phường 6","QuanHuyenTP":"Quận 4","MaPhuongXa":"77327265","MaQuanHuyenTP":"773"}},{"type":"Feature","id":"QHXD_NhaCaoTang_point.349","geometry":{"type":"Point","coordinates":[106.7101211,10.75546445]},"geometry_name":"geom","properties":{"id":349,"OBJECTID":349,"TenCT":"Trường tiểu học bán trú","TenDA":"Trường tiểu học bán trú","ChuDauTu":"Phòng giáo dục và đào tạo Q.4","LoaiCT":3,"DTXDCT":null,"ChieuCaoCT":12,"SoNha":"181/17","TenDuong":"Xóm Chiếu","PhuongXa":"Phường 16","QuanHuyenTP":"Quận 4","MaPhuongXa":"77327289","MaQuanHuyenTP":"773"}},{"type":"Feature","id":"QHXD_NhaCaoTang_point.350","geometry":{"type":"Point","coordinates":[106.71682546,10.75516573]},"geometry_name":"geom","properties":{"id":350,"OBJECTID":350,"TenCT":"Trường THCS Khánh Hội A - Cải tạo khối A","TenDA":"Trường THCS Khánh Hội A","ChuDauTu":"UBND Q.4","LoaiCT":3,"DTXDCT":null,"ChieuCaoCT":12.4,"SoNha":"A75","TenDuong":"Nguyễn Thần Hiến","PhuongXa":"Phường 18","QuanHuyenTP":"Quận 4","MaPhuongXa":"77327277","MaQuanHuyenTP":"773"}},{"type":"Feature","id":"QHXD_NhaCaoTang_point.351","geometry":{"type":"Point","coordinates":[106.71705189,10.75533864]},"geometry_name":"geom","properties":{"id":351,"OBJECTID":351,"TenCT":"Trường THCS Khánh Hội A - Cải tạo khối B","TenDA":"Trường THCS Khánh Hội A","ChuDauTu":"UBND Q.4","LoaiCT":3,"DTXDCT":null,"ChieuCaoCT":11.9,"SoNha":"A75","TenDuong":"Nguyễn Thần Hiến","PhuongXa":"Phường 18","QuanHuyenTP":"Quận 4","MaPhuongXa":"77327277","MaQuanHuyenTP":"773"}},{"type":"Feature","id":"QHXD_NhaCaoTang_point.352","geometry":{"type":"Point","coordinates":[106.71715321,10.75510875]},"geometry_name":"geom","properties":{"id":352,"OBJECTID":352,"TenCT":"Trường THCS Khánh Hội A - Xây mới khối D","TenDA":"Trường THCS Khánh Hội A","ChuDauTu":"UBND Q.4","LoaiCT":3,"DTXDCT":null,"ChieuCaoCT":11.9,"SoNha":"A75","TenDuong":"Nguyễn Thần Hiến","PhuongXa":"Phường 18","QuanHuyenTP":"Quận 4","MaPhuongXa":"77327277","MaQuanHuyenTP":"773"}},{"type":"Feature","id":"QHXD_NhaCaoTang_point.353","geometry":{"type":"Point","coordinates":[106.71694746,10.75495489]},"geometry_name":"geom","properties":{"id":353,"OBJECTID":353,"TenCT":"Trường THCS Khánh Hội A - Cải tạo khối C","TenDA":"Trường THCS Khánh Hội A","ChuDauTu":"UBND Q.4","LoaiCT":3,"DTXDCT":null,"ChieuCaoCT":11.9,"SoNha":"A75","TenDuong":"Nguyễn Thần Hiến","PhuongXa":"Phường 18","QuanHuyenTP":"Quận 4","MaPhuongXa":"77327277","MaQuanHuyenTP":"773"}},{"type":"Feature","id":"QHXD_NhaCaoTang_point.354","geometry":{"type":"Point","coordinates":[106.7122866,10.75940993]},"geometry_name":"geom","properties":{"id":354,"OBJECTID":354,"TenCT":"Trường tiểu học Đặng Trần Côn","TenDA":"Trường PTTH Nguyễn Trãi","ChuDauTu":"BQLDA  đầu tư xây dựng CT Q.4","LoaiCT":3,"DTXDCT":614.2,"ChieuCaoCT":17.3,"SoNha":"364","TenDuong":"Nguyễn Tất Thành","PhuongXa":"Phường 18","QuanHuyenTP":"Quận 4","MaPhuongXa":"77327277","MaQuanHuyenTP":"773"}},{"type":"Feature","id":"QHXD_NhaCaoTang_point.355","geometry":{"type":"Point","coordinates":[106.7184823,10.75520529]},"geometry_name":"geom","properties":{"id":355,"OBJECTID":355,"TenCT":"Cao ốc Thương mại, dịch vụ và căn hộ","TenDA":"Cao ốc Thương mại, dịch vụ và căn hộ","ChuDauTu":"Công ty Cổ phần Công nghiệp cao su Miền Nam","LoaiCT":13,"DTXDCT":1839,"ChieuCaoCT":66.2,"SoNha":"504","TenDuong":"Nguyễn Tất Thành","PhuongXa":"Phường 18","QuanHuyenTP":"Quận 4","MaPhuongXa":"77327277","MaQuanHuyenTP":"773"}},{"type":"Feature","id":"QHXD_NhaCaoTang_point.356","geometry":{"type":"Point","coordinates":[106.7169434,10.75682918]},"geometry_name":"geom","properties":{"id":356,"OBJECTID":356,"TenCT":"Chùa Nguyên Hương","TenDA":"Chùa Nguyên Hương","ChuDauTu":"Chùa Nguyên Hương","LoaiCT":6,"DTXDCT":100,"ChieuCaoCT":21.2,"SoNha":"347B","TenDuong":"Đoàn Văn Bơ","PhuongXa":"Phường 18","QuanHuyenTP":"Quận 4","MaPhuongXa":"77327277","MaQuanHuyenTP":"773"}},{"type":"Feature","id":"QHXD_NhaCaoTang_point.395","geometry":{"type":"Point","coordinates":[106.69586293,10.79146565]},"geometry_name":"geom","properties":{"id":395,"OBJECTID":395,"TenCT":"Cao ốc văn phòng","TenDA":"Cao ốc văn phòng","ChuDauTu":"Công ty cổ phần Kim Khí TPHCM","LoaiCT":13,"DTXDCT":629,"ChieuCaoCT":58.2,"SoNha":"193","TenDuong":"Đinh Tiên Hoàng","PhuongXa":"Phường Đa Kao","QuanHuyenTP":"Quận 1","MaPhuongXa":"76026737","MaQuanHuyenTP":"760"}},{"type":"Feature","id":"QHXD_NhaCaoTang_point.396","geometry":{"type":"Point","coordinates":[106.6951811,10.78560693]},"geometry_name":"geom","properties":{"id":396,"OBJECTID":396,"TenCT":"Cao ốc văn phòng","TenDA":"Cao ốc văn phòng","ChuDauTu":"Công ty cổ phần kho vận giao nhận ngoại thương TP. HCM","LoaiCT":13,"DTXDCT":409,"ChieuCaoCT":54,"SoNha":"172","TenDuong":"Hai Bà Trưng","PhuongXa":"Phường Đa Kao","QuanHuyenTP":"Quận 1","MaPhuongXa":"76026737","MaQuanHuyenTP":"760"}},{"type":"Feature","id":"QHXD_NhaCaoTang_point.397","geometry":{"type":"Point","coordinates":[106.69797512,10.78577614]},"geometry_name":"geom","properties":{"id":397,"OBJECTID":397,"TenCT":"Nhà văn phòng","TenDA":"Nhà văn phòng","ChuDauTu":"Công ty CP bất động sản tài chính dầu khí VN\r\nTổng công ty dầu Việt Nam- Công ty TNHH một thành viên và\r\nTổng Công ty phân bón và hóa chất dầu khí - Công ty CP","LoaiCT":13,"DTXDCT":null,"ChieuCaoCT":47.4,"SoNha":"43","TenDuong":"Mạc Đỉnh Chi","PhuongXa":"Phường Đa Kao","QuanHuyenTP":"Quận 1","MaPhuongXa":"76026737","MaQuanHuyenTP":"760"}},{"type":"Feature","id":"QHXD_NhaCaoTang_point.398","geometry":{"type":"Point","coordinates":[106.69997648,10.78767688]},"geometry_name":"geom","properties":{"id":398,"OBJECTID":398,"TenCT":"Cao ốc văn phòng công ty 59","TenDA":"Cao ốc văn phòng công ty 59","ChuDauTu":"Công ty 59 Bộ Quốc phòng","LoaiCT":13,"DTXDCT":1404,"ChieuCaoCT":48.8,"SoNha":"9","TenDuong":"Đinh Tiên Hoàng","PhuongXa":"Phường Đa Kao","QuanHuyenTP":"Quận 1","MaPhuongXa":"76026737","MaQuanHuyenTP":"760"}},{"type":"Feature","id":"QHXD_NhaCaoTang_point.399","geometry":{"type":"Point","coordinates":[106.69963519,10.78890343]},"geometry_name":"geom","properties":{"id":399,"OBJECTID":399,"TenCT":"Cao ốc văn phòng","TenDA":"Cao ốc văn phòng","ChuDauTu":"Công ty TNHH Thương Mại & Đầu tư Hồng Ngọc","LoaiCT":13,"DTXDCT":455.96,"ChieuCaoCT":44.7,"SoNha":"60","TenDuong":"Nguyễn Đình Chiểu","PhuongXa":"Phường Đa Kao","QuanHuyenTP":"Quận 1","MaPhuongXa":"76026737","MaQuanHuyenTP":"760"}},{"type":"Feature","id":"QHXD_NhaCaoTang_point.400","geometry":{"type":"Point","coordinates":[106.69634776,10.78470559]},"geometry_name":"geom","properties":{"id":400,"OBJECTID":400,"TenCT":"Cao ốc văn phòng","TenDA":"Cao ốc văn phòng","ChuDauTu":"Bà Vũ Thị Bích Loan","LoaiCT":13,"DTXDCT":748,"ChieuCaoCT":72.4,"SoNha":"144 -146","TenDuong":"Hai Bà Trưng","PhuongXa":"Phường Đa Kao","QuanHuyenTP":"Quận 1","MaPhuongXa":"76026737","MaQuanHuyenTP":"760"}},{"type":"Feature","id":"QHXD_NhaCaoTang_point.401","geometry":{"type":"Point","coordinates":[106.69673684,10.78443348]},"geometry_name":"geom","properties":{"id":401,"OBJECTID":401,"TenCT":"Cao ốc văn phòng","TenDA":"Cao ốc văn phòng","ChuDauTu":"Công ty Quản lý kinh doanh nhà Thành phố\r\nNgười đại diện: Nguyễn Thị Thu Thủy","LoaiCT":13,"DTXDCT":1490.1,"ChieuCaoCT":81.7,"SoNha":"138-142","TenDuong":"Hai Bà Trưng","PhuongXa":"Phường Đa Kao","QuanHuyenTP":"Quận 1","MaPhuongXa":"76026737","MaQuanHuyenTP":"760"}},{"type":"Feature","id":"QHXD_NhaCaoTang_point.402","geometry":{"type":"Point","coordinates":[106.6990012,10.78424868]},"geometry_name":"geom","properties":{"id":402,"OBJECTID":402,"TenCT":"Nhà văn phòng - Nhà ở","TenDA":"Nhà văn phòng - Nhà ở","ChuDauTu":"Bà Kiều Thị Minh Phụng","LoaiCT":13,"DTXDCT":null,"ChieuCaoCT":33.6,"SoNha":"40","TenDuong":"Nguyễn Thị Minh Khai","PhuongXa":"Phường Đa Kao","QuanHuyenTP":"Quận 1","MaPhuongXa":"76026737","MaQuanHuyenTP":"760"}},{"type":"Feature","id":"QHXD_NhaCaoTang_point.403","geometry":{"type":"Point","coordinates":[106.69959163,10.78782183]},"geometry_name":"geom","properties":{"id":403,"OBJECTID":403,"TenCT":"Khách sạn Holiday Inn Sài Gòn","TenDA":"Khách sạn Holiday Inn Sài Gòn","ChuDauTu":"Công ty Liên doanh TNHH Khách sạn hàng không Việt Nam","LoaiCT":10,"DTXDCT":2903,"ChieuCaoCT":51.5,"SoNha":"27B","TenDuong":"Nguyễn Đình Chiểu","PhuongXa":"Phường Đa Kao","QuanHuyenTP":"Quận 1","MaPhuongXa":"76026737","MaQuanHuyenTP":"760"}},{"type":"Feature","id":"QHXD_NhaCaoTang_point.404","geometry":{"type":"Point","coordinates":[106.6951811,10.78560693]},"geometry_name":"geom","properties":{"id":404,"OBJECTID":404,"TenCT":"Cao ốc văn phòng Transimex Sài Gòn","TenDA":"Cao ốc văn phòng Transimex Sài Gòn","ChuDauTu":"Công ty cổ phần kho vận giao nhận ngoại thương TP. HCM","LoaiCT":13,"DTXDCT":409,"ChieuCaoCT":54,"SoNha":"172","TenDuong":"Hai Bà Trưng","PhuongXa":"Phường Đa Kao","QuanHuyenTP":"Quận 1","MaPhuongXa":"76026737","MaQuanHuyenTP":"760"}},{"type":"Feature","id":"QHXD_NhaCaoTang_point.405","geometry":{"type":"Point","coordinates":[106.69586293,10.79146565]},"geometry_name":"geom","properties":{"id":405,"OBJECTID":405,"TenCT":"Cao ốc văn phòng","TenDA":"Cao ốc văn phòng","ChuDauTu":"Công ty cổ phần Kim khí TPHCM","LoaiCT":13,"DTXDCT":629,"ChieuCaoCT":58.2,"SoNha":"193","TenDuong":"Đinh Tiên Hoàng","PhuongXa":"Phường Đa Kao","QuanHuyenTP":"Quận 1","MaPhuongXa":"76026737","MaQuanHuyenTP":"760"}},{"type":"Feature","id":"QHXD_NhaCaoTang_point.406","geometry":{"type":"Point","coordinates":[106.69990036,10.78914222]},"geometry_name":"geom","properties":{"id":406,"OBJECTID":406,"TenCT":"Văn phòng","TenDA":"Văn phòng","ChuDauTu":"Công ty cổ phần đầu tư hạ tầng Việt Nga","LoaiCT":13,"DTXDCT":325,"ChieuCaoCT":48.7,"SoNha":"58","TenDuong":"Nguyễn Đình Chiểu","PhuongXa":"Phường Đa Kao","QuanHuyenTP":"Quận 1","MaPhuongXa":"76026737","MaQuanHuyenTP":"760"}},{"type":"Feature","id":"QHXD_NhaCaoTang_point.407","geometry":{"type":"Point","coordinates":[106.70351178,10.78894212]},"geometry_name":"geom","properties":{"id":407,"OBJECTID":407,"TenCT":"Cao ốc văn phòng thương mại Golden Tower","TenDA":"Cao ốc văn phòng thương mại Golden Tower","ChuDauTu":"Ông Bùi Văn Minh","LoaiCT":13,"DTXDCT":null,"ChieuCaoCT":49,"SoNha":"4","TenDuong":"Nguyễn Bỉnh Khiêm","PhuongXa":"Phường Đa Kao","QuanHuyenTP":"Quận 1","MaPhuongXa":"76026737","MaQuanHuyenTP":"760"}},{"type":"Feature","id":"QHXD_NhaCaoTang_point.408","geometry":{"type":"Point","coordinates":[106.70316375,10.78962867]},"geometry_name":"geom","properties":{"id":408,"OBJECTID":408,"TenCT":"Khu nhà A1","TenDA":"Khu liên hợp căn hộ và văn phòng","ChuDauTu":"Công ty Liên Doanh TNHH Mekong-Hacota","LoaiCT":13,"DTXDCT":697.92,"ChieuCaoCT":48.8,"SoNha":"8A","TenDuong":"Nguyễn Bỉnh Khiêm","PhuongXa":"Phường Đa Kao","QuanHuyenTP":"Quận 1","MaPhuongXa":"76026737","MaQuanHuyenTP":"760"}},{"type":"Feature","id":"QHXD_NhaCaoTang_point.409","geometry":{"type":"Point","coordinates":[106.6994842,10.78512901]},"geometry_name":"geom","properties":{"id":409,"OBJECTID":409,"TenCT":"Trụ sở làm việc và dịch vụ thương mại","TenDA":"Mở rộng công trình","ChuDauTu":"Liên hiệp các xí nghiệp dâu tằm tơ Việt nam","LoaiCT":13,"DTXDCT":8518.7,"ChieuCaoCT":40.7,"SoNha":"12","TenDuong":"Mạc Đỉnh Chi","PhuongXa":"Phường Đa Kao","QuanHuyenTP":"Quận 1","MaPhuongXa":"76026737","MaQuanHuyenTP":"760"}},{"type":"Feature","id":"QHXD_NhaCaoTang_point.410","geometry":{"type":"Point","coordinates":[106.70438865,10.78997031]},"geometry_name":"geom","properties":{"id":410,"OBJECTID":410,"TenCT":"Trụ sở văn phòng làm việc","TenDA":"Trụ sở văn phòng làm việc","ChuDauTu":"Công ty TNHH thương mại Him Lam","LoaiCT":12,"DTXDCT":307.25,"ChieuCaoCT":46.1,"SoNha":"2A","TenDuong":"Nguyễn Thị Minh Khai","PhuongXa":"Phường Đa Kao","QuanHuyenTP":"Quận 1","MaPhuongXa":"76026737","MaQuanHuyenTP":"760"}},{"type":"Feature","id":"QHXD_NhaCaoTang_point.411","geometry":{"type":"Point","coordinates":[106.69795129,10.78340251]},"geometry_name":"geom","properties":{"id":411,"OBJECTID":411,"TenCT":"Khối sau cao 10 tầng","TenDA":"Cao ốc thương mại - Văn phòng","ChuDauTu":"Bà Nguyễn Thị Mỹ","LoaiCT":13,"DTXDCT":null,"ChieuCaoCT":42.6,"SoNha":"112-114-116-118","TenDuong":"Hai Bà Trưng","PhuongXa":"Phường Đa Kao","QuanHuyenTP":"Quận 1","MaPhuongXa":"76026737","MaQuanHuyenTP":"760"}},{"type":"Feature","id":"QHXD_NhaCaoTang_point.412","geometry":{"type":"Point","coordinates":[106.70345228,10.78983228]},"geometry_name":"geom","properties":{"id":412,"OBJECTID":412,"TenCT":"Khu nhà A2","TenDA":"Khu liên hợp căn hộ và văn phòng","ChuDauTu":"Công ty Liên Doanh TNHH Mekong - Hacota","LoaiCT":13,"DTXDCT":697.92,"ChieuCaoCT":48.8,"SoNha":"8A","TenDuong":"Nguyễn Bỉnh Khiêm","PhuongXa":"Phường Đa Kao","QuanHuyenTP":"Quận 1","MaPhuongXa":"76026737","MaQuanHuyenTP":"760"}},{"type":"Feature","id":"QHXD_NhaCaoTang_point.413","geometry":{"type":"Point","coordinates":[106.70342778,10.79016165]},"geometry_name":"geom","properties":{"id":413,"OBJECTID":413,"TenCT":"Khu nhà A3","TenDA":"Khu liên hợp căn hộ và văn phòng","ChuDauTu":"Công ty Liên Doanh TNHH Mekong - Hacota","LoaiCT":13,"DTXDCT":697.92,"ChieuCaoCT":48.8,"SoNha":"8A","TenDuong":"Nguyễn Bỉnh Khiêm","PhuongXa":"Phường Đa Kao","QuanHuyenTP":"Quận 1","MaPhuongXa":"76026737","MaQuanHuyenTP":"760"}},{"type":"Feature","id":"QHXD_NhaCaoTang_point.414","geometry":{"type":"Point","coordinates":[106.70234605,10.78939294]},"geometry_name":"geom","properties":{"id":414,"OBJECTID":414,"TenCT":"Văn Phòng","TenDA":"Văn Phòng","ChuDauTu":"Trần Quốc Cường","LoaiCT":13,"DTXDCT":null,"ChieuCaoCT":38.8,"SoNha":"33C-33D-33E","TenDuong":"Nguyễn Bỉnh Khiêm","PhuongXa":"Phường Đa Kao","QuanHuyenTP":"Quận 1","MaPhuongXa":"76026737","MaQuanHuyenTP":"760"}},{"type":"Feature","id":"QHXD_NhaCaoTang_point.415","geometry":{"type":"Point","coordinates":[106.69805457,10.79065957]},"geometry_name":"geom","properties":{"id":415,"OBJECTID":415,"TenCT":"Nhà văn phòng","TenDA":null,"ChuDauTu":"Lê Thị Tâm","LoaiCT":13,"DTXDCT":157.55,"ChieuCaoCT":37.7,"SoNha":"49","TenDuong":"Điện Biên Phủ","PhuongXa":"Phường Đa Kao","QuanHuyenTP":"Quận 1","MaPhuongXa":"76026737","MaQuanHuyenTP":"760"}},{"type":"Feature","id":"QHXD_NhaCaoTang_point.416","geometry":{"type":"Point","coordinates":[106.6989276,10.78476082]},"geometry_name":"geom","properties":{"id":416,"OBJECTID":416,"TenCT":"Cao Ốc Văn Phòng Số 33 Bis và 33 Ter Mạc Đỉnh Chi","TenDA":"Cao Ốc Văn Phòng 33 Ter và 33 Bis Mạc Đỉnh Chi","ChuDauTu":"Ông Nguyễn Khắc Phong và Bà Trương Thị Lệ","LoaiCT":13,"DTXDCT":484.6,"ChieuCaoCT":36,"SoNha":"33Bis và 33Ter","TenDuong":"Mạc Đỉnh Chi","PhuongXa":"Phường Đa Kao","QuanHuyenTP":"Quận 1","MaPhuongXa":"76026737","MaQuanHuyenTP":"760"}},{"type":"Feature","id":"QHXD_NhaCaoTang_point.417","geometry":{"type":"Point","coordinates":[106.6953513,10.78774148]},"geometry_name":"geom","properties":{"id":417,"OBJECTID":417,"TenCT":"Cao ốc Nam An","TenDA":"Cao ốc An Nam","ChuDauTu":"Nguyễn Thị Phương","LoaiCT":13,"DTXDCT":null,"ChieuCaoCT":37,"SoNha":"167, 169","TenDuong":"Điện Biên Phủ","PhuongXa":"Phường Đa Kao","QuanHuyenTP":"Quận 1","MaPhuongXa":"76026737","MaQuanHuyenTP":"760"}},{"type":"Feature","id":"QHXD_NhaCaoTang_point.418","geometry":{"type":"Point","coordinates":[106.69491949,10.78707972]},"geometry_name":"geom","properties":{"id":418,"OBJECTID":418,"TenCT":"Cao ốc văn phòng","TenDA":"Cao ốc văn phòng","ChuDauTu":"Bà Nguyễn Thị Thu Tâm\r\nông Lê Huỳnh Thọ","LoaiCT":12,"DTXDCT":218.86,"ChieuCaoCT":34.5,"SoNha":"47-49-51","TenDuong":"Phùng Khắc Khoan","PhuongXa":"Phường Đa Kao","QuanHuyenTP":"Quận 1","MaPhuongXa":"76026737","MaQuanHuyenTP":"760"}},{"type":"Feature","id":"QHXD_NhaCaoTang_point.419","geometry":{"type":"Point","coordinates":[106.69831143,10.78451393]},"geometry_name":"geom","properties":{"id":419,"OBJECTID":419,"TenCT":"Cao ốc văn phòng - căn hộ Nam Vương","TenDA":"Cao ốc văn phòng - căn hộ Nam Vương","ChuDauTu":"Cty TNHH Nam Vương","LoaiCT":13,"DTXDCT":280,"ChieuCaoCT":44.7,"SoNha":"8A-8B","TenDuong":"Phùng Khắc Khoan","PhuongXa":"Phường Đa Kao","QuanHuyenTP":"Quận 1","MaPhuongXa":"76026737","MaQuanHuyenTP":"760"}},{"type":"Feature","id":"QHXD_NhaCaoTang_point.420","geometry":{"type":"Point","coordinates":[106.70257875,10.79004405]},"geometry_name":"geom","properties":{"id":420,"OBJECTID":420,"TenCT":"Nhà ở cao tầng dãy B-B","TenDA":"Nhà ở 8 Nguyễn Bỉnh Khiêm, Phường Đakao, Quận 1.","ChuDauTu":"Xí nghiệp Mỹ Thuật kỹ thuật xây dựng MYKYCO","LoaiCT":1,"DTXDCT":null,"ChieuCaoCT":31.8,"SoNha":"08","TenDuong":"Nguyễn Bỉnh Khiêm","PhuongXa":"Phường Đa Kao","QuanHuyenTP":"Quận 1","MaPhuongXa":"76026737","MaQuanHuyenTP":"760"}},{"type":"Feature","id":"QHXD_NhaCaoTang_point.421","geometry":{"type":"Point","coordinates":[106.70298405,10.79044205]},"geometry_name":"geom","properties":{"id":421,"OBJECTID":421,"TenCT":"Nhà ở cao tầng dãy A-A","TenDA":"Nhà ở 8 Nguyễn Bỉnh Khiêm, Phường Đakao, Quận 1.","ChuDauTu":"Xí nghiệp Mỹ Thuật kỹ thuật xây dựng MYKYCO","LoaiCT":1,"DTXDCT":null,"ChieuCaoCT":31.8,"SoNha":"8A","TenDuong":"Nguyễn Bỉnh Khiêm","PhuongXa":"Phường Đa Kao","QuanHuyenTP":"Quận 1","MaPhuongXa":"76026737","MaQuanHuyenTP":"760"}},{"type":"Feature","id":"QHXD_NhaCaoTang_point.422","geometry":{"type":"Point","coordinates":[106.69569281,10.78923462]},"geometry_name":"geom","properties":{"id":422,"OBJECTID":422,"TenCT":"Trường PTCS Huỳnh Khương Ninh","TenDA":"Trường PTCS Huỳnh Khương Ninh","ChuDauTu":"UBND Q.1","LoaiCT":3,"DTXDCT":787,"ChieuCaoCT":14.85,"SoNha":"61","TenDuong":"Huỳnh Khương Ninh","PhuongXa":"Phường Đa Kao","QuanHuyenTP":"Quận 1","MaPhuongXa":"76026737","MaQuanHuyenTP":"760"}},{"type":"Feature","id":"QHXD_NhaCaoTang_point.423","geometry":{"type":"Point","coordinates":[106.69781395,10.78803231]},"geometry_name":"geom","properties":{"id":423,"OBJECTID":423,"TenCT":"Trường THCS Trần Văn Ơn","TenDA":"Trường THCS Trần Văn Ơn","ChuDauTu":"UBND Quận 1","LoaiCT":3,"DTXDCT":797.46,"ChieuCaoCT":14.4,"SoNha":"161B","TenDuong":"Nguyễn Văn Thủ","PhuongXa":"Phường Đa Kao","QuanHuyenTP":"Quận 1","MaPhuongXa":"76026737","MaQuanHuyenTP":"760"}},{"type":"Feature","id":"QHXD_NhaCaoTang_point.424","geometry":{"type":"Point","coordinates":[106.70162631,10.78791109]},"geometry_name":"geom","properties":{"id":424,"OBJECTID":424,"TenCT":"Trường THPT Năng Khiếu TDTT","TenDA":"Trường THPT Năng Khiếu TDTT","ChuDauTu":"Sở TDTT","LoaiCT":3,"DTXDCT":1425,"ChieuCaoCT":27.2,"SoNha":"2","TenDuong":"Đinh Tiên Hoàng","PhuongXa":"Phường Đa Kao","QuanHuyenTP":"Quận 1","MaPhuongXa":"76026737","MaQuanHuyenTP":"760"}},{"type":"Feature","id":"QHXD_NhaCaoTang_point.425","geometry":{"type":"Point","coordinates":[106.70009604,10.78935173]},"geometry_name":"geom","properties":{"id":425,"OBJECTID":425,"TenCT":"Cao ốc Văn phòng","TenDA":"Cao ốc Văn phòng","ChuDauTu":"Cty TNHH Khảo sát Thiết kế-TV-XD M.D.C","LoaiCT":13,"DTXDCT":266.2,"ChieuCaoCT":51,"SoNha":"56","TenDuong":"Nguyễn Đình Chiểu","PhuongXa":"Phường Đa Kao","QuanHuyenTP":"Quận 1","MaPhuongXa":"76026737","MaQuanHuyenTP":"760"}},{"type":"Feature","id":"QHXD_NhaCaoTang_point.426","geometry":{"type":"Point","coordinates":[106.7004376,10.79059047]},"geometry_name":"geom","properties":{"id":426,"OBJECTID":426,"TenCT":"Xây mới khối B1","TenDA":"Trường TH Công nghiệp Thành phố","ChuDauTu":"Trường TH Công nghiệp Thành phố","LoaiCT":3,"DTXDCT":null,"ChieuCaoCT":23.5,"SoNha":"2","TenDuong":"Mai Thi Lựu","PhuongXa":"Phường Đa Kao","QuanHuyenTP":"Quận 1","MaPhuongXa":"76026737","MaQuanHuyenTP":"760"}},{"type":"Feature","id":"QHXD_NhaCaoTang_point.427","geometry":{"type":"Point","coordinates":[106.70014618,10.7903822]},"geometry_name":"geom","properties":{"id":427,"OBJECTID":427,"TenCT":"Trường Trung học Công Nghiệp Thành phố","TenDA":"Trường Trung học công nghiệp Thành phố","ChuDauTu":null,"LoaiCT":null,"DTXDCT":null,"ChieuCaoCT":null,"SoNha":"2","TenDuong":"Mai Thi Lựu","PhuongXa":"Phường Đa Kao","QuanHuyenTP":"Quận 1","MaPhuongXa":"76026737","MaQuanHuyenTP":"760"}},{"type":"Feature","id":"QHXD_NhaCaoTang_point.428","geometry":{"type":"Point","coordinates":[106.69841413,10.78485425]},"geometry_name":"geom","properties":{"id":428,"OBJECTID":428,"TenCT":"Nhà Thiếu nhi Quận 1","TenDA":"Nhà thiếu nhi Quận 1","ChuDauTu":"BQL Đầu tư Xây dựng Công trình Q.1","LoaiCT":6,"DTXDCT":1017.5,"ChieuCaoCT":25,"SoNha":"07","TenDuong":"Trần Cao Vân","PhuongXa":"Phường Đa Kao","QuanHuyenTP":"Quận 1","MaPhuongXa":"76026737","MaQuanHuyenTP":"760"}},{"type":"Feature","id":"QHXD_NhaCaoTang_point.429","geometry":{"type":"Point","coordinates":[106.69856022,10.78798495]},"geometry_name":"geom","properties":{"id":429,"OBJECTID":429,"TenCT":"Trung tâm GDTX Lê Quí Đôn_Khối nhà học","TenDA":"Trung tâm GDTX Lê Quí Đôn","ChuDauTu":"TT Giáo dục thường xuyên Lê Quí Đôn","LoaiCT":3,"DTXDCT":307.54,"ChieuCaoCT":21.95,"SoNha":"92","TenDuong":"Nguyễn Đình Chiểu","PhuongXa":"Phường Đa Kao","QuanHuyenTP":"Quận 1","MaPhuongXa":"76026737","MaQuanHuyenTP":"760"}},{"type":"Feature","id":"QHXD_NhaCaoTang_point.430","geometry":{"type":"Point","coordinates":[106.69864638,10.7879052]},"geometry_name":"geom","properties":{"id":430,"OBJECTID":430,"TenCT":"Trung tâm GDTX Lê Quí Đôn_Khối nhà hành chánh","TenDA":"Trung tâm GDTX Lê Quí Đôn","ChuDauTu":"TT Giáo dục thường xuyên Lê Quí Đôn","LoaiCT":3,"DTXDCT":155.5,"ChieuCaoCT":21.95,"SoNha":"92","TenDuong":"Nguyễn Đình Chiểu","PhuongXa":"Phường Đa Kao","QuanHuyenTP":"Quận 1","MaPhuongXa":"76026737","MaQuanHuyenTP":"760"}},{"type":"Feature","id":"QHXD_NhaCaoTang_point.431","geometry":{"type":"Point","coordinates":[106.70113953,10.79246806]},"geometry_name":"geom","properties":{"id":431,"OBJECTID":431,"TenCT":"Phòng thí nghiệm phân tích chất lượng cao","TenDA":"Phòng thí nghiệm phân tích chất lượng cao","ChuDauTu":"TT Dịch vụ Phân tích và Thí nghiệm TP.HCM","LoaiCT":null,"DTXDCT":813,"ChieuCaoCT":308,"SoNha":"02","TenDuong":"Nguyễn Văn Thủ","PhuongXa":"Phường Đa Kao","QuanHuyenTP":"Quận 1","MaPhuongXa":"76026737","MaQuanHuyenTP":"760"}},{"type":"Feature","id":"QHXD_NhaCaoTang_point.432","geometry":{"type":"Point","coordinates":[106.70104476,10.7913012]},"geometry_name":"geom","properties":{"id":432,"OBJECTID":432,"TenCT":"Nhà sinh hoạt Giáo phận Vinh","TenDA":"Trụ sở Giáo phận VInh","ChuDauTu":"Giáo phận Vinh","LoaiCT":6,"DTXDCT":315.55,"ChieuCaoCT":31.6,"SoNha":"32","TenDuong":"Nguyễn Bỉnh Khiêm","PhuongXa":"Phường Đa Kao","QuanHuyenTP":"Quận 1","MaPhuongXa":"76026737","MaQuanHuyenTP":"760"}},{"type":"Feature","id":"QHXD_NhaCaoTang_point.433","geometry":{"type":"Point","coordinates":[106.70120841,10.79148708]},"geometry_name":"geom","properties":{"id":433,"OBJECTID":433,"TenCT":"Nhà lưu trú Giáo phận Vinh","TenDA":"Trụ sở Giáo phận VInh","ChuDauTu":"Giáo phận Vinh","LoaiCT":6,"DTXDCT":179.7,"ChieuCaoCT":18.95,"SoNha":"32","TenDuong":"Nguyễn Bỉnh Khiêm","PhuongXa":"Phường Đa Kao","QuanHuyenTP":"Quận 1","MaPhuongXa":"76026737","MaQuanHuyenTP":"760"}},{"type":"Feature","id":"QHXD_NhaCaoTang_point.434","geometry":{"type":"Point","coordinates":[106.69878141,10.78802111]},"geometry_name":"geom","properties":{"id":434,"OBJECTID":434,"TenCT":"Công ty CP Kiến trúc Đồng Nhân - Nhà văn phòng.","TenDA":"Công ty CP Kiến trúc Đồng Nhân","ChuDauTu":"Công ty CP Kiến trúc Đồng Nhân","LoaiCT":13,"DTXDCT":167.49,"ChieuCaoCT":27,"SoNha":"90","TenDuong":"Nguyễn Đình Chiểu","PhuongXa":"Phường Đa Kao","QuanHuyenTP":"Quận 1","MaPhuongXa":"76026737","MaQuanHuyenTP":"760"}},{"type":"Feature","id":"QHXD_NhaCaoTang_point.435","geometry":{"type":"Point","coordinates":[106.69553434,10.78599103]},"geometry_name":"geom","properties":{"id":435,"OBJECTID":435,"TenCT":"Nhà văn phòng Công ty CP Đầu tư và vận tải Hải Hà.","TenDA":"Nhà văn phòng - Công ty CP Đầu tư vận tải Hải Hà","ChuDauTu":"Công ty CP Đầu tư và vận tải Hải Hà","LoaiCT":13,"DTXDCT":235.93,"ChieuCaoCT":29.5,"SoNha":"217","TenDuong":"Nguyễn Văn Thủ","PhuongXa":"Phường Đa Kao","QuanHuyenTP":"Quận 1","MaPhuongXa":"76026737","MaQuanHuyenTP":"760"}},{"type":"Feature","id":"QHXD_NhaCaoTang_point.436","geometry":{"type":"Point","coordinates":[106.69628531,10.78677991]},"geometry_name":"geom","properties":{"id":436,"OBJECTID":436,"TenCT":"Văn phòng cty CP đại lý vận tải Safi","TenDA":"Văn phòng cty CP đại lý vận tải Safi","ChuDauTu":"Văn phòng cty CP đại lý vận tải Safi","LoaiCT":13,"DTXDCT":217.62,"ChieuCaoCT":28,"SoNha":"số 209","TenDuong":"Nguyễn Văn Thủ","PhuongXa":"Phường Đa Kao","QuanHuyenTP":"Quận 1","MaPhuongXa":"76026737","MaQuanHuyenTP":"760"}},{"type":"Feature","id":"QHXD_NhaCaoTang_point.437","geometry":{"type":"Point","coordinates":[106.69757054,10.7846663]},"geometry_name":"geom","properties":{"id":437,"OBJECTID":437,"TenCT":"Nhà ở kết hợp văn phòng","TenDA":"Nhà ở kết hợp Văn Phòng","ChuDauTu":"Ông Lê Toàn- Bà Đỗ Thị Kim Liên","LoaiCT":13,"DTXDCT":195.85,"ChieuCaoCT":18,"SoNha":"19","TenDuong":"Phùng Khắc Khoan","PhuongXa":"Phường Đa Kao","QuanHuyenTP":"Quận 1","MaPhuongXa":"76026737","MaQuanHuyenTP":"760"}},{"type":"Feature","id":"QHXD_NhaCaoTang_point.438","geometry":{"type":"Point","coordinates":[106.69693187,10.78673335]},"geometry_name":"geom","properties":{"id":438,"OBJECTID":438,"TenCT":"Ủy ban mặt trận tổ quốc Việt Nam","TenDA":"Ủy ban mặt trận tổ quốc Việt Nam","ChuDauTu":"Ủy ban mặt trận tổ quốc Việt Nam","LoaiCT":11,"DTXDCT":453.8,"ChieuCaoCT":27,"SoNha":"số 55","TenDuong":"Mạc Đỉnh Chi","PhuongXa":"Phường Đa Kao","QuanHuyenTP":"Quận 1","MaPhuongXa":"76026737","MaQuanHuyenTP":"760"}},{"type":"Feature","id":"QHXD_NhaCaoTang_point.439","geometry":{"type":"Point","coordinates":[106.70514018,10.7906575]},"geometry_name":"geom","properties":{"id":439,"OBJECTID":439,"TenCT":"Văn Phòng","TenDA":"Văn Phòng","ChuDauTu":"Ông Ngô Văn Nga - bà Phùng Thị Kim Tuyến","LoaiCT":13,"DTXDCT":74,"ChieuCaoCT":20,"SoNha":"2A1","TenDuong":"Nguyễn Thị Minh Khai","PhuongXa":"Phường Đa Kao","QuanHuyenTP":"Quận 1","MaPhuongXa":"76026737","MaQuanHuyenTP":"760"}},{"type":"Feature","id":"QHXD_NhaCaoTang_point.440","geometry":{"type":"Point","coordinates":[106.69489013,10.78586421]},"geometry_name":"geom","properties":{"id":440,"OBJECTID":440,"TenCT":"Nhà làm việc- sở Nông Nghiệp","TenDA":"Nhà làm việc- sở Nông Nghiệp","ChuDauTu":"Sở nông nghiệp","LoaiCT":11,"DTXDCT":243,"ChieuCaoCT":8.8,"SoNha":"số 186 Tự Đức","TenDuong":"Hai Bà Trưng","PhuongXa":"Phường Đa Kao","QuanHuyenTP":"Quận 1","MaPhuongXa":"76026737","MaQuanHuyenTP":"760"}},{"type":"Feature","id":"QHXD_NhaCaoTang_point.441","geometry":{"type":"Point","coordinates":[106.69459037,10.78696853]},"geometry_name":"geom","properties":{"id":441,"OBJECTID":441,"TenCT":"Văn phòng-Khách sạn 173 Điện Biên Phủ","TenDA":"Văn Phòng - Khách Sạn","ChuDauTu":"Cty TNHH MTV Bài Thơ Hạ Long","LoaiCT":10,"DTXDCT":183.02,"ChieuCaoCT":45,"SoNha":"171-173","TenDuong":"Điện Biên Phủ","PhuongXa":"Phường Đa Kao","QuanHuyenTP":"Quận 1","MaPhuongXa":"76026737","MaQuanHuyenTP":"760"}},{"type":"Feature","id":"QHXD_NhaCaoTang_point.442","geometry":{"type":"Point","coordinates":[106.69672652,10.78926842]},"geometry_name":"geom","properties":{"id":442,"OBJECTID":442,"TenCT":"Nhà văn phòng","TenDA":"Nhà VP","ChuDauTu":"Cty CP KT Công NGhệ SG","LoaiCT":13,"DTXDCT":42.27,"ChieuCaoCT":30,"SoNha":"số 95","TenDuong":"Điện Biên Phủ","PhuongXa":"Phường Đa Kao","QuanHuyenTP":"Quận 1","MaPhuongXa":"76026737","MaQuanHuyenTP":"760"}},{"type":"Feature","id":"QHXD_NhaCaoTang_point.443","geometry":{"type":"Point","coordinates":[106.69599572,10.78855108]},"geometry_name":"geom","properties":{"id":443,"OBJECTID":443,"TenCT":"Văn phòng làm việc","TenDA":"Nhà văn phòng","ChuDauTu":"Hà Thanh Hải","LoaiCT":13,"DTXDCT":88.91,"ChieuCaoCT":30.4,"SoNha":"số 145","TenDuong":"Điện Biên Phủ","PhuongXa":"Phường Đa Kao","QuanHuyenTP":"Quận 1","MaPhuongXa":"76026737","MaQuanHuyenTP":"760"}},{"type":"Feature","id":"QHXD_NhaCaoTang_point.444","geometry":{"type":"Point","coordinates":[106.69887286,10.79057614]},"geometry_name":"geom","properties":{"id":444,"OBJECTID":444,"TenCT":"Nhà văn phòng","TenDA":"Nhà Văn Phòng","ChuDauTu":"Cty CP TM DV Sài Gòn Phương Đông","LoaiCT":13,"DTXDCT":457.15,"ChieuCaoCT":35,"SoNha":"12","TenDuong":"Phan Kế Bính","PhuongXa":"Phường Đa Kao","QuanHuyenTP":"Quận 1","MaPhuongXa":"76026737","MaQuanHuyenTP":"760"}},{"type":"Feature","id":"QHXD_NhaCaoTang_point.445","geometry":{"type":"Point","coordinates":[106.69579709,10.78508782]},"geometry_name":"geom","properties":{"id":445,"OBJECTID":445,"TenCT":"Nhà Văn Phòng","TenDA":"Nhà Văn Phòng","ChuDauTu":"Cty CP Văn Hóa Tổng Hợp Bến Thành","LoaiCT":13,"DTXDCT":85.345,"ChieuCaoCT":27.7,"SoNha":"số 160","TenDuong":"Hai Bà Trưng","PhuongXa":"Phường Đa Kao","QuanHuyenTP":"Quận 1","MaPhuongXa":"76026737","MaQuanHuyenTP":"760"}},{"type":"Feature","id":"QHXD_NhaCaoTang_point.446","geometry":{"type":"Point","coordinates":[106.69555394,10.78810892]},"geometry_name":"geom","properties":{"id":446,"OBJECTID":446,"TenCT":"Nhà văn phòng 73 Mạc Đĩnh Chi","TenDA":"Nhà Văn Phòng","ChuDauTu":"Nguyễn duy Lộ - lê Thị Tuyết Mai","LoaiCT":13,"DTXDCT":101.87,"ChieuCaoCT":30.4,"SoNha":"số 73","TenDuong":"Mạc Đỉnh Chi","PhuongXa":"Phường Đa Kao","QuanHuyenTP":"Quận 1","MaPhuongXa":"76026737","MaQuanHuyenTP":"760"}},{"type":"Feature","id":"QHXD_NhaCaoTang_point.447","geometry":{"type":"Point","coordinates":[106.69938795,10.78952286]},"geometry_name":"geom","properties":{"id":447,"OBJECTID":447,"TenCT":"Nhà Văn Phòng kết hợp nhà ở","TenDA":"Nhà Văn Phòng kết hợp nhà ở","ChuDauTu":"Phạm Ngọc Minh","LoaiCT":13,"DTXDCT":151.31,"ChieuCaoCT":23.6,"SoNha":"số 9","TenDuong":"Phan Kế Bính","PhuongXa":"Phường Đa Kao","QuanHuyenTP":"Quận 1","MaPhuongXa":"76026737","MaQuanHuyenTP":"760"}},{"type":"Feature","id":"QHXD_NhaCaoTang_point.448","geometry":{"type":"Point","coordinates":[106.70024058,10.78625746]},"geometry_name":"geom","properties":{"id":448,"OBJECTID":448,"TenCT":"Nhà văn phòng","TenDA":"Nhà văn phòng","ChuDauTu":"Nguyễn Thị Lệ Hà","LoaiCT":13,"DTXDCT":224.64,"ChieuCaoCT":17,"SoNha":"18/19A2","TenDuong":"Nguyễn Thị Minh Khai","PhuongXa":"Phường Đa Kao","QuanHuyenTP":"Quận 1","MaPhuongXa":"76026737","MaQuanHuyenTP":"760"}},{"type":"Feature","id":"QHXD_NhaCaoTang_point.449","geometry":{"type":"Point","coordinates":[106.69610173,10.78753933]},"geometry_name":"geom","properties":{"id":449,"OBJECTID":449,"TenCT":"Nhà văn phòng 63 Mạc Đĩnh Chi","TenDA":"Nhà văn phòng 63 Mạc Đĩnh Chi","ChuDauTu":"Bà Lương Thị Kim Oanh","LoaiCT":13,"DTXDCT":439.8,"ChieuCaoCT":23,"SoNha":"63","TenDuong":"Mạc Đỉnh Chi","PhuongXa":"Phường Đa Kao","QuanHuyenTP":"Quận 1","MaPhuongXa":"76026737","MaQuanHuyenTP":"760"}},{"type":"Feature","id":"QHXD_NhaCaoTang_point.1005","geometry":{"type":"Point","coordinates":[106.68412781,10.78410188]},"geometry_name":"geom","properties":{"id":1005,"OBJECTID":1005,"TenCT":"Cửa hàng giới thiệu sản phẩm","TenDA":"Cửa hàng giới thiệu sản phẩm","ChuDauTu":"Ông Vủ Văn Chấn và Bà Phan Thị Kim Anh","LoaiCT":13,"DTXDCT":null,"ChieuCaoCT":45.15,"SoNha":"180-182","TenDuong":"Lý Chính Thắng","PhuongXa":"Phường 9","QuanHuyenTP":"Quận 3","MaPhuongXa":"77027142","MaQuanHuyenTP":"770"}},{"type":"Feature","id":"QHXD_NhaCaoTang_point.1232","geometry":{"type":"Point","coordinates":[106.68413329,10.80003626]},"geometry_name":"geom","properties":{"id":1232,"OBJECTID":1232,"TenCT":"Bệnh viện đa khoa hoàn mỹ Sài gòn","TenDA":"Bệnh viện đa khoa hoàn mỹ Sài gòn","ChuDauTu":"Cty TNHH bệnh viện đa khoa Hoàn Mỹ","LoaiCT":4,"DTXDCT":1082,"ChieuCaoCT":48.96,"SoNha":"60-60A","TenDuong":"Phan Xích Long","PhuongXa":"Phường 1","QuanHuyenTP":"Quận Phú Nhuận","MaPhuongXa":"76827058","MaQuanHuyenTP":"768"}},{"type":"Feature","id":"QHXD_NhaCaoTang_point.1698","geometry":{"type":"Point","coordinates":[106.68503521,10.79957717]},"geometry_name":"geom","properties":{"id":1698,"OBJECTID":1698,"TenCT":"Trường Kinh tế Đối ngoại","TenDA":"Trường Kinh tế Đối ngoại","ChuDauTu":"Trường Kinh tế Đối ngoại","LoaiCT":3,"DTXDCT":345.49,"ChieuCaoCT":17.98,"SoNha":"76B","TenDuong":"Phan Xích Long","PhuongXa":"Phường 2","QuanHuyenTP":"Quận Phú Nhuận","MaPhuongXa":"76827061","MaQuanHuyenTP":"768"}},{"type":"Feature","id":"QHXD_NhaCaoTang_point.1699","geometry":{"type":"Point","coordinates":[106.68882815,10.79611411]},"geometry_name":"geom","properties":{"id":1699,"OBJECTID":1699,"TenCT":"Quan Âm tu viện","TenDA":"Quan Âm tu viện","ChuDauTu":"Quan Âm tu viện","LoaiCT":6,"DTXDCT":72.2,"ChieuCaoCT":11.1,"SoNha":"519/1","TenDuong":"Cù Lao","PhuongXa":"Phường 2","QuanHuyenTP":"Quận Phú Nhuận","MaPhuongXa":"76827061","MaQuanHuyenTP":"768"}},{"type":"Feature","id":"QHXD_NhaCaoTang_point.1970","geometry":{"type":"Point","coordinates":[106.69959304,10.75092237]},"geometry_name":"geom","properties":{"id":1970,"OBJECTID":1970,"TenCT":"Khu căn hộ cao cấp Hoàng Anh_Khối B","TenDA":"Khu căn hộ cao cấp Hoàng Anh_Khối B","ChuDauTu":"Công ty TNHH xây dựng và phát triển Hoàng Anh","LoaiCT":1,"DTXDCT":1800,"ChieuCaoCT":73.5,"SoNha":"769-783","TenDuong":"Trần Xuân Soạn","PhuongXa":"Phường Tân Hưng","QuanHuyenTP":"Quận 7","MaPhuongXa":"77827475","MaQuanHuyenTP":"778"}},{"type":"Feature","id":"QHXD_NhaCaoTang_point.1971","geometry":{"type":"Point","coordinates":[106.69975686,10.75064124]},"geometry_name":"geom","properties":{"id":1971,"OBJECTID":1971,"TenCT":"Khu căn hộ cao cấp Hoàng Anh_Khối C","TenDA":"Khu căn hộ cao cấp Hoàng Anh_Khối C","ChuDauTu":"Công ty TNHH xây dựng và phát triển nhà Hoàng Anh","LoaiCT":1,"DTXDCT":1800,"ChieuCaoCT":73.5,"SoNha":"769-783","TenDuong":"Trần Xuân Soạn","PhuongXa":"Phường Tân Hưng","QuanHuyenTP":"Quận 7","MaPhuongXa":"77827475","MaQuanHuyenTP":"778"}},{"type":"Feature","id":"QHXD_NhaCaoTang_point.1972","geometry":{"type":"Point","coordinates":[106.70005029,10.75075354]},"geometry_name":"geom","properties":{"id":1972,"OBJECTID":1972,"TenCT":"Khu căn hộ cao cấp Hoàng Anh_ Khối D","TenDA":"Khu căn hộ cao cấp Hoàng Anh_ Khối D","ChuDauTu":"Công ty TNHH xây dựng và phát triển nhà Hoàng Anh","LoaiCT":1,"DTXDCT":610,"ChieuCaoCT":60.9,"SoNha":"769-783","TenDuong":"Trần Xuân Soạn","PhuongXa":"Phường Tân Hưng","QuanHuyenTP":"Quận 7","MaPhuongXa":"77827475","MaQuanHuyenTP":"778"}},{"type":"Feature","id":"QHXD_NhaCaoTang_point.1979","geometry":{"type":"Point","coordinates":[106.69943307,10.75118845]},"geometry_name":"geom","properties":{"id":1979,"OBJECTID":1979,"TenCT":"Khu căn hộ cao cấp Hoàng Anh_Khối A","TenDA":"Khu căn hộ cao cấp Hoàng Anh_Khối A","ChuDauTu":"Công ty TNHH xây dựng và phát triển Hoàng Anh","LoaiCT":1,"DTXDCT":960,"ChieuCaoCT":54.7,"SoNha":"769-783","TenDuong":"Trần Xuân Soạn","PhuongXa":"Phường Tân Hưng","QuanHuyenTP":"Quận 7","MaPhuongXa":"77827475","MaQuanHuyenTP":"778"}},{"type":"Feature","id":"QHXD_NhaCaoTang_point.1985","geometry":{"type":"Point","coordinates":[106.6963897,10.75119716]},"geometry_name":"geom","properties":{"id":1985,"OBJECTID":1985,"TenCT":"Phòng khám đa khoa","TenDA":"Phòng khám đa khoa","ChuDauTu":"Cty TNHH thực phẩm Tam Hợp","LoaiCT":4,"DTXDCT":921.1,"ChieuCaoCT":47.2,"SoNha":"871","TenDuong":"Trần Xuân Soạn","PhuongXa":"Phường Tân Hưng","QuanHuyenTP":"Quận 7","MaPhuongXa":"77827475","MaQuanHuyenTP":"778"}},{"type":"Feature","id":"QHXD_NhaCaoTang_point.3471","geometry":{"type":"Point","coordinates":[106.69506158,10.77092039]},"geometry_name":"geom","properties":{"id":3471,"OBJECTID":3471,"TenCT":"Khách sạn New World","TenDA":"Khách sạn New World","ChuDauTu":"Công ty du lịch Thành phố","LoaiCT":10,"DTXDCT":null,"ChieuCaoCT":null,"SoNha":"76","TenDuong":"Lê Lai","PhuongXa":"Phường Bến Thành","QuanHuyenTP":"Quận 1","MaPhuongXa":"76026743","MaQuanHuyenTP":"760"}},{"type":"Feature","id":"QHXD_NhaCaoTang_point.2013","geometry":{"type":"Point","coordinates":[106.70589069,10.75077227]},"geometry_name":"geom","properties":{"id":2013,"OBJECTID":2013,"TenCT":"Khối chung cư A","TenDA":"Khối chung cư A","ChuDauTu":"Công ty xuất nhập khẩu tổng hợp Sài Gòn","LoaiCT":13,"DTXDCT":2742.4,"ChieuCaoCT":85,"SoNha":null,"TenDuong":"Trần Xuân Soạn","PhuongXa":"Phường Tân Kiểng","QuanHuyenTP":"Quận 7","MaPhuongXa":"77827472","MaQuanHuyenTP":"778"}},{"type":"Feature","id":"QHXD_NhaCaoTang_point.2014","geometry":{"type":"Point","coordinates":[106.70627821,10.75092091]},"geometry_name":"geom","properties":{"id":2014,"OBJECTID":2014,"TenCT":"Khối chung cư B","TenDA":"Khối chung cư B","ChuDauTu":"Công ty xuất nhập khẩu tổng hợp Sài Gòn","LoaiCT":13,"DTXDCT":2742.4,"ChieuCaoCT":80.6,"SoNha":null,"TenDuong":"Trần Xuân Soạn","PhuongXa":"Phường Tân Kiểng","QuanHuyenTP":"Quận 7","MaPhuongXa":"77827472","MaQuanHuyenTP":"778"}},{"type":"Feature","id":"QHXD_NhaCaoTang_point.2015","geometry":{"type":"Point","coordinates":[106.70544009,10.75134155]},"geometry_name":"geom","properties":{"id":2015,"OBJECTID":2015,"TenCT":"Khu trung tâm thương mại - căn hộ","TenDA":"Khu trung tâm thương mại - căn hộ","ChuDauTu":"Công ty xuất nhập khẩu tổng hợp Sài gòn","LoaiCT":13,"DTXDCT":1393.3,"ChieuCaoCT":65.1,"SoNha":null,"TenDuong":"Trần Xuân Soạn","PhuongXa":"Phường Tân Kiểng","QuanHuyenTP":"Quận 7","MaPhuongXa":"77827472","MaQuanHuyenTP":"778"}},{"type":"Feature","id":"QHXD_NhaCaoTang_point.2016","geometry":{"type":"Point","coordinates":[106.70894646,10.75122754]},"geometry_name":"geom","properties":{"id":2016,"OBJECTID":2016,"TenCT":"Chung cư Căn hộ Quốc Cường","TenDA":"Chung cư Căn hộ Quốc Cường","ChuDauTu":"Công ty TNHH Đầu tư phát triển nhà Quốc Cường","LoaiCT":13,"DTXDCT":1219,"ChieuCaoCT":75.6,"SoNha":"28/4","TenDuong":"Trần Xuân Soạn","PhuongXa":"Phường Tân Kiểng","QuanHuyenTP":"Quận 7","MaPhuongXa":"77827472","MaQuanHuyenTP":"778"}},{"type":"Feature","id":"QHXD_NhaCaoTang_point.2017","geometry":{"type":"Point","coordinates":[106.71505611,10.75101441]},"geometry_name":"geom","properties":{"id":2017,"OBJECTID":2017,"TenCT":"Nhà thờ Thuận Phát","TenDA":"Nhà thờ Thuận Phát","ChuDauTu":"Nhà thờ Thuận Phát","LoaiCT":6,"DTXDCT":1095.1,"ChieuCaoCT":41.9,"SoNha":"253","TenDuong":"Trần Xuân Soạn","PhuongXa":"Phường Tân Kiểng","QuanHuyenTP":"Quận 7","MaPhuongXa":"77827472","MaQuanHuyenTP":"778"}},{"type":"Feature","id":"QHXD_NhaCaoTang_point.2020","geometry":{"type":"Point","coordinates":[106.71557768,10.75113262]},"geometry_name":"geom","properties":{"id":2020,"OBJECTID":2020,"TenCT":"Nhà sinh hoạt Giáo xứ Thuận Phát","TenDA":"Nhà sinh hoạt Giáo xứ Thuận Phát","ChuDauTu":"Tu viện Mến Thánh Giá Gò Vấp - Giáo xứ Thuận Phát","LoaiCT":6,"DTXDCT":532.7,"ChieuCaoCT":20.1,"SoNha":"47/1","TenDuong":null,"PhuongXa":"Phường Tân Kiểng","QuanHuyenTP":"Quận 7","MaPhuongXa":"77827472","MaQuanHuyenTP":"778"}},{"type":"Feature","id":"QHXD_NhaCaoTang_point.2026","geometry":{"type":"Point","coordinates":[106.72454984,10.75464378]},"geometry_name":"geom","properties":{"id":2026,"OBJECTID":2026,"TenCT":"Văn phòng làm việc","TenDA":"Tòa nhà văn phòng Petrolimex Sài gòn","ChuDauTu":"Công ty cổ phần Vận tải và dịch vụ Petrolimex Sài gòn","LoaiCT":12,"DTXDCT":496.44,"ChieuCaoCT":43.2,"SoNha":"118","TenDuong":"Hu?nh T?n Phát","PhuongXa":"Phường Tân Thuận Tây","QuanHuyenTP":"Quận 7","MaPhuongXa":"77827469","MaQuanHuyenTP":"778"}},{"type":"Feature","id":"QHXD_NhaCaoTang_point.2027","geometry":{"type":"Point","coordinates":[106.72806527,10.75074532]},"geometry_name":"geom","properties":{"id":2027,"OBJECTID":2027,"TenCT":"Trung tâm kỹ thuật tổng hợp hướng nghiệp","TenDA":"Trung tâm kỹ thuật tổng hợp hướng nghiệp","ChuDauTu":"BQLDA khu vực Q7","LoaiCT":3,"DTXDCT":880.94,"ChieuCaoCT":24.45,"SoNha":"37/2","TenDuong":"Hu?nh T?n Phát","PhuongXa":"Phường Tân Thuận Tây","QuanHuyenTP":"Quận 7","MaPhuongXa":"77827469","MaQuanHuyenTP":"778"}},{"type":"Feature","id":"QHXD_NhaCaoTang_point.2028","geometry":{"type":"Point","coordinates":[106.72602072,10.75318892]},"geometry_name":"geom","properties":{"id":2028,"OBJECTID":2028,"TenCT":"Văn phòng","TenDA":"Văn phòng ông Hà Kiến Lai và bà Đoàn Thị Như Mai - Q7","ChuDauTu":"ông Hà Kiến Lai và bà Đoàn Thị Như Mai","LoaiCT":13,"DTXDCT":450.84,"ChieuCaoCT":18.4,"SoNha":"110","TenDuong":"Nguyễn Văn Linh","PhuongXa":"Phường Tân Thuận Tây","QuanHuyenTP":"Quận 7","MaPhuongXa":"77827469","MaQuanHuyenTP":"778"}},{"type":"Feature","id":"QHXD_NhaCaoTang_point.2029","geometry":{"type":"Point","coordinates":[106.72646703,10.75170754]},"geometry_name":"geom","properties":{"id":2029,"OBJECTID":2029,"TenCT":"Văn phòng làm việc","TenDA":"Văn phòng làm việc-Cty TNHH BĐS Duy Anh tại Tân Thuận Tây, Q7","ChuDauTu":"Cty TNHH BĐS Duy Anh","LoaiCT":12,"DTXDCT":762.2,"ChieuCaoCT":9.75,"SoNha":"số 51","TenDuong":"Nguyễn Văn Linh","PhuongXa":"Phường Tân Thuận Tây","QuanHuyenTP":"Quận 7","MaPhuongXa":"77827469","MaQuanHuyenTP":"778"}},{"type":"Feature","id":"QHXD_NhaCaoTang_point.2050","geometry":{"type":"Point","coordinates":[106.72961945,10.7539133]},"geometry_name":"geom","properties":{"id":2050,"OBJECTID":2050,"TenCT":"Khối tháp chùa Giác Huệ","TenDA":"Chùa Giác Huệ","ChuDauTu":"Chùa Giác Huệ","LoaiCT":6,"DTXDCT":16,"ChieuCaoCT":9.64,"SoNha":"5/8","TenDuong":"Hu?nh T?n Phát","PhuongXa":"Phường Tân Thuận Đông","QuanHuyenTP":"Quận 7","MaPhuongXa":"77827466","MaQuanHuyenTP":"778"}},{"type":"Feature","id":"QHXD_NhaCaoTang_point.2051","geometry":{"type":"Point","coordinates":[106.72981555,10.75391668]},"geometry_name":"geom","properties":{"id":2051,"OBJECTID":2051,"TenCT":"Khối nhà phụ chùa Giác Huệ","TenDA":"Chùa Giác Huệ","ChuDauTu":"Chùa Giác Huệ","LoaiCT":6,"DTXDCT":620,"ChieuCaoCT":7.7,"SoNha":"5/8","TenDuong":"Hu?nh T?n Phát","PhuongXa":"Phường Tân Thuận Đông","QuanHuyenTP":"Quận 7","MaPhuongXa":"77827466","MaQuanHuyenTP":"778"}},{"type":"Feature","id":"QHXD_NhaCaoTang_point.2052","geometry":{"type":"Point","coordinates":[106.72982758,10.75382176]},"geometry_name":"geom","properties":{"id":2052,"OBJECTID":2052,"TenCT":"Chánh điện chùa Giác Huệ","TenDA":"Chùa Giác Huệ","ChuDauTu":"Chùa Giác Huệ","LoaiCT":6,"DTXDCT":620,"ChieuCaoCT":21.05,"SoNha":"5/8","TenDuong":"Hu?nh T?n Phát","PhuongXa":"Phường Tân Thuận Đông","QuanHuyenTP":"Quận 7","MaPhuongXa":"77827466","MaQuanHuyenTP":"778"}},{"type":"Feature","id":"QHXD_NhaCaoTang_point.2171","geometry":{"type":"Point","coordinates":[106.70897697,10.79963938]},"geometry_name":"geom","properties":{"id":2171,"OBJECTID":2171,"TenCT":"Trường PTTH Gia Định_Khối B","TenDA":"Trường PTTH Gia Định","ChuDauTu":"Trường THPT Gia Định","LoaiCT":3,"DTXDCT":346,"ChieuCaoCT":18.25,"SoNha":"195/29","TenDuong":null,"PhuongXa":"Phường 17","QuanHuyenTP":"Quận Bình Thạnh","MaPhuongXa":"76526950","MaQuanHuyenTP":"765"}},{"type":"Feature","id":"QHXD_NhaCaoTang_point.2124","geometry":{"type":"Point","coordinates":[106.69562863,10.79697724]},"geometry_name":"geom","properties":{"id":2124,"OBJECTID":2124,"TenCT":"Trường chính trị Nguyễn Văn Cừ","TenDA":"Trường chính trị Nguyễn Văn Cừ","ChuDauTu":"Ban tài chính quản trị thành ủy           \r\n(Ban QLDA ĐTXD công trình)","LoaiCT":3,"DTXDCT":682.2,"ChieuCaoCT":19,"SoNha":"89","TenDuong":"Đinh Tiên Hoàng","PhuongXa":"Phường 3","QuanHuyenTP":"Quận Bình Thạnh","MaPhuongXa":"76526947","MaQuanHuyenTP":"765"}},{"type":"Feature","id":"QHXD_NhaCaoTang_point.2125","geometry":{"type":"Point","coordinates":[106.69623584,10.80160242]},"geometry_name":"geom","properties":{"id":2125,"OBJECTID":2125,"TenCT":"Trường Hành Chính- Nhà E","TenDA":"Trường Hành Chính","ChuDauTu":"Trường Hành Chính TP","LoaiCT":3,"DTXDCT":616,"ChieuCaoCT":14,"SoNha":"129","TenDuong":"Đinh Tiên Hoàng","PhuongXa":"Phường 3","QuanHuyenTP":"Quận Bình Thạnh","MaPhuongXa":"76526947","MaQuanHuyenTP":"765"}},{"type":"Feature","id":"QHXD_NhaCaoTang_point.2126","geometry":{"type":"Point","coordinates":[106.69617266,10.80093347]},"geometry_name":"geom","properties":{"id":2126,"OBJECTID":2126,"TenCT":"Trường Hành Chính- Nhà D","TenDA":"Trường Hành Chính","ChuDauTu":"Trường Hành Chính TP","LoaiCT":3,"DTXDCT":340.8,"ChieuCaoCT":13,"SoNha":"129","TenDuong":"Đinh Tiên Hoàng","PhuongXa":"Phường 3","QuanHuyenTP":"Quận Bình Thạnh","MaPhuongXa":"76526947","MaQuanHuyenTP":"765"}},{"type":"Feature","id":"QHXD_NhaCaoTang_point.2127","geometry":{"type":"Point","coordinates":[106.69524386,10.80250781]},"geometry_name":"geom","properties":{"id":2127,"OBJECTID":2127,"TenCT":"Khối Nhà Học","TenDA":"Trường Đại Học Mỹ Thuật TPHCM-nhà học","ChuDauTu":"Trường Đại Học Mỹ Thuật TPHCM","LoaiCT":3,"DTXDCT":925,"ChieuCaoCT":73.5,"SoNha":"5","TenDuong":"Phan Đăng Lưu","PhuongXa":"Phường 3","QuanHuyenTP":"Quận Bình Thạnh","MaPhuongXa":"76526947","MaQuanHuyenTP":"765"}},{"type":"Feature","id":"QHXD_NhaCaoTang_point.2128","geometry":{"type":"Point","coordinates":[106.69579477,10.79778996]},"geometry_name":"geom","properties":{"id":2128,"OBJECTID":2128,"TenCT":"Trường PTTH Võ Thị Sáu","TenDA":"Trường PTTH Võ Thị Sáu","ChuDauTu":"Trường PTTH Võ Thị Sáu","LoaiCT":3,"DTXDCT":null,"ChieuCaoCT":14.2,"SoNha":"95","TenDuong":"Đinh Tiên Hoàng","PhuongXa":"Phường 3","QuanHuyenTP":"Quận Bình Thạnh","MaPhuongXa":"76526947","MaQuanHuyenTP":"765"}},{"type":"Feature","id":"QHXD_NhaCaoTang_point.2129","geometry":{"type":"Point","coordinates":[106.69150933,10.80286992]},"geometry_name":"geom","properties":{"id":2129,"OBJECTID":2129,"TenCT":"Văn phòng kết hợp thương mại dịch vụ","TenDA":"Văn phòng kết hợp thương mại dịch vụ","ChuDauTu":"Công ty cổ phần giải trí Miền Nam","LoaiCT":13,"DTXDCT":783.1,"ChieuCaoCT":57.5,"SoNha":"45-47","TenDuong":"Phan Đăng Lưu","PhuongXa":"Phường 3","QuanHuyenTP":"Quận Bình Thạnh","MaPhuongXa":"76526947","MaQuanHuyenTP":"765"}},{"type":"Feature","id":"QHXD_NhaCaoTang_point.2130","geometry":{"type":"Point","coordinates":[106.69569402,10.79822612]},"geometry_name":"geom","properties":{"id":2130,"OBJECTID":2130,"TenCT":"Trường THPT Võ Thị Sáu - Khối nhà D xây mới.","TenDA":"Trường THPT Võ Thị Sáu","ChuDauTu":"BQL Đầu tư Xây dựng các Công trình thuộc Sở Giáo dục và Đào tạo","LoaiCT":3,"DTXDCT":720,"ChieuCaoCT":17.95,"SoNha":"95","TenDuong":"Đinh Tiên Hoàng","PhuongXa":"Phường 3","QuanHuyenTP":"Quận Bình Thạnh","MaPhuongXa":"76526947","MaQuanHuyenTP":"765"}},{"type":"Feature","id":"QHXD_NhaCaoTang_point.2131","geometry":{"type":"Point","coordinates":[106.6957908,10.79548065]},"geometry_name":"geom","properties":{"id":2131,"OBJECTID":2131,"TenCT":"Nhà văn phòng","TenDA":"Nhà văn phòng","ChuDauTu":"Ngân hàng TMCP Đệ Nhất","LoaiCT":13,"DTXDCT":84.18,"ChieuCaoCT":15.8,"SoNha":"số 41","TenDuong":"Đinh Tiên Hoàng","PhuongXa":"Phường 3","QuanHuyenTP":"Quận Bình Thạnh","MaPhuongXa":"76526947","MaQuanHuyenTP":"765"}},{"type":"Feature","id":"QHXD_NhaCaoTang_point.2148","geometry":{"type":"Point","coordinates":[106.69663751,10.79929896]},"geometry_name":"geom","properties":{"id":2148,"OBJECTID":2148,"TenCT":"Nhà làm việc và ở tập thể","TenDA":"Nhà làm việc và ở tập thể","ChuDauTu":"Trường bồi dưỡng cán bộ (Tổng cục dạy nghề)","LoaiCT":2,"DTXDCT":407.05,"ChieuCaoCT":12,"SoNha":"116","TenDuong":"Đinh Tiên Hoàng","PhuongXa":"Phường 1","QuanHuyenTP":"Quận Bình Thạnh","MaPhuongXa":"76526944","MaQuanHuyenTP":"765"}},{"type":"Feature","id":"QHXD_NhaCaoTang_point.2149","geometry":{"type":"Point","coordinates":[106.69763266,10.80058268]},"geometry_name":"geom","properties":{"id":2149,"OBJECTID":2149,"TenCT":"Khối công trình chính - Xây mới","TenDA":"Trường tiểu học Tô Vĩnh Diện","ChuDauTu":null,"LoaiCT":3,"DTXDCT":null,"ChieuCaoCT":17,"SoNha":"24B","TenDuong":"Vũ Tùng","PhuongXa":"Phường 1","QuanHuyenTP":"Quận Bình Thạnh","MaPhuongXa":"76526944","MaQuanHuyenTP":"765"}},{"type":"Feature","id":"QHXD_NhaCaoTang_point.2150","geometry":{"type":"Point","coordinates":[106.69765732,10.8003587]},"geometry_name":"geom","properties":{"id":2150,"OBJECTID":2150,"TenCT":"Khối cải tạo","TenDA":"Trường tiểu học Tô Vĩnh Diện","ChuDauTu":null,"LoaiCT":3,"DTXDCT":null,"ChieuCaoCT":9.05,"SoNha":"24B","TenDuong":"Vũ Tùng","PhuongXa":"Phường 1","QuanHuyenTP":"Quận Bình Thạnh","MaPhuongXa":"76526944","MaQuanHuyenTP":"765"}},{"type":"Feature","id":"QHXD_NhaCaoTang_point.2151","geometry":{"type":"Point","coordinates":[106.69925758,10.80186605]},"geometry_name":"geom","properties":{"id":2151,"OBJECTID":2151,"TenCT":"Trụ sở làm việc-kiêm kho","TenDA":"Ngân hàng công thương Việt Nam,chi nhánh 7-nhà làm việc kiêm kho","ChuDauTu":"Ngân hàng công thương Việt Nam","LoaiCT":12,"DTXDCT":433.3,"ChieuCaoCT":36.8,"SoNha":"346-348","TenDuong":"Bùi Hữu Nghĩa","PhuongXa":"Phường 2","QuanHuyenTP":"Quận Bình Thạnh","MaPhuongXa":"76526941","MaQuanHuyenTP":"765"}},{"type":"Feature","id":"QHXD_NhaCaoTang_point.2152","geometry":{"type":"Point","coordinates":[106.70505191,10.80102659]},"geometry_name":"geom","properties":{"id":2152,"OBJECTID":2152,"TenCT":"Chung cư Hà Thành","TenDA":"Chung cư Hà Thành","ChuDauTu":"Cty TNHH XNK và TM Hà Thành","LoaiCT":1,"DTXDCT":900.36,"ChieuCaoCT":60,"SoNha":"59/9B","TenDuong":"Điện Biên Phủ","PhuongXa":"Phường 15","QuanHuyenTP":"Quận Bình Thạnh","MaPhuongXa":"76526938","MaQuanHuyenTP":"765"}},{"type":"Feature","id":"QHXD_NhaCaoTang_point.2153","geometry":{"type":"Point","coordinates":[106.70596442,10.79980464]},"geometry_name":"geom","properties":{"id":2153,"OBJECTID":2153,"TenCT":"Nhà văn phòng 109 Điện Biên Phủ, Quận Bình Thạnh.","TenDA":"Nhà văn phòng 109 Điện Biên Phủ, Quận Bình Thạnh.","ChuDauTu":"Cty XD và KD nhà Phú Nhuận","LoaiCT":13,"DTXDCT":null,"ChieuCaoCT":46,"SoNha":"199","TenDuong":"Điện Biên Phủ","PhuongXa":"Phường 15","QuanHuyenTP":"Quận Bình Thạnh","MaPhuongXa":"76526938","MaQuanHuyenTP":"765"}},{"type":"Feature","id":"QHXD_NhaCaoTang_point.2154","geometry":{"type":"Point","coordinates":[106.70336939,10.79737852]},"geometry_name":"geom","properties":{"id":2154,"OBJECTID":2154,"TenCT":"Cao ốc văn phòng-Công ty thương mại và đầu tư Cận Viễn Đông","TenDA":"Cao ốc văn phòng-Công ty thương mại và đầu tư Cận Viễn Đông","ChuDauTu":"Cty TNHH Thương Mại và Đầu tư Cận Viễn Đông","LoaiCT":13,"DTXDCT":712,"ChieuCaoCT":90,"SoNha":"141-143-145","TenDuong":"Điện Biên Phủ","PhuongXa":"Phường 15","QuanHuyenTP":"Quận Bình Thạnh","MaPhuongXa":"76526938","MaQuanHuyenTP":"765"}},{"type":"Feature","id":"QHXD_NhaCaoTang_point.2155","geometry":{"type":"Point","coordinates":[106.70422155,10.79883365]},"geometry_name":"geom","properties":{"id":2155,"OBJECTID":2155,"TenCT":"Tòa Nhà Văn Phòng - Khối phía sau","TenDA":"Tòa Nhà Văn Phòng","ChuDauTu":"Cty cổ phần thương mại dịch vụ Sài Gòn","LoaiCT":13,"DTXDCT":null,"ChieuCaoCT":53.5,"SoNha":"169","TenDuong":"Điện Biên Phủ","PhuongXa":"Phường 15","QuanHuyenTP":"Quận Bình Thạnh","MaPhuongXa":"76526938","MaQuanHuyenTP":"765"}},{"type":"Feature","id":"QHXD_NhaCaoTang_point.2156","geometry":{"type":"Point","coordinates":[106.7045162,10.79863916]},"geometry_name":"geom","properties":{"id":2156,"OBJECTID":2156,"TenCT":"Tòa Nhà Văn Phòng-khối phía trước","TenDA":"Tòa Nhà Văn Phòng","ChuDauTu":"Cty cổ phần thương mại dịch vụ Sài Gòn","LoaiCT":13,"DTXDCT":725,"ChieuCaoCT":35.2,"SoNha":"169","TenDuong":"Điện Biên Phủ","PhuongXa":"Phường 15","QuanHuyenTP":"Quận Bình Thạnh","MaPhuongXa":"76526938","MaQuanHuyenTP":"765"}},{"type":"Feature","id":"QHXD_NhaCaoTang_point.2157","geometry":{"type":"Point","coordinates":[106.70550257,10.79955639]},"geometry_name":"geom","properties":{"id":2157,"OBJECTID":2157,"TenCT":"Khối phía trước","TenDA":"Cao ốc VP","ChuDauTu":"Tổng Cty nông nghiệp SG","LoaiCT":13,"DTXDCT":null,"ChieuCaoCT":39.5,"SoNha":"195","TenDuong":"Điện Biên Phủ","PhuongXa":"Phường 15","QuanHuyenTP":"Quận Bình Thạnh","MaPhuongXa":"76526938","MaQuanHuyenTP":"765"}},{"type":"Feature","id":"QHXD_NhaCaoTang_point.2158","geometry":{"type":"Point","coordinates":[106.70520977,10.79974438]},"geometry_name":"geom","properties":{"id":2158,"OBJECTID":2158,"TenCT":"Khối phía sau","TenDA":"Cao ốc VP","ChuDauTu":"Tổng Cty nông nghiệp SG","LoaiCT":13,"DTXDCT":null,"ChieuCaoCT":50.4,"SoNha":"195","TenDuong":"Điện Biên Phủ","PhuongXa":"Phường 15","QuanHuyenTP":"Quận Bình Thạnh","MaPhuongXa":"76526938","MaQuanHuyenTP":"765"}},{"type":"Feature","id":"QHXD_NhaCaoTang_point.2159","geometry":{"type":"Point","coordinates":[106.70604829,10.80052739]},"geometry_name":"geom","properties":{"id":2159,"OBJECTID":2159,"TenCT":"Trường ĐH dân lập Hồng Bàng","TenDA":"Trường ĐH dân lập Hồng Bàng","ChuDauTu":"Trường ĐH dân lập Hồng Bàng","LoaiCT":3,"DTXDCT":1281,"ChieuCaoCT":42.9,"SoNha":"215","TenDuong":"Điện Biên Phủ","PhuongXa":"Phường 15","QuanHuyenTP":"Quận Bình Thạnh","MaPhuongXa":"76526938","MaQuanHuyenTP":"765"}},{"type":"Feature","id":"QHXD_NhaCaoTang_point.2160","geometry":{"type":"Point","coordinates":[106.69994068,10.79520339]},"geometry_name":"geom","properties":{"id":2160,"OBJECTID":2160,"TenCT":"Chùa Phước Thành","TenDA":"Chùa Phước Thành","ChuDauTu":"Chùa Phước Thành","LoaiCT":6,"DTXDCT":156,"ChieuCaoCT":18.6,"SoNha":"số 27/46/16","TenDuong":"Điện Biên Phủ","PhuongXa":"Phường 15","QuanHuyenTP":"Quận Bình Thạnh","MaPhuongXa":"76526938","MaQuanHuyenTP":"765"}},{"type":"Feature","id":"QHXD_NhaCaoTang_point.2161","geometry":{"type":"Point","coordinates":[106.71029005,10.80181409]},"geometry_name":"geom","properties":{"id":2161,"OBJECTID":2161,"TenCT":"Nhà văn phòng","TenDA":"Nhà VP","ChuDauTu":"Ông Nguyễn Đăng Khoa","LoaiCT":13,"DTXDCT":114.75,"ChieuCaoCT":30.4,"SoNha":"số 206/12","TenDuong":"Điện Biên Phủ","PhuongXa":"Phường 15","QuanHuyenTP":"Quận Bình Thạnh","MaPhuongXa":"76526938","MaQuanHuyenTP":"765"}},{"type":"Feature","id":"QHXD_NhaCaoTang_point.2162","geometry":{"type":"Point","coordinates":[106.7081432,10.80152505]},"geometry_name":"geom","properties":{"id":2162,"OBJECTID":2162,"TenCT":"Khách sạn","TenDA":"Khách sạn","ChuDauTu":"Bà Phùng Duy Quỳnh Anh, bà Nguyễn Thị Thanh Nga","LoaiCT":10,"DTXDCT":320.2,"ChieuCaoCT":28,"SoNha":"số 275C","TenDuong":"Điện Biên Phủ","PhuongXa":"Phường 15","QuanHuyenTP":"Quận Bình Thạnh","MaPhuongXa":"76526938","MaQuanHuyenTP":"765"}},{"type":"Feature","id":"QHXD_NhaCaoTang_point.2163","geometry":{"type":"Point","coordinates":[106.70874797,10.79470484]},"geometry_name":"geom","properties":{"id":2163,"OBJECTID":2163,"TenCT":"Cao ốc văn phòng 131 XVNT, P.17, Q. Bình Thạnh","TenDA":"Cao ốc văn phòng 131 XVNT, P.17, Q. Bình Thạnh","ChuDauTu":"Cty CP in và TM VIna","LoaiCT":13,"DTXDCT":475,"ChieuCaoCT":40,"SoNha":"131","TenDuong":"Xô Viết Nghệ Tĩnh","PhuongXa":"Phường 17","QuanHuyenTP":"Quận Bình Thạnh","MaPhuongXa":"76526950","MaQuanHuyenTP":"765"}},{"type":"Feature","id":"QHXD_NhaCaoTang_point.2164","geometry":{"type":"Point","coordinates":[106.70689521,10.79907837]},"geometry_name":"geom","properties":{"id":2164,"OBJECTID":2164,"TenCT":"Cao ốc văn phòng 276 Điện Biên Phủ, Phường 17, Quận Bình Thạnh","TenDA":"Cao ốc văn phòng 276 Điện Biên Phủ, Phường 17, Quận Bình Thạnh","ChuDauTu":"Cty CP VLXD và Trang trí nội thất TP. HCM","LoaiCT":13,"DTXDCT":437.88,"ChieuCaoCT":45,"SoNha":"276","TenDuong":null,"PhuongXa":"Phường 17","QuanHuyenTP":"Quận Bình Thạnh","MaPhuongXa":"76526950","MaQuanHuyenTP":"765"}},{"type":"Feature","id":"QHXD_NhaCaoTang_point.2165","geometry":{"type":"Point","coordinates":[106.70655658,10.79735843]},"geometry_name":"geom","properties":{"id":2165,"OBJECTID":2165,"TenCT":"Chung cư cao tầng số 46/11 Nguyễn Cửu Vân, P.17,Q.Bình Thạnh","TenDA":"Chung cư cao tầng Số 46/11 Nguyễn Cửu Vân, P.17, Q.Bình Thạnh","ChuDauTu":"Tổng công ty XD Sài Gòn","LoaiCT":1,"DTXDCT":613.17,"ChieuCaoCT":56.3,"SoNha":"46/11","TenDuong":"Nguyễn Cửu Vân","PhuongXa":"Phường 17","QuanHuyenTP":"Quận Bình Thạnh","MaPhuongXa":"76526950","MaQuanHuyenTP":"765"}},{"type":"Feature","id":"QHXD_NhaCaoTang_point.2166","geometry":{"type":"Point","coordinates":[106.71049802,10.79773681]},"geometry_name":"geom","properties":{"id":2166,"OBJECTID":2166,"TenCT":"Trường bán trú trẻ em câm điếc","TenDA":"Trường bán trú trẻ em câm điếc","ChuDauTu":"Tu viện thánh Phao Lô","LoaiCT":3,"DTXDCT":991.74,"ChieuCaoCT":14.5,"SoNha":"155","TenDuong":"Xô Viết Nghệ Tĩnh","PhuongXa":"Phường 17","QuanHuyenTP":"Quận Bình Thạnh","MaPhuongXa":"76526950","MaQuanHuyenTP":"765"}},{"type":"Feature","id":"QHXD_NhaCaoTang_point.2167","geometry":{"type":"Point","coordinates":[106.70595929,10.79593852]},"geometry_name":"geom","properties":{"id":2167,"OBJECTID":2167,"TenCT":"Nhà chung cư","TenDA":"Nhà chung cư","ChuDauTu":"Cty TNHH Thiên Hương (Bà Ngô Thu Thuỷ đại diện)","LoaiCT":1,"DTXDCT":588.2,"ChieuCaoCT":57,"SoNha":null,"TenDuong":"Phan Văn Hân","PhuongXa":"Phường 17","QuanHuyenTP":"Quận Bình Thạnh","MaPhuongXa":"76526950","MaQuanHuyenTP":"765"}},{"type":"Feature","id":"QHXD_NhaCaoTang_point.2168","geometry":{"type":"Point","coordinates":[106.70947081,10.79950441]},"geometry_name":"geom","properties":{"id":2168,"OBJECTID":2168,"TenCT":"Trường PTTH Gia Định_Khối E","TenDA":"Trường PTTH Gia Định","ChuDauTu":"Trường THPT Gia Định","LoaiCT":3,"DTXDCT":607,"ChieuCaoCT":19,"SoNha":"195/29","TenDuong":null,"PhuongXa":"Phường 17","QuanHuyenTP":"Quận Bình Thạnh","MaPhuongXa":"76526950","MaQuanHuyenTP":"765"}},{"type":"Feature","id":"QHXD_NhaCaoTang_point.2169","geometry":{"type":"Point","coordinates":[106.70919174,10.79980166]},"geometry_name":"geom","properties":{"id":2169,"OBJECTID":2169,"TenCT":"Trường PTTH Gia Định _Khối D","TenDA":"Trường PTTH Gia Định","ChuDauTu":"Trường THPT Gia  Định","LoaiCT":3,"DTXDCT":201.5,"ChieuCaoCT":16,"SoNha":"195/29","TenDuong":null,"PhuongXa":"Phường 17","QuanHuyenTP":"Quận Bình Thạnh","MaPhuongXa":"76526950","MaQuanHuyenTP":"765"}},{"type":"Feature","id":"QHXD_NhaCaoTang_point.2170","geometry":{"type":"Point","coordinates":[106.70909032,10.79986561]},"geometry_name":"geom","properties":{"id":2170,"OBJECTID":2170,"TenCT":"Trường PTTH Gia Định_KHối C","TenDA":"Trường PTTH Gia Định","ChuDauTu":"Trường THPT Gia Định","LoaiCT":3,"DTXDCT":170.8,"ChieuCaoCT":19.2,"SoNha":"195/29","TenDuong":null,"PhuongXa":"Phường 17","QuanHuyenTP":"Quận Bình Thạnh","MaPhuongXa":"76526950","MaQuanHuyenTP":"765"}},{"type":"Feature","id":"QHXD_NhaCaoTang_point.2172","geometry":{"type":"Point","coordinates":[106.70892305,10.79945529]},"geometry_name":"geom","properties":{"id":2172,"OBJECTID":2172,"TenCT":"Trường PTTH Gia Định _Khối 4","TenDA":"Trường PTTH Gia Định","ChuDauTu":"Trường THPT Gia Định","LoaiCT":3,"DTXDCT":0,"ChieuCaoCT":3.3,"SoNha":"195/29","TenDuong":null,"PhuongXa":"Phường 17","QuanHuyenTP":"Quận Bình Thạnh","MaPhuongXa":"76526950","MaQuanHuyenTP":"765"}},{"type":"Feature","id":"QHXD_NhaCaoTang_point.2173","geometry":{"type":"Point","coordinates":[106.70925297,10.79937055]},"geometry_name":"geom","properties":{"id":2173,"OBJECTID":2173,"TenCT":"Trường PTTH Gia Định_Khối A","TenDA":"Trường PTTH Gia Định","ChuDauTu":"Trường THPT Gia Định","LoaiCT":3,"DTXDCT":517.8,"ChieuCaoCT":17.4,"SoNha":"195/29","TenDuong":null,"PhuongXa":"Phường 17","QuanHuyenTP":"Quận Bình Thạnh","MaPhuongXa":"76526950","MaQuanHuyenTP":"765"}},{"type":"Feature","id":"QHXD_NhaCaoTang_point.2174","geometry":{"type":"Point","coordinates":[106.71061884,10.79867318]},"geometry_name":"geom","properties":{"id":2174,"OBJECTID":2174,"TenCT":"Trường tiểu học Hồng Hà","TenDA":"Trường tiểu học Hồng Hà","ChuDauTu":"UBND quận Bình Thạnh","LoaiCT":3,"DTXDCT":null,"ChieuCaoCT":13.8,"SoNha":"155","TenDuong":"Xô Viết Nghệ Tĩnh","PhuongXa":"Phường 17","QuanHuyenTP":"Quận Bình Thạnh","MaPhuongXa":"76526950","MaQuanHuyenTP":"765"}},{"type":"Feature","id":"QHXD_NhaCaoTang_point.2175","geometry":{"type":"Point","coordinates":[106.70998542,10.79777454]},"geometry_name":"geom","properties":{"id":2175,"OBJECTID":2175,"TenCT":"Khu nhà A dòng thánh Phao Lô Sài Gòn","TenDA":"Khu nhà ở dòng thánh Phao Lô Sài Gòn","ChuDauTu":"Dòng thánh PhaoLô Sài Gòn","LoaiCT":6,"DTXDCT":450,"ChieuCaoCT":12,"SoNha":"155","TenDuong":"Xô Viết Nghệ Tĩnh","PhuongXa":"Phường 17","QuanHuyenTP":"Quận Bình Thạnh","MaPhuongXa":"76526950","MaQuanHuyenTP":"765"}},{"type":"Feature","id":"QHXD_NhaCaoTang_point.2176","geometry":{"type":"Point","coordinates":[106.71008213,10.79804052]},"geometry_name":"geom","properties":{"id":2176,"OBJECTID":2176,"TenCT":"Khu nhà B dòng thánh Phao Lô Sài Gòn","TenDA":"Khu nhà ở dòng thánh Phao Lô Sài Gòn","ChuDauTu":"Dòng thánh Phao Lô Sài Gòn","LoaiCT":6,"DTXDCT":48,"ChieuCaoCT":8.97,"SoNha":"155","TenDuong":"Xô Viết Nghệ Tĩnh","PhuongXa":"Phường 17","QuanHuyenTP":"Quận Bình Thạnh","MaPhuongXa":"76526950","MaQuanHuyenTP":"765"}},{"type":"Feature","id":"QHXD_NhaCaoTang_point.2177","geometry":{"type":"Point","coordinates":[106.70915274,10.79868623]},"geometry_name":"geom","properties":{"id":2177,"OBJECTID":2177,"TenCT":"Khu nhà sinh hoạt dòng thánh Phao Lô Sài Gòn","TenDA":"Khu nhà ở dòng thánh Phao Lô Sài Gòn","ChuDauTu":"Dòng thánh PHao Lô Sài Gòn","LoaiCT":6,"DTXDCT":432,"ChieuCaoCT":10.85,"SoNha":"155","TenDuong":null,"PhuongXa":"Phường 17","QuanHuyenTP":"Quận Bình Thạnh","MaPhuongXa":"76526950","MaQuanHuyenTP":"765"}},{"type":"Feature","id":"QHXD_NhaCaoTang_point.2178","geometry":{"type":"Point","coordinates":[106.70589064,10.79688314]},"geometry_name":"geom","properties":{"id":2178,"OBJECTID":2178,"TenCT":"Nhà thờ Mộng Triệu","TenDA":"Nhà thờ Mộng Triệu","ChuDauTu":"Giáo xứ Mông Triệu","LoaiCT":6,"DTXDCT":979.29,"ChieuCaoCT":28,"SoNha":"78","TenDuong":"Nguyễn Cửu Vân","PhuongXa":"Phường 17","QuanHuyenTP":"Quận Bình Thạnh","MaPhuongXa":"76526950","MaQuanHuyenTP":"765"}},{"type":"Feature","id":"QHXD_NhaCaoTang_point.2179","geometry":{"type":"Point","coordinates":[106.70891066,10.79901919]},"geometry_name":"geom","properties":{"id":2179,"OBJECTID":2179,"TenCT":"Tu viện Thánh Nguyễn Duy Khang_Nhà ở và nhà sinh hoạt","TenDA":"Tu viện Thánh Nguyễn Duy Khang","ChuDauTu":"Tu viện Thánh Nguyễn Duy Khang","LoaiCT":6,"DTXDCT":645.8,"ChieuCaoCT":26,"SoNha":"195/29 A-B-C","TenDuong":"Xô Viết Nghệ Tĩnh","PhuongXa":"Phường 17","QuanHuyenTP":"Quận Bình Thạnh","MaPhuongXa":"76526950","MaQuanHuyenTP":"765"}},{"type":"Feature","id":"QHXD_NhaCaoTang_point.2180","geometry":{"type":"Point","coordinates":[106.70520909,10.79329739]},"geometry_name":"geom","properties":{"id":2180,"OBJECTID":2180,"TenCT":"Chung cư B2 Trường Sa","TenDA":"Khu nhà ở Chung cư Trường Sa - Cù Lao Chà","ChuDauTu":"Cty TNHH MTV Địa ốc Bình Thạnh","LoaiCT":1,"DTXDCT":577.13,"ChieuCaoCT":33.1,"SoNha":"2-10","TenDuong":"Trường Sa","PhuongXa":"Phường 17","QuanHuyenTP":"Quận Bình Thạnh","MaPhuongXa":"76526950","MaQuanHuyenTP":"765"}},{"type":"Feature","id":"QHXD_NhaCaoTang_point.2181","geometry":{"type":"Point","coordinates":[106.7108491,10.80013424]},"geometry_name":"geom","properties":{"id":2181,"OBJECTID":2181,"TenCT":"Văn phòng công ty CP-TM-DV Sài Gòn","TenDA":"VP- Cty CP TM DV Sài Gòn","ChuDauTu":"Cty CP TM DV Sài Gòn","LoaiCT":13,"DTXDCT":333.1,"ChieuCaoCT":34.8,"SoNha":"Số 219-221","TenDuong":"Xô Viết Nghệ Tĩnh","PhuongXa":"Phường 17","QuanHuyenTP":"Quận Bình Thạnh","MaPhuongXa":"76526950","MaQuanHuyenTP":"765"}},{"type":"Feature","id":"QHXD_NhaCaoTang_point.2182","geometry":{"type":"Point","coordinates":[106.70492775,10.7965461]},"geometry_name":"geom","properties":{"id":2182,"OBJECTID":2182,"TenCT":"Văn phòng- khách sạn công ty Biển Đông","TenDA":"Nhà văn phòng- khách sạn","ChuDauTu":"Cty TNHH MTV DV Biển Đông","LoaiCT":13,"DTXDCT":309.1,"ChieuCaoCT":36.6,"SoNha":"số 162/18 ĐBP và 155/34 Nguyễn cửu vân","TenDuong":"Nguyễn Cửu Vân","PhuongXa":"Phường 17","QuanHuyenTP":"Quận Bình Thạnh","MaPhuongXa":"76526950","MaQuanHuyenTP":"765"}},{"type":"Feature","id":"QHXD_NhaCaoTang_point.2183","geometry":{"type":"Point","coordinates":[106.71270768,10.79932629]},"geometry_name":"geom","properties":{"id":2183,"OBJECTID":2183,"TenCT":"Khu chung cư Mỹ Đức_Khu A_Đơn nguyên 1","TenDA":"Khu chung cư Mỹ Đức","ChuDauTu":"Cty CP XD số 5","LoaiCT":1,"DTXDCT":8709,"ChieuCaoCT":92.8,"SoNha":null,"TenDuong":null,"PhuongXa":"Phường 21","QuanHuyenTP":"Quận Bình Thạnh","MaPhuongXa":"76526953","MaQuanHuyenTP":"765"}},{"type":"Feature","id":"QHXD_NhaCaoTang_point.2184","geometry":{"type":"Point","coordinates":[106.71263833,10.79895874]},"geometry_name":"geom","properties":{"id":2184,"OBJECTID":2184,"TenCT":"Khu chung cư Mỹ Đức_Khu A_Đơn nguyên 3","TenDA":"Khu chung cư Mỹ Đức","ChuDauTu":"Cty CP XD số 5","LoaiCT":1,"DTXDCT":8709,"ChieuCaoCT":92.8,"SoNha":null,"TenDuong":null,"PhuongXa":"Phường 21","QuanHuyenTP":"Quận Bình Thạnh","MaPhuongXa":"76526953","MaQuanHuyenTP":"765"}},{"type":"Feature","id":"QHXD_NhaCaoTang_point.2185","geometry":{"type":"Point","coordinates":[106.71118794,10.79403087]},"geometry_name":"geom","properties":{"id":2185,"OBJECTID":2185,"TenCT":"Khối công trình thứ 1","TenDA":"Chung cư căn hộ City Gardens","ChuDauTu":"Cty TNHH căn hộ vườn phố Việt Nam","LoaiCT":1,"DTXDCT":null,"ChieuCaoCT":81.5,"SoNha":"59","TenDuong":"Ngô Tất Tố","PhuongXa":"Phường 21","QuanHuyenTP":"Quận Bình Thạnh","MaPhuongXa":"76526953","MaQuanHuyenTP":"765"}},{"type":"Feature","id":"QHXD_NhaCaoTang_point.2186","geometry":{"type":"Point","coordinates":[106.71148686,10.79426988]},"geometry_name":"geom","properties":{"id":2186,"OBJECTID":2186,"TenCT":"Khối công trình thứ 2_Lõi A","TenDA":"Chung cư căn hộ City Gardens","ChuDauTu":"Cty TNHH căn hộ vườn phố Việt Nam","LoaiCT":1,"DTXDCT":null,"ChieuCaoCT":120,"SoNha":"59","TenDuong":"Ngô Tất Tố","PhuongXa":"Phường 21","QuanHuyenTP":"Quận Bình Thạnh","MaPhuongXa":"76526953","MaQuanHuyenTP":"765"}},{"type":"Feature","id":"QHXD_NhaCaoTang_point.2187","geometry":{"type":"Point","coordinates":[106.71178765,10.79420065]},"geometry_name":"geom","properties":{"id":2187,"OBJECTID":2187,"TenCT":"Khối công trình thứ 2 _Lõi B","TenDA":"Chung cư căn hộ City Gardens","ChuDauTu":"Cty TNHH căn hộ vườn phố Việt Nam","LoaiCT":1,"DTXDCT":null,"ChieuCaoCT":87.9,"SoNha":"59","TenDuong":"Ngô Tất Tố","PhuongXa":"Phường 21","QuanHuyenTP":"Quận Bình Thạnh","MaPhuongXa":"76526953","MaQuanHuyenTP":"765"}},{"type":"Feature","id":"QHXD_NhaCaoTang_point.2188","geometry":{"type":"Point","coordinates":[106.71221232,10.7940734]},"geometry_name":"geom","properties":{"id":2188,"OBJECTID":2188,"TenCT":"Khối công trình thứ 3_Lõi A","TenDA":"Chung cư căn hộ City Gardens","ChuDauTu":"Cty TNHH căn hộ vườn phố Việt Nam","LoaiCT":1,"DTXDCT":null,"ChieuCaoCT":75.1,"SoNha":"59","TenDuong":"Ngô Tất Tố","PhuongXa":"Phường 21","QuanHuyenTP":"Quận Bình Thạnh","MaPhuongXa":"76526953","MaQuanHuyenTP":"765"}},{"type":"Feature","id":"QHXD_NhaCaoTang_point.2189","geometry":{"type":"Point","coordinates":[106.71251485,10.79400357]},"geometry_name":"geom","properties":{"id":2189,"OBJECTID":2189,"TenCT":"Khối công trình thứ 3_Lõi  B","TenDA":"Chung cư căn hộ City Gardens","ChuDauTu":"Cty TNHH căn hộ vườn phố Việt Nam","LoaiCT":1,"DTXDCT":null,"ChieuCaoCT":120,"SoNha":"59","TenDuong":"Ngô Tất Tố","PhuongXa":"Phường 21","QuanHuyenTP":"Quận Bình Thạnh","MaPhuongXa":"76526953","MaQuanHuyenTP":"765"}},{"type":"Feature","id":"QHXD_NhaCaoTang_point.2190","geometry":{"type":"Point","coordinates":[106.71258311,10.79362006]},"geometry_name":"geom","properties":{"id":2190,"OBJECTID":2190,"TenCT":"Khối công trình thứ 4_Lõi A","TenDA":"Chung cư căn hộ City Gardens","ChuDauTu":"Cty TNHH căn hộ vườn phố Việt Nam","LoaiCT":1,"DTXDCT":null,"ChieuCaoCT":75.1,"SoNha":"59","TenDuong":"Ngô Tất Tố","PhuongXa":"Phường 21","QuanHuyenTP":"Quận Bình Thạnh","MaPhuongXa":"76526953","MaQuanHuyenTP":"765"}},{"type":"Feature","id":"QHXD_NhaCaoTang_point.2191","geometry":{"type":"Point","coordinates":[106.71281248,10.79855048]},"geometry_name":"geom","properties":{"id":2191,"OBJECTID":2191,"TenCT":"Khu chung cư Mỹ Đức_Khu A_Đơn nguyên 2","TenDA":"Khu chung cư Mỹ Đức","ChuDauTu":"Cty CP XD số 5","LoaiCT":1,"DTXDCT":8709,"ChieuCaoCT":92.8,"SoNha":null,"TenDuong":null,"PhuongXa":"Phường 21","QuanHuyenTP":"Quận Bình Thạnh","MaPhuongXa":"76526953","MaQuanHuyenTP":"765"}},{"type":"Feature","id":"QHXD_NhaCaoTang_point.2192","geometry":{"type":"Point","coordinates":[106.71287723,10.79891301]},"geometry_name":"geom","properties":{"id":2192,"OBJECTID":2192,"TenCT":"Khu chung cư - Khối A - Đơn nguyên 5","TenDA":"Khu chung cư Mỹ Đức","ChuDauTu":"Công ty CP xây dựng số 5","LoaiCT":1,"DTXDCT":8709,"ChieuCaoCT":52,"SoNha":null,"TenDuong":null,"PhuongXa":"Phường 21","QuanHuyenTP":"Quận Bình Thạnh","MaPhuongXa":"76526953","MaQuanHuyenTP":"765"}},{"type":"Feature","id":"QHXD_NhaCaoTang_point.2193","geometry":{"type":"Point","coordinates":[106.71257146,10.79858997]},"geometry_name":"geom","properties":{"id":2193,"OBJECTID":2193,"TenCT":"Khu chung cư Mỹ Đức_Khối chung cư A_Đơn nguyên 4","TenDA":"Khu chung cư Mỹ Đức","ChuDauTu":"công ty Cổ Phần Xây Dựng số 5","LoaiCT":1,"DTXDCT":8709,"ChieuCaoCT":92.8,"SoNha":null,"TenDuong":null,"PhuongXa":"Phường 21","QuanHuyenTP":"Quận Bình Thạnh","MaPhuongXa":"76526953","MaQuanHuyenTP":"765"}},{"type":"Feature","id":"QHXD_NhaCaoTang_point.2194","geometry":{"type":"Point","coordinates":[106.71328206,10.79921926]},"geometry_name":"geom","properties":{"id":2194,"OBJECTID":2194,"TenCT":"Khu Chung Cư Mỹ Đức-khối D_Đơn Nguyên 1","TenDA":"Khu chung cư Mỹ Đức","ChuDauTu":"Công ty Cổ Phần Xây Dựng số 5","LoaiCT":1,"DTXDCT":null,"ChieuCaoCT":73.2,"SoNha":null,"TenDuong":null,"PhuongXa":"Phường 21","QuanHuyenTP":"Quận Bình Thạnh","MaPhuongXa":"76526953","MaQuanHuyenTP":"765"}},{"type":"Feature","id":"QHXD_NhaCaoTang_point.2195","geometry":{"type":"Point","coordinates":[106.71350173,10.79918225]},"geometry_name":"geom","properties":{"id":2195,"OBJECTID":2195,"TenCT":"Khu Chung Cư Mỹ Đức-Khối D_ Đơn Nguyên 2","TenDA":"Khu chung cư Mỹ Đức","ChuDauTu":"Công ty Cổ Phần Xây Dựng số 5","LoaiCT":1,"DTXDCT":8709,"ChieuCaoCT":73.2,"SoNha":null,"TenDuong":null,"PhuongXa":"Phường 21","QuanHuyenTP":"Quận Bình Thạnh","MaPhuongXa":"76526953","MaQuanHuyenTP":"765"}},{"type":"Feature","id":"QHXD_NhaCaoTang_point.2196","geometry":{"type":"Point","coordinates":[106.71386033,10.79912958]},"geometry_name":"geom","properties":{"id":2196,"OBJECTID":2196,"TenCT":"Khu Chung Cư Mỹ Đức-Khối E_ Đơn Nguyên 1","TenDA":"Khu chung cư Mỹ Đức","ChuDauTu":"Công ty Cổ Phần Xây Dựng số 5","LoaiCT":1,"DTXDCT":8709,"ChieuCaoCT":73.2,"SoNha":null,"TenDuong":null,"PhuongXa":"Phường 21","QuanHuyenTP":"Quận Bình Thạnh","MaPhuongXa":"76526953","MaQuanHuyenTP":"765"}},{"type":"Feature","id":"QHXD_NhaCaoTang_point.2197","geometry":{"type":"Point","coordinates":[106.71403798,10.79903283]},"geometry_name":"geom","properties":{"id":2197,"OBJECTID":2197,"TenCT":"Khu Chung Cư Mỹ Đức-Khối E_ Đơn Nguyên 2","TenDA":"Khu chung cư Mỹ Đức","ChuDauTu":"Công ty Cổ Phần Xây Dựng số 5","LoaiCT":1,"DTXDCT":8709,"ChieuCaoCT":73.2,"SoNha":null,"TenDuong":null,"PhuongXa":"Phường 21","QuanHuyenTP":"Quận Bình Thạnh","MaPhuongXa":"76526953","MaQuanHuyenTP":"765"}},{"type":"Feature","id":"QHXD_NhaCaoTang_point.2198","geometry":{"type":"Point","coordinates":[106.71301504,10.79389082]},"geometry_name":"geom","properties":{"id":2198,"OBJECTID":2198,"TenCT":"Khối trường mẫu giáo","TenDA":"Chung cư căn hộ City Gardens","ChuDauTu":"Cty TNHH căn hộ vườn phố Việt Nam","LoaiCT":3,"DTXDCT":475,"ChieuCaoCT":10.5,"SoNha":"59","TenDuong":"Ngô Tất Tố","PhuongXa":"Phường 21","QuanHuyenTP":"Quận Bình Thạnh","MaPhuongXa":"76526953","MaQuanHuyenTP":"765"}},{"type":"Feature","id":"QHXD_NhaCaoTang_point.2199","geometry":{"type":"Point","coordinates":[106.71169892,10.79379909]},"geometry_name":"geom","properties":{"id":2199,"OBJECTID":2199,"TenCT":"Trường dạy bơi và khu trò chơi","TenDA":"Chung cư căn hộ City Gardens","ChuDauTu":"Cty TNHH căn hộ vườn phố Việt Nam","LoaiCT":3,"DTXDCT":278.26,"ChieuCaoCT":4,"SoNha":"59","TenDuong":"Ngô Tất Tố","PhuongXa":"Phường 21","QuanHuyenTP":"Quận Bình Thạnh","MaPhuongXa":"76526953","MaQuanHuyenTP":"765"}},{"type":"Feature","id":"QHXD_NhaCaoTang_point.2200","geometry":{"type":"Point","coordinates":[106.71042231,10.79379916]},"geometry_name":"geom","properties":{"id":2200,"OBJECTID":2200,"TenCT":"Trung tâm giáo dục Tôn Đức Thắng_Khu 1","TenDA":"TT giáo dục thường xuyên Tôn Đức Thắng","ChuDauTu":"Liên đoàn lao động TPHCM","LoaiCT":3,"DTXDCT":595,"ChieuCaoCT":26.2,"SoNha":"số 37/3-37/5","TenDuong":"Ngô Tất Tố","PhuongXa":"Phường 21","QuanHuyenTP":"Quận Bình Thạnh","MaPhuongXa":"76526953","MaQuanHuyenTP":"765"}},{"type":"Feature","id":"QHXD_NhaCaoTang_point.2201","geometry":{"type":"Point","coordinates":[106.71073141,10.79351144]},"geometry_name":"geom","properties":{"id":2201,"OBJECTID":2201,"TenCT":"Trung tâm giáo dục Tôn Đức Thắng_Khu 2","TenDA":"TT giáo dục thường xuyên Tôn Đức Thắng","ChuDauTu":"Liên đoàn lao động TPHCM","LoaiCT":3,"DTXDCT":579.1,"ChieuCaoCT":26.2,"SoNha":"số 37/3-37/5","TenDuong":"Ngô Tất Tố","PhuongXa":"Phường 21","QuanHuyenTP":"Quận Bình Thạnh","MaPhuongXa":"76526953","MaQuanHuyenTP":"765"}},{"type":"Feature","id":"QHXD_NhaCaoTang_point.2202","geometry":{"type":"Point","coordinates":[106.71134449,10.79223745]},"geometry_name":"geom","properties":{"id":2202,"OBJECTID":2202,"TenCT":"Trường ĐH Công nghệ dân lập Tôn Đức Thắng","TenDA":"Trường ĐH Công nghệ Dân lập Tôn Đức Thắng","ChuDauTu":"Trường ĐH Công nghệ dân lập Tôn Đức Thắng","LoaiCT":3,"DTXDCT":1102.87,"ChieuCaoCT":32,"SoNha":"98","TenDuong":"Ngô Tất Tố","PhuongXa":"Phường 19","QuanHuyenTP":"Quận Bình Thạnh","MaPhuongXa":"76526959","MaQuanHuyenTP":"765"}},{"type":"Feature","id":"QHXD_NhaCaoTang_point.2203","geometry":{"type":"Point","coordinates":[106.70968189,10.78873182]},"geometry_name":"geom","properties":{"id":2203,"OBJECTID":2203,"TenCT":"Nhà Văn Phòng","TenDA":"Nhà Văn Phòng","ChuDauTu":"Ông Nguyễn Mạnh Hùng","LoaiCT":13,"DTXDCT":123,"ChieuCaoCT":32.2,"SoNha":"số 4-6","TenDuong":"Nguyễn Hữu Cảnh","PhuongXa":"Phường 19","QuanHuyenTP":"Quận Bình Thạnh","MaPhuongXa":"76526959","MaQuanHuyenTP":"765"}},{"type":"Feature","id":"QHXD_NhaCaoTang_point.2204","geometry":{"type":"Point","coordinates":[106.71727258,10.79384924]},"geometry_name":"geom","properties":{"id":2204,"OBJECTID":2204,"TenCT":"Khu căn hộ TM The Manor- giai đoạn 1_Khối 30 tầng","TenDA":"Khu căn hộ TM The Manor","ChuDauTu":"Chi nhánh công ty sản xuất kinh doanh xuất nhập khẩu Bình Minh (Bitexco)","LoaiCT":13,"DTXDCT":3157,"ChieuCaoCT":68.8,"SoNha":"số 91","TenDuong":"Nguyễn Hữu Cảnh","PhuongXa":"Phường 22","QuanHuyenTP":"Quận Bình Thạnh","MaPhuongXa":"76526956","MaQuanHuyenTP":"765"}},{"type":"Feature","id":"QHXD_NhaCaoTang_point.2205","geometry":{"type":"Point","coordinates":[106.71784625,10.79381583]},"geometry_name":"geom","properties":{"id":2205,"OBJECTID":2205,"TenCT":"Khu căn hộ TM The Manor- Giai đoạn 1 - Khối 17 tầng - Đơn nguyên 1","TenDA":"Khu căn hộ TM The Manor","ChuDauTu":"Chi nhánh công ty sản xuất kinh doanh xuất nhập khẩu Bình Minh (Bitexco)","LoaiCT":13,"DTXDCT":3157,"ChieuCaoCT":68.8,"SoNha":"số 91","TenDuong":"Nguyễn Hữu Cảnh","PhuongXa":"Phường 22","QuanHuyenTP":"Quận Bình Thạnh","MaPhuongXa":"76526956","MaQuanHuyenTP":"765"}},{"type":"Feature","id":"QHXD_NhaCaoTang_point.2206","geometry":{"type":"Point","coordinates":[106.71800286,10.78798781]},"geometry_name":"geom","properties":{"id":2206,"OBJECTID":2206,"TenCT":"khối A1","TenDA":"Khu chung cư phường 22 Quận Bình Thạnh - Khu B và Khu C.","ChuDauTu":"Công ty Cổ Phần Xây Dựng số 5","LoaiCT":1,"DTXDCT":null,"ChieuCaoCT":104.9,"SoNha":null,"TenDuong":null,"PhuongXa":"Phường 22","QuanHuyenTP":"Quận Bình Thạnh","MaPhuongXa":"76526956","MaQuanHuyenTP":"765"}},{"type":"Feature","id":"QHXD_NhaCaoTang_point.2207","geometry":{"type":"Point","coordinates":[106.71831836,10.78812159]},"geometry_name":"geom","properties":{"id":2207,"OBJECTID":2207,"TenCT":"khối A2","TenDA":"Khu chung cư phường 22 Quận Bình Thạnh - Khu B và Khu C.","ChuDauTu":"Công ty Cổ Phần Xây Dựng số 5","LoaiCT":1,"DTXDCT":null,"ChieuCaoCT":104.9,"SoNha":null,"TenDuong":null,"PhuongXa":"Phường 22","QuanHuyenTP":"Quận Bình Thạnh","MaPhuongXa":"76526956","MaQuanHuyenTP":"765"}},{"type":"Feature","id":"QHXD_NhaCaoTang_point.2208","geometry":{"type":"Point","coordinates":[106.71847238,10.7879354]},"geometry_name":"geom","properties":{"id":2208,"OBJECTID":2208,"TenCT":"Khu chung cư phường 22 Quận Bình Thạnh - Khối B1","TenDA":"Khu chung cư phường 22 Quận Bình Thạnh - Khu B và Khu C.","ChuDauTu":"Công ty Cổ phần xây dựng số 5","LoaiCT":1,"DTXDCT":7349.6,"ChieuCaoCT":120.9,"SoNha":null,"TenDuong":null,"PhuongXa":"Phường 22","QuanHuyenTP":"Quận Bình Thạnh","MaPhuongXa":"76526956","MaQuanHuyenTP":"765"}},{"type":"Feature","id":"QHXD_NhaCaoTang_point.2209","geometry":{"type":"Point","coordinates":[106.71858118,10.78772091]},"geometry_name":"geom","properties":{"id":2209,"OBJECTID":2209,"TenCT":"Khu chung cư phường 22 Quận Bình Thạnh - Khối B2","TenDA":"Khu chung cư phường 22 Quận Bình Thạnh - Khu B và Khu C.","ChuDauTu":"Công ty Cổ Phần Xây Dựng số 5","LoaiCT":1,"DTXDCT":7349,"ChieuCaoCT":120.9,"SoNha":null,"TenDuong":null,"PhuongXa":"Phường 22","QuanHuyenTP":"Quận Bình Thạnh","MaPhuongXa":"76526956","MaQuanHuyenTP":"765"}},{"type":"Feature","id":"QHXD_NhaCaoTang_point.2210","geometry":{"type":"Point","coordinates":[106.71781394,10.78839721]},"geometry_name":"geom","properties":{"id":2210,"OBJECTID":2210,"TenCT":"Khu chung cư phường 22 Quận Bình Thạnh - Khối C1","TenDA":"Khu chung cư phường 22 Quận Bình Thạnh - Khu B và Khu C.","ChuDauTu":"Công ty Cổ Phần Xây Dựng số 5","LoaiCT":1,"DTXDCT":7349.6,"ChieuCaoCT":122.7,"SoNha":null,"TenDuong":null,"PhuongXa":"Phường 22","QuanHuyenTP":"Quận Bình Thạnh","MaPhuongXa":"76526956","MaQuanHuyenTP":"765"}},{"type":"Feature","id":"QHXD_NhaCaoTang_point.2211","geometry":{"type":"Point","coordinates":[106.71811877,10.78852151]},"geometry_name":"geom","properties":{"id":2211,"OBJECTID":2211,"TenCT":"Khu chung cư phường 22 Quận Bình Thạnh - Khối C2","TenDA":"Khu chung cư phường 22 Quận Bình Thạnh - Khu B và Khu C.","ChuDauTu":"Công ty Cổ Phần Xây Dựng số 5","LoaiCT":1,"DTXDCT":7349.6,"ChieuCaoCT":122.7,"SoNha":null,"TenDuong":null,"PhuongXa":"Phường 22","QuanHuyenTP":"Quận Bình Thạnh","MaPhuongXa":"76526956","MaQuanHuyenTP":"765"}},{"type":"Feature","id":"QHXD_NhaCaoTang_point.2212","geometry":{"type":"Point","coordinates":[106.71792596,10.78894192]},"geometry_name":"geom","properties":{"id":2212,"OBJECTID":2212,"TenCT":"Khối D1","TenDA":"Khu chung cư phường 22 Quận Bình Thạnh - Khu B và Khu C.","ChuDauTu":"Công ty Cổ Phần Xây Dựng số 5","LoaiCT":1,"DTXDCT":null,"ChieuCaoCT":92.5,"SoNha":null,"TenDuong":null,"PhuongXa":"Phường 22","QuanHuyenTP":"Quận Bình Thạnh","MaPhuongXa":"76526956","MaQuanHuyenTP":"765"}},{"type":"Feature","id":"QHXD_NhaCaoTang_point.2213","geometry":{"type":"Point","coordinates":[106.7177766,10.78925485]},"geometry_name":"geom","properties":{"id":2213,"OBJECTID":2213,"TenCT":"khối D2","TenDA":"Khu chung cư phường 22 Quận Bình Thạnh - Khu B và Khu C.","ChuDauTu":"Công ty Cổ Phần Xây Dựng số 5","LoaiCT":1,"DTXDCT":null,"ChieuCaoCT":92.5,"SoNha":null,"TenDuong":null,"PhuongXa":"Phường 22","QuanHuyenTP":"Quận Bình Thạnh","MaPhuongXa":"76526956","MaQuanHuyenTP":"765"}},{"type":"Feature","id":"QHXD_NhaCaoTang_point.2214","geometry":{"type":"Point","coordinates":[106.7177314,10.79258129]},"geometry_name":"geom","properties":{"id":2214,"OBJECTID":2214,"TenCT":"Khu căn hộ TM The Manor- khối căn hộ_Khối 30 tầng","TenDA":"Khu căn hộ TM The Manor","ChuDauTu":"Chi nhánh công ty Sản xuất kinh doanh xuất nhập khẩu Bình Minh (Bitexco)","LoaiCT":13,"DTXDCT":3157,"ChieuCaoCT":115.35,"SoNha":"91","TenDuong":"Nguyễn Hữu Cảnh","PhuongXa":"Phường 22","QuanHuyenTP":"Quận Bình Thạnh","MaPhuongXa":"76526956","MaQuanHuyenTP":"765"}},{"type":"Feature","id":"QHXD_NhaCaoTang_point.2215","geometry":{"type":"Point","coordinates":[106.71772754,10.79290436]},"geometry_name":"geom","properties":{"id":2215,"OBJECTID":2215,"TenCT":"Khu phức hợp The Manor - Giai đoạn 2 – khối 17 tầng","TenDA":"Khu căn hộ TM The Manor","ChuDauTu":"Chi nhánh công ty Sản xuất kinh doanh Xuất nhập khẩu Bình Minh (Bitexco)","LoaiCT":13,"DTXDCT":3157,"ChieuCaoCT":68.8,"SoNha":"91","TenDuong":"Nguyễn Hữu Cảnh","PhuongXa":"Phường 22","QuanHuyenTP":"Quận Bình Thạnh","MaPhuongXa":"76526956","MaQuanHuyenTP":"765"}},{"type":"Feature","id":"QHXD_NhaCaoTang_point.2216","geometry":{"type":"Point","coordinates":[106.7177477,10.79309602]},"geometry_name":"geom","properties":{"id":2216,"OBJECTID":2216,"TenCT":"Khu phức hợp The Manor - Giai đoạn 2 - Khối 17 tầng","TenDA":"Khu căn hộ TM The Manor","ChuDauTu":"Chi nhánh Công ty Sản xuất kinh doanh Xuất nhập khẩu Bình Minh (Bitexco)","LoaiCT":13,"DTXDCT":3157,"ChieuCaoCT":68.8,"SoNha":"91","TenDuong":"Nguyễn Hữu Cảnh","PhuongXa":"Phường 22","QuanHuyenTP":"Quận Bình Thạnh","MaPhuongXa":"76526956","MaQuanHuyenTP":"765"}},{"type":"Feature","id":"QHXD_NhaCaoTang_point.2217","geometry":{"type":"Point","coordinates":[106.71965087,10.78996658]},"geometry_name":"geom","properties":{"id":2217,"OBJECTID":2217,"TenCT":"Trường quốc tế Mỹ Sài Gòn","TenDA":"Trường quốc tế Mỹ Sài Gòn","ChuDauTu":"Cty CP giáo dục QTế","LoaiCT":3,"DTXDCT":1482,"ChieuCaoCT":23.2,"SoNha":"92","TenDuong":"Nguyễn Hữu Cảnh","PhuongXa":"Phường 22","QuanHuyenTP":"Quận Bình Thạnh","MaPhuongXa":"76526956","MaQuanHuyenTP":"765"}},{"type":"Feature","id":"QHXD_NhaCaoTang_point.2218","geometry":{"type":"Point","coordinates":[106.72081369,10.79587745]},"geometry_name":"geom","properties":{"id":2218,"OBJECTID":2218,"TenCT":"chung cư-cụm 1","TenDA":"chung cư khu tân cảng","ChuDauTu":"Cty xây dựng kinh doanh nhà chợ lớn","LoaiCT":1,"DTXDCT":2014.08,"ChieuCaoCT":40.364,"SoNha":"khu tân cảng","TenDuong":null,"PhuongXa":"Phường 22","QuanHuyenTP":"Quận Bình Thạnh","MaPhuongXa":"76526956","MaQuanHuyenTP":"765"}},{"type":"Feature","id":"QHXD_NhaCaoTang_point.2219","geometry":{"type":"Point","coordinates":[106.71997064,10.79527628]},"geometry_name":"geom","properties":{"id":2219,"OBJECTID":2219,"TenCT":"chung cư-cụm 2","TenDA":"chung cư khu tân cảng","ChuDauTu":"Cty xây dựng kinh doanh nhà chợ lớn","LoaiCT":1,"DTXDCT":2014.08,"ChieuCaoCT":40.364,"SoNha":"khu tân cảng","TenDuong":null,"PhuongXa":"Phường 22","QuanHuyenTP":"Quận Bình Thạnh","MaPhuongXa":"76526956","MaQuanHuyenTP":"765"}},{"type":"Feature","id":"QHXD_NhaCaoTang_point.2220","geometry":{"type":"Point","coordinates":[106.72159888,10.7900409]},"geometry_name":"geom","properties":{"id":2220,"OBJECTID":2220,"TenCT":"Trường THCS phường 22, quận Bình Thạnh","TenDA":"Trường THCS phường 22, quận Bình Thạnh","ChuDauTu":"Cty TNHH MTV Đầu tư và Phát triển Giáo dục SSG","LoaiCT":3,"DTXDCT":1762,"ChieuCaoCT":34.93,"SoNha":null,"TenDuong":"Nguyễn Hữu Cảnh","PhuongXa":"Phường 22","QuanHuyenTP":"Quận Bình Thạnh","MaPhuongXa":"76526956","MaQuanHuyenTP":"765"}},{"type":"Feature","id":"QHXD_NhaCaoTang_point.2221","geometry":{"type":"Point","coordinates":[106.72117883,10.79048171]},"geometry_name":"geom","properties":{"id":2221,"OBJECTID":2221,"TenCT":"Trường tiểu học (GĐ2)","TenDA":"Trường THCS phường 22, quận Bình Thạnh","ChuDauTu":"Cty TNHH MTV Đầu tư và Phát triển giáo dục SSG","LoaiCT":3,"DTXDCT":1568,"ChieuCaoCT":26.01,"SoNha":null,"TenDuong":"Nguyễn Hữu Cảnh","PhuongXa":"Phường 22","QuanHuyenTP":"Quận Bình Thạnh","MaPhuongXa":"76526956","MaQuanHuyenTP":"765"}},{"type":"Feature","id":"QHXD_NhaCaoTang_point.2222","geometry":{"type":"Point","coordinates":[106.71864652,10.79827949]},"geometry_name":"geom","properties":{"id":2222,"OBJECTID":2222,"TenCT":"Nhà văn phòng công ty Petrolimex","TenDA":"Nhà VP","ChuDauTu":"Cty gas Petrolimex","LoaiCT":13,"DTXDCT":283.71,"ChieuCaoCT":38.7,"SoNha":"số 322","TenDuong":"Điện Biên Phủ","PhuongXa":"Phường 22","QuanHuyenTP":"Quận Bình Thạnh","MaPhuongXa":"76526956","MaQuanHuyenTP":"765"}},{"type":"Feature","id":"QHXD_NhaCaoTang_point.2223","geometry":{"type":"Point","coordinates":[106.72093349,10.79687053]},"geometry_name":"geom","properties":{"id":2223,"OBJECTID":2223,"TenCT":"Văn phòng trưng bày sản phẩm","TenDA":"VP trưng bày SP DV Bảo dưỡng oto","ChuDauTu":"Cty CP Cơ Khí và xây lắp 276","LoaiCT":13,"DTXDCT":7159.58,"ChieuCaoCT":22.65,"SoNha":"số 220","TenDuong":"Điện Biên Phủ","PhuongXa":"Phường 22","QuanHuyenTP":"Quận Bình Thạnh","MaPhuongXa":"76526956","MaQuanHuyenTP":"765"}},{"type":"Feature","id":"QHXD_NhaCaoTang_point.2225","geometry":{"type":"Point","coordinates":[106.71407309,10.8030776]},"geometry_name":"geom","properties":{"id":2225,"OBJECTID":2225,"TenCT":"Khu căn hộ cao tầng 584- Điện Biên Phủ","TenDA":"'Khu căn hộ cao tầng 584- Điện Biên Phủ","ChuDauTu":"Công ty cổ phần đầu tư xây dựng & khai thác công trình giao thông 584","LoaiCT":13,"DTXDCT":735,"ChieuCaoCT":72,"SoNha":null,"TenDuong":null,"PhuongXa":"Phường 25","QuanHuyenTP":"Quận Bình Thạnh","MaPhuongXa":"76526920","MaQuanHuyenTP":"765"}},{"type":"Feature","id":"QHXD_NhaCaoTang_point.2226","geometry":{"type":"Point","coordinates":[106.71425618,10.8018641]},"geometry_name":"geom","properties":{"id":2226,"OBJECTID":2226,"TenCT":"Cao ốc văn phòng, căn hộ, Quận Bình Thạnh.","TenDA":"Cao ốc văn phòng, căn hộ, Quận Bình Thạnh.","ChuDauTu":"Trần Lệnh Phố, trần Lệnh Phú, Phạm Thị Bạch Tuyết","LoaiCT":13,"DTXDCT":null,"ChieuCaoCT":53.4,"SoNha":"144/22","TenDuong":null,"PhuongXa":"Phường 25","QuanHuyenTP":"Quận Bình Thạnh","MaPhuongXa":"76526920","MaQuanHuyenTP":"765"}},{"type":"Feature","id":"QHXD_NhaCaoTang_point.2257","geometry":{"type":"Point","coordinates":[106.72057667,10.7987803]},"geometry_name":"geom","properties":{"id":2257,"OBJECTID":2257,"TenCT":"Nhà văn phòng","TenDA":"Nhà VP","ChuDauTu":"Ông Nguyễn Minh Bạn","LoaiCT":13,"DTXDCT":182.73,"ChieuCaoCT":33.8,"SoNha":"số 641-643","TenDuong":"Điện Biên Phủ","PhuongXa":"Phường 25","QuanHuyenTP":"Quận Bình Thạnh","MaPhuongXa":"76526920","MaQuanHuyenTP":"765"}},{"type":"Feature","id":"QHXD_NhaCaoTang_point.2227","geometry":{"type":"Point","coordinates":[106.71459209,10.8073195]},"geometry_name":"geom","properties":{"id":2227,"OBJECTID":2227,"TenCT":"Chung cư Phú Đạt 16 tầng","TenDA":"Chung cư Phú Đạt 16 tầng","ChuDauTu":"Công ty CP đầu tư và XD Phú Đạt","LoaiCT":1,"DTXDCT":825,"ChieuCaoCT":65.1,"SoNha":null,"TenDuong":null,"PhuongXa":"Phường 25","QuanHuyenTP":"Quận Bình Thạnh","MaPhuongXa":"76526920","MaQuanHuyenTP":"765"}},{"type":"Feature","id":"QHXD_NhaCaoTang_point.2228","geometry":{"type":"Point","coordinates":[106.72181333,10.80141978]},"geometry_name":"geom","properties":{"id":2228,"OBJECTID":2228,"TenCT":"Chung cư Ung Văn Khiêm, Phường 25, Quận Bình Thạnh - Block A","TenDA":null,"ChuDauTu":"Công ty cổ phần thế kỷ 21","LoaiCT":1,"DTXDCT":1550.88,"ChieuCaoCT":56.8,"SoNha":"326/1 và 326/1A","TenDuong":"Ung Văn Khiêm","PhuongXa":"Phường 25","QuanHuyenTP":"Quận Bình Thạnh","MaPhuongXa":"76526920","MaQuanHuyenTP":"765"}},{"type":"Feature","id":"QHXD_NhaCaoTang_point.2229","geometry":{"type":"Point","coordinates":[106.71596483,10.8070376]},"geometry_name":"geom","properties":{"id":2229,"OBJECTID":2229,"TenCT":"Cao ốc văn phòng và căn hộ tại số 6-8 đường D2, phường 25, quận Bình Thạnh.","TenDA":"Cao ốc văn phòng và căn hộ tại số 6-8 đường D2, phường 25, quận Bình Thạnh.","ChuDauTu":"Công ty TNHH bất động sản Nam Thị","LoaiCT":13,"DTXDCT":612,"ChieuCaoCT":57.2,"SoNha":"6-8","TenDuong":null,"PhuongXa":"Phường 25","QuanHuyenTP":"Quận Bình Thạnh","MaPhuongXa":"76526920","MaQuanHuyenTP":"765"}},{"type":"Feature","id":"QHXD_NhaCaoTang_point.2230","geometry":{"type":"Point","coordinates":[106.72207573,10.80144739]},"geometry_name":"geom","properties":{"id":2230,"OBJECTID":2230,"TenCT":"Chung cư Ung Văn Khiêm, Phường 25, Quận Bình Thạnh - Block B","TenDA":null,"ChuDauTu":"Công ty cổ phần thế kỷ 21","LoaiCT":1,"DTXDCT":1550.88,"ChieuCaoCT":56.8,"SoNha":"326/1 và 326/1A","TenDuong":"Ung Văn Khiêm","PhuongXa":"Phường 25","QuanHuyenTP":"Quận Bình Thạnh","MaPhuongXa":"76526920","MaQuanHuyenTP":"765"}},{"type":"Feature","id":"QHXD_NhaCaoTang_point.2231","geometry":{"type":"Point","coordinates":[106.72193865,10.80166352]},"geometry_name":"geom","properties":{"id":2231,"OBJECTID":2231,"TenCT":"Chung cư Ung Văn Khiêm, Phường 25, Quận Bình Thạnh - Block C","TenDA":null,"ChuDauTu":"Công ty cổ phần thế kỷ 21","LoaiCT":1,"DTXDCT":1550.88,"ChieuCaoCT":56.8,"SoNha":"326/1 và 326/1A","TenDuong":"Ung Văn Khiêm","PhuongXa":"Phường 25","QuanHuyenTP":"Quận Bình Thạnh","MaPhuongXa":"76526920","MaQuanHuyenTP":"765"}},{"type":"Feature","id":"QHXD_NhaCaoTang_point.2232","geometry":{"type":"Point","coordinates":[106.72144433,10.80188796]},"geometry_name":"geom","properties":{"id":2232,"OBJECTID":2232,"TenCT":"khối A","TenDA":"Nhà ở chung cư","ChuDauTu":"Cty xây dựng số 8","LoaiCT":1,"DTXDCT":959.76,"ChieuCaoCT":34.77,"SoNha":"41 bis","TenDuong":"Điện Biên Phủ","PhuongXa":"Phường 25","QuanHuyenTP":"Quận Bình Thạnh","MaPhuongXa":"76526920","MaQuanHuyenTP":"765"}},{"type":"Feature","id":"QHXD_NhaCaoTang_point.2233","geometry":{"type":"Point","coordinates":[106.72139588,10.80205846]},"geometry_name":"geom","properties":{"id":2233,"OBJECTID":2233,"TenCT":"khối B","TenDA":"Nhà ở chung cư","ChuDauTu":"Cty xây dựng số 8","LoaiCT":1,"DTXDCT":959.76,"ChieuCaoCT":34.77,"SoNha":"41 bis","TenDuong":"Điện Biên Phủ","PhuongXa":"Phường 25","QuanHuyenTP":"Quận Bình Thạnh","MaPhuongXa":"76526920","MaQuanHuyenTP":"765"}},{"type":"Feature","id":"QHXD_NhaCaoTang_point.2234","geometry":{"type":"Point","coordinates":[106.72126216,10.80225329]},"geometry_name":"geom","properties":{"id":2234,"OBJECTID":2234,"TenCT":"khối C","TenDA":"Nhà ở chung cư","ChuDauTu":"Cty xây dựng số 8","LoaiCT":1,"DTXDCT":234.74,"ChieuCaoCT":46.05,"SoNha":"41 bis","TenDuong":"Điện Biên Phủ","PhuongXa":"Phường 25","QuanHuyenTP":"Quận Bình Thạnh","MaPhuongXa":"76526920","MaQuanHuyenTP":"765"}},{"type":"Feature","id":"QHXD_NhaCaoTang_point.2235","geometry":{"type":"Point","coordinates":[106.72132374,10.80277557]},"geometry_name":"geom","properties":{"id":2235,"OBJECTID":2235,"TenCT":"Chung cư Sampland 1","TenDA":"Chung cư P.25, Q.Bình Thạnh","ChuDauTu":"Công ty CP địa ốc Sacom","LoaiCT":1,"DTXDCT":520.2,"ChieuCaoCT":51,"SoNha":"150/1","TenDuong":"Xô Viết Nghệ Tĩnh","PhuongXa":"Phường 25","QuanHuyenTP":"Quận Bình Thạnh","MaPhuongXa":"76526920","MaQuanHuyenTP":"765"}},{"type":"Feature","id":"QHXD_NhaCaoTang_point.2236","geometry":{"type":"Point","coordinates":[106.71650781,10.80539326]},"geometry_name":"geom","properties":{"id":2236,"OBJECTID":2236,"TenCT":"Trường ĐHGTVT TP.HCM","TenDA":"Trường ĐHGTVT TP.HCM","ChuDauTu":"Trường ĐHGTVT TP.HCM","LoaiCT":3,"DTXDCT":391.5,"ChieuCaoCT":21.2,"SoNha":"2","TenDuong":"Đường D3","PhuongXa":"Phường 25","QuanHuyenTP":"Quận Bình Thạnh","MaPhuongXa":"76526920","MaQuanHuyenTP":"765"}},{"type":"Feature","id":"QHXD_NhaCaoTang_point.2237","geometry":{"type":"Point","coordinates":[106.71858036,10.80004184]},"geometry_name":"geom","properties":{"id":2237,"OBJECTID":2237,"TenCT":"TTTM-dịch vụ ,văn phòng và căn hộ","TenDA":"TTTM-dịch vụ ,văn phòng và căn hộ","ChuDauTu":"Cty CP SSG Văn Thánh","LoaiCT":13,"DTXDCT":null,"ChieuCaoCT":135.7,"SoNha":"khu chợ Văn Thánh","TenDuong":"Điện Biên Phủ","PhuongXa":"Phường 25","QuanHuyenTP":"Quận Bình Thạnh","MaPhuongXa":"76526920","MaQuanHuyenTP":"765"}},{"type":"Feature","id":"QHXD_NhaCaoTang_point.2240","geometry":{"type":"Point","coordinates":[106.72129515,10.80556087]},"geometry_name":"geom","properties":{"id":2240,"OBJECTID":2240,"TenCT":"Trung tâm điều hành sản xuất - Công nghiệp than - Khoáng sản Việt Nam","TenDA":"Trung tâm điều hành sản xuất","ChuDauTu":"Tập đoàn công nghiệp than-khoáng sản Việt Nam","LoaiCT":13,"DTXDCT":null,"ChieuCaoCT":83.65,"SoNha":"2W","TenDuong":"Ung Văn Khiêm","PhuongXa":"Phường 25","QuanHuyenTP":"Quận Bình Thạnh","MaPhuongXa":"76526920","MaQuanHuyenTP":"765"}},{"type":"Feature","id":"QHXD_NhaCaoTang_point.2243","geometry":{"type":"Point","coordinates":[106.72161077,10.80502194]},"geometry_name":"geom","properties":{"id":2243,"OBJECTID":2243,"TenCT":"Nhà văn phòng","TenDA":"Nhà văn phòng","ChuDauTu":"Cty Cổ phần Vicco-Sài Gòn","LoaiCT":13,"DTXDCT":454.73,"ChieuCaoCT":56,"SoNha":"2W","TenDuong":"Ung Văn Khiêm","PhuongXa":"Phường 25","QuanHuyenTP":"Quận Bình Thạnh","MaPhuongXa":"76526920","MaQuanHuyenTP":"765"}},{"type":"Feature","id":"QHXD_NhaCaoTang_point.2245","geometry":{"type":"Point","coordinates":[106.72267979,10.79945348]},"geometry_name":"geom","properties":{"id":2245,"OBJECTID":2245,"TenCT":"Đăng Tâm Building","TenDA":"Nhà văn phòng","ChuDauTu":"Cty TNHH phát triển và đầu tư Đăng Tâm","LoaiCT":13,"DTXDCT":null,"ChieuCaoCT":42.25,"SoNha":"392","TenDuong":"Điện Biên Phủ","PhuongXa":"Phường 25","QuanHuyenTP":"Quận Bình Thạnh","MaPhuongXa":"76526920","MaQuanHuyenTP":"765"}},{"type":"Feature","id":"QHXD_NhaCaoTang_point.2246","geometry":{"type":"Point","coordinates":[106.72203734,10.79927936]},"geometry_name":"geom","properties":{"id":2246,"OBJECTID":2246,"TenCT":"Nhà văn phòng","TenDA":"Nhà văn phòng","ChuDauTu":"Cty TNHH đầu tư Hưng Bình","LoaiCT":13,"DTXDCT":289,"ChieuCaoCT":43,"SoNha":"404-406-406/2","TenDuong":"Ung Văn Khiêm","PhuongXa":"Phường 25","QuanHuyenTP":"Quận Bình Thạnh","MaPhuongXa":"76526920","MaQuanHuyenTP":"765"}},{"type":"Feature","id":"QHXD_NhaCaoTang_point.2247","geometry":{"type":"Point","coordinates":[106.72062282,10.8025636]},"geometry_name":"geom","properties":{"id":2247,"OBJECTID":2247,"TenCT":"Nhà văn phòng công ty xây lắp 6","TenDA":"Văn phòng Công ty Xây lắp 6","ChuDauTu":"Cty CP Xây lắp số 6","LoaiCT":13,"DTXDCT":222.34,"ChieuCaoCT":42,"SoNha":null,"TenDuong":"Đường D1","PhuongXa":"Phường 25","QuanHuyenTP":"Quận Bình Thạnh","MaPhuongXa":"76526920","MaQuanHuyenTP":"765"}},{"type":"Feature","id":"QHXD_NhaCaoTang_point.2248","geometry":{"type":"Point","coordinates":[106.72263332,10.80140987]},"geometry_name":"geom","properties":{"id":2248,"OBJECTID":2248,"TenCT":"Cao ốc văn phòng và căn hộ cho thuê","TenDA":"Cao ốc văn phòng và căn hộ cho thuê","ChuDauTu":"Cty TNHH Quảng Trường CHARM&CI","LoaiCT":13,"DTXDCT":445.26,"ChieuCaoCT":47.3,"SoNha":"330A-330B","TenDuong":"Ung Văn Khiêm","PhuongXa":"Phường 25","QuanHuyenTP":"Quận Bình Thạnh","MaPhuongXa":"76526920","MaQuanHuyenTP":"765"}},{"type":"Feature","id":"QHXD_NhaCaoTang_point.2250","geometry":{"type":"Point","coordinates":[106.71796093,10.80445978]},"geometry_name":"geom","properties":{"id":2250,"OBJECTID":2250,"TenCT":"Trường PTTH Gia Định_Khối hành chánh-Hội trường","TenDA":"Trường PTTH Gia Định","ChuDauTu":"BQL Đầu tư Xây dựng Công trình Q.Bình Thạnh","LoaiCT":3,"DTXDCT":4978.66,"ChieuCaoCT":11.65,"SoNha":null,"TenDuong":null,"PhuongXa":"Phường 25","QuanHuyenTP":"Quận Bình Thạnh","MaPhuongXa":"76526920","MaQuanHuyenTP":"765"}},{"type":"Feature","id":"QHXD_NhaCaoTang_point.2251","geometry":{"type":"Point","coordinates":[106.71835145,10.80474901]},"geometry_name":"geom","properties":{"id":2251,"OBJECTID":2251,"TenCT":"Trường PTTH Gia Định_Khối nhà xe GV-Thư viện-Lớp học bộ môn","TenDA":"Trường PTTH Gia Định","ChuDauTu":"BQL Đầu tư Xây dựng Công trình Q.Bình Thạnh","LoaiCT":3,"DTXDCT":4978.66,"ChieuCaoCT":11.65,"SoNha":null,"TenDuong":null,"PhuongXa":"Phường 25","QuanHuyenTP":"Quận Bình Thạnh","MaPhuongXa":"76526920","MaQuanHuyenTP":"765"}},{"type":"Feature","id":"QHXD_NhaCaoTang_point.2252","geometry":{"type":"Point","coordinates":[106.71829779,10.80544648]},"geometry_name":"geom","properties":{"id":2252,"OBJECTID":2252,"TenCT":"Trường PTTH Gia Định_Khối căn tin-Phòng công nghệ-Lớp học","TenDA":"Trường PTTH Gia Định","ChuDauTu":"BQL Đầu tư Xây dựng Công trình Q.Bình Thạnh","LoaiCT":3,"DTXDCT":4978.66,"ChieuCaoCT":15.25,"SoNha":null,"TenDuong":null,"PhuongXa":"Phường 25","QuanHuyenTP":"Quận Bình Thạnh","MaPhuongXa":"76526920","MaQuanHuyenTP":"765"}},{"type":"Feature","id":"QHXD_NhaCaoTang_point.2253","geometry":{"type":"Point","coordinates":[106.71814715,10.80591649]},"geometry_name":"geom","properties":{"id":2253,"OBJECTID":2253,"TenCT":"Trường PTTH Gia Định_Khối nhà thi đấu đa năng","TenDA":"Trường PTTH Gia Định","ChuDauTu":"BQL Đầu tư Xây dựng Công trình Q.Bình Thạnh","LoaiCT":3,"DTXDCT":700,"ChieuCaoCT":9.65,"SoNha":null,"TenDuong":null,"PhuongXa":"Phường 25","QuanHuyenTP":"Quận Bình Thạnh","MaPhuongXa":"76526920","MaQuanHuyenTP":"765"}},{"type":"Feature","id":"QHXD_NhaCaoTang_point.2254","geometry":{"type":"Point","coordinates":[106.72020981,10.79895737]},"geometry_name":"geom","properties":{"id":2254,"OBJECTID":2254,"TenCT":"Cao ốc VP","TenDA":"Cao ốc VP","ChuDauTu":"Cty CP Xây Dựng và kinh doanh nhà Đại Phúc","LoaiCT":13,"DTXDCT":297.54,"ChieuCaoCT":33.8,"SoNha":"11, 12, 621 và 637/7","TenDuong":"Điện Biên Phủ","PhuongXa":"Phường 25","QuanHuyenTP":"Quận Bình Thạnh","MaPhuongXa":"76526920","MaQuanHuyenTP":"765"}},{"type":"Feature","id":"QHXD_NhaCaoTang_point.2255","geometry":{"type":"Point","coordinates":[106.72121121,10.80297075]},"geometry_name":"geom","properties":{"id":2255,"OBJECTID":2255,"TenCT":"Nhà văn phòng kết hợp nhà ở","TenDA":"Nhà VP kết hợp nhà ở","ChuDauTu":"Ông Đỗ văn trắc, Lê Như Thạch","LoaiCT":13,"DTXDCT":6364.67,"ChieuCaoCT":35,"SoNha":"số 4A/167","TenDuong":"Đường D1","PhuongXa":"Phường 25","QuanHuyenTP":"Quận Bình Thạnh","MaPhuongXa":"76526920","MaQuanHuyenTP":"765"}},{"type":"Feature","id":"QHXD_NhaCaoTang_point.2256","geometry":{"type":"Point","coordinates":[106.72289487,10.79941841]},"geometry_name":"geom","properties":{"id":2256,"OBJECTID":2256,"TenCT":"Nhà văn phòng","TenDA":"Nhà VP","ChuDauTu":"DNTN Hương Liệu Trung Dũng","LoaiCT":13,"DTXDCT":157.5,"ChieuCaoCT":33.8,"SoNha":"số N1","TenDuong":"Điện Biên Phủ","PhuongXa":"Phường 25","QuanHuyenTP":"Quận Bình Thạnh","MaPhuongXa":"76526920","MaQuanHuyenTP":"765"}},{"type":"Feature","id":"QHXD_NhaCaoTang_point.2258","geometry":{"type":"Point","coordinates":[106.71177569,10.80208795]},"geometry_name":"geom","properties":{"id":2258,"OBJECTID":2258,"TenCT":"Khu nhà văn phòng","TenDA":"Nhà văn phòng","ChuDauTu":"Cty Công nghệ phát triển","LoaiCT":13,"DTXDCT":101.98,"ChieuCaoCT":28.6,"SoNha":"số 274","TenDuong":"Xô Viết Nghệ Tĩnh","PhuongXa":"Phường 25","QuanHuyenTP":"Quận Bình Thạnh","MaPhuongXa":"76526920","MaQuanHuyenTP":"765"}},{"type":"Feature","id":"QHXD_NhaCaoTang_point.2259","geometry":{"type":"Point","coordinates":[106.71203651,10.80711987]},"geometry_name":"geom","properties":{"id":2259,"OBJECTID":2259,"TenCT":"Nhà Văn Phòng","TenDA":"Nhà Văn Phòng","ChuDauTu":null,"LoaiCT":13,"DTXDCT":155.8,"ChieuCaoCT":30.5,"SoNha":"456","TenDuong":"Xô Viết Nghệ Tĩnh","PhuongXa":"Phường 25","QuanHuyenTP":"Quận Bình Thạnh","MaPhuongXa":"76526920","MaQuanHuyenTP":"765"}},{"type":"Feature","id":"QHXD_NhaCaoTang_point.2260","geometry":{"type":"Point","coordinates":[106.72334906,10.79969431]},"geometry_name":"geom","properties":{"id":2260,"OBJECTID":2260,"TenCT":"Nhà VP 414 Ung Văn Khiêm","TenDA":"Nhà VP 414 Ung Văn Khiêm","ChuDauTu":"Ông Bùi Minh Đạo","LoaiCT":13,"DTXDCT":109.37,"ChieuCaoCT":26.9,"SoNha":"414","TenDuong":"Ung Văn Khiêm","PhuongXa":"Phường 25","QuanHuyenTP":"Quận Bình Thạnh","MaPhuongXa":"76526920","MaQuanHuyenTP":"765"}},{"type":"Feature","id":"QHXD_NhaCaoTang_point.2261","geometry":{"type":"Point","coordinates":[106.70983352,10.8057223]},"geometry_name":"geom","properties":{"id":2261,"OBJECTID":2261,"TenCT":"Cao ốc văn phòng 30-32 Đinh Bộ Lĩnh, Phường 24, Quận Bình Thạnh.","TenDA":"Cao ốc văn phòng 30-32 Đinh Bộ Lĩnh, Phường 24, Quận Bình Thạnh.","ChuDauTu":"Nguyễn Bạch Tuyết","LoaiCT":13,"DTXDCT":374.53,"ChieuCaoCT":48,"SoNha":"30-32","TenDuong":"Đinh Bộ Lĩnh","PhuongXa":"Phường 24","QuanHuyenTP":"Quận Bình Thạnh","MaPhuongXa":"76526929","MaQuanHuyenTP":"765"}},{"type":"Feature","id":"QHXD_NhaCaoTang_point.2262","geometry":{"type":"Point","coordinates":[106.7098376,10.80557919]},"geometry_name":"geom","properties":{"id":2262,"OBJECTID":2262,"TenCT":"Chung cư","TenDA":"Chung cư","ChuDauTu":"Cty TNHH XD&KD địa ốc An Nam","LoaiCT":1,"DTXDCT":404,"ChieuCaoCT":45.5,"SoNha":"26","TenDuong":"Đinh Bộ Lĩnh","PhuongXa":"Phường 24","QuanHuyenTP":"Quận Bình Thạnh","MaPhuongXa":"76526929","MaQuanHuyenTP":"765"}},{"type":"Feature","id":"QHXD_NhaCaoTang_point.2263","geometry":{"type":"Point","coordinates":[106.70926729,10.80469453]},"geometry_name":"geom","properties":{"id":2263,"OBJECTID":2263,"TenCT":"Nhà văn phòng","TenDA":"Nhà văn phòng","ChuDauTu":"Cty XNK than Việt Nam","LoaiCT":13,"DTXDCT":416,"ChieuCaoCT":37.8,"SoNha":null,"TenDuong":"Đinh Bộ Lĩnh","PhuongXa":"Phường 24","QuanHuyenTP":"Quận Bình Thạnh","MaPhuongXa":"76526929","MaQuanHuyenTP":"765"}},{"type":"Feature","id":"QHXD_NhaCaoTang_point.2264","geometry":{"type":"Point","coordinates":[106.70925889,10.80449583]},"geometry_name":"geom","properties":{"id":2264,"OBJECTID":2264,"TenCT":"cao ốc văn phòng","TenDA":"cao ốc văn phòng","ChuDauTu":"Cty cổ phần đầu tư xây dựng và thương mại Đông Tây","LoaiCT":13,"DTXDCT":263.7,"ChieuCaoCT":54.5,"SoNha":"27","TenDuong":"Đinh Bộ Lĩnh","PhuongXa":"Phường 24","QuanHuyenTP":"Quận Bình Thạnh","MaPhuongXa":"76526929","MaQuanHuyenTP":"765"}},{"type":"Feature","id":"QHXD_NhaCaoTang_point.2265","geometry":{"type":"Point","coordinates":[106.70980567,10.80587571]},"geometry_name":"geom","properties":{"id":2265,"OBJECTID":2265,"TenCT":"Khu căn hộ cao cấp và cho thuê Tân Hoàng Long","TenDA":"Khu căn hộ cao cấp và cho thuê Tân Hoàng Long","ChuDauTu":"Phạm Thị Bông","LoaiCT":1,"DTXDCT":244.84,"ChieuCaoCT":45.2,"SoNha":"34-36B","TenDuong":"Đinh Bộ Lĩnh","PhuongXa":"Phường 24","QuanHuyenTP":"Quận Bình Thạnh","MaPhuongXa":"76526929","MaQuanHuyenTP":"765"}},{"type":"Feature","id":"QHXD_NhaCaoTang_point.2266","geometry":{"type":"Point","coordinates":[106.69579848,10.8057586]},"geometry_name":"geom","properties":{"id":2266,"OBJECTID":2266,"TenCT":"Nhà văn phòng","TenDA":"Chung cư 36-32/17 Nguyễn Huy Lượng","ChuDauTu":"Cty phát triển nhà Bình Thạnh","LoaiCT":13,"DTXDCT":null,"ChieuCaoCT":47.2,"SoNha":"36-32/17","TenDuong":"Nguyễn Huy Lượng","PhuongXa":"Phường 14","QuanHuyenTP":"Quận Bình Thạnh","MaPhuongXa":"76526935","MaQuanHuyenTP":"765"}},{"type":"Feature","id":"QHXD_NhaCaoTang_point.2267","geometry":{"type":"Point","coordinates":[106.69559236,10.80603366]},"geometry_name":"geom","properties":{"id":2267,"OBJECTID":2267,"TenCT":"Chung cư","TenDA":"Chung cư 36-32/17 Nguyễn Huy Lượng","ChuDauTu":"Công ty phát triển nhà Bình Thạnh","LoaiCT":13,"DTXDCT":null,"ChieuCaoCT":54.2,"SoNha":"36-32/17","TenDuong":"Nguyễn Huy Lượng","PhuongXa":"Phường 14","QuanHuyenTP":"Quận Bình Thạnh","MaPhuongXa":"76526935","MaQuanHuyenTP":"765"}},{"type":"Feature","id":"QHXD_NhaCaoTang_point.2268","geometry":{"type":"Point","coordinates":[106.69609753,10.80712597]},"geometry_name":"geom","properties":{"id":2268,"OBJECTID":2268,"TenCT":"Cao ốc văn phòng 137 Lê Quang Định, phường 14, quận Bình Thạnh.","TenDA":"Cao ốc văn phòng 137 Lê Quang Định, phường 14, quận Bình Thạnh.","ChuDauTu":"Cty Cp xây dựng số 5","LoaiCT":13,"DTXDCT":453.9,"ChieuCaoCT":48,"SoNha":"137","TenDuong":"Lê Quang Định","PhuongXa":"Phường 14","QuanHuyenTP":"Quận Bình Thạnh","MaPhuongXa":"76526935","MaQuanHuyenTP":"765"}},{"type":"Feature","id":"QHXD_NhaCaoTang_point.2269","geometry":{"type":"Point","coordinates":[106.69545938,10.80516045]},"geometry_name":"geom","properties":{"id":2269,"OBJECTID":2269,"TenCT":"Khu xạ trị Gia tốc","TenDA":"Bệnh viện Ung Bướu","ChuDauTu":"Trung tâm Ung Bướu","LoaiCT":4,"DTXDCT":489,"ChieuCaoCT":17.8,"SoNha":"6","TenDuong":"Nguyễn Huy Lượng","PhuongXa":"Phường 14","QuanHuyenTP":"Quận Bình Thạnh","MaPhuongXa":"76526935","MaQuanHuyenTP":"765"}},{"type":"Feature","id":"QHXD_NhaCaoTang_point.2270","geometry":{"type":"Point","coordinates":[106.69541741,10.80696837]},"geometry_name":"geom","properties":{"id":2270,"OBJECTID":2270,"TenCT":"Trụ sở trung tâm tin học Thống kê khu vực II","TenDA":"TKCS-2008-12 Trụ sở trung tâm tin học Thống kê khu vực II","ChuDauTu":"Trung tâm tin học Thống kê khu vực II","LoaiCT":11,"DTXDCT":414.6,"ChieuCaoCT":26.8,"SoNha":"54A","TenDuong":"Nơ Trang Long","PhuongXa":"Phường 14","QuanHuyenTP":"Quận Bình Thạnh","MaPhuongXa":"76526935","MaQuanHuyenTP":"765"}},{"type":"Feature","id":"QHXD_NhaCaoTang_point.2341","geometry":{"type":"Point","coordinates":[106.68677296,10.79945174]},"geometry_name":"geom","properties":{"id":2341,"OBJECTID":2341,"TenCT":"Lô A2-ĐN B1","TenDA":"Chung cư Phan Xích Long","ChuDauTu":"Cty Kỹ Thuật XD Quận Phú Nhuận","LoaiCT":1,"DTXDCT":329.01,"ChieuCaoCT":19.7,"SoNha":null,"TenDuong":"Phan Xích Long","PhuongXa":"Phường 7","QuanHuyenTP":"Quận Phú Nhuận","MaPhuongXa":"76827052","MaQuanHuyenTP":"768"}},{"type":"Feature","id":"QHXD_NhaCaoTang_point.2287","geometry":{"type":"Point","coordinates":[106.6979898,10.80718137]},"geometry_name":"geom","properties":{"id":2287,"OBJECTID":2287,"TenCT":"Chùa Long Phước","TenDA":"Chùa Long Phước","ChuDauTu":"Chùa Long Phước","LoaiCT":6,"DTXDCT":153.42,"ChieuCaoCT":20.95,"SoNha":"44/1","TenDuong":"Phan Văn Trị","PhuongXa":"Phường 12","QuanHuyenTP":"Quận Bình Thạnh","MaPhuongXa":"76526917","MaQuanHuyenTP":"765"}},{"type":"Feature","id":"QHXD_NhaCaoTang_point.2336","geometry":{"type":"Point","coordinates":[106.68925976,10.79884629]},"geometry_name":"geom","properties":{"id":2336,"OBJECTID":2336,"TenCT":"Chợ - Siêu thị - Căn hộ cao tầng Rạch Miễu","TenDA":null,"ChuDauTu":"Công ty Kỹ thuật Xây dựng Q.Phú Nhuận","LoaiCT":13,"DTXDCT":2105,"ChieuCaoCT":58.55,"SoNha":"Khu dân cư Rạch Miễu","TenDuong":null,"PhuongXa":"Phường 7","QuanHuyenTP":"Quận Phú Nhuận","MaPhuongXa":"76827052","MaQuanHuyenTP":"768"}},{"type":"Feature","id":"QHXD_NhaCaoTang_point.2337","geometry":{"type":"Point","coordinates":[106.68659991,10.79953214]},"geometry_name":"geom","properties":{"id":2337,"OBJECTID":2337,"TenCT":"Lô A2-ĐN A1","TenDA":"Chung cư Phan Xích Long","ChuDauTu":"Cty Kỹ Thuật XD Quận Phú Nhuận","LoaiCT":1,"DTXDCT":350,"ChieuCaoCT":19.7,"SoNha":null,"TenDuong":"Phan Xích Long","PhuongXa":"Phường 7","QuanHuyenTP":"Quận Phú Nhuận","MaPhuongXa":"76827052","MaQuanHuyenTP":"768"}},{"type":"Feature","id":"QHXD_NhaCaoTang_point.2338","geometry":{"type":"Point","coordinates":[106.68653105,10.79935204]},"geometry_name":"geom","properties":{"id":2338,"OBJECTID":2338,"TenCT":"Lô A2-ĐN A2","TenDA":"Chung cư Phan Xích Long","ChuDauTu":"Cty Kỹ Thuật XD Quận Phú Nhuận","LoaiCT":1,"DTXDCT":350.25,"ChieuCaoCT":19.7,"SoNha":null,"TenDuong":"Phan Xích Long","PhuongXa":"Phường 7","QuanHuyenTP":"Quận Phú Nhuận","MaPhuongXa":"76827052","MaQuanHuyenTP":"768"}},{"type":"Feature","id":"QHXD_NhaCaoTang_point.2339","geometry":{"type":"Point","coordinates":[106.68695232,10.79938869]},"geometry_name":"geom","properties":{"id":2339,"OBJECTID":2339,"TenCT":"Lô A2-ĐN A3","TenDA":"Chung cư Phan Xích Long","ChuDauTu":"Cty Kỹ Thuật XD Quận Phú Nhuận","LoaiCT":1,"DTXDCT":350.25,"ChieuCaoCT":19.7,"SoNha":null,"TenDuong":"Phan Xích Long","PhuongXa":"Phường 7","QuanHuyenTP":"Quận Phú Nhuận","MaPhuongXa":"76827052","MaQuanHuyenTP":"768"}},{"type":"Feature","id":"QHXD_NhaCaoTang_point.2340","geometry":{"type":"Point","coordinates":[106.68688352,10.79921504]},"geometry_name":"geom","properties":{"id":2340,"OBJECTID":2340,"TenCT":"Lô A2-ĐN A4","TenDA":"Chung cư Phan Xích Long","ChuDauTu":"Cty Kỹ Thuật XD Quận Phú Nhuận","LoaiCT":1,"DTXDCT":350.25,"ChieuCaoCT":19.7,"SoNha":null,"TenDuong":"Phan Xích Long","PhuongXa":"Phường 7","QuanHuyenTP":"Quận Phú Nhuận","MaPhuongXa":"76827052","MaQuanHuyenTP":"768"}},{"type":"Feature","id":"QHXD_NhaCaoTang_point.2342","geometry":{"type":"Point","coordinates":[106.68671294,10.79926792]},"geometry_name":"geom","properties":{"id":2342,"OBJECTID":2342,"TenCT":"Lô A2-ĐN B2","TenDA":"Chung cư Phan Xích Long","ChuDauTu":"Cty Kỹ Thuật XD Quận Phú Nhuận","LoaiCT":1,"DTXDCT":329.01,"ChieuCaoCT":19.7,"SoNha":null,"TenDuong":"Phan Xích Long","PhuongXa":"Phường 7","QuanHuyenTP":"Quận Phú Nhuận","MaPhuongXa":"76827052","MaQuanHuyenTP":"768"}},{"type":"Feature","id":"QHXD_NhaCaoTang_point.2343","geometry":{"type":"Point","coordinates":[106.6872483,10.79924219]},"geometry_name":"geom","properties":{"id":2343,"OBJECTID":2343,"TenCT":"Lô A3-ĐN A1","TenDA":"Chung cư Phan Xích Long","ChuDauTu":"Cty Kỹ Thuật XD Quận Phú Nhuận","LoaiCT":1,"DTXDCT":350.25,"ChieuCaoCT":19.7,"SoNha":null,"TenDuong":"Phan Xích Long","PhuongXa":"Phường 7","QuanHuyenTP":"Quận Phú Nhuận","MaPhuongXa":"76827052","MaQuanHuyenTP":"768"}},{"type":"Feature","id":"QHXD_NhaCaoTang_point.2344","geometry":{"type":"Point","coordinates":[106.68718789,10.7990916]},"geometry_name":"geom","properties":{"id":2344,"OBJECTID":2344,"TenCT":"Lô A3-ĐN A2","TenDA":"Chung cư Phan Xích Long","ChuDauTu":"Cty Kỹ Thuật XD Quận Phú Nhuận","LoaiCT":1,"DTXDCT":350.25,"ChieuCaoCT":19.7,"SoNha":null,"TenDuong":"Phan Xích Long","PhuongXa":"Phường 7","QuanHuyenTP":"Quận Phú Nhuận","MaPhuongXa":"76827052","MaQuanHuyenTP":"768"}},{"type":"Feature","id":"QHXD_NhaCaoTang_point.2345","geometry":{"type":"Point","coordinates":[106.68758923,10.7991083]},"geometry_name":"geom","properties":{"id":2345,"OBJECTID":2345,"TenCT":"Lô A3-ĐN A3","TenDA":"Chung cư Phan Xích Long","ChuDauTu":"Cty Kỹ Thuật XD Quận Phú Nhuận","LoaiCT":1,"DTXDCT":350.25,"ChieuCaoCT":19.7,"SoNha":null,"TenDuong":"Phan Xích Long","PhuongXa":"Phường 7","QuanHuyenTP":"Quận Phú Nhuận","MaPhuongXa":"76827052","MaQuanHuyenTP":"768"}},{"type":"Feature","id":"QHXD_NhaCaoTang_point.2346","geometry":{"type":"Point","coordinates":[106.68752656,10.79893158]},"geometry_name":"geom","properties":{"id":2346,"OBJECTID":2346,"TenCT":"Lô A3-ĐN A4","TenDA":"Chung cư Phan Xích Long","ChuDauTu":"Cty Kỹ Thuật XD Quận Phú Nhuận","LoaiCT":1,"DTXDCT":350.25,"ChieuCaoCT":19.7,"SoNha":null,"TenDuong":"Phan Xích Long","PhuongXa":"Phường 7","QuanHuyenTP":"Quận Phú Nhuận","MaPhuongXa":"76827052","MaQuanHuyenTP":"768"}},{"type":"Feature","id":"QHXD_NhaCaoTang_point.2347","geometry":{"type":"Point","coordinates":[106.68742189,10.79917093]},"geometry_name":"geom","properties":{"id":2347,"OBJECTID":2347,"TenCT":"Lô A3-ĐN B1","TenDA":"Chung cư Phan Xích Long","ChuDauTu":"Cty Kỹ Thuật XD Quận Phú Nhuận","LoaiCT":1,"DTXDCT":329.01,"ChieuCaoCT":19.7,"SoNha":null,"TenDuong":"Phan Xích Long","PhuongXa":"Phường 7","QuanHuyenTP":"Quận Phú Nhuận","MaPhuongXa":"76827052","MaQuanHuyenTP":"768"}},{"type":"Feature","id":"QHXD_NhaCaoTang_point.2348","geometry":{"type":"Point","coordinates":[106.68736322,10.7990025]},"geometry_name":"geom","properties":{"id":2348,"OBJECTID":2348,"TenCT":"Lô A3-ĐN B2","TenDA":"Chung cư Phan Xích Long","ChuDauTu":"Cty Kỹ Thuật XD Quận Phú Nhuận","LoaiCT":1,"DTXDCT":329.01,"ChieuCaoCT":19.7,"SoNha":null,"TenDuong":"Phan Xích Long","PhuongXa":"Phường 7","QuanHuyenTP":"Quận Phú Nhuận","MaPhuongXa":"76827052","MaQuanHuyenTP":"768"}},{"type":"Feature","id":"QHXD_NhaCaoTang_point.2349","geometry":{"type":"Point","coordinates":[106.68917704,10.79984958]},"geometry_name":"geom","properties":{"id":2349,"OBJECTID":2349,"TenCT":"Đơn nguyên A","TenDA":"Chung cư A1 Phan Tây Hồ","ChuDauTu":"Cty kỹ thuật xây dựng Quận Phú Nhuận","LoaiCT":1,"DTXDCT":null,"ChieuCaoCT":null,"SoNha":"KDC Rạch Miễu","TenDuong":null,"PhuongXa":"Phường 7","QuanHuyenTP":"Quận Phú Nhuận","MaPhuongXa":"76827052","MaQuanHuyenTP":"768"}},{"type":"Feature","id":"QHXD_NhaCaoTang_point.2350","geometry":{"type":"Point","coordinates":[106.68917669,10.7996044]},"geometry_name":"geom","properties":{"id":2350,"OBJECTID":2350,"TenCT":"Đơn nguyên C","TenDA":"Chung cư A1 Phan Tây Hồ","ChuDauTu":"Cty kỹ thuật xây dựng Quận Phú Nhuận","LoaiCT":1,"DTXDCT":null,"ChieuCaoCT":null,"SoNha":"KDC Rạch Miễu","TenDuong":null,"PhuongXa":"Phường 7","QuanHuyenTP":"Quận Phú Nhuận","MaPhuongXa":"76827052","MaQuanHuyenTP":"768"}},{"type":"Feature","id":"QHXD_NhaCaoTang_point.2351","geometry":{"type":"Point","coordinates":[106.68943138,10.79984295]},"geometry_name":"geom","properties":{"id":2351,"OBJECTID":2351,"TenCT":"Đơn nguyên B","TenDA":"Chung cư A1 Phan Tây Hồ","ChuDauTu":"Cty kỹ thuật xây dựng Quận Phú Nhuận","LoaiCT":1,"DTXDCT":null,"ChieuCaoCT":null,"SoNha":"KDC Rạch Miễu","TenDuong":null,"PhuongXa":"Phường 7","QuanHuyenTP":"Quận Phú Nhuận","MaPhuongXa":"76827052","MaQuanHuyenTP":"768"}},{"type":"Feature","id":"QHXD_NhaCaoTang_point.2352","geometry":{"type":"Point","coordinates":[106.68943469,10.79960233]},"geometry_name":"geom","properties":{"id":2352,"OBJECTID":2352,"TenCT":"Đơn nguyên D","TenDA":"Chung cư A1 Phan Tây Hồ","ChuDauTu":"Cty kỹ thuật xây dựng Quận Phú Nhuận","LoaiCT":1,"DTXDCT":null,"ChieuCaoCT":null,"SoNha":"KDC Rạch Miễu","TenDuong":null,"PhuongXa":"Phường 7","QuanHuyenTP":"Quận Phú Nhuận","MaPhuongXa":"76827052","MaQuanHuyenTP":"768"}},{"type":"Feature","id":"QHXD_NhaCaoTang_point.2353","geometry":{"type":"Point","coordinates":[106.6872608,10.79958914]},"geometry_name":"geom","properties":{"id":2353,"OBJECTID":2353,"TenCT":"Chung Cư A4","TenDA":"Chung cư Phan Xích Long","ChuDauTu":"Cty kỹ thuật XD Quận Phú Nhuận","LoaiCT":1,"DTXDCT":null,"ChieuCaoCT":null,"SoNha":null,"TenDuong":null,"PhuongXa":"Phường 7","QuanHuyenTP":"Quận Phú Nhuận","MaPhuongXa":"76827052","MaQuanHuyenTP":"768"}},{"type":"Feature","id":"QHXD_NhaCaoTang_point.2354","geometry":{"type":"Point","coordinates":[106.68768765,10.79939519]},"geometry_name":"geom","properties":{"id":2354,"OBJECTID":2354,"TenCT":"Chung Cư A5","TenDA":"Chung cư Phan Xích Long","ChuDauTu":"Cty kỹ thuật XD Quận Phú Nhuận","LoaiCT":1,"DTXDCT":null,"ChieuCaoCT":null,"SoNha":null,"TenDuong":null,"PhuongXa":"Phường 7","QuanHuyenTP":"Quận Phú Nhuận","MaPhuongXa":"76827052","MaQuanHuyenTP":"768"}},{"type":"Feature","id":"QHXD_NhaCaoTang_point.2355","geometry":{"type":"Point","coordinates":[106.68594174,10.80366992]},"geometry_name":"geom","properties":{"id":2355,"OBJECTID":2355,"TenCT":"Nhà thờ tin lành Gia Định","TenDA":"Nhà thờ Tin lành Gia Định","ChuDauTu":"Hội thánh Tin Lành Việt Nam - Chi hội Gia Định","LoaiCT":6,"DTXDCT":292.54,"ChieuCaoCT":37.2,"SoNha":"109","TenDuong":"Phan Đăng Lưu","PhuongXa":"Phường 7","QuanHuyenTP":"Quận Phú Nhuận","MaPhuongXa":"76827052","MaQuanHuyenTP":"768"}},{"type":"Feature","id":"QHXD_NhaCaoTang_point.2356","geometry":{"type":"Point","coordinates":[106.68533548,10.80351463]},"geometry_name":"geom","properties":{"id":2356,"OBJECTID":2356,"TenCT":"Nhà Văn phòng 109-111 Phan Đăng Lưu","TenDA":"Nhà VP (Phần xây mới)","ChuDauTu":"Cty CP may Da XK 30-4","LoaiCT":13,"DTXDCT":220.12,"ChieuCaoCT":11.7,"SoNha":"số 109-111","TenDuong":"Phan Đăng Lưu","PhuongXa":"Phường 7","QuanHuyenTP":"Quận Phú Nhuận","MaPhuongXa":"76827052","MaQuanHuyenTP":"768"}},{"type":"Feature","id":"QHXD_NhaCaoTang_point.2357","geometry":{"type":"Point","coordinates":[106.69455061,10.80522388]},"geometry_name":"geom","properties":{"id":2357,"OBJECTID":2357,"TenCT":"khu E","TenDA":"Bệnh Viện Ung Bứu","ChuDauTu":"Bệnh Viện Ung Bứu","LoaiCT":4,"DTXDCT":624,"ChieuCaoCT":20.1,"SoNha":"3","TenDuong":"Nơ Trang Long","PhuongXa":"Phường 7","QuanHuyenTP":"Quận Bình Thạnh","MaPhuongXa":"76526926","MaQuanHuyenTP":"765"}},{"type":"Feature","id":"QHXD_NhaCaoTang_point.2358","geometry":{"type":"Point","coordinates":[106.69465978,10.804864]},"geometry_name":"geom","properties":{"id":2358,"OBJECTID":2358,"TenCT":"khu D","TenDA":"Bệnh Viện Ung Bứu","ChuDauTu":"Bệnh Viện Ung Bứu","LoaiCT":4,"DTXDCT":647,"ChieuCaoCT":8.2,"SoNha":"3","TenDuong":"Nơ Trang Long","PhuongXa":"Phường 7","QuanHuyenTP":"Quận Bình Thạnh","MaPhuongXa":"76526926","MaQuanHuyenTP":"765"}},{"type":"Feature","id":"QHXD_NhaCaoTang_point.2359","geometry":{"type":"Point","coordinates":[106.69399951,10.80521988]},"geometry_name":"geom","properties":{"id":2359,"OBJECTID":2359,"TenCT":"khu A","TenDA":"Bệnh Viện Ung Bứu","ChuDauTu":"Bệnh Viện Ung Bứu","LoaiCT":4,"DTXDCT":652.3,"ChieuCaoCT":8,"SoNha":"3","TenDuong":"Nơ Trang Long","PhuongXa":"Phường 7","QuanHuyenTP":"Quận Bình Thạnh","MaPhuongXa":"76526926","MaQuanHuyenTP":"765"}},{"type":"Feature","id":"QHXD_NhaCaoTang_point.2360","geometry":{"type":"Point","coordinates":[106.69382192,10.80497122]},"geometry_name":"geom","properties":{"id":2360,"OBJECTID":2360,"TenCT":"khu B","TenDA":"Bệnh Viện Ung Bứu","ChuDauTu":"Bệnh Viện Ung Bứu","LoaiCT":4,"DTXDCT":535.08,"ChieuCaoCT":15.5,"SoNha":"3","TenDuong":"Nơ Trang Long","PhuongXa":"Phường 7","QuanHuyenTP":"Quận Bình Thạnh","MaPhuongXa":"76526926","MaQuanHuyenTP":"765"}},{"type":"Feature","id":"QHXD_NhaCaoTang_point.2361","geometry":{"type":"Point","coordinates":[106.69405583,10.80470824]},"geometry_name":"geom","properties":{"id":2361,"OBJECTID":2361,"TenCT":"khu C","TenDA":"Bệnh Viện Ung Bứu","ChuDauTu":"Bệnh Viện Ung Bứu","LoaiCT":4,"DTXDCT":531.23,"ChieuCaoCT":21.7,"SoNha":"3","TenDuong":"Nơ Trang Long","PhuongXa":"Phường 7","QuanHuyenTP":"Quận Bình Thạnh","MaPhuongXa":"76526926","MaQuanHuyenTP":"765"}},{"type":"Feature","id":"QHXD_NhaCaoTang_point.2362","geometry":{"type":"Point","coordinates":[106.69440887,10.80715923]},"geometry_name":"geom","properties":{"id":2362,"OBJECTID":2362,"TenCT":"Hồ bơi trung tâm Bình Thạnh","TenDA":"Hồ bơi trung tâm Bình Thạnh","ChuDauTu":"Trung tâm TDTT Bình Thạnh","LoaiCT":5,"DTXDCT":1720,"ChieuCaoCT":null,"SoNha":"25A","TenDuong":"Nơ Trang Long","PhuongXa":"Phường 7","QuanHuyenTP":"Quận Bình Thạnh","MaPhuongXa":"76526926","MaQuanHuyenTP":"765"}},{"type":"Feature","id":"QHXD_NhaCaoTang_point.2364","geometry":{"type":"Point","coordinates":[106.69445457,10.80469891]},"geometry_name":"geom","properties":{"id":2364,"OBJECTID":2364,"TenCT":"khu hành chính","TenDA":"Bệnh Viện Ung Bứu","ChuDauTu":"Bệnh Viện Ung Bứu","LoaiCT":4,"DTXDCT":124.09,"ChieuCaoCT":8.1,"SoNha":"3","TenDuong":"Nơ Trang Long","PhuongXa":"Phường 7","QuanHuyenTP":"Quận Bình Thạnh","MaPhuongXa":"76526926","MaQuanHuyenTP":"765"}},{"type":"Feature","id":"QHXD_NhaCaoTang_point.2365","geometry":{"type":"Point","coordinates":[106.69421357,10.80495003]},"geometry_name":"geom","properties":{"id":2365,"OBJECTID":2365,"TenCT":"khu phòng khám","TenDA":"Bệnh Viện Ung Bứu","ChuDauTu":"Bệnh Viện Ung Bứu","LoaiCT":4,"DTXDCT":99.2,"ChieuCaoCT":3.9,"SoNha":"3","TenDuong":"Nơ Trang Long","PhuongXa":"Phường 7","QuanHuyenTP":"Quận Bình Thạnh","MaPhuongXa":"76526926","MaQuanHuyenTP":"765"}},{"type":"Feature","id":"QHXD_NhaCaoTang_point.2366","geometry":{"type":"Point","coordinates":[106.69401906,10.80495332]},"geometry_name":"geom","properties":{"id":2366,"OBJECTID":2366,"TenCT":"nhà cấp dưỡng","TenDA":"Bệnh Viện Ung Bứu","ChuDauTu":"Bệnh Viện Ung Bứu","LoaiCT":4,"DTXDCT":127.4,"ChieuCaoCT":8.1,"SoNha":"3","TenDuong":"Nơ Trang Long","PhuongXa":"Phường 7","QuanHuyenTP":"Quận Bình Thạnh","MaPhuongXa":"76526926","MaQuanHuyenTP":"765"}},{"type":"Feature","id":"QHXD_NhaCaoTang_point.2367","geometry":{"type":"Point","coordinates":[106.69284377,10.80374116]},"geometry_name":"geom","properties":{"id":2367,"OBJECTID":2367,"TenCT":"Trường THPT Hoàng Hoa Thám_Khối Nhà E","TenDA":"Trường THPT Hoàng Hoa Thám","ChuDauTu":"Trường PTTH Hoàng Hoa Thám","LoaiCT":3,"DTXDCT":470,"ChieuCaoCT":15.8,"SoNha":"06","TenDuong":"Hoàng Hoa Thám","PhuongXa":"Phường 7","QuanHuyenTP":"Quận Bình Thạnh","MaPhuongXa":"76526926","MaQuanHuyenTP":"765"}},{"type":"Feature","id":"QHXD_NhaCaoTang_point.2368","geometry":{"type":"Point","coordinates":[106.69328389,10.80402705]},"geometry_name":"geom","properties":{"id":2368,"OBJECTID":2368,"TenCT":"Trường THPT Hoàng Hoa Thám_Khối Nhà H","TenDA":"Trường THPT Hoàng Hoa Thám","ChuDauTu":"Trường PTTH Hoàng Hoa Thám","LoaiCT":3,"DTXDCT":570,"ChieuCaoCT":17.05,"SoNha":"06","TenDuong":"Hoàng Hoa Thám","PhuongXa":"Phường 7","QuanHuyenTP":"Quận Bình Thạnh","MaPhuongXa":"76526926","MaQuanHuyenTP":"765"}},{"type":"Feature","id":"QHXD_NhaCaoTang_point.2369","geometry":{"type":"Point","coordinates":[106.68524734,10.80556776]},"geometry_name":"geom","properties":{"id":2369,"OBJECTID":2369,"TenCT":"Chung cư","TenDA":"Chung cư","ChuDauTu":"Công ty cổ phần đầu tư xây dựng Phú Hưng Gia","LoaiCT":1,"DTXDCT":2010.38,"ChieuCaoCT":60,"SoNha":"312","TenDuong":"Nguyễn Thượng Hiền","PhuongXa":"Phường 5","QuanHuyenTP":"Quận Phú Nhuận","MaPhuongXa":"76827046","MaQuanHuyenTP":"768"}},{"type":"Feature","id":"QHXD_NhaCaoTang_point.2371","geometry":{"type":"Point","coordinates":[106.68667309,10.80496979]},"geometry_name":"geom","properties":{"id":2371,"OBJECTID":2371,"TenCT":"Văn phòng đại diện Toà Tổng giám mục Long Xuyên","TenDA":"Văn phòng đại diện","ChuDauTu":"Tòa Tổng Giám mục Long Xuyên","LoaiCT":6,"DTXDCT":459.962,"ChieuCaoCT":26.7,"SoNha":"72/24","TenDuong":"Phan Đăng Lưu","PhuongXa":"Phường 5","QuanHuyenTP":"Quận Phú Nhuận","MaPhuongXa":"76827046","MaQuanHuyenTP":"768"}},{"type":"Feature","id":"QHXD_NhaCaoTang_point.2403","geometry":{"type":"Point","coordinates":[106.68523487,10.79281756]},"geometry_name":"geom","properties":{"id":2403,"OBJECTID":2403,"TenCT":"Cao ốc văn phòng Việt Sinh","TenDA":"Cao ốc văn phòng","ChuDauTu":"Cty CP tư vấn đầu tư phát triển dự án Việt Sinh","LoaiCT":13,"DTXDCT":390.9,"ChieuCaoCT":37.2,"SoNha":"31-31A-31B-31C","TenDuong":"Phan Đình Phùng","PhuongXa":"Phường 17","QuanHuyenTP":"Quận Phú Nhuận","MaPhuongXa":"76827076","MaQuanHuyenTP":"768"}},{"type":"Feature","id":"QHXD_NhaCaoTang_point.2702","geometry":{"type":"Point","coordinates":[106.72161911,10.78271527]},"geometry_name":"geom","properties":{"id":2702,"OBJECTID":2702,"TenCT":"cải tạo , mở rộng trường mầm non vườn Hồng","TenDA":"Trường mầm non Vườn Hồng","ChuDauTu":"BQLDA Q.2","LoaiCT":3,"DTXDCT":2563,"ChieuCaoCT":null,"SoNha":null,"TenDuong":null,"PhuongXa":"Phường Thủ Thiêm","QuanHuyenTP":"Thành phố Thủ Đức","MaPhuongXa":"76927118","MaQuanHuyenTP":"769"}},{"type":"Feature","id":"QHXD_NhaCaoTang_point.3446","geometry":{"type":"Point","coordinates":[106.692029,10.77077552]},"geometry_name":"geom","properties":{"id":3446,"OBJECTID":3446,"TenCT":"Cao ốc văn phòng và gian hàng cho thuê","TenDA":"Cao ốc văn phòng và văn phòng cho thuê","ChuDauTu":"Công ty Liên Doanh HASE - SAICCOP","LoaiCT":13,"DTXDCT":null,"ChieuCaoCT":52.85,"SoNha":"56","TenDuong":"Nguyễn Trãi","PhuongXa":"Phường Bến Thành","QuanHuyenTP":"Quận 1","MaPhuongXa":"76026743","MaQuanHuyenTP":"760"}},{"type":"Feature","id":"QHXD_NhaCaoTang_point.3447","geometry":{"type":"Point","coordinates":[106.70069751,10.77140754]},"geometry_name":"geom","properties":{"id":3447,"OBJECTID":3447,"TenCT":"Cao ốc văn phòng và căn hộ","TenDA":"Cao ốc văn phòng và căn hộ","ChuDauTu":"Công ty Liên doanh TNHH Orientfimex","LoaiCT":13,"DTXDCT":1033.18,"ChieuCaoCT":88,"SoNha":"130","TenDuong":"Hàm Nghi","PhuongXa":"Phường Bến Thành","QuanHuyenTP":"Quận 1","MaPhuongXa":"76026743","MaQuanHuyenTP":"760"}},{"type":"Feature","id":"QHXD_NhaCaoTang_point.3448","geometry":{"type":"Point","coordinates":[106.69016768,10.77259707]},"geometry_name":"geom","properties":{"id":3448,"OBJECTID":3448,"TenCT":"Cao ốc văn phòng","TenDA":"Cao ốc văn phòng","ChuDauTu":"Công ty cổ phần đầu tư Sài Gòn","LoaiCT":13,"DTXDCT":469.51,"ChieuCaoCT":43,"SoNha":"3-3A-3B-5","TenDuong":"Sương  Nguyệt Ánh","PhuongXa":"Phường Bến Thành","QuanHuyenTP":"Quận 1","MaPhuongXa":"76026743","MaQuanHuyenTP":"760"}},{"type":"Feature","id":"QHXD_NhaCaoTang_point.3449","geometry":{"type":"Point","coordinates":[106.69364744,10.77270217]},"geometry_name":"geom","properties":{"id":3449,"OBJECTID":3449,"TenCT":"Cao ốc văn phòng","TenDA":"Cao ốc văn phòng","ChuDauTu":"Công ty cổ phần thương mại dịch vụ Sài Gòn","LoaiCT":13,"DTXDCT":null,"ChieuCaoCT":47,"SoNha":"141","TenDuong":"Nguyễn Du","PhuongXa":"Phường Bến Thành","QuanHuyenTP":"Quận 1","MaPhuongXa":"76026743","MaQuanHuyenTP":"760"}},{"type":"Feature","id":"QHXD_NhaCaoTang_point.3450","geometry":{"type":"Point","coordinates":[106.69027337,10.77205836]},"geometry_name":"geom","properties":{"id":3450,"OBJECTID":3450,"TenCT":"Khách sạn Tân Mỹ Đình 2","TenDA":"Khách sạn Tân Mỹ Đình 2","ChuDauTu":"Ông Vũ Trọng Vinh","LoaiCT":10,"DTXDCT":255.73,"ChieuCaoCT":47,"SoNha":"32A-34","TenDuong":"Bùi Thị Xuân","PhuongXa":"Phường Bến Thành","QuanHuyenTP":"Quận 1","MaPhuongXa":"76026743","MaQuanHuyenTP":"760"}},{"type":"Feature","id":"QHXD_NhaCaoTang_point.3451","geometry":{"type":"Point","coordinates":[106.69629979,10.77370799]},"geometry_name":"geom","properties":{"id":3451,"OBJECTID":3451,"TenCT":"Khách sạn Golden Hotel","TenDA":"Khách sạn Golden Hotel","ChuDauTu":"Công ty TNHH đầu tư Ngọc Phú","LoaiCT":10,"DTXDCT":264.1,"ChieuCaoCT":49,"SoNha":"140","TenDuong":"Lý Tự Trọng","PhuongXa":"Phường Bến Thành","QuanHuyenTP":"Quận 1","MaPhuongXa":"76026743","MaQuanHuyenTP":"760"}},{"type":"Feature","id":"QHXD_NhaCaoTang_point.3452","geometry":{"type":"Point","coordinates":[106.68981598,10.77154865]},"geometry_name":"geom","properties":{"id":3452,"OBJECTID":3452,"TenCT":"Nhà văn phòng","TenDA":"Nhà văn phòng","ChuDauTu":"Liên Minh Hợp Tác Xã TP.HCM","LoaiCT":13,"DTXDCT":null,"ChieuCaoCT":51.3,"SoNha":"52-54","TenDuong":"Bùi Thị Xuân","PhuongXa":"Phường Bến Thành","QuanHuyenTP":"Quận 1","MaPhuongXa":"76026743","MaQuanHuyenTP":"760"}},{"type":"Feature","id":"QHXD_NhaCaoTang_point.3453","geometry":{"type":"Point","coordinates":[106.69230757,10.77180021]},"geometry_name":"geom","properties":{"id":3453,"OBJECTID":3453,"TenCT":"Khách sạn","TenDA":"Khách sạn","ChuDauTu":"Bà Lê Thị Vinh","LoaiCT":10,"DTXDCT":null,"ChieuCaoCT":38.7,"SoNha":"51-53-55","TenDuong":"Cách Mạng Tháng 8","PhuongXa":"Phường Bến Thành","QuanHuyenTP":"Quận 1","MaPhuongXa":"76026743","MaQuanHuyenTP":"760"}},{"type":"Feature","id":"QHXD_NhaCaoTang_point.3454","geometry":{"type":"Point","coordinates":[106.6960288,10.77233603]},"geometry_name":"geom","properties":{"id":3454,"OBJECTID":3454,"TenCT":"Khách sạn Nhật Hạ 1","TenDA":"Khách sạn Nhật Hạ 1","ChuDauTu":"Bà Nguyễn Thị Hải","LoaiCT":10,"DTXDCT":118.95,"ChieuCaoCT":35.26,"SoNha":"252B, 252C","TenDuong":"Lê Thánh Tôn","PhuongXa":"Phường Bến Thành","QuanHuyenTP":"Quận 1","MaPhuongXa":"76026743","MaQuanHuyenTP":"760"}},{"type":"Feature","id":"QHXD_NhaCaoTang_point.3455","geometry":{"type":"Point","coordinates":[106.69657838,10.77178218]},"geometry_name":"geom","properties":{"id":3455,"OBJECTID":3455,"TenCT":"Khách sạn Hoàng Gia Huy","TenDA":"Khách sạn Hoàng Gia Huy","ChuDauTu":"Nguyễn Chí Tiến  - Hà Huy Hà","LoaiCT":10,"DTXDCT":103.57,"ChieuCaoCT":35.7,"SoNha":"48 - 50","TenDuong":"Nguyễn An Ninh","PhuongXa":"Phường Bến Thành","QuanHuyenTP":"Quận 1","MaPhuongXa":"76026743","MaQuanHuyenTP":"760"}},{"type":"Feature","id":"QHXD_NhaCaoTang_point.3456","geometry":{"type":"Point","coordinates":[106.68833558,10.77199823]},"geometry_name":"geom","properties":{"id":3456,"OBJECTID":3456,"TenCT":"Cao ốc văn phòng","TenDA":"Cao ốc văn phòng","ChuDauTu":"Công ty cổ phần dịch vụ điện tử Việt","LoaiCT":13,"DTXDCT":475.6,"ChieuCaoCT":48,"SoNha":"99","TenDuong":"Nguyễn Thị Minh Khai","PhuongXa":"Phường Bến Thành","QuanHuyenTP":"Quận 1","MaPhuongXa":"76026743","MaQuanHuyenTP":"760"}},{"type":"Feature","id":"QHXD_NhaCaoTang_point.3457","geometry":{"type":"Point","coordinates":[106.69708182,10.77546176]},"geometry_name":"geom","properties":{"id":3457,"OBJECTID":3457,"TenCT":"Cao ốc văn phòng 39 Nguyễn Trung Trực","TenDA":"Nhà khách Thành Ủy TPHCM","ChuDauTu":"Công ty TNHH một thành viên xây dựng và kinh doanh nhà Phú Nhuận","LoaiCT":13,"DTXDCT":524,"ChieuCaoCT":48.65,"SoNha":"39","TenDuong":"Nguyễn Trung Trực","PhuongXa":"Phường Bến Thành","QuanHuyenTP":"Quận 1","MaPhuongXa":"76026743","MaQuanHuyenTP":"760"}},{"type":"Feature","id":"QHXD_NhaCaoTang_point.3458","geometry":{"type":"Point","coordinates":[106.69708182,10.77546176]},"geometry_name":"geom","properties":{"id":3458,"OBJECTID":3458,"TenCT":"Nhà khách Thành ủy TP.HCM","TenDA":"Nhà khách Thành Ủy TPHCM","ChuDauTu":"Công ty TNHH một thành viên Du lịch Thương mại Kỳ Hòa","LoaiCT":10,"DTXDCT":640,"ChieuCaoCT":53.5,"SoNha":"39 - 39A","TenDuong":"Nguyễn Trung Trực","PhuongXa":"Phường Bến Thành","QuanHuyenTP":"Quận 1","MaPhuongXa":"76026743","MaQuanHuyenTP":"760"}},{"type":"Feature","id":"QHXD_NhaCaoTang_point.3459","geometry":{"type":"Point","coordinates":[106.70024801,10.77141387]},"geometry_name":"geom","properties":{"id":3459,"OBJECTID":3459,"TenCT":"Cao ốc  văn phòng 132 Hàm Nghi","TenDA":"Cao ốc  văn phòng 132 Hàm Nghi","ChuDauTu":"Công ty cổ phần Hải Vân Nam","LoaiCT":13,"DTXDCT":460.64,"ChieuCaoCT":69.5,"SoNha":"132","TenDuong":"Hàm Nghi","PhuongXa":"Phường Bến Thành","QuanHuyenTP":"Quận 1","MaPhuongXa":"76026743","MaQuanHuyenTP":"760"}},{"type":"Feature","id":"QHXD_NhaCaoTang_point.3460","geometry":{"type":"Point","coordinates":[106.69018074,10.77196374]},"geometry_name":"geom","properties":{"id":3460,"OBJECTID":3460,"TenCT":"Cao ốc văn phòng HDTC - Phần phía trước","TenDA":"Cao ốc văn phòng HDTC - Phần phía trước","ChuDauTu":"Công ty TNHH một thành viên phát triển và kinh doanh nhà","LoaiCT":13,"DTXDCT":null,"ChieuCaoCT":58.7,"SoNha":"36","TenDuong":"Bùi Thị Xuân","PhuongXa":"Phường Bến Thành","QuanHuyenTP":"Quận 1","MaPhuongXa":"76026743","MaQuanHuyenTP":"760"}},{"type":"Feature","id":"QHXD_NhaCaoTang_point.3461","geometry":{"type":"Point","coordinates":[106.69010403,10.77216849]},"geometry_name":"geom","properties":{"id":3461,"OBJECTID":3461,"TenCT":"Cao ốc văn phòng HDTC - Phần phía sau","TenDA":"Cao ốc văn phòng HDTC","ChuDauTu":"Công ty TNHH một thành viên phát triển và kinh doanh nhà","LoaiCT":13,"DTXDCT":null,"ChieuCaoCT":58.7,"SoNha":"36","TenDuong":"Bùi Thị Xuân","PhuongXa":"Phường Bến Thành","QuanHuyenTP":"Quận 1","MaPhuongXa":"76026743","MaQuanHuyenTP":"760"}},{"type":"Feature","id":"QHXD_NhaCaoTang_point.3462","geometry":{"type":"Point","coordinates":[106.6916184,10.76934023]},"geometry_name":"geom","properties":{"id":3462,"OBJECTID":3462,"TenCT":"Cao ốc văn phòng Hoàng Chung","TenDA":"Cao ốc văn phòng Hoàng Chung","ChuDauTu":"Công ty TNHH Thương mại Hoàng Chung","LoaiCT":13,"DTXDCT":230,"ChieuCaoCT":39,"SoNha":"144-146-148","TenDuong":"Lê Lai","PhuongXa":"Phường Bến Thành","QuanHuyenTP":"Quận 1","MaPhuongXa":"76026743","MaQuanHuyenTP":"760"}},{"type":"Feature","id":"QHXD_NhaCaoTang_point.3463","geometry":{"type":"Point","coordinates":[106.69438576,10.77053873]},"geometry_name":"geom","properties":{"id":3463,"OBJECTID":3463,"TenCT":"Cao ốc văn phòng A & B","TenDA":"Cao ốc văn phòng A & B","ChuDauTu":"Công ty cổ phần phát triển A & B","LoaiCT":13,"DTXDCT":1099.6,"ChieuCaoCT":98,"SoNha":"76","TenDuong":"Lê Lai","PhuongXa":"Phường Bến Thành","QuanHuyenTP":"Quận 1","MaPhuongXa":"76026743","MaQuanHuyenTP":"760"}},{"type":"Feature","id":"QHXD_NhaCaoTang_point.3464","geometry":{"type":"Point","coordinates":[106.69464825,10.77156761]},"geometry_name":"geom","properties":{"id":3464,"OBJECTID":3464,"TenCT":"Nhà văn phòng","TenDA":"Nhà văn phòng","ChuDauTu":"Thiều Thị Mỹ Châu","LoaiCT":13,"DTXDCT":321.2,"ChieuCaoCT":38,"SoNha":"46/2-46-48-50","TenDuong":"Phạm Hồng Thái","PhuongXa":"Phường Bến Thành","QuanHuyenTP":"Quận 1","MaPhuongXa":"76026743","MaQuanHuyenTP":"760"}},{"type":"Feature","id":"QHXD_NhaCaoTang_point.3465","geometry":{"type":"Point","coordinates":[106.68937627,10.77139926]},"geometry_name":"geom","properties":{"id":3465,"OBJECTID":3465,"TenCT":"Nhà văn phòng","TenDA":"Văn phòng","ChuDauTu":"Công ty TNHH Cà phê Trung Nguyên ( Ông Đặng Mơ làm đại diện)","LoaiCT":13,"DTXDCT":null,"ChieuCaoCT":38.3,"SoNha":"82, một phần 84,92E,92F","TenDuong":"Bùi Thị Xuân","PhuongXa":"Phường Bến Thành","QuanHuyenTP":"Quận 1","MaPhuongXa":"76026743","MaQuanHuyenTP":"760"}},{"type":"Feature","id":"QHXD_NhaCaoTang_point.3466","geometry":{"type":"Point","coordinates":[106.69273433,10.76977459]},"geometry_name":"geom","properties":{"id":3466,"OBJECTID":3466,"TenCT":"Khách sạn","TenDA":"Khách sạn","ChuDauTu":"Ông Nguyễn Ngọc Việt, Bà Phạm Thị Thanh Vân và Bà Nguyễn Thanh Mai","LoaiCT":10,"DTXDCT":113.4,"ChieuCaoCT":39,"SoNha":"98R-100","TenDuong":"Lê Lai","PhuongXa":"Phường Bến Thành","QuanHuyenTP":"Quận 1","MaPhuongXa":"76026743","MaQuanHuyenTP":"760"}},{"type":"Feature","id":"QHXD_NhaCaoTang_point.3467","geometry":{"type":"Point","coordinates":[106.69307872,10.77238764]},"geometry_name":"geom","properties":{"id":3467,"OBJECTID":3467,"TenCT":"Văn phòng làm việc","TenDA":"Văn phòng làm việc","ChuDauTu":"Vũ Văn Danh - Đặng Thị Mỹ","LoaiCT":13,"DTXDCT":262.7,"ChieuCaoCT":42.7,"SoNha":"149-151","TenDuong":"Nguyễn Du","PhuongXa":"Phường Bến Thành","QuanHuyenTP":"Quận 1","MaPhuongXa":"76026743","MaQuanHuyenTP":"760"}},{"type":"Feature","id":"QHXD_NhaCaoTang_point.3468","geometry":{"type":"Point","coordinates":[106.69877433,10.7735457]},"geometry_name":"geom","properties":{"id":3468,"OBJECTID":3468,"TenCT":"Khách sạn","TenDA":"Khách sạn","ChuDauTu":"Công ty  Cồ phần Quê Hương","LoaiCT":10,"DTXDCT":561.25,"ChieuCaoCT":48.7,"SoNha":"175,177,179,181/1, 181/3","TenDuong":"Lê Thánh Tôn","PhuongXa":"Phường Bến Thành","QuanHuyenTP":"Quận 1","MaPhuongXa":"76026743","MaQuanHuyenTP":"760"}},{"type":"Feature","id":"QHXD_NhaCaoTang_point.3469","geometry":{"type":"Point","coordinates":[106.69459288,10.77104916]},"geometry_name":"geom","properties":{"id":3469,"OBJECTID":3469,"TenCT":"Khách sạn New World","TenDA":"Khách sạn New World","ChuDauTu":"Công ty du lịch Thành phố","LoaiCT":10,"DTXDCT":null,"ChieuCaoCT":null,"SoNha":"76","TenDuong":"Lê Lai","PhuongXa":"Phường Bến Thành","QuanHuyenTP":"Quận 1","MaPhuongXa":"76026743","MaQuanHuyenTP":"760"}},{"type":"Feature","id":"QHXD_NhaCaoTang_point.3470","geometry":{"type":"Point","coordinates":[106.69421317,10.77080327]},"geometry_name":"geom","properties":{"id":3470,"OBJECTID":3470,"TenCT":"Khách sạn New World Saigon- (Khối 12 tầng)","TenDA":"Khách sạn New World","ChuDauTu":"Công ty du lịch Thành phố","LoaiCT":10,"DTXDCT":null,"ChieuCaoCT":null,"SoNha":"76","TenDuong":"Lê Lai","PhuongXa":"Phường Bến Thành","QuanHuyenTP":"Quận 1","MaPhuongXa":"76026743","MaQuanHuyenTP":"760"}},{"type":"Feature","id":"QHXD_NhaCaoTang_point.3472","geometry":{"type":"Point","coordinates":[106.696111,10.77164402]},"geometry_name":"geom","properties":{"id":3472,"OBJECTID":3472,"TenCT":"Khách sạn","TenDA":"Khách sạn","ChuDauTu":"Ông Nguyễn Văn Bình\r\nBà Nguyễn Thị Bích Thủy","LoaiCT":10,"DTXDCT":95.66,"ChieuCaoCT":34.1,"SoNha":"27-29","TenDuong":"Trương Định","PhuongXa":"Phường Bến Thành","QuanHuyenTP":"Quận 1","MaPhuongXa":"76026743","MaQuanHuyenTP":"760"}},{"type":"Feature","id":"QHXD_NhaCaoTang_point.3473","geometry":{"type":"Point","coordinates":[106.69709313,10.77154742]},"geometry_name":"geom","properties":{"id":3473,"OBJECTID":3473,"TenCT":"Nhà văn phòng","TenDA":"Nhà văn phòng","ChuDauTu":"Phạm Tiến Dũng","LoaiCT":13,"DTXDCT":null,"ChieuCaoCT":37.5,"SoNha":"30-32","TenDuong":"Lê Lai","PhuongXa":"Phường Bến Thành","QuanHuyenTP":"Quận 1","MaPhuongXa":"76026743","MaQuanHuyenTP":"760"}},{"type":"Feature","id":"QHXD_NhaCaoTang_point.3474","geometry":{"type":"Point","coordinates":[106.69666893,10.77470079]},"geometry_name":"geom","properties":{"id":3474,"OBJECTID":3474,"TenCT":"Khách sạn","TenDA":"Khách sạn","ChuDauTu":"Bà Phạm Thị Thảo","LoaiCT":10,"DTXDCT":null,"ChieuCaoCT":34.35,"SoNha":"52-54","TenDuong":"Thủ Khoa Huân","PhuongXa":"Phường Bến Thành","QuanHuyenTP":"Quận 1","MaPhuongXa":"76026743","MaQuanHuyenTP":"760"}},{"type":"Feature","id":"QHXD_NhaCaoTang_point.3475","geometry":{"type":"Point","coordinates":[106.69584516,10.77178084]},"geometry_name":"geom","properties":{"id":3475,"OBJECTID":3475,"TenCT":"Khách sạn Toàn Á Châu","TenDA":"Khách sạn Toàn Á Châu","ChuDauTu":"Ông Trang Sở Lương (chủ DNTN khách sạn Toàn Á Châu) + Bà Nguyễn Tuyết Hồng","LoaiCT":10,"DTXDCT":193,"ChieuCaoCT":40,"SoNha":"261-263-265","TenDuong":"Lê Thánh Tôn","PhuongXa":"Phường Bến Thành","QuanHuyenTP":"Quận 1","MaPhuongXa":"76026743","MaQuanHuyenTP":"760"}},{"type":"Feature","id":"QHXD_NhaCaoTang_point.3476","geometry":{"type":"Point","coordinates":[106.69452614,10.77159853]},"geometry_name":"geom","properties":{"id":3476,"OBJECTID":3476,"TenCT":"Nhà văn phòng","TenDA":"Nhà văn phòng","ChuDauTu":"Cty TNHH đầu tư tài chính Việt Vĩnh Phú","LoaiCT":13,"DTXDCT":226.18,"ChieuCaoCT":36.3,"SoNha":"50bis-52-46/10","TenDuong":"Phạm Hồng Thái","PhuongXa":"Phường Bến Thành","QuanHuyenTP":"Quận 1","MaPhuongXa":"76026743","MaQuanHuyenTP":"760"}},{"type":"Feature","id":"QHXD_NhaCaoTang_point.3477","geometry":{"type":"Point","coordinates":[106.69428905,10.7731937]},"geometry_name":"geom","properties":{"id":3477,"OBJECTID":3477,"TenCT":"Cao ốc văn phòng","TenDA":"Cao Ốc Văn Phòng 117- 119 - 121 Nguyễn Du","ChuDauTu":"Bà Vũ Thị Nga","LoaiCT":13,"DTXDCT":245,"ChieuCaoCT":39,"SoNha":"117-119-121","TenDuong":"Nguyễn Du","PhuongXa":"Phường Bến Thành","QuanHuyenTP":"Quận 1","MaPhuongXa":"76026743","MaQuanHuyenTP":"760"}},{"type":"Feature","id":"QHXD_NhaCaoTang_point.3478","geometry":{"type":"Point","coordinates":[106.68927486,10.77303504]},"geometry_name":"geom","properties":{"id":3478,"OBJECTID":3478,"TenCT":"Cao ốc văn phòng Khang Thông","TenDA":"Cao ốc Văn Phòng Khang Thông","ChuDauTu":"Vũ Thị Bích Loan","LoaiCT":13,"DTXDCT":null,"ChieuCaoCT":39.4,"SoNha":"67","TenDuong":"Nguyễn Thị Minh Khai","PhuongXa":"Phường Bến Thành","QuanHuyenTP":"Quận 1","MaPhuongXa":"76026743","MaQuanHuyenTP":"760"}},{"type":"Feature","id":"QHXD_NhaCaoTang_point.3479","geometry":{"type":"Point","coordinates":[106.68966176,10.77143852]},"geometry_name":"geom","properties":{"id":3479,"OBJECTID":3479,"TenCT":"Văn phòng làm việc","TenDA":"Văn phòng làm việc","ChuDauTu":"Nguyễn Thị Khanh","LoaiCT":13,"DTXDCT":null,"ChieuCaoCT":34,"SoNha":"84A","TenDuong":"Bùi Thị Xuân","PhuongXa":"Phường Bến Thành","QuanHuyenTP":"Quận 1","MaPhuongXa":"76026743","MaQuanHuyenTP":"760"}},{"type":"Feature","id":"QHXD_NhaCaoTang_point.3480","geometry":{"type":"Point","coordinates":[106.69564081,10.77165551]},"geometry_name":"geom","properties":{"id":3480,"OBJECTID":3480,"TenCT":"khách sạn","TenDA":"Khách sạn","ChuDauTu":"ông Nguyễn Tấn Long\r\nông Lê Tuấn Khanh","LoaiCT":10,"DTXDCT":null,"ChieuCaoCT":35,"SoNha":"277-277B","TenDuong":"Lê Thánh Tôn","PhuongXa":"Phường Bến Thành","QuanHuyenTP":"Quận 1","MaPhuongXa":"76026743","MaQuanHuyenTP":"760"}},{"type":"Feature","id":"QHXD_NhaCaoTang_point.3481","geometry":{"type":"Point","coordinates":[106.69394795,10.77291543]},"geometry_name":"geom","properties":{"id":3481,"OBJECTID":3481,"TenCT":"Trường THCS Nguyễn Du","TenDA":"Trường học THCS Nguyễn Du","ChuDauTu":"UBND Q.1","LoaiCT":3,"DTXDCT":null,"ChieuCaoCT":15.4,"SoNha":"139","TenDuong":"Nguyễn Du","PhuongXa":"Phường Bến Thành","QuanHuyenTP":"Quận 1","MaPhuongXa":"76026743","MaQuanHuyenTP":"760"}},{"type":"Feature","id":"QHXD_NhaCaoTang_point.3482","geometry":{"type":"Point","coordinates":[106.69314941,10.77219625]},"geometry_name":"geom","properties":{"id":3482,"OBJECTID":3482,"TenCT":"Trường THCS Văn Hiến","TenDA":"Trường THCS Văn Hiến","ChuDauTu":"UBND Q.1","LoaiCT":3,"DTXDCT":573.58,"ChieuCaoCT":13.5,"SoNha":"153","TenDuong":"Nguyễn Du","PhuongXa":"Phường Bến Thành","QuanHuyenTP":"Quận 1","MaPhuongXa":"76026743","MaQuanHuyenTP":"760"}},{"type":"Feature","id":"QHXD_NhaCaoTang_point.3483","geometry":{"type":"Point","coordinates":[106.69498116,10.77436953]},"geometry_name":"geom","properties":{"id":3483,"OBJECTID":3483,"TenCT":"Nhạc viện TP.HCM","TenDA":"Nhạc viện TP.HCM","ChuDauTu":"Nhạc viện TP.HCM","LoaiCT":3,"DTXDCT":1000,"ChieuCaoCT":16.5,"SoNha":"112","TenDuong":"Nguyễn Du","PhuongXa":"Phường Bến Thành","QuanHuyenTP":"Quận 1","MaPhuongXa":"76026743","MaQuanHuyenTP":"760"}},{"type":"Feature","id":"QHXD_NhaCaoTang_point.3484","geometry":{"type":"Point","coordinates":[106.69453915,10.77326929]},"geometry_name":"geom","properties":{"id":3484,"OBJECTID":3484,"TenCT":"Khu thể thao đa năng","TenDA":"Khu thể thao đa năng","ChuDauTu":"Ban QLDAKVĐTXD công trình Q1","LoaiCT":5,"DTXDCT":1188.4,"ChieuCaoCT":28,"SoNha":"143-145-147","TenDuong":"Nguyễn Du","PhuongXa":"Phường Bến Thành","QuanHuyenTP":"Quận 1","MaPhuongXa":"76026743","MaQuanHuyenTP":"760"}},{"type":"Feature","id":"QHXD_NhaCaoTang_point.3485","geometry":{"type":"Point","coordinates":[106.68881771,10.77117674]},"geometry_name":"geom","properties":{"id":3485,"OBJECTID":3485,"TenCT":"Khối A+B","TenDA":"Trường mầm non Bến Thành","ChuDauTu":"UBND Q.1","LoaiCT":3,"DTXDCT":341.94,"ChieuCaoCT":11.98,"SoNha":"104-106","TenDuong":"Bùi Thị Xuân","PhuongXa":"Phường Bến Thành","QuanHuyenTP":"Quận 1","MaPhuongXa":"76026743","MaQuanHuyenTP":"760"}},{"type":"Feature","id":"QHXD_NhaCaoTang_point.3486","geometry":{"type":"Point","coordinates":[106.68896875,10.77106946]},"geometry_name":"geom","properties":{"id":3486,"OBJECTID":3486,"TenCT":"Khối C","TenDA":"Trường mầm non Bến Thành","ChuDauTu":"UBND Q.1","LoaiCT":3,"DTXDCT":354.64,"ChieuCaoCT":20.4,"SoNha":"104-106","TenDuong":"Bùi Thị Xuân","PhuongXa":"Phường Bến Thành","QuanHuyenTP":"Quận 1","MaPhuongXa":"76026743","MaQuanHuyenTP":"760"}},{"type":"Feature","id":"QHXD_NhaCaoTang_point.3487","geometry":{"type":"Point","coordinates":[106.69248963,10.7702141]},"geometry_name":"geom","properties":{"id":3487,"OBJECTID":3487,"TenCT":"Cao ốc Văn phòng Điều Hành Trường Đại Học Hoa Sen","TenDA":"Cao ốc Văn phòng Điều Hành Trường Đại Học Hoa Sen","ChuDauTu":"Trường Đại Học Hoa Sen","LoaiCT":13,"DTXDCT":801,"ChieuCaoCT":43,"SoNha":"8","TenDuong":"Nguyễn Văn Tráng","PhuongXa":"Phường Bến Thành","QuanHuyenTP":"Quận 1","MaPhuongXa":"76026743","MaQuanHuyenTP":"760"}},{"type":"Feature","id":"QHXD_NhaCaoTang_point.3488","geometry":{"type":"Point","coordinates":[106.69100741,10.77213119]},"geometry_name":"geom","properties":{"id":3488,"OBJECTID":3488,"TenCT":"Mở rộng văn phòng B - Nhà khách Tổng liên đoàn lao động Việt Nam","TenDA":"Văn phòng - Nhà khách (GĐ1)","ChuDauTu":"Văn phòng B - Nhà khách Tổng liên đoàn lao động Việt Nam","LoaiCT":13,"DTXDCT":414.18,"ChieuCaoCT":60,"SoNha":"7A-7B","TenDuong":"Bùi Thị Xuân","PhuongXa":"Phường Bến Thành","QuanHuyenTP":"Quận 1","MaPhuongXa":"76026743","MaQuanHuyenTP":"760"}},{"type":"Feature","id":"QHXD_NhaCaoTang_point.3489","geometry":{"type":"Point","coordinates":[106.69000472,10.77188422]},"geometry_name":"geom","properties":{"id":3489,"OBJECTID":3489,"TenCT":"Khách sạn Phúc Đại Cát","TenDA":"Khách sạn","ChuDauTu":"Cty TNHH Khách sạn Phúc Đại Cát","LoaiCT":10,"DTXDCT":472,"ChieuCaoCT":51.6,"SoNha":"38","TenDuong":"Bùi Thị Xuân","PhuongXa":"Phường Bến Thành","QuanHuyenTP":"Quận 1","MaPhuongXa":"76026743","MaQuanHuyenTP":"760"}},{"type":"Feature","id":"QHXD_NhaCaoTang_point.3490","geometry":{"type":"Point","coordinates":[106.69456678,10.77185298]},"geometry_name":"geom","properties":{"id":3490,"OBJECTID":3490,"TenCT":"Văn phòng làm việc","TenDA":"Văn phòng làm việc","ChuDauTu":"Cty CP dịch vụ tổng hợp Sài Gòn","LoaiCT":13,"DTXDCT":299.63,"ChieuCaoCT":36.2,"SoNha":"277-279","TenDuong":"Lý Tự Trọng","PhuongXa":"Phường Bến Thành","QuanHuyenTP":"Quận 1","MaPhuongXa":"76026743","MaQuanHuyenTP":"760"}},{"type":"Feature","id":"QHXD_NhaCaoTang_point.3491","geometry":{"type":"Point","coordinates":[106.69342653,10.77250889]},"geometry_name":"geom","properties":{"id":3491,"OBJECTID":3491,"TenCT":"Khu thể thao đa năng quân 1","TenDA":"Khu thể thao đa năng quận 1","ChuDauTu":"Ban Quản lý Đầu tư xây dựng công trình quận 1","LoaiCT":5,"DTXDCT":1161,"ChieuCaoCT":26,"SoNha":"143-145-147","TenDuong":"Nguyễn Du","PhuongXa":"Phường Bến Thành","QuanHuyenTP":"Quận 1","MaPhuongXa":"76026743","MaQuanHuyenTP":"760"}},{"type":"Feature","id":"QHXD_NhaCaoTang_point.3492","geometry":{"type":"Point","coordinates":[106.69133627,10.77093224]},"geometry_name":"geom","properties":{"id":3492,"OBJECTID":3492,"TenCT":"Trung tâm kiểm nghiệm thuốc, mỹ phẩm, thực phẩm","TenDA":"Trung tâm kiểm nghiệm thuốc, mỹ phẩm, thực phẩm","ChuDauTu":"TT Kiểm nghiệm thuốc, mỹ phẩm, thực phẩm - Sở Y tế TP.HCM","LoaiCT":13,"DTXDCT":275,"ChieuCaoCT":26.3,"SoNha":"45","TenDuong":"Nguyễn Văn Tráng","PhuongXa":"Phường Bến Thành","QuanHuyenTP":"Quận 1","MaPhuongXa":"76026743","MaQuanHuyenTP":"760"}},{"type":"Feature","id":"QHXD_NhaCaoTang_point.3493","geometry":{"type":"Point","coordinates":[106.69247271,10.77662692]},"geometry_name":"geom","properties":{"id":3493,"OBJECTID":3493,"TenCT":"Sở Tài chính TPHCM_Dãy nhà A","TenDA":"Sở Tài chính TPHCM","ChuDauTu":"Sở Tài chính - Vật gía","LoaiCT":11,"DTXDCT":1240,"ChieuCaoCT":17.7,"SoNha":"140-142","TenDuong":"Nguyễn Thị Minh Khai","PhuongXa":"Phường Bến Thành","QuanHuyenTP":"Quận 1","MaPhuongXa":"76026743","MaQuanHuyenTP":"760"}},{"type":"Feature","id":"QHXD_NhaCaoTang_point.3494","geometry":{"type":"Point","coordinates":[106.69254504,10.77657388]},"geometry_name":"geom","properties":{"id":3494,"OBJECTID":3494,"TenCT":"Sở Tài chính TPHCM_Dãy nhà B","TenDA":"Sở Tài chính TPHCM","ChuDauTu":"SởTài chính- Vật giá","LoaiCT":11,"DTXDCT":587,"ChieuCaoCT":9.6,"SoNha":"140-142","TenDuong":"Nguyễn Thị Minh Khai","PhuongXa":"Phường Bến Thành","QuanHuyenTP":"Quận 1","MaPhuongXa":"76026743","MaQuanHuyenTP":"760"}},{"type":"Feature","id":"QHXD_NhaCaoTang_point.3495","geometry":{"type":"Point","coordinates":[106.69568389,10.77404284]},"geometry_name":"geom","properties":{"id":3495,"OBJECTID":3495,"TenCT":"Trụ sở làm việc Tổng lãnh sự quán Hàn Quốc - Khu A.","TenDA":"Trụ sở làm việc Tổng lãnh sự quán Hàn Quốc","ChuDauTu":"Tổng Lãnh sự quán Hàn Quốc tại TPHCM","LoaiCT":null,"DTXDCT":266.2,"ChieuCaoCT":13.72,"SoNha":"107","TenDuong":"Nguyễn Du","PhuongXa":"Phường Bến Thành","QuanHuyenTP":"Quận 1","MaPhuongXa":"76026743","MaQuanHuyenTP":"760"}},{"type":"Feature","id":"QHXD_NhaCaoTang_point.3496","geometry":{"type":"Point","coordinates":[106.69577429,10.77392543]},"geometry_name":"geom","properties":{"id":3496,"OBJECTID":3496,"TenCT":"Trụ sở làm việc Tổng lãnh sự quán Hàn Quốc - Khu C","TenDA":"Trụ sở làm việc Tổng lãnh sự quán Hàn Quốc","ChuDauTu":"Tổng Lãnh sự quán Hàn Quốc tại TPHCM","LoaiCT":null,"DTXDCT":523.92,"ChieuCaoCT":19.5,"SoNha":"107","TenDuong":"Nguyễn Du","PhuongXa":"Phường Bến Thành","QuanHuyenTP":"Quận 1","MaPhuongXa":"76026743","MaQuanHuyenTP":"760"}},{"type":"Feature","id":"QHXD_NhaCaoTang_point.3497","geometry":{"type":"Point","coordinates":[106.69608242,10.77410586]},"geometry_name":"geom","properties":{"id":3497,"OBJECTID":3497,"TenCT":"Trụ sở làm việc Tổng lãnh sự quán Hàn Quốc - Khu D.","TenDA":"Trụ sở làm việc Tổng lãnh sự quán Hàn Quốc","ChuDauTu":"Tổng Lãnh sự quán Hàn Quốc tại TPHCM","LoaiCT":null,"DTXDCT":165.59,"ChieuCaoCT":11.3,"SoNha":"107","TenDuong":"Nguyễn Du","PhuongXa":"Phường Bến Thành","QuanHuyenTP":"Quận 1","MaPhuongXa":"76026743","MaQuanHuyenTP":"760"}},{"type":"Feature","id":"QHXD_NhaCaoTang_point.3498","geometry":{"type":"Point","coordinates":[106.69586435,10.77435189]},"geometry_name":"geom","properties":{"id":3498,"OBJECTID":3498,"TenCT":"Trụ sở làm việc Tổng lãnh sự quán Hàn Quốc - Khu B.","TenDA":"Trụ sở làm việc Tổng lãnh sự quán Hàn Quốc","ChuDauTu":"Tổng Lãnh sự quán Hàn Quốc tại TPHCM","LoaiCT":null,"DTXDCT":402.98,"ChieuCaoCT":13.5,"SoNha":"107","TenDuong":"Nguyễn Du","PhuongXa":"Phường Bến Thành","QuanHuyenTP":"Quận 1","MaPhuongXa":"76026743","MaQuanHuyenTP":"760"}},{"type":"Feature","id":"QHXD_NhaCaoTang_point.3499","geometry":{"type":"Point","coordinates":[106.69231263,10.77087472]},"geometry_name":"geom","properties":{"id":3499,"OBJECTID":3499,"TenCT":"Khách sạn ông Phạm Văn Thành","TenDA":"Khách Sạn- ông Phạm Văn Thành tại Nguyễn Trãi Q1","ChuDauTu":"Ông Phạm Văn Thành","LoaiCT":10,"DTXDCT":125.07,"ChieuCaoCT":33.3,"SoNha":"40-42","TenDuong":"Nguyễn Trãi","PhuongXa":"Phường Bến Thành","QuanHuyenTP":"Quận 1","MaPhuongXa":"76026743","MaQuanHuyenTP":"760"}},{"type":"Feature","id":"QHXD_NhaCaoTang_point.3500","geometry":{"type":"Point","coordinates":[106.69168594,10.77002177]},"geometry_name":"geom","properties":{"id":3500,"OBJECTID":3500,"TenCT":"Nhà văn phòng công ty TNHH MTV dịch vụ du lịch Bến Thành","TenDA":"Cty TNHH MTV DV Du lịch Bến Thành","ChuDauTu":"Cty TNHH MTV DV Du lịch Bến Thành","LoaiCT":13,"DTXDCT":52.91,"ChieuCaoCT":30.4,"SoNha":"77-79","TenDuong":"Nguyễn Trãi","PhuongXa":"Phường Bến Thành","QuanHuyenTP":"Quận 1","MaPhuongXa":"76026743","MaQuanHuyenTP":"760"}},{"type":"Feature","id":"QHXD_NhaCaoTang_point.3501","geometry":{"type":"Point","coordinates":[106.68920668,10.76958891]},"geometry_name":"geom","properties":{"id":3501,"OBJECTID":3501,"TenCT":"Văn phòng","TenDA":"Cty CP BV Phụ Sản Quốc Tế","ChuDauTu":"Cty CP BV Phụ Sản Quốc Tế","LoaiCT":13,"DTXDCT":201.93,"ChieuCaoCT":33.8,"SoNha":"số 44-50","TenDuong":"Tôn Thất Tùng","PhuongXa":"Phường Bến Thành","QuanHuyenTP":"Quận 1","MaPhuongXa":"76026743","MaQuanHuyenTP":"760"}},{"type":"Feature","id":"QHXD_NhaCaoTang_point.3502","geometry":{"type":"Point","coordinates":[106.69163839,10.76998453]},"geometry_name":"geom","properties":{"id":3502,"OBJECTID":3502,"TenCT":"Khách sạn 81-83 Nguyễn Trãi","TenDA":"KS ông Phạm Văn Dũng, Trần Thị Thu Hương","ChuDauTu":"KS ông Phạm Văn Dũng, Trần Thị Thu Hương","LoaiCT":10,"DTXDCT":54.87,"ChieuCaoCT":30.2,"SoNha":"số 81-83","TenDuong":"Nguyễn Trãi","PhuongXa":"Phường Bến Thành","QuanHuyenTP":"Quận 1","MaPhuongXa":"76026743","MaQuanHuyenTP":"760"}},{"type":"Feature","id":"QHXD_NhaCaoTang_point.3503","geometry":{"type":"Point","coordinates":[106.69686149,10.77288029]},"geometry_name":"geom","properties":{"id":3503,"OBJECTID":3503,"TenCT":"Nhà văn phòng 202 Lê Thành Tôn","TenDA":"Nhà văn phòng","ChuDauTu":"Trương Văn Hứa- Nguyễn Thị Hoàng Anh","LoaiCT":13,"DTXDCT":67.18,"ChieuCaoCT":30.4,"SoNha":"số 202","TenDuong":"Lê Thánh Tôn","PhuongXa":"Phường Bến Thành","QuanHuyenTP":"Quận 1","MaPhuongXa":"76026743","MaQuanHuyenTP":"760"}},{"type":"Feature","id":"QHXD_NhaCaoTang_point.3504","geometry":{"type":"Point","coordinates":[106.69140481,10.7697142]},"geometry_name":"geom","properties":{"id":3504,"OBJECTID":3504,"TenCT":"Nhà văn phòng Cty HIệp Hòa Phát","TenDA":"Nhà văn phòng","ChuDauTu":"Cty CP Hiệp Hòa Phát","LoaiCT":13,"DTXDCT":117.57,"ChieuCaoCT":33.8,"SoNha":"số 93-95","TenDuong":"Nguyễn Trãi","PhuongXa":"Phường Bến Thành","QuanHuyenTP":"Quận 1","MaPhuongXa":"76026743","MaQuanHuyenTP":"760"}},{"type":"Feature","id":"QHXD_NhaCaoTang_point.3505","geometry":{"type":"Point","coordinates":[106.6967311,10.77187761]},"geometry_name":"geom","properties":{"id":3505,"OBJECTID":3505,"TenCT":"Khách sạn 40 Nguyễn Anh Ninh","TenDA":"Khách sạn","ChuDauTu":"Trần Hải An - Vũ Thị Hòa","LoaiCT":10,"DTXDCT":105.93,"ChieuCaoCT":29.2,"SoNha":"số 38-40","TenDuong":"Nguyễn An Ninh","PhuongXa":"Phường Bến Thành","QuanHuyenTP":"Quận 1","MaPhuongXa":"76026743","MaQuanHuyenTP":"760"}},{"type":"Feature","id":"QHXD_NhaCaoTang_point.3506","geometry":{"type":"Point","coordinates":[106.69022769,10.76938985]},"geometry_name":"geom","properties":{"id":3506,"OBJECTID":3506,"TenCT":"Khách sạn 180 -184 Nguyễn Trãi","TenDA":"Khách sạn","ChuDauTu":"Phạm Văn Sinh - Lương Thị Minh Nguyệt","LoaiCT":10,"DTXDCT":148.96,"ChieuCaoCT":33.8,"SoNha":"số 180-182-184","TenDuong":"Nguyễn Trãi","PhuongXa":"Phường Bến Thành","QuanHuyenTP":"Quận 1","MaPhuongXa":"76026743","MaQuanHuyenTP":"760"}},{"type":"Feature","id":"QHXD_NhaCaoTang_point.3507","geometry":{"type":"Point","coordinates":[106.6960538,10.77172793]},"geometry_name":"geom","properties":{"id":3507,"OBJECTID":3507,"TenCT":"Nhà văn phòng","TenDA":"Nhà VP","ChuDauTu":"Cty CP TM DV Bến Thành","LoaiCT":13,"DTXDCT":45.6,"ChieuCaoCT":29.8,"SoNha":"số 25","TenDuong":"Trương Định","PhuongXa":"Phường Bến Thành","QuanHuyenTP":"Quận 1","MaPhuongXa":"76026743","MaQuanHuyenTP":"760"}},{"type":"Feature","id":"QHXD_NhaCaoTang_point.3508","geometry":{"type":"Point","coordinates":[106.69653948,10.77221151]},"geometry_name":"geom","properties":{"id":3508,"OBJECTID":3508,"TenCT":"Nhà Văn phòng","TenDA":"Nhà VP","ChuDauTu":"bà Phạm Thị Kim Liên","LoaiCT":13,"DTXDCT":65.4,"ChieuCaoCT":30.4,"SoNha":"số 229","TenDuong":"Lê Thánh Tôn","PhuongXa":"Phường Bến Thành","QuanHuyenTP":"Quận 1","MaPhuongXa":"76026743","MaQuanHuyenTP":"760"}},{"type":"Feature","id":"QHXD_NhaCaoTang_point.3509","geometry":{"type":"Point","coordinates":[106.70052576,10.77183412]},"geometry_name":"geom","properties":{"id":3509,"OBJECTID":3509,"TenCT":"Trung tâm thương mại, dịch vụ","TenDA":"TT TM DV","ChuDauTu":"Cty TNHH Phúc Lưu Quang","LoaiCT":7,"DTXDCT":273.76,"ChieuCaoCT":19.8,"SoNha":"số 61","TenDuong":"Nam Kỳ Khởi Nghĩa","PhuongXa":"Phường Bến Thành","QuanHuyenTP":"Quận 1","MaPhuongXa":"76026743","MaQuanHuyenTP":"760"}},{"type":"Feature","id":"QHXD_NhaCaoTang_point.3510","geometry":{"type":"Point","coordinates":[106.69736319,10.77167586]},"geometry_name":"geom","properties":{"id":3510,"OBJECTID":3510,"TenCT":"Khách sạn","TenDA":"Khách sạn","ChuDauTu":"Bà Nguyễn Thị Chi và Đặng Phước Minh","LoaiCT":10,"DTXDCT":84.94,"ChieuCaoCT":31.75,"SoNha":"14-16","TenDuong":"Lê Lai","PhuongXa":"Phường Bến Thành","QuanHuyenTP":"Quận 1","MaPhuongXa":"76026743","MaQuanHuyenTP":"760"}},{"type":"Feature","id":"QHXD_NhaCaoTang_point.3511","geometry":{"type":"Point","coordinates":[106.69730816,10.77186109]},"geometry_name":"geom","properties":{"id":3511,"OBJECTID":3511,"TenCT":"Nhà ở kết hợp văn phòng 15-19 Nguyễn Anh Ninh","TenDA":"Nhà ở kết hợp văn phòng","ChuDauTu":"Ông Ma Văn Trạch- Trần Thị Kim Liên","LoaiCT":13,"DTXDCT":130.65,"ChieuCaoCT":30,"SoNha":"số 15-17-19","TenDuong":"Nguyễn An Ninh","PhuongXa":"Phường Bến Thành","QuanHuyenTP":"Quận 1","MaPhuongXa":"76026743","MaQuanHuyenTP":"760"}},{"type":"Feature","id":"QHXD_NhaCaoTang_point.3512","geometry":{"type":"Point","coordinates":[106.69711687,10.77209235]},"geometry_name":"geom","properties":{"id":3512,"OBJECTID":3512,"TenCT":"Nhà văn phòng 26 Nguyễn Anh Ninh","TenDA":"Nhà văn phòng","ChuDauTu":"Bà Phạm Thị Nhung - Ông Đặng Quốc Hưng","LoaiCT":13,"DTXDCT":55.88,"ChieuCaoCT":28.4,"SoNha":"số 26","TenDuong":"Nguyễn An Ninh","PhuongXa":"Phường Bến Thành","QuanHuyenTP":"Quận 1","MaPhuongXa":"76026743","MaQuanHuyenTP":"760"}},{"type":"Feature","id":"QHXD_NhaCaoTang_point.3513","geometry":{"type":"Point","coordinates":[106.69778873,10.77350514]},"geometry_name":"geom","properties":{"id":3513,"OBJECTID":3513,"TenCT":"Khách sạn 154 Lê Thánh Tôn","TenDA":"Khách sạn","ChuDauTu":"Nguyễn Ngọc Hường","LoaiCT":10,"DTXDCT":135.3,"ChieuCaoCT":28.7,"SoNha":"số 152-154","TenDuong":"Lê Thánh Tôn","PhuongXa":"Phường Bến Thành","QuanHuyenTP":"Quận 1","MaPhuongXa":"76026743","MaQuanHuyenTP":"760"}},{"type":"Feature","id":"QHXD_NhaCaoTang_point.3514","geometry":{"type":"Point","coordinates":[106.69054041,10.7688872]},"geometry_name":"geom","properties":{"id":3514,"OBJECTID":3514,"TenCT":"Khu nhà văn phòng 200 Lê Lai","TenDA":"Nhà văn phòng","ChuDauTu":"Công ty TNHH Mỹ Thy","LoaiCT":13,"DTXDCT":91.45,"ChieuCaoCT":33.7,"SoNha":"200-200B-200C","TenDuong":"Lê Lai","PhuongXa":"Phường Bến Thành","QuanHuyenTP":"Quận 1","MaPhuongXa":"76026743","MaQuanHuyenTP":"760"}},{"type":"Feature","id":"QHXD_NhaCaoTang_point.3515","geometry":{"type":"Point","coordinates":[106.69950949,10.77207597]},"geometry_name":"geom","properties":{"id":3515,"OBJECTID":3515,"TenCT":"Sữa Chữa, cải tạo phòng khám Đa khoa Sài gòn","TenDA":"BV Đa Khoa Sài Gòn","ChuDauTu":"BV Đa Khoa Sài Gòn","LoaiCT":4,"DTXDCT":577.7,"ChieuCaoCT":4.8,"SoNha":"125","TenDuong":"Lê Lợi","PhuongXa":"Phường Bến Thành","QuanHuyenTP":"Quận 1","MaPhuongXa":"76026743","MaQuanHuyenTP":"760"}},{"type":"Feature","id":"QHXD_NhaCaoTang_point.3516","geometry":{"type":"Point","coordinates":[106.69848107,10.77347982]},"geometry_name":"geom","properties":{"id":3516,"OBJECTID":3516,"TenCT":"Khách sạn","TenDA":"Khách sạn","ChuDauTu":"Ông Ký văn Trí","LoaiCT":10,"DTXDCT":36.67,"ChieuCaoCT":26.5,"SoNha":"số 191","TenDuong":"Lê Thánh Tôn","PhuongXa":"Phường Bến Thành","QuanHuyenTP":"Quận 1","MaPhuongXa":"76026743","MaQuanHuyenTP":"760"}},{"type":"Feature","id":"QHXD_NhaCaoTang_point.3517","geometry":{"type":"Point","coordinates":[106.69930477,10.77365008]},"geometry_name":"geom","properties":{"id":3517,"OBJECTID":3517,"TenCT":"Cửa hàng Kinh Doanh","TenDA":"Cửa hàng Kinh Doanh","ChuDauTu":"Cty CP TM DV Bến Thành","LoaiCT":7,"DTXDCT":79.09,"ChieuCaoCT":27,"SoNha":"số 2-4","TenDuong":"Lưu Văn Lang","PhuongXa":"Phường Bến Thành","QuanHuyenTP":"Quận 1","MaPhuongXa":"76026743","MaQuanHuyenTP":"760"}},{"type":"Feature","id":"QHXD_NhaCaoTang_point.3518","geometry":{"type":"Point","coordinates":[106.69923847,10.77364591]},"geometry_name":"geom","properties":{"id":3518,"OBJECTID":3518,"TenCT":"Nhà ở kết hợp Văn Phòng","TenDA":"Nhà ở kết hợp Văn Phòng","ChuDauTu":"Nguyễn Thị Sương","LoaiCT":13,"DTXDCT":79.09,"ChieuCaoCT":null,"SoNha":"số 6","TenDuong":"Lưu Văn Lang","PhuongXa":"Phường Bến Thành","QuanHuyenTP":"Quận 1","MaPhuongXa":"76026743","MaQuanHuyenTP":"760"}},{"type":"Feature","id":"QHXD_NhaCaoTang_point.3519","geometry":{"type":"Point","coordinates":[106.69690177,10.77198784]},"geometry_name":"geom","properties":{"id":3519,"OBJECTID":3519,"TenCT":"Nhà Văn Phòng","TenDA":"Nhà Văn Phòng","ChuDauTu":"Cty TNHH MTV Nhà hàng KS Mai Vân","LoaiCT":13,"DTXDCT":140.49,"ChieuCaoCT":28.4,"SoNha":"số 28-30","TenDuong":"Nguyễn An Ninh","PhuongXa":"Phường Bến Thành","QuanHuyenTP":"Quận 1","MaPhuongXa":"76026743","MaQuanHuyenTP":"760"}},{"type":"Feature","id":"QHXD_NhaCaoTang_point.3520","geometry":{"type":"Point","coordinates":[106.69852686,10.77327686]},"geometry_name":"geom","properties":{"id":3520,"OBJECTID":3520,"TenCT":"Nhà văn phòng 44-46 Phan Bội Châu","TenDA":"Nhà văn phòng","ChuDauTu":"Cty CP TM DV Sài Gòn","LoaiCT":13,"DTXDCT":128.9,"ChieuCaoCT":31.8,"SoNha":"số 44-46","TenDuong":"Phan Bội Châu","PhuongXa":"Phường Bến Thành","QuanHuyenTP":"Quận 1","MaPhuongXa":"76026743","MaQuanHuyenTP":"760"}},{"type":"Feature","id":"QHXD_NhaCaoTang_point.3521","geometry":{"type":"Point","coordinates":[106.69630822,10.77197872]},"geometry_name":"geom","properties":{"id":3521,"OBJECTID":3521,"TenCT":"Nhà văn phòng kết họp nhà ở","TenDA":"Nhà ở kết hợp VP","ChuDauTu":"Phạm Thị Bích Thủy","LoaiCT":13,"DTXDCT":69.51,"ChieuCaoCT":26.6,"SoNha":"247","TenDuong":"Lê Thánh Tôn","PhuongXa":"Phường Bến Thành","QuanHuyenTP":"Quận 1","MaPhuongXa":"76026743","MaQuanHuyenTP":"760"}},{"type":"Feature","id":"QHXD_NhaCaoTang_point.3522","geometry":{"type":"Point","coordinates":[106.69079005,10.77034244]},"geometry_name":"geom","properties":{"id":3522,"OBJECTID":3522,"TenCT":"Nhà ở kết hợp VP","TenDA":"Nhà ở kết hợp VP","ChuDauTu":"Nguyễn Thị Lai","LoaiCT":13,"DTXDCT":57.19,"ChieuCaoCT":24.9,"SoNha":"A67","TenDuong":"Nguyễn Trãi","PhuongXa":"Phường Bến Thành","QuanHuyenTP":"Quận 1","MaPhuongXa":"76026743","MaQuanHuyenTP":"760"}},{"type":"Feature","id":"QHXD_NhaCaoTang_point.3523","geometry":{"type":"Point","coordinates":[106.6895077,10.7732833]},"geometry_name":"geom","properties":{"id":3523,"OBJECTID":3523,"TenCT":"Cửa hàng trưng bày sản phẩm  và văn phòng","TenDA":"Cửa hàng trưng bày sản phẩm  và văn phòng","ChuDauTu":"Bà Trần Thị Mộng Hằng","LoaiCT":7,"DTXDCT":319.8,"ChieuCaoCT":13.77,"SoNha":"125","TenDuong":"Cách Mạng Tháng 8","PhuongXa":"Phường Bến Thành","QuanHuyenTP":"Quận 1","MaPhuongXa":"76026743","MaQuanHuyenTP":"760"}},{"type":"Feature","id":"QHXD_NhaCaoTang_point.3524","geometry":{"type":"Point","coordinates":[106.69355484,10.7784441]},"geometry_name":"geom","properties":{"id":3524,"OBJECTID":3524,"TenCT":"Cao ốc, căn hộ cao cấp cho thuê","TenDA":"Cao ốc, căn hộ cao cấp cho thuê","ChuDauTu":"Công ty liên doanh cao ốc Indochine","LoaiCT":1,"DTXDCT":null,"ChieuCaoCT":71.1,"SoNha":"1","TenDuong":"Lê Quý Đôn","PhuongXa":"Phường Võ Thị Sáu","QuanHuyenTP":"Quận 3","MaPhuongXa":"77027139","MaQuanHuyenTP":"770"}},{"type":"Feature","id":"QHXD_NhaCaoTang_point.3525","geometry":{"type":"Point","coordinates":[106.69463473,10.7808688]},"geometry_name":"geom","properties":{"id":3525,"OBJECTID":3525,"TenCT":"Cao ốc căn hộ ở","TenDA":"Cao ốc căn hộ ở","ChuDauTu":"Công ty liên doanh Sài Gòn (Sài Gòn Mansion Ltd)","LoaiCT":1,"DTXDCT":801.5,"ChieuCaoCT":61.5,"SoNha":"3","TenDuong":"Võ Văn Tần","PhuongXa":"Phường Võ Thị Sáu","QuanHuyenTP":"Quận 3","MaPhuongXa":"77027139","MaQuanHuyenTP":"770"}},{"type":"Feature","id":"QHXD_NhaCaoTang_point.3526","geometry":{"type":"Point","coordinates":[106.68484056,10.78847412]},"geometry_name":"geom","properties":{"id":3526,"OBJECTID":3526,"TenCT":"Văn phòng làm việc (Khối 9 tầng )+ (khối 7 tầng liền kề thông nhau)","TenDA":"Văn phòng làm việc (Khối 9 tầng )+ (khối 7 tầng liền kề thông nhau)","ChuDauTu":"Công ty chè Sài Gòn","LoaiCT":13,"DTXDCT":195.98,"ChieuCaoCT":35.5,"SoNha":"225","TenDuong":"Nam Kỳ Khởi Nghĩa","PhuongXa":"Phường Võ Thị Sáu","QuanHuyenTP":"Quận 3","MaPhuongXa":"77027139","MaQuanHuyenTP":"770"}},{"type":"Feature","id":"QHXD_NhaCaoTang_point.3527","geometry":{"type":"Point","coordinates":[106.68511343,10.78730338]},"geometry_name":"geom","properties":{"id":3527,"OBJECTID":3527,"TenCT":"Cao ốc văn phòng và căn hộ cho thuê","TenDA":"Cao ốc văn phòng và căn hộ cho thuê","ChuDauTu":"Công ty TNHH Một thành viên An Phú","LoaiCT":13,"DTXDCT":null,"ChieuCaoCT":70,"SoNha":"117-119","TenDuong":"Lý Chính Thắng","PhuongXa":"Phường Võ Thị Sáu","QuanHuyenTP":"Quận 3","MaPhuongXa":"77027139","MaQuanHuyenTP":"770"}},{"type":"Feature","id":"QHXD_NhaCaoTang_point.3528","geometry":{"type":"Point","coordinates":[106.69070725,10.78488683]},"geometry_name":"geom","properties":{"id":3528,"OBJECTID":3528,"TenCT":"Khách sạn","TenDA":"Khách sạn","ChuDauTu":"Công ty TNHH thương mại Quang Anh","LoaiCT":10,"DTXDCT":null,"ChieuCaoCT":59,"SoNha":"157-157A","TenDuong":"Pasteur","PhuongXa":"Phường Võ Thị Sáu","QuanHuyenTP":"Quận 3","MaPhuongXa":"77027139","MaQuanHuyenTP":"770"}},{"type":"Feature","id":"QHXD_NhaCaoTang_point.3529","geometry":{"type":"Point","coordinates":[106.6924113,10.7824422]},"geometry_name":"geom","properties":{"id":3529,"OBJECTID":3529,"TenCT":"Chung cư cao tầng kết hợp dịch vụ","TenDA":"Chung cư cao tầng kết hợp dịch vụ","ChuDauTu":"Công ty cổ phần địa ốc Kỷ Nguyên","LoaiCT":13,"DTXDCT":1312,"ChieuCaoCT":73.9,"SoNha":"192","TenDuong":"Nam Kỳ Khởi Nghĩa","PhuongXa":"Phường Võ Thị Sáu","QuanHuyenTP":"Quận 3","MaPhuongXa":"77027139","MaQuanHuyenTP":"770"}},{"type":"Feature","id":"QHXD_NhaCaoTang_point.3530","geometry":{"type":"Point","coordinates":[106.68861097,10.77635232]},"geometry_name":"geom","properties":{"id":3530,"OBJECTID":3530,"TenCT":"Chung cư cao tầng","TenDA":"Chung cư cao tầng","ChuDauTu":"Công ty cổ phần đầu tư xây dựng Phú Hưng Gia","LoaiCT":1,"DTXDCT":757.21,"ChieuCaoCT":51,"SoNha":"53-55","TenDuong":"Bà Huyện Thanh Quan","PhuongXa":"Phường Võ Thị Sáu","QuanHuyenTP":"Quận 3","MaPhuongXa":"77027139","MaQuanHuyenTP":"770"}},{"type":"Feature","id":"QHXD_NhaCaoTang_point.3531","geometry":{"type":"Point","coordinates":[106.68794657,10.77596629]},"geometry_name":"geom","properties":{"id":3531,"OBJECTID":3531,"TenCT":"Cao ốc văn phòng","TenDA":"Cao ốc Văn phòng Alpha","ChuDauTu":"Công ty TNHH Địa ốc Hoa Đào","LoaiCT":13,"DTXDCT":370,"ChieuCaoCT":41.45,"SoNha":"151-151B","TenDuong":"Nguyễn Đình Chiểu","PhuongXa":"Phường Võ Thị Sáu","QuanHuyenTP":"Quận 3","MaPhuongXa":"77027139","MaQuanHuyenTP":"770"}},{"type":"Feature","id":"QHXD_NhaCaoTang_point.3532","geometry":{"type":"Point","coordinates":[106.69000231,10.77504416]},"geometry_name":"geom","properties":{"id":3532,"OBJECTID":3532,"TenCT":"Nhà văn phòng - trưng bày sản phẩm","TenDA":"Nhà văn phòng - trưng bày sản phẩm","ChuDauTu":"Công ty TNHH Minh Đạt","LoaiCT":13,"DTXDCT":400.74,"ChieuCaoCT":56.2,"SoNha":"17","TenDuong":"Bà Huyện Thanh Quan","PhuongXa":"Phường Võ Thị Sáu","QuanHuyenTP":"Quận 3","MaPhuongXa":"77027139","MaQuanHuyenTP":"770"}},{"type":"Feature","id":"QHXD_NhaCaoTang_point.3533","geometry":{"type":"Point","coordinates":[106.68947001,10.78152471]},"geometry_name":"geom","properties":{"id":3533,"OBJECTID":3533,"TenCT":"Cao ốc văn phòng","TenDA":"Cao ốc văn phòng","ChuDauTu":"Tổng Công ty địa ốc Sài Gòn","LoaiCT":13,"DTXDCT":1180,"ChieuCaoCT":56.45,"SoNha":"257","TenDuong":"Điện Biên Phủ","PhuongXa":"Phường Võ Thị Sáu","QuanHuyenTP":"Quận 3","MaPhuongXa":"77027139","MaQuanHuyenTP":"770"}},{"type":"Feature","id":"QHXD_NhaCaoTang_point.3534","geometry":{"type":"Point","coordinates":[106.69520026,10.78005971]},"geometry_name":"geom","properties":{"id":3534,"OBJECTID":3534,"TenCT":"Nhà văn phòng 100 Nguyễn Thị Minh Khai","TenDA":"Nhà văn phòng 100 Nguyễn Thị Minh Khai","ChuDauTu":"Nguyễn Thanh Hảo","LoaiCT":13,"DTXDCT":215.88,"ChieuCaoCT":37,"SoNha":"100","TenDuong":"Nguyễn Thị Minh Khai","PhuongXa":"Phường Võ Thị Sáu","QuanHuyenTP":"Quận 3","MaPhuongXa":"77027139","MaQuanHuyenTP":"770"}},{"type":"Feature","id":"QHXD_NhaCaoTang_point.3535","geometry":{"type":"Point","coordinates":[106.69461526,10.78356477]},"geometry_name":"geom","properties":{"id":3535,"OBJECTID":3535,"TenCT":"Cao ốc văn phòng","TenDA":"Cao ốc văn phòng","ChuDauTu":"Tạp Chí Cộng Sản","LoaiCT":13,"DTXDCT":324.36,"ChieuCaoCT":45,"SoNha":"19","TenDuong":"Phạm Ngọc Thạch","PhuongXa":"Phường Võ Thị Sáu","QuanHuyenTP":"Quận 3","MaPhuongXa":"77027139","MaQuanHuyenTP":"770"}},{"type":"Feature","id":"QHXD_NhaCaoTang_point.3536","geometry":{"type":"Point","coordinates":[106.69471952,10.7853256]},"geometry_name":"geom","properties":{"id":3536,"OBJECTID":3536,"TenCT":"Trụ sở làm việc Tập đoàn Công nghiệp cao su Việt Nam","TenDA":"Trụ sở làm việc Tập đoàn Công nghiệp cao su Việt Nam","ChuDauTu":"Tập đoàn Công nghiệp cao su Việt Nam","LoaiCT":12,"DTXDCT":728,"ChieuCaoCT":48,"SoNha":"177","TenDuong":"Hai Bà Trưng","PhuongXa":"Phường Võ Thị Sáu","QuanHuyenTP":"Quận 3","MaPhuongXa":"77027139","MaQuanHuyenTP":"770"}},{"type":"Feature","id":"QHXD_NhaCaoTang_point.3537","geometry":{"type":"Point","coordinates":[106.68417471,10.78979913]},"geometry_name":"geom","properties":{"id":3537,"OBJECTID":3537,"TenCT":"Cao ốc văn phòng","TenDA":"Cao ốc văn phòng","ChuDauTu":"Công ty TNHH thương mại dịch vụ và khách sạn Tân Hoàng Minh","LoaiCT":13,"DTXDCT":238.7,"ChieuCaoCT":49.2,"SoNha":"290","TenDuong":"Nam Kỳ Khởi Nghĩa","PhuongXa":"Phường Võ Thị Sáu","QuanHuyenTP":"Quận 3","MaPhuongXa":"77027139","MaQuanHuyenTP":"770"}},{"type":"Feature","id":"QHXD_NhaCaoTang_point.3538","geometry":{"type":"Point","coordinates":[106.69228894,10.78415504]},"geometry_name":"geom","properties":{"id":3538,"OBJECTID":3538,"TenCT":"Cao ốc văn phòng","TenDA":"Cao ốc văn phòng","ChuDauTu":"Công ty TNHH Nam Bá","LoaiCT":13,"DTXDCT":372.4,"ChieuCaoCT":63,"SoNha":"222","TenDuong":"Pasteur","PhuongXa":"Phường Võ Thị Sáu","QuanHuyenTP":"Quận 3","MaPhuongXa":"77027139","MaQuanHuyenTP":"770"}},{"type":"Feature","id":"QHXD_NhaCaoTang_point.3539","geometry":{"type":"Point","coordinates":[106.69061696,10.78081757]},"geometry_name":"geom","properties":{"id":3539,"OBJECTID":3539,"TenCT":"Cao ốc ICON D3","TenDA":"Cao ốc văn phòng và căn hộ cho thuê","ChuDauTu":"Công ty Cổ phần Hiếu Đức","LoaiCT":13,"DTXDCT":846.11,"ChieuCaoCT":57.85,"SoNha":"21","TenDuong":"Ngô Thời Nhiệm","PhuongXa":"Phường Võ Thị Sáu","QuanHuyenTP":"Quận 3","MaPhuongXa":"77027139","MaQuanHuyenTP":"770"}},{"type":"Feature","id":"QHXD_NhaCaoTang_point.3540","geometry":{"type":"Point","coordinates":[106.69108229,10.77779389]},"geometry_name":"geom","properties":{"id":3540,"OBJECTID":3540,"TenCT":"Cao ốc văn phòng Agrex Sài Gòn","TenDA":"Cao ốc văn phòng Agrex Sài Gòn","ChuDauTu":"Công ty Cổ phần thực phẩm nông sản xuất khẩu Sài Gòn","LoaiCT":13,"DTXDCT":505.5,"ChieuCaoCT":40.8,"SoNha":"58","TenDuong":"Võ Văn Tần","PhuongXa":"Phường Võ Thị Sáu","QuanHuyenTP":"Quận 3","MaPhuongXa":"77027139","MaQuanHuyenTP":"770"}},{"type":"Feature","id":"QHXD_NhaCaoTang_point.3541","geometry":{"type":"Point","coordinates":[106.68439839,10.77658367]},"geometry_name":"geom","properties":{"id":3541,"OBJECTID":3541,"TenCT":"Cao ốc văn phòng","TenDA":"Cao ốc văn phòng","ChuDauTu":"Ông Nguyễn Minh Đức\r\nBà Đinh Thị Kim Tuyến","LoaiCT":13,"DTXDCT":205.89,"ChieuCaoCT":41,"SoNha":"110","TenDuong":"Cách Mạng Tháng 8","PhuongXa":"Phường Võ Thị Sáu","QuanHuyenTP":"Quận 3","MaPhuongXa":"77027139","MaQuanHuyenTP":"770"}},{"type":"Feature","id":"QHXD_NhaCaoTang_point.3542","geometry":{"type":"Point","coordinates":[106.68943378,10.77431876]},"geometry_name":"geom","properties":{"id":3542,"OBJECTID":3542,"TenCT":"Nhà văn phòng và căn hộ cho thuê","TenDA":"Nhà văn phòng và căn hộ cho thuê","ChuDauTu":"Bà Nguyễn Thị Mỹ (Đ/d Công ty TNHH TM DV Thy)","LoaiCT":13,"DTXDCT":580.81,"ChieuCaoCT":52.6,"SoNha":"250","TenDuong":"Nguyễn Thị Minh Khai","PhuongXa":"Phường Võ Thị Sáu","QuanHuyenTP":"Quận 3","MaPhuongXa":"77027139","MaQuanHuyenTP":"770"}},{"type":"Feature","id":"QHXD_NhaCaoTang_point.3543","geometry":{"type":"Point","coordinates":[106.69305606,10.7825966]},"geometry_name":"geom","properties":{"id":3543,"OBJECTID":3543,"TenCT":"Căn hộ ở chung cư","TenDA":"Căn hộ ở chung cư","ChuDauTu":"Công ty cổ phần đầu tư An Thái","LoaiCT":1,"DTXDCT":null,"ChieuCaoCT":79.5,"SoNha":"127","TenDuong":"Pasteur","PhuongXa":"Phường Võ Thị Sáu","QuanHuyenTP":"Quận 3","MaPhuongXa":"77027139","MaQuanHuyenTP":"770"}},{"type":"Feature","id":"QHXD_NhaCaoTang_point.3544","geometry":{"type":"Point","coordinates":[106.68908456,10.77490215]},"geometry_name":"geom","properties":{"id":3544,"OBJECTID":3544,"TenCT":"Nhà văn phòng","TenDA":"Nhà văn phòng","ChuDauTu":"Công ty TNHH máy và thiết bị văn phòng Hoàng Cường","LoaiCT":13,"DTXDCT":313.62,"ChieuCaoCT":41.4,"SoNha":"147 - 149","TenDuong":"Võ Văn Tần","PhuongXa":"Phường Võ Thị Sáu","QuanHuyenTP":"Quận 3","MaPhuongXa":"77027139","MaQuanHuyenTP":"770"}},{"type":"Feature","id":"QHXD_NhaCaoTang_point.3545","geometry":{"type":"Point","coordinates":[106.69463473,10.7808688]},"geometry_name":"geom","properties":{"id":3545,"OBJECTID":3545,"TenCT":"Nhà văn phòng - căn hộ","TenDA":"Nhà văn phòng - căn hộ","ChuDauTu":"Công ty liên doanh căn hộ Sài Gòn","LoaiCT":13,"DTXDCT":null,"ChieuCaoCT":61.6,"SoNha":"3","TenDuong":"Võ Văn Tần","PhuongXa":"Phường Võ Thị Sáu","QuanHuyenTP":"Quận 3","MaPhuongXa":"77027139","MaQuanHuyenTP":"770"}},{"type":"Feature","id":"QHXD_NhaCaoTang_point.3546","geometry":{"type":"Point","coordinates":[106.68511343,10.78730338]},"geometry_name":"geom","properties":{"id":3546,"OBJECTID":3546,"TenCT":"Cao ốc văn phòng và căn hộ cho thuê","TenDA":"Cao ốc văn phòng  và căn hộ cho thuê","ChuDauTu":"Công ty TNHH một thành viên An Phú","LoaiCT":13,"DTXDCT":962.28,"ChieuCaoCT":69.5,"SoNha":"117-119","TenDuong":"Lý Chính Thắng","PhuongXa":"Phường Võ Thị Sáu","QuanHuyenTP":"Quận 3","MaPhuongXa":"77027139","MaQuanHuyenTP":"770"}},{"type":"Feature","id":"QHXD_NhaCaoTang_point.3547","geometry":{"type":"Point","coordinates":[106.68526314,10.78805246]},"geometry_name":"geom","properties":{"id":3547,"OBJECTID":3547,"TenCT":"Cao ốc văn phòng 111 Lý Chính Thắng","TenDA":"Cao ốc văn phòng 111 Lý Chính Thắng","ChuDauTu":"Công ty TNHH đầu tư Thăng Long","LoaiCT":13,"DTXDCT":183,"ChieuCaoCT":42,"SoNha":"111","TenDuong":"Lý Chính Thắng","PhuongXa":"Phường Võ Thị Sáu","QuanHuyenTP":"Quận 3","MaPhuongXa":"77027139","MaQuanHuyenTP":"770"}},{"type":"Feature","id":"QHXD_NhaCaoTang_point.3548","geometry":{"type":"Point","coordinates":[106.6967783,10.78327864]},"geometry_name":"geom","properties":{"id":3548,"OBJECTID":3548,"TenCT":"Cao ốc văn phòng 41-43 Trần Cao Vân","TenDA":"Cao ốc văn phòng 41-43 Trần Cao Vân","ChuDauTu":"Xí nghiệp dược phẩm Trung ương 25 - Tổng công ty dược Việt Nam","LoaiCT":13,"DTXDCT":856,"ChieuCaoCT":42.51,"SoNha":"41-43","TenDuong":"Trần Cao Vân","PhuongXa":"Phường Võ Thị Sáu","QuanHuyenTP":"Quận 3","MaPhuongXa":"77027139","MaQuanHuyenTP":"770"}},{"type":"Feature","id":"QHXD_NhaCaoTang_point.3549","geometry":{"type":"Point","coordinates":[106.68480362,10.77637037]},"geometry_name":"geom","properties":{"id":3549,"OBJECTID":3549,"TenCT":"Nhà văn phòng","TenDA":"Nhà văn phòng","ChuDauTu":"Doanh nghiệp tư nhân Thân Đức Trường","LoaiCT":13,"DTXDCT":290.16,"ChieuCaoCT":41,"SoNha":"98","TenDuong":"Cách Mạng Tháng 8","PhuongXa":"Phường Võ Thị Sáu","QuanHuyenTP":"Quận 3","MaPhuongXa":"77027139","MaQuanHuyenTP":"770"}},{"type":"Feature","id":"QHXD_NhaCaoTang_point.3550","geometry":{"type":"Point","coordinates":[106.68942886,10.77732489]},"geometry_name":"geom","properties":{"id":3550,"OBJECTID":3550,"TenCT":"Cao ốc văn phòng","TenDA":"Cao ốc văn phòng","ChuDauTu":"Tổng công ty địa ốc Sài Gòn","LoaiCT":13,"DTXDCT":509.2,"ChieuCaoCT":49.3,"SoNha":"123","TenDuong":"Nguyễn Đình Chiểu","PhuongXa":"Phường Võ Thị Sáu","QuanHuyenTP":"Quận 3","MaPhuongXa":"77027139","MaQuanHuyenTP":"770"}},{"type":"Feature","id":"QHXD_NhaCaoTang_point.3551","geometry":{"type":"Point","coordinates":[106.68845844,10.77827379]},"geometry_name":"geom","properties":{"id":3551,"OBJECTID":3551,"TenCT":"Cao ốc căn hộ 107 Trương Định","TenDA":"Cao ốc căn hộ 107 Trương Định","ChuDauTu":"Công ty cổ phần xây dựng và kinh doanh địa ốc III","LoaiCT":13,"DTXDCT":722,"ChieuCaoCT":53.3,"SoNha":"107","TenDuong":"Trương Định","PhuongXa":"Phường Võ Thị Sáu","QuanHuyenTP":"Quận 3","MaPhuongXa":"77027139","MaQuanHuyenTP":"770"}},{"type":"Feature","id":"QHXD_NhaCaoTang_point.3552","geometry":{"type":"Point","coordinates":[106.68748842,10.7868233]},"geometry_name":"geom","properties":{"id":3552,"OBJECTID":3552,"TenCT":"Cao ốc văn phòng","TenDA":"Cao ốc văn phòng","ChuDauTu":"Công ty TNHH Sài Gòn  Mai Nguyễn","LoaiCT":13,"DTXDCT":262.5,"ChieuCaoCT":50,"SoNha":"258","TenDuong":"Nam Kỳ Khởi Nghĩa","PhuongXa":"Phường Võ Thị Sáu","QuanHuyenTP":"Quận 3","MaPhuongXa":"77027139","MaQuanHuyenTP":"770"}},{"type":"Feature","id":"QHXD_NhaCaoTang_point.3553","geometry":{"type":"Point","coordinates":[106.68585906,10.78840388]},"geometry_name":"geom","properties":{"id":3553,"OBJECTID":3553,"TenCT":"Cao ốc văn phòng","TenDA":"Cao ốc văn phòng","ChuDauTu":"Ngân hàng thương mại cổ phần Sài gòn Thương Tín","LoaiCT":13,"DTXDCT":233.3,"ChieuCaoCT":36,"SoNha":"278D - 278E","TenDuong":"Nam Kỳ Khởi Nghĩa","PhuongXa":"Phường Võ Thị Sáu","QuanHuyenTP":"Quận 3","MaPhuongXa":"77027139","MaQuanHuyenTP":"770"}},{"type":"Feature","id":"QHXD_NhaCaoTang_point.3554","geometry":{"type":"Point","coordinates":[106.69471609,10.78443761]},"geometry_name":"geom","properties":{"id":3554,"OBJECTID":3554,"TenCT":"Cao ốc văn phòng","TenDA":"Cao ốc văn phòng","ChuDauTu":"Tổng công ty cổ phần bảo hiểm dầu khí Việt Nam","LoaiCT":13,"DTXDCT":526.44,"ChieuCaoCT":45,"SoNha":"20","TenDuong":"Phạm Ngọc Thạch","PhuongXa":"Phường Võ Thị Sáu","QuanHuyenTP":"Quận 3","MaPhuongXa":"77027139","MaQuanHuyenTP":"770"}},{"type":"Feature","id":"QHXD_NhaCaoTang_point.3555","geometry":{"type":"Point","coordinates":[106.68662295,10.78768973]},"geometry_name":"geom","properties":{"id":3555,"OBJECTID":3555,"TenCT":"Nhà văn phòng","TenDA":"Nhà văn phòng","ChuDauTu":"Công ty cổ phần XNK Tân Định - Công ty TNHH-Thương mại-Xuất nhập khẩu Tân Kim","LoaiCT":12,"DTXDCT":915.83,"ChieuCaoCT":62.91,"SoNha":"266 - 268","TenDuong":"Nam Kỳ Khởi Nghĩa","PhuongXa":"Phường Võ Thị Sáu","QuanHuyenTP":"Quận 3","MaPhuongXa":"77027139","MaQuanHuyenTP":"770"}},{"type":"Feature","id":"QHXD_NhaCaoTang_point.3556","geometry":{"type":"Point","coordinates":[106.69259303,10.78314128]},"geometry_name":"geom","properties":{"id":3556,"OBJECTID":3556,"TenCT":"Nhà khách và trụ sở giao dịch","TenDA":"Nhà khách và trụ sở giao dịch","ChuDauTu":"Liên hiệp các xí nghiệp xây lắp Nông nghiệp-CNTP","LoaiCT":10,"DTXDCT":null,"ChieuCaoCT":36.8,"SoNha":"135","TenDuong":"Pasteur","PhuongXa":"Phường Võ Thị Sáu","QuanHuyenTP":"Quận 3","MaPhuongXa":"77027139","MaQuanHuyenTP":"770"}},{"type":"Feature","id":"QHXD_NhaCaoTang_point.3557","geometry":{"type":"Point","coordinates":[106.69742717,10.78267053]},"geometry_name":"geom","properties":{"id":3557,"OBJECTID":3557,"TenCT":"Cao ốc văn phòng CENTEC","TenDA":"Cao ốc văn phòng CENTEC","ChuDauTu":"Công ty cổ phần Sao Phương Nam","LoaiCT":13,"DTXDCT":1258.79,"ChieuCaoCT":87,"SoNha":"72-74","TenDuong":"Nguyễn Thị Minh Khai","PhuongXa":"Phường Võ Thị Sáu","QuanHuyenTP":"Quận 3","MaPhuongXa":"77027139","MaQuanHuyenTP":"770"}},{"type":"Feature","id":"QHXD_NhaCaoTang_point.3558","geometry":{"type":"Point","coordinates":[106.69742717,10.78267053]},"geometry_name":"geom","properties":{"id":3558,"OBJECTID":3558,"TenCT":"Cao ốc văn phòng","TenDA":"Cao ốc văn phòng","ChuDauTu":"Công ty cổ phần Sao Phương Nam","LoaiCT":13,"DTXDCT":null,"ChieuCaoCT":87,"SoNha":"72-74","TenDuong":"Nguyễn Thị Minh Khai","PhuongXa":"Phường Võ Thị Sáu","QuanHuyenTP":"Quận 3","MaPhuongXa":"77027139","MaQuanHuyenTP":"770"}},{"type":"Feature","id":"QHXD_NhaCaoTang_point.3559","geometry":{"type":"Point","coordinates":[106.69726347,10.78239984]},"geometry_name":"geom","properties":{"id":3559,"OBJECTID":3559,"TenCT":"Văn phòng làm việc","TenDA":"Văn phòng làm việc","ChuDauTu":"Ông Nguyễn Liêm và bà Phạm Thị Liên\r\nÔng Kiều Văn Huân và bà Nguyễn Thị Hợp","LoaiCT":13,"DTXDCT":532.76,"ChieuCaoCT":50,"SoNha":"76-78","TenDuong":"Nguyễn Thị Minh Khai","PhuongXa":"Phường Võ Thị Sáu","QuanHuyenTP":"Quận 3","MaPhuongXa":"77027139","MaQuanHuyenTP":"770"}},{"type":"Feature","id":"QHXD_NhaCaoTang_point.3560","geometry":{"type":"Point","coordinates":[106.69042542,10.77847026]},"geometry_name":"geom","properties":{"id":3560,"OBJECTID":3560,"TenCT":"Cao ốc văn phòng","TenDA":"Cao ốc văn phòng","ChuDauTu":"Công ty TNHH Đầu tư-Thương mại-Dịch vụ Tam Điệp","LoaiCT":13,"DTXDCT":349.7,"ChieuCaoCT":50,"SoNha":"107-109-111","TenDuong":"Nguyễn Đình Chiểu","PhuongXa":"Phường Võ Thị Sáu","QuanHuyenTP":"Quận 3","MaPhuongXa":"77027139","MaQuanHuyenTP":"770"}},{"type":"Feature","id":"QHXD_NhaCaoTang_point.3561","geometry":{"type":"Point","coordinates":[106.69132237,10.77727761]},"geometry_name":"geom","properties":{"id":3561,"OBJECTID":3561,"TenCT":"Nhà văn phòng","TenDA":"Nhà văn phòng","ChuDauTu":"Ông Nguyễn Hồng Kỳ ( đại diện công ty CP công nghệ Việt )","LoaiCT":13,"DTXDCT":null,"ChieuCaoCT":38.2,"SoNha":"63","TenDuong":"Võ Văn Tần","PhuongXa":"Phường Võ Thị Sáu","QuanHuyenTP":"Quận 3","MaPhuongXa":"77027139","MaQuanHuyenTP":"770"}},{"type":"Feature","id":"QHXD_NhaCaoTang_point.3562","geometry":{"type":"Point","coordinates":[106.6912069,10.77595276]},"geometry_name":"geom","properties":{"id":3562,"OBJECTID":3562,"TenCT":"Cao Ốc văn phòng","TenDA":"Cao Ốc Văn Phòng","ChuDauTu":"Bà Nguyễn Thu Hằng","LoaiCT":13,"DTXDCT":null,"ChieuCaoCT":39.4,"SoNha":"186-186bis","TenDuong":"Nguyễn Thị Minh Khai","PhuongXa":"Phường Võ Thị Sáu","QuanHuyenTP":"Quận 3","MaPhuongXa":"77027139","MaQuanHuyenTP":"770"}},{"type":"Feature","id":"QHXD_NhaCaoTang_point.3563","geometry":{"type":"Point","coordinates":[106.69126253,10.77669862]},"geometry_name":"geom","properties":{"id":3563,"OBJECTID":3563,"TenCT":"Khách sạn","TenDA":"Khách sạn","ChuDauTu":"Cty TNHH Sơn Nhật","LoaiCT":10,"DTXDCT":224.44,"ChieuCaoCT":43,"SoNha":"14","TenDuong":"Trương Định","PhuongXa":"Phường Võ Thị Sáu","QuanHuyenTP":"Quận 3","MaPhuongXa":"77027139","MaQuanHuyenTP":"770"}},{"type":"Feature","id":"QHXD_NhaCaoTang_point.3564","geometry":{"type":"Point","coordinates":[106.69355098,10.78511616]},"geometry_name":"geom","properties":{"id":3564,"OBJECTID":3564,"TenCT":"Nhà làm việc cơ quan thường trực Báo Nhân Dân TP. HCM","TenDA":"Nhà làm việc cơ quan thường trực Báo Nhân Dân TP. HCM","ChuDauTu":"Báo Nhân dân","LoaiCT":8,"DTXDCT":409.7,"ChieuCaoCT":514,"SoNha":"40","TenDuong":"Phạm Ngọc Thạch","PhuongXa":"Phường Võ Thị Sáu","QuanHuyenTP":"Quận 3","MaPhuongXa":"77027139","MaQuanHuyenTP":"770"}},{"type":"Feature","id":"QHXD_NhaCaoTang_point.3565","geometry":{"type":"Point","coordinates":[106.6937498,10.78274946]},"geometry_name":"geom","properties":{"id":3565,"OBJECTID":3565,"TenCT":"Cao ốc văn phòng 146 Nguyễn Đình Chiểu, Phường 6, Quận 3_Khối phía sau","TenDA":"Cao ốc văn phòng 146 Nguyễn Đình Chiểu, Phường 6, Quận 3","ChuDauTu":"Cty TNHH ENDO Việt Nam","LoaiCT":13,"DTXDCT":456.9,"ChieuCaoCT":54,"SoNha":"146","TenDuong":"Nguyễn Đình Chiểu","PhuongXa":"Phường Võ Thị Sáu","QuanHuyenTP":"Quận 3","MaPhuongXa":"77027139","MaQuanHuyenTP":"770"}},{"type":"Feature","id":"QHXD_NhaCaoTang_point.3566","geometry":{"type":"Point","coordinates":[106.68917726,10.78218718]},"geometry_name":"geom","properties":{"id":3566,"OBJECTID":3566,"TenCT":"Cao ốc văn phòng 222 Điện Biên Phủ, Quận 3.","TenDA":"Cao ốc văn phòng 222 Điện Biên Phủ, Quận 3.","ChuDauTu":"Công ty TNHH Sơn Linh","LoaiCT":13,"DTXDCT":353.8,"ChieuCaoCT":45,"SoNha":"222","TenDuong":"Điện Biên Phủ","PhuongXa":"Phường Võ Thị Sáu","QuanHuyenTP":"Quận 3","MaPhuongXa":"77027139","MaQuanHuyenTP":"770"}},{"type":"Feature","id":"QHXD_NhaCaoTang_point.3567","geometry":{"type":"Point","coordinates":[106.68823576,10.77607195]},"geometry_name":"geom","properties":{"id":3567,"OBJECTID":3567,"TenCT":"Nhà ở căn hộ","TenDA":"Nhà ở căn hộ","ChuDauTu":"Cty liên doanh căn hộ cao cấp DALAK Nhật Bản","LoaiCT":1,"DTXDCT":null,"ChieuCaoCT":40.95,"SoNha":"149","TenDuong":"Nguyễn Đình Chiểu","PhuongXa":"Phường Võ Thị Sáu","QuanHuyenTP":"Quận 3","MaPhuongXa":"77027139","MaQuanHuyenTP":"770"}},{"type":"Feature","id":"QHXD_NhaCaoTang_point.3568","geometry":{"type":"Point","coordinates":[106.69188885,10.78368936]},"geometry_name":"geom","properties":{"id":3568,"OBJECTID":3568,"TenCT":"Nhà làm việc Sở Tư Pháp","TenDA":"Nhà làm việc Sở Tư Pháp","ChuDauTu":"Sở Tư Pháp TP HCM","LoaiCT":11,"DTXDCT":null,"ChieuCaoCT":35.7,"SoNha":"141-143","TenDuong":"Pasteur","PhuongXa":"Phường Võ Thị Sáu","QuanHuyenTP":"Quận 3","MaPhuongXa":"77027139","MaQuanHuyenTP":"770"}},{"type":"Feature","id":"QHXD_NhaCaoTang_point.3569","geometry":{"type":"Point","coordinates":[106.68519627,10.78199445]},"geometry_name":"geom","properties":{"id":3569,"OBJECTID":3569,"TenCT":"Nhà làm việc-Văn phòng Thành  ủy TP. HCM","TenDA":"Nhà làm việc-Văn phòng Thành  ủy TP. HCM","ChuDauTu":"Văn phòng Thành  ủy TP. HCM","LoaiCT":11,"DTXDCT":736.69,"ChieuCaoCT":59.6,"SoNha":"58","TenDuong":"Trương Định","PhuongXa":"Phường Võ Thị Sáu","QuanHuyenTP":"Quận 3","MaPhuongXa":"77027139","MaQuanHuyenTP":"770"}},{"type":"Feature","id":"QHXD_NhaCaoTang_point.3570","geometry":{"type":"Point","coordinates":[106.69142503,10.77738596]},"geometry_name":"geom","properties":{"id":3570,"OBJECTID":3570,"TenCT":"Văn phòng-Cty TNHH DV Nam Minh Long","TenDA":"Văn phòng-Cty TNHH DV Nam Minh Long","ChuDauTu":"Cty TNHH thương mại và dịch vụ Nam Minh Long","LoaiCT":13,"DTXDCT":null,"ChieuCaoCT":42,"SoNha":"61A-63(phần A)","TenDuong":"Võ Văn Tần","PhuongXa":"Phường Võ Thị Sáu","QuanHuyenTP":"Quận 3","MaPhuongXa":"77027139","MaQuanHuyenTP":"770"}},{"type":"Feature","id":"QHXD_NhaCaoTang_point.3571","geometry":{"type":"Point","coordinates":[106.69620952,10.78412194]},"geometry_name":"geom","properties":{"id":3571,"OBJECTID":3571,"TenCT":"Cao ốc văn phòng Trung tâm phát triển công nghiệp","TenDA":"Cao ốc văn phòng Trung tâm phát triển công nghiệp","ChuDauTu":"Sở công nghiệp","LoaiCT":13,"DTXDCT":null,"ChieuCaoCT":46.58,"SoNha":"163","TenDuong":"Hai Bà Trưng","PhuongXa":"Phường Võ Thị Sáu","QuanHuyenTP":"Quận 3","MaPhuongXa":"77027139","MaQuanHuyenTP":"770"}},{"type":"Feature","id":"QHXD_NhaCaoTang_point.3572","geometry":{"type":"Point","coordinates":[106.69460711,10.78218772]},"geometry_name":"geom","properties":{"id":3572,"OBJECTID":3572,"TenCT":"Nhà số 5","TenDA":"Trường Đại học Kiến Trúc","ChuDauTu":"Trường Đại học Kiến Trúc","LoaiCT":3,"DTXDCT":null,"ChieuCaoCT":14.4,"SoNha":"196","TenDuong":"Pasteur","PhuongXa":"Phường Võ Thị Sáu","QuanHuyenTP":"Quận 3","MaPhuongXa":"77027139","MaQuanHuyenTP":"770"}},{"type":"Feature","id":"QHXD_NhaCaoTang_point.3573","geometry":{"type":"Point","coordinates":[106.68957252,10.78772323]},"geometry_name":"geom","properties":{"id":3573,"OBJECTID":3573,"TenCT":"Khối  B (B1+B2)","TenDA":"Trường chính trị Nguyễn Văn Cừ","ChuDauTu":"Ban tài chánh quản trị thành ủy","LoaiCT":3,"DTXDCT":446.8,"ChieuCaoCT":14.3,"SoNha":"146","TenDuong":"Võ Thị Sáu","PhuongXa":"Phường Võ Thị Sáu","QuanHuyenTP":"Quận 3","MaPhuongXa":"77027139","MaQuanHuyenTP":"770"}},{"type":"Feature","id":"QHXD_NhaCaoTang_point.3574","geometry":{"type":"Point","coordinates":[106.6905145,10.78767561]},"geometry_name":"geom","properties":{"id":3574,"OBJECTID":3574,"TenCT":"Khối E","TenDA":"Trường chính trị Nguyễn Văn Cừ","ChuDauTu":"Ban tài chánh quản trị thành ủy","LoaiCT":3,"DTXDCT":328.95,"ChieuCaoCT":18.8,"SoNha":"146","TenDuong":"Võ Thị Sáu","PhuongXa":"Phường Võ Thị Sáu","QuanHuyenTP":"Quận 3","MaPhuongXa":"77027139","MaQuanHuyenTP":"770"}},{"type":"Feature","id":"QHXD_NhaCaoTang_point.3575","geometry":{"type":"Point","coordinates":[106.6895199,10.78491744]},"geometry_name":"geom","properties":{"id":3575,"OBJECTID":3575,"TenCT":"Nhà A","TenDA":"Trường trung học quốc tế","ChuDauTu":"Công ty dịch vụ dầu khí Sài Gòn","LoaiCT":3,"DTXDCT":404.4,"ChieuCaoCT":9,"SoNha":"236","TenDuong":"Nam Kỳ Khởi Nghĩa","PhuongXa":"Phường Võ Thị Sáu","QuanHuyenTP":"Quận 3","MaPhuongXa":"77027139","MaQuanHuyenTP":"770"}},{"type":"Feature","id":"QHXD_NhaCaoTang_point.3576","geometry":{"type":"Point","coordinates":[106.68932122,10.78500486]},"geometry_name":"geom","properties":{"id":3576,"OBJECTID":3576,"TenCT":"Nhà B","TenDA":"Trường trung học quốc tế","ChuDauTu":"Công ty dịch vụ dầu khí Sài Gòn","LoaiCT":3,"DTXDCT":120,"ChieuCaoCT":3,"SoNha":"236","TenDuong":"Nam Kỳ Khởi Nghĩa","PhuongXa":"Phường Võ Thị Sáu","QuanHuyenTP":"Quận 3","MaPhuongXa":"77027139","MaQuanHuyenTP":"770"}},{"type":"Feature","id":"QHXD_NhaCaoTang_point.3577","geometry":{"type":"Point","coordinates":[106.68446697,10.77854466]},"geometry_name":"geom","properties":{"id":3577,"OBJECTID":3577,"TenCT":"Khu khám và điều trị","TenDA":"Bệnh viện Mắt TP","ChuDauTu":"Bệnh viện Mắt TP","LoaiCT":4,"DTXDCT":985,"ChieuCaoCT":27.1,"SoNha":"280","TenDuong":"Điện Biên Phủ","PhuongXa":"Phường Võ Thị Sáu","QuanHuyenTP":"Quận 3","MaPhuongXa":"77027139","MaQuanHuyenTP":"770"}},{"type":"Feature","id":"QHXD_NhaCaoTang_point.3578","geometry":{"type":"Point","coordinates":[106.69495583,10.78210671]},"geometry_name":"geom","properties":{"id":3578,"OBJECTID":3578,"TenCT":"Trường tiểu học Trần Quốc Thảo","TenDA":"Trường tiểu học Trần Quốc Thảo","ChuDauTu":"UBND Q.3","LoaiCT":3,"DTXDCT":1077.2,"ChieuCaoCT":13.85,"SoNha":"6","TenDuong":"Võ Văn Tần","PhuongXa":"Phường Võ Thị Sáu","QuanHuyenTP":"Quận 3","MaPhuongXa":"77027139","MaQuanHuyenTP":"770"}},{"type":"Feature","id":"QHXD_NhaCaoTang_point.3579","geometry":{"type":"Point","coordinates":[106.68865432,10.79008376]},"geometry_name":"geom","properties":{"id":3579,"OBJECTID":3579,"TenCT":"Trung tâm sách Tân Định","TenDA":"Trung tâm sách Tân Định","ChuDauTu":"Cty phát hành sách TP","LoaiCT":7,"DTXDCT":null,"ChieuCaoCT":30.15,"SoNha":"387-389","TenDuong":"Hai Bà Trưng","PhuongXa":"Phường Võ Thị Sáu","QuanHuyenTP":"Quận 3","MaPhuongXa":"77027139","MaQuanHuyenTP":"770"}},{"type":"Feature","id":"QHXD_NhaCaoTang_point.3580","geometry":{"type":"Point","coordinates":[106.68611726,10.77988744]},"geometry_name":"geom","properties":{"id":3580,"OBJECTID":3580,"TenCT":"Trường Quốc Tế dạy bằng tiếng Anh","TenDA":"Trường Quốc Tế dạy bằng tiếng Anh","ChuDauTu":"Cty TNHH Thiên Hương","LoaiCT":3,"DTXDCT":413.1,"ChieuCaoCT":18,"SoNha":"43-45","TenDuong":"Tú Xương","PhuongXa":"Phường Võ Thị Sáu","QuanHuyenTP":"Quận 3","MaPhuongXa":"77027139","MaQuanHuyenTP":"770"}},{"type":"Feature","id":"QHXD_NhaCaoTang_point.3581","geometry":{"type":"Point","coordinates":[106.69021563,10.7880403]},"geometry_name":"geom","properties":{"id":3581,"OBJECTID":3581,"TenCT":"Phòng khám chữa bệnh y học cổ truyền miễn phí","TenDA":"Phòng khám chữa bệnh y học cổ truyền miễn phí","ChuDauTu":"Giáo xứ Tân Định","LoaiCT":4,"DTXDCT":646.82,"ChieuCaoCT":21.6,"SoNha":"289","TenDuong":"Hai Bà Trưng","PhuongXa":"Phường Võ Thị Sáu","QuanHuyenTP":"Quận 3","MaPhuongXa":"77027139","MaQuanHuyenTP":"770"}},{"type":"Feature","id":"QHXD_NhaCaoTang_point.3582","geometry":{"type":"Point","coordinates":[106.68710891,10.77685701]},"geometry_name":"geom","properties":{"id":3582,"OBJECTID":3582,"TenCT":"Trại bệnh IB-Bệnh viện da liễu","TenDA":"Bệnh viện da liễu","ChuDauTu":"Bệnh viện da liễu","LoaiCT":4,"DTXDCT":360.4,"ChieuCaoCT":15.9,"SoNha":"69B","TenDuong":"Ngô Thời Nhiệm","PhuongXa":"Phường Võ Thị Sáu","QuanHuyenTP":"Quận 3","MaPhuongXa":"77027139","MaQuanHuyenTP":"770"}},{"type":"Feature","id":"QHXD_NhaCaoTang_point.3584","geometry":{"type":"Point","coordinates":[106.68893444,10.78396336]},"geometry_name":"geom","properties":{"id":3584,"OBJECTID":3584,"TenCT":"Nhà văn hóa Thiếu nhi thành phố","TenDA":"Nhà văn hóa Thiếu nhi thành phố","ChuDauTu":"Nhà văn hóa Thiếu nhi thành phố","LoaiCT":6,"DTXDCT":1389,"ChieuCaoCT":10,"SoNha":"169","TenDuong":"Nam Kỳ Khởi Nghĩa","PhuongXa":"Phường Võ Thị Sáu","QuanHuyenTP":"Quận 3","MaPhuongXa":"77027139","MaQuanHuyenTP":"770"}},{"type":"Feature","id":"QHXD_NhaCaoTang_point.3585","geometry":{"type":"Point","coordinates":[106.69046435,10.77614554]},"geometry_name":"geom","properties":{"id":3585,"OBJECTID":3585,"TenCT":"Trường Đại học Mở - Bán công","TenDA":"Trường Đại học Mở - Bán công","ChuDauTu":"Trường Đại học Mở - Bán công","LoaiCT":3,"DTXDCT":200.792,"ChieuCaoCT":31.5,"SoNha":"97","TenDuong":"Võ Văn Tần","PhuongXa":"Phường Võ Thị Sáu","QuanHuyenTP":"Quận 3","MaPhuongXa":"77027139","MaQuanHuyenTP":"770"}},{"type":"Feature","id":"QHXD_NhaCaoTang_point.3586","geometry":{"type":"Point","coordinates":[106.68547733,10.78067437]},"geometry_name":"geom","properties":{"id":3586,"OBJECTID":3586,"TenCT":"Trường Mẫu Giáo","TenDA":"Trường mầm non tuổi thơ 7","ChuDauTu":"UBND quận 3","LoaiCT":3,"DTXDCT":1246.87,"ChieuCaoCT":14.2,"SoNha":"125","TenDuong":"Trương Định","PhuongXa":"Phường Võ Thị Sáu","QuanHuyenTP":"Quận 3","MaPhuongXa":"77027139","MaQuanHuyenTP":"770"}},{"type":"Feature","id":"QHXD_NhaCaoTang_point.3587","geometry":{"type":"Point","coordinates":[106.68862909,10.78931519]},"geometry_name":"geom","properties":{"id":3587,"OBJECTID":3587,"TenCT":"Khối hội trường","TenDA":"Trường PT-BC cấp 2-3 Nguyễn Thị Diệu","ChuDauTu":"UBND Q3","LoaiCT":3,"DTXDCT":296,"ChieuCaoCT":null,"SoNha":"12","TenDuong":"Trần Quốc Toản","PhuongXa":"Phường Võ Thị Sáu","QuanHuyenTP":"Quận 3","MaPhuongXa":"77027139","MaQuanHuyenTP":"770"}},{"type":"Feature","id":"QHXD_NhaCaoTang_point.3588","geometry":{"type":"Point","coordinates":[106.68887286,10.78901827]},"geometry_name":"geom","properties":{"id":3588,"OBJECTID":3588,"TenCT":"Khối nhà 3 tầng","TenDA":"Trường PT-BC cấp 2-3 Nguyễn Thị Diệu","ChuDauTu":"UBND Q3","LoaiCT":3,"DTXDCT":296,"ChieuCaoCT":null,"SoNha":"12","TenDuong":"Trần Quốc Toản","PhuongXa":"Phường Võ Thị Sáu","QuanHuyenTP":"Quận 3","MaPhuongXa":"77027139","MaQuanHuyenTP":"770"}},{"type":"Feature","id":"QHXD_NhaCaoTang_point.3589","geometry":{"type":"Point","coordinates":[106.68831182,10.78939547]},"geometry_name":"geom","properties":{"id":3589,"OBJECTID":3589,"TenCT":"Khối 1","TenDA":"Trường tiểu học Nguyễn Thái Sơn","ChuDauTu":"UBND Q3","LoaiCT":3,"DTXDCT":null,"ChieuCaoCT":null,"SoNha":"18","TenDuong":"Huỳnh Tịnh Của","PhuongXa":"Phường Võ Thị Sáu","QuanHuyenTP":"Quận 3","MaPhuongXa":"77027139","MaQuanHuyenTP":"770"}},{"type":"Feature","id":"QHXD_NhaCaoTang_point.3590","geometry":{"type":"Point","coordinates":[106.68809569,10.78934828]},"geometry_name":"geom","properties":{"id":3590,"OBJECTID":3590,"TenCT":"Khối 2","TenDA":"Trường tiểu học Nguyễn Thái Sơn","ChuDauTu":"UBND Q3","LoaiCT":3,"DTXDCT":null,"ChieuCaoCT":null,"SoNha":"18","TenDuong":"Huỳnh Tịnh Của","PhuongXa":"Phường Võ Thị Sáu","QuanHuyenTP":"Quận 3","MaPhuongXa":"77027139","MaQuanHuyenTP":"770"}},{"type":"Feature","id":"QHXD_NhaCaoTang_point.3591","geometry":{"type":"Point","coordinates":[106.68817415,10.78891024]},"geometry_name":"geom","properties":{"id":3591,"OBJECTID":3591,"TenCT":"Khối 3","TenDA":"Trường tiểu học Nguyễn Thái Sơn","ChuDauTu":"UBND Q3","LoaiCT":3,"DTXDCT":null,"ChieuCaoCT":null,"SoNha":"18","TenDuong":"Huỳnh Tịnh Của","PhuongXa":"Phường Võ Thị Sáu","QuanHuyenTP":"Quận 3","MaPhuongXa":"77027139","MaQuanHuyenTP":"770"}},{"type":"Feature","id":"QHXD_NhaCaoTang_point.3592","geometry":{"type":"Point","coordinates":[106.68844904,10.7886478]},"geometry_name":"geom","properties":{"id":3592,"OBJECTID":3592,"TenCT":"Khối 4","TenDA":"Trường tiểu học Nguyễn Thái Sơn","ChuDauTu":"UBND Q3","LoaiCT":3,"DTXDCT":null,"ChieuCaoCT":null,"SoNha":"18","TenDuong":"Huỳnh Tịnh Của","PhuongXa":"Phường Võ Thị Sáu","QuanHuyenTP":"Quận 3","MaPhuongXa":"77027139","MaQuanHuyenTP":"770"}},{"type":"Feature","id":"QHXD_NhaCaoTang_point.3593","geometry":{"type":"Point","coordinates":[106.68867094,10.78867499]},"geometry_name":"geom","properties":{"id":3593,"OBJECTID":3593,"TenCT":"Khối 5","TenDA":"Trường tiểu học Nguyễn Thái Sơn","ChuDauTu":"UBND Q3","LoaiCT":3,"DTXDCT":null,"ChieuCaoCT":null,"SoNha":"18","TenDuong":"Huỳnh Tịnh Của","PhuongXa":"Phường Võ Thị Sáu","QuanHuyenTP":"Quận 3","MaPhuongXa":"77027139","MaQuanHuyenTP":"770"}},{"type":"Feature","id":"QHXD_NhaCaoTang_point.3594","geometry":{"type":"Point","coordinates":[106.68874867,10.7887978]},"geometry_name":"geom","properties":{"id":3594,"OBJECTID":3594,"TenCT":"Khối 6","TenDA":"Trường tiểu học Nguyễn Thái Sơn","ChuDauTu":"UBND Q3","LoaiCT":3,"DTXDCT":null,"ChieuCaoCT":null,"SoNha":"18","TenDuong":"Huỳnh Tịnh Của","PhuongXa":"Phường Võ Thị Sáu","QuanHuyenTP":"Quận 3","MaPhuongXa":"77027139","MaQuanHuyenTP":"770"}},{"type":"Feature","id":"QHXD_NhaCaoTang_point.3595","geometry":{"type":"Point","coordinates":[106.68852477,10.78901655]},"geometry_name":"geom","properties":{"id":3595,"OBJECTID":3595,"TenCT":"Khối 7","TenDA":"Trường tiểu học Nguyễn Thái Sơn","ChuDauTu":"UBND Q3","LoaiCT":3,"DTXDCT":null,"ChieuCaoCT":null,"SoNha":"18","TenDuong":"Huỳnh Tịnh Của","PhuongXa":"Phường Võ Thị Sáu","QuanHuyenTP":"Quận 3","MaPhuongXa":"77027139","MaQuanHuyenTP":"770"}},{"type":"Feature","id":"QHXD_NhaCaoTang_point.3596","geometry":{"type":"Point","coordinates":[106.68638928,10.77569507]},"geometry_name":"geom","properties":{"id":3596,"OBJECTID":3596,"TenCT":"Xây mới khối C","TenDA":"Xây mới khối C","ChuDauTu":"Trường THCS chuyên Colette","LoaiCT":3,"DTXDCT":null,"ChieuCaoCT":14.7,"SoNha":"10","TenDuong":"Hồ Xuân Hương","PhuongXa":"Phường Võ Thị Sáu","QuanHuyenTP":"Quận 3","MaPhuongXa":"77027139","MaQuanHuyenTP":"770"}},{"type":"Feature","id":"QHXD_NhaCaoTang_point.3597","geometry":{"type":"Point","coordinates":[106.6866975,10.77581897]},"geometry_name":"geom","properties":{"id":3597,"OBJECTID":3597,"TenCT":"Xây mới khối B","TenDA":"Trường THCS chuyên Colette","ChuDauTu":"Trường THCS chuyên Colette","LoaiCT":3,"DTXDCT":null,"ChieuCaoCT":17.8,"SoNha":"10","TenDuong":"Hồ Xuân Hương","PhuongXa":"Phường Võ Thị Sáu","QuanHuyenTP":"Quận 3","MaPhuongXa":"77027139","MaQuanHuyenTP":"770"}},{"type":"Feature","id":"QHXD_NhaCaoTang_point.3598","geometry":{"type":"Point","coordinates":[106.68663236,10.77612545]},"geometry_name":"geom","properties":{"id":3598,"OBJECTID":3598,"TenCT":"Xây mới khối A","TenDA":"Xây mới khối A","ChuDauTu":"Trường THCS chuyên Colette","LoaiCT":3,"DTXDCT":null,"ChieuCaoCT":14.7,"SoNha":"10","TenDuong":"Hồ Xuân Hương","PhuongXa":"Phường Võ Thị Sáu","QuanHuyenTP":"Quận 3","MaPhuongXa":"77027139","MaQuanHuyenTP":"770"}},{"type":"Feature","id":"QHXD_NhaCaoTang_point.3599","geometry":{"type":"Point","coordinates":[106.68892907,10.78208913]},"geometry_name":"geom","properties":{"id":3599,"OBJECTID":3599,"TenCT":"Trụ sở liên hiệp các hội Khoa học và KT TPHCM","TenDA":"Trụ sở liên hiệp các hội Khoa học và KT TPHCM","ChuDauTu":"Trụ sở liên hiệp các hội Khoa học và KT TPHCM","LoaiCT":12,"DTXDCT":504,"ChieuCaoCT":43.3,"SoNha":"224","TenDuong":"Điện Biên Phủ","PhuongXa":"Phường Võ Thị Sáu","QuanHuyenTP":"Quận 3","MaPhuongXa":"77027139","MaQuanHuyenTP":"770"}},{"type":"Feature","id":"QHXD_NhaCaoTang_point.3600","geometry":{"type":"Point","coordinates":[106.69605075,10.78422663]},"geometry_name":"geom","properties":{"id":3600,"OBJECTID":3600,"TenCT":"Khách sạn","TenDA":"Khách sạn","ChuDauTu":"Cty CP Quê Hương Liberty","LoaiCT":10,"DTXDCT":8031,"ChieuCaoCT":75,"SoNha":"165-167","TenDuong":"Hai Bà Trưng","PhuongXa":"Phường Võ Thị Sáu","QuanHuyenTP":"Quận 3","MaPhuongXa":"77027139","MaQuanHuyenTP":"770"}},{"type":"Feature","id":"QHXD_NhaCaoTang_point.3601","geometry":{"type":"Point","coordinates":[106.68602085,10.7756954]},"geometry_name":"geom","properties":{"id":3601,"OBJECTID":3601,"TenCT":"VP-Khách sạn","TenDA":"VP-Khách sạn","ChuDauTu":"Ông Vũ Lê Dân - \nBà Nguyễn Anh Phương","LoaiCT":13,"DTXDCT":193,"ChieuCaoCT":41,"SoNha":"82-84","TenDuong":"Cách Mạng Tháng 8","PhuongXa":"Phường Võ Thị Sáu","QuanHuyenTP":"Quận 3","MaPhuongXa":"77027139","MaQuanHuyenTP":"770"}},{"type":"Feature","id":"QHXD_NhaCaoTang_point.3602","geometry":{"type":"Point","coordinates":[106.68719554,10.78643326]},"geometry_name":"geom","properties":{"id":3602,"OBJECTID":3602,"TenCT":"Tòa nhà Văn Phòng và Nhà Khách","TenDA":"Tòa nhà Văn Phòng và Nhà Khách","ChuDauTu":"Tổng Cục An Ninh - Bộ Công An","LoaiCT":13,"DTXDCT":284,"ChieuCaoCT":49.4,"SoNha":"191","TenDuong":"Nam Kỳ Khởi Nghĩa","PhuongXa":"Phường Võ Thị Sáu","QuanHuyenTP":"Quận 3","MaPhuongXa":"77027139","MaQuanHuyenTP":"770"}},{"type":"Feature","id":"QHXD_NhaCaoTang_point.3603","geometry":{"type":"Point","coordinates":[106.68533804,10.78822867]},"geometry_name":"geom","properties":{"id":3603,"OBJECTID":3603,"TenCT":"Văn phòng","TenDA":"Văn phòng","ChuDauTu":"Tổng  Cty CP Bảo Minh","LoaiCT":13,"DTXDCT":187.94,"ChieuCaoCT":36.2,"SoNha":"217","TenDuong":"Nam Kỳ Khởi Nghĩa","PhuongXa":"Phường Võ Thị Sáu","QuanHuyenTP":"Quận 3","MaPhuongXa":"77027139","MaQuanHuyenTP":"770"}},{"type":"Feature","id":"QHXD_NhaCaoTang_point.3604","geometry":{"type":"Point","coordinates":[106.6847852,10.78810426]},"geometry_name":"geom","properties":{"id":3604,"OBJECTID":3604,"TenCT":"Cao ốc Văn Phòng - Thương Mại","TenDA":"Trung tâm thương mại,cao ốc văn phòng,căn hộ chung cư","ChuDauTu":"Cty cổ phần Dược phẩm 2-9","LoaiCT":13,"DTXDCT":1300,"ChieuCaoCT":75,"SoNha":"136","TenDuong":"Lý Chính Thắng","PhuongXa":"Phường Võ Thị Sáu","QuanHuyenTP":"Quận 3","MaPhuongXa":"77027139","MaQuanHuyenTP":"770"}},{"type":"Feature","id":"QHXD_NhaCaoTang_point.3605","geometry":{"type":"Point","coordinates":[106.68492146,10.78680407]},"geometry_name":"geom","properties":{"id":3605,"OBJECTID":3605,"TenCT":"Nhà hàng-dịch vụ","TenDA":"Nhà hàng-dịch vụ","ChuDauTu":"Bà Nguyễn thị thu Thảo","LoaiCT":7,"DTXDCT":457.6,"ChieuCaoCT":36,"SoNha":"123","TenDuong":"Lý Chính Thắng","PhuongXa":"Phường Võ Thị Sáu","QuanHuyenTP":"Quận 3","MaPhuongXa":"77027139","MaQuanHuyenTP":"770"}},{"type":"Feature","id":"QHXD_NhaCaoTang_point.3606","geometry":{"type":"Point","coordinates":[106.69013867,10.77802665]},"geometry_name":"geom","properties":{"id":3606,"OBJECTID":3606,"TenCT":"Trung tâm TM-DV-KS căn hộ cho thuê","TenDA":"Trung tâm TM-DV-KS căn hộ cho thuê","ChuDauTu":"Công ty CPCT Phương Nam","LoaiCT":13,"DTXDCT":2557,"ChieuCaoCT":83.7,"SoNha":"117","TenDuong":"Nguyễn Đình Chiểu","PhuongXa":"Phường Võ Thị Sáu","QuanHuyenTP":"Quận 3","MaPhuongXa":"77027139","MaQuanHuyenTP":"770"}},{"type":"Feature","id":"QHXD_NhaCaoTang_point.3607","geometry":{"type":"Point","coordinates":[106.68858187,10.77445257]},"geometry_name":"geom","properties":{"id":3607,"OBJECTID":3607,"TenCT":"VP làm việc của Công Ty","TenDA":"VP làm việc của Công Ty","ChuDauTu":"Cty di lịch dịch vụ dầu khí VN","LoaiCT":12,"DTXDCT":179,"ChieuCaoCT":38.7,"SoNha":"161","TenDuong":"Võ Văn Tần","PhuongXa":"Phường Võ Thị Sáu","QuanHuyenTP":"Quận 3","MaPhuongXa":"77027139","MaQuanHuyenTP":"770"}},{"type":"Feature","id":"QHXD_NhaCaoTang_point.3608","geometry":{"type":"Point","coordinates":[106.68748448,10.77517866]},"geometry_name":"geom","properties":{"id":3608,"OBJECTID":3608,"TenCT":"Khách sạn","TenDA":"Khách sạn","ChuDauTu":"Cty CP ĐT XD Phú Đạt","LoaiCT":10,"DTXDCT":543.45,"ChieuCaoCT":47,"SoNha":"175Bis/1-2-3-4 + 177","TenDuong":"Nguyễn Đình Chiểu","PhuongXa":"Phường Võ Thị Sáu","QuanHuyenTP":"Quận 3","MaPhuongXa":"77027139","MaQuanHuyenTP":"770"}},{"type":"Feature","id":"QHXD_NhaCaoTang_point.3610","geometry":{"type":"Point","coordinates":[106.69076017,10.77569511]},"geometry_name":"geom","properties":{"id":3610,"OBJECTID":3610,"TenCT":"Nhà Văn Phòng Báo lao động","TenDA":"Nhà Văn Phòng","ChuDauTu":"Báo Lao Động","LoaiCT":13,"DTXDCT":null,"ChieuCaoCT":51,"SoNha":"198","TenDuong":"Nguyễn Thị Minh Khai","PhuongXa":"Phường Võ Thị Sáu","QuanHuyenTP":"Quận 3","MaPhuongXa":"77027139","MaQuanHuyenTP":"770"}},{"type":"Feature","id":"QHXD_NhaCaoTang_point.3611","geometry":{"type":"Point","coordinates":[106.68659577,10.77703782]},"geometry_name":"geom","properties":{"id":3611,"OBJECTID":3611,"TenCT":"Khu 3B","TenDA":"Bệnh viện da liễu","ChuDauTu":"Bệnh viện da liễu","LoaiCT":4,"DTXDCT":null,"ChieuCaoCT":13.3,"SoNha":"2","TenDuong":"Nguyễn Thông","PhuongXa":"Phường Võ Thị Sáu","QuanHuyenTP":"Quận 3","MaPhuongXa":"77027139","MaQuanHuyenTP":"770"}},{"type":"Feature","id":"QHXD_NhaCaoTang_point.3612","geometry":{"type":"Point","coordinates":[106.68638468,10.77681568]},"geometry_name":"geom","properties":{"id":3612,"OBJECTID":3612,"TenCT":"Khu 3A","TenDA":"Bệnh viện da liễu","ChuDauTu":"Bệnh viện da liễu","LoaiCT":4,"DTXDCT":null,"ChieuCaoCT":13.3,"SoNha":"2","TenDuong":"Nguyễn Thông","PhuongXa":"Phường Võ Thị Sáu","QuanHuyenTP":"Quận 3","MaPhuongXa":"77027139","MaQuanHuyenTP":"770"}},{"type":"Feature","id":"QHXD_NhaCaoTang_point.3613","geometry":{"type":"Point","coordinates":[106.6878146,10.77635027]},"geometry_name":"geom","properties":{"id":3613,"OBJECTID":3613,"TenCT":"Trụ sở văn phòng làm việc báo Thanh Niên","TenDA":"Trụ sở văn phòng","ChuDauTu":"Báo Thanh Niên","LoaiCT":11,"DTXDCT":null,"ChieuCaoCT":43,"SoNha":"268-270","TenDuong":"Nguyễn Đình Chiểu","PhuongXa":"Phường Võ Thị Sáu","QuanHuyenTP":"Quận 3","MaPhuongXa":"77027139","MaQuanHuyenTP":"770"}},{"type":"Feature","id":"QHXD_NhaCaoTang_point.3614","geometry":{"type":"Point","coordinates":[106.68955789,10.78182119]},"geometry_name":"geom","properties":{"id":3614,"OBJECTID":3614,"TenCT":"Phòng khám thận và lọc thận quốc tế Dialasic","TenDA":"Phòng khám thận và lọc thận quốc tế Dialasic","ChuDauTu":"Liên hiệp hợp tác xã TM TPHCM","LoaiCT":4,"DTXDCT":485.63,"ChieuCaoCT":21.72,"SoNha":"253","TenDuong":"Điện Biên Phủ","PhuongXa":"Phường Võ Thị Sáu","QuanHuyenTP":"Quận 3","MaPhuongXa":"77027139","MaQuanHuyenTP":"770"}},{"type":"Feature","id":"QHXD_NhaCaoTang_point.3615","geometry":{"type":"Point","coordinates":[106.69111957,10.78514247]},"geometry_name":"geom","properties":{"id":3615,"OBJECTID":3615,"TenCT":"Tòa nhà dịch vụ văn phòng","TenDA":"Tòa nhà dịch vụ văn phòng","ChuDauTu":"Cty TNHH TM-DV-SX chế biến thực phẩm Thành Công","LoaiCT":13,"DTXDCT":203.67,"ChieuCaoCT":34,"SoNha":"234","TenDuong":"Pasteur","PhuongXa":"Phường Võ Thị Sáu","QuanHuyenTP":"Quận 3","MaPhuongXa":"77027139","MaQuanHuyenTP":"770"}},{"type":"Feature","id":"QHXD_NhaCaoTang_point.3616","geometry":{"type":"Point","coordinates":[106.68751963,10.78708436]},"geometry_name":"geom","properties":{"id":3616,"OBJECTID":3616,"TenCT":"Trung tâm tư vấn đấu thầu và Hỗ trợ đầu tư,Đăng ký kinh doanh và kho lưu trữ của Sở KHDT","TenDA":"Trung tâm tư vấn đấu thầu và Hỗ trợ đầu tư","ChuDauTu":"Sở Kế Hoạch Đầu Tư","LoaiCT":12,"DTXDCT":917.3,"ChieuCaoCT":63,"SoNha":"90G","TenDuong":"Trần Quốc Toản","PhuongXa":"Phường Võ Thị Sáu","QuanHuyenTP":"Quận 3","MaPhuongXa":"77027139","MaQuanHuyenTP":"770"}},{"type":"Feature","id":"QHXD_NhaCaoTang_point.3617","geometry":{"type":"Point","coordinates":[106.69064314,10.78382208]},"geometry_name":"geom","properties":{"id":3617,"OBJECTID":3617,"TenCT":"Trường KTTH Hướng nghiệp dạy nghề Lê Thị Hồng Gấm","TenDA":"Trường KTTH Hướng nghiệp dạy nghề Lê Thị Hồng Gấm","ChuDauTu":"Cty QLKD Nhà TPHCM","LoaiCT":3,"DTXDCT":null,"ChieuCaoCT":20.16,"SoNha":"228","TenDuong":"Nam Kỳ Khởi Nghĩa","PhuongXa":"Phường Võ Thị Sáu","QuanHuyenTP":"Quận 3","MaPhuongXa":"77027139","MaQuanHuyenTP":"770"}},{"type":"Feature","id":"QHXD_NhaCaoTang_point.3618","geometry":{"type":"Point","coordinates":[106.69105779,10.77840408]},"geometry_name":"geom","properties":{"id":3618,"OBJECTID":3618,"TenCT":"Trụ sở Thanh tra Thành phố","TenDA":"Trụ sở Thanh tra Thành phố","ChuDauTu":"Thanh tra Thành phố","LoaiCT":11,"DTXDCT":536,"ChieuCaoCT":37.2,"SoNha":"13","TenDuong":"Trần Quốc Thảo","PhuongXa":"Phường Võ Thị Sáu","QuanHuyenTP":"Quận 3","MaPhuongXa":"77027139","MaQuanHuyenTP":"770"}},{"type":"Feature","id":"QHXD_NhaCaoTang_point.3619","geometry":{"type":"Point","coordinates":[106.69124732,10.78219543]},"geometry_name":"geom","properties":{"id":3619,"OBJECTID":3619,"TenCT":"Sửa chữa nâng cấp khối A","TenDA":"Trường PTTH Bán công Marie- Curie","ChuDauTu":"Qũy Đầu tư Phát triển TP","LoaiCT":3,"DTXDCT":null,"ChieuCaoCT":11,"SoNha":"159","TenDuong":"Nam Kỳ Khởi Nghĩa","PhuongXa":"Phường Võ Thị Sáu","QuanHuyenTP":"Quận 3","MaPhuongXa":"77027139","MaQuanHuyenTP":"770"}},{"type":"Feature","id":"QHXD_NhaCaoTang_point.3620","geometry":{"type":"Point","coordinates":[106.69060676,10.7822149]},"geometry_name":"geom","properties":{"id":3620,"OBJECTID":3620,"TenCT":"Sửa chữa nâng cấp khối D","TenDA":"Trường PTTH Bán công Marie- Curie","ChuDauTu":"Qũy Đầu tư Phát triển TP","LoaiCT":3,"DTXDCT":null,"ChieuCaoCT":9,"SoNha":"159","TenDuong":"Nam Kỳ Khởi Nghĩa","PhuongXa":"Phường Võ Thị Sáu","QuanHuyenTP":"Quận 3","MaPhuongXa":"77027139","MaQuanHuyenTP":"770"}},{"type":"Feature","id":"QHXD_NhaCaoTang_point.3621","geometry":{"type":"Point","coordinates":[106.69107162,10.78183039]},"geometry_name":"geom","properties":{"id":3621,"OBJECTID":3621,"TenCT":"Sửa chữa nâng cấp khối E","TenDA":"Trường PTTH Bán công Marie- Curie","ChuDauTu":"Quỹ Đầu tư Phát triển TP","LoaiCT":3,"DTXDCT":null,"ChieuCaoCT":6.8,"SoNha":"159","TenDuong":"Nam Kỳ Khởi Nghĩa","PhuongXa":"Phường Võ Thị Sáu","QuanHuyenTP":"Quận 3","MaPhuongXa":"77027139","MaQuanHuyenTP":"770"}},{"type":"Feature","id":"QHXD_NhaCaoTang_point.3622","geometry":{"type":"Point","coordinates":[106.69085586,10.7828957]},"geometry_name":"geom","properties":{"id":3622,"OBJECTID":3622,"TenCT":"Sửa chữa nâng cấp khối thư viện","TenDA":"Trường PTTH Bán công Marie- Curie","ChuDauTu":"Quỹ Đầu tư Phát triển TP","LoaiCT":3,"DTXDCT":null,"ChieuCaoCT":7.2,"SoNha":"159","TenDuong":"Nam Kỳ Khởi Nghĩa","PhuongXa":"Phường Võ Thị Sáu","QuanHuyenTP":"Quận 3","MaPhuongXa":"77027139","MaQuanHuyenTP":"770"}},{"type":"Feature","id":"QHXD_NhaCaoTang_point.3623","geometry":{"type":"Point","coordinates":[106.69124009,10.78252682]},"geometry_name":"geom","properties":{"id":3623,"OBJECTID":3623,"TenCT":"Sửa chữa nâng cấp khối hành chính","TenDA":"Trường PTTH Bán công Marie- Curie","ChuDauTu":"Quỹ Đầu tư Phát triển TP","LoaiCT":3,"DTXDCT":null,"ChieuCaoCT":7.2,"SoNha":"159","TenDuong":"Nam Kỳ Khởi Nghĩa","PhuongXa":"Phường Võ Thị Sáu","QuanHuyenTP":"Quận 3","MaPhuongXa":"77027139","MaQuanHuyenTP":"770"}},{"type":"Feature","id":"QHXD_NhaCaoTang_point.3624","geometry":{"type":"Point","coordinates":[106.69083704,10.78256877]},"geometry_name":"geom","properties":{"id":3624,"OBJECTID":3624,"TenCT":"Sửa chữa nâng cấp khối B","TenDA":"Trường PTTH Bán công Marie- Curie","ChuDauTu":"Qũy Đầu tư Phát triển TP","LoaiCT":3,"DTXDCT":null,"ChieuCaoCT":11,"SoNha":"159","TenDuong":"Nam Kỳ Khởi Nghĩa","PhuongXa":"Phường Võ Thị Sáu","QuanHuyenTP":"Quận 3","MaPhuongXa":"77027139","MaQuanHuyenTP":"770"}},{"type":"Feature","id":"QHXD_NhaCaoTang_point.3625","geometry":{"type":"Point","coordinates":[106.69051337,10.78285738]},"geometry_name":"geom","properties":{"id":3625,"OBJECTID":3625,"TenCT":"Sửa chữa nâng cấp khối C","TenDA":"Trường PTTH Bán công Marie- Curie","ChuDauTu":"Qũy Đầu tư Phát triển TP","LoaiCT":3,"DTXDCT":null,"ChieuCaoCT":11,"SoNha":"159","TenDuong":"Nam Kỳ Khởi Nghĩa","PhuongXa":"Phường Võ Thị Sáu","QuanHuyenTP":"Quận 3","MaPhuongXa":"77027139","MaQuanHuyenTP":"770"}},{"type":"Feature","id":"QHXD_NhaCaoTang_point.3626","geometry":{"type":"Point","coordinates":[106.68741311,10.78414942]},"geometry_name":"geom","properties":{"id":3626,"OBJECTID":3626,"TenCT":"Bảo tàng Phụ nữ Nam Bộ_Khối hành chính","TenDA":"Bảo tàng Phụ nữ Nam Bộ","ChuDauTu":"BQL Đầu tư Xây dựng Công trình Sở Văn hóa và Thể thao TP.HCM","LoaiCT":6,"DTXDCT":240.6,"ChieuCaoCT":7.8,"SoNha":"200-202","TenDuong":"Võ Thị Sáu","PhuongXa":"Phường Võ Thị Sáu","QuanHuyenTP":"Quận 3","MaPhuongXa":"77027139","MaQuanHuyenTP":"770"}},{"type":"Feature","id":"QHXD_NhaCaoTang_point.3627","geometry":{"type":"Point","coordinates":[106.68749551,10.78451188]},"geometry_name":"geom","properties":{"id":3627,"OBJECTID":3627,"TenCT":"Bảo tàng Phụ nữ Nam Bộ_Khối kho bảo quản hiện vật-Phục vụ và nghiên cứu","TenDA":"Bảo tàng Phụ nữ Nam Bộ","ChuDauTu":"BQL Đầu tư Xây dựng Công trình Sở Văn hóa và Thể thao TP.HCM","LoaiCT":6,"DTXDCT":400.8,"ChieuCaoCT":25.87,"SoNha":"200-202","TenDuong":"Võ Thị Sáu","PhuongXa":"Phường Võ Thị Sáu","QuanHuyenTP":"Quận 3","MaPhuongXa":"77027139","MaQuanHuyenTP":"770"}},{"type":"Feature","id":"QHXD_NhaCaoTang_point.3628","geometry":{"type":"Point","coordinates":[106.69300829,10.78489881]},"geometry_name":"geom","properties":{"id":3628,"OBJECTID":3628,"TenCT":"Văn phòng làm việc Liên Á","TenDA":"Văn phòng làm việc","ChuDauTu":"Cty CP công nghệ và giáo dục Nguyễn Hoàng","LoaiCT":13,"DTXDCT":457.8,"ChieuCaoCT":43,"SoNha":"49","TenDuong":"Phạm Ngọc Thạch","PhuongXa":"Phường Võ Thị Sáu","QuanHuyenTP":"Quận 3","MaPhuongXa":"77027139","MaQuanHuyenTP":"770"}},{"type":"Feature","id":"QHXD_NhaCaoTang_point.3629","geometry":{"type":"Point","coordinates":[106.69665601,10.78251623]},"geometry_name":"geom","properties":{"id":3629,"OBJECTID":3629,"TenCT":"Khách sạn","TenDA":"Khách sạn","ChuDauTu":"Công ty TNHH Một Thành Viên Đầu tư BĐS khách sạn Thái Dương","LoaiCT":10,"DTXDCT":258.2,"ChieuCaoCT":35,"SoNha":"10A","TenDuong":"Phạm Ngọc Thạch","PhuongXa":"Phường Võ Thị Sáu","QuanHuyenTP":"Quận 3","MaPhuongXa":"77027139","MaQuanHuyenTP":"770"}},{"type":"Feature","id":"QHXD_NhaCaoTang_point.3630","geometry":{"type":"Point","coordinates":[106.69555924,10.78115793]},"geometry_name":"geom","properties":{"id":3630,"OBJECTID":3630,"TenCT":"Văn phòng","TenDA":"Văn phòng","ChuDauTu":"Công ty Cổ phần Hóa dược phẩm MeKophar","LoaiCT":13,"DTXDCT":344.65,"ChieuCaoCT":44.8,"SoNha":"192","TenDuong":"Pasteur","PhuongXa":"Phường Võ Thị Sáu","QuanHuyenTP":"Quận 3","MaPhuongXa":"77027139","MaQuanHuyenTP":"770"}},{"type":"Feature","id":"QHXD_NhaCaoTang_point.3631","geometry":{"type":"Point","coordinates":[106.6934502,10.78452618]},"geometry_name":"geom","properties":{"id":3631,"OBJECTID":3631,"TenCT":"Cao ốc văn phòng","TenDA":"Cao ốc văn phòng","ChuDauTu":"Cty CP Đầu tư và xây dựng Hà Nội","LoaiCT":13,"DTXDCT":null,"ChieuCaoCT":43,"SoNha":"39","TenDuong":"Phạm Ngọc Thạch","PhuongXa":"Phường Võ Thị Sáu","QuanHuyenTP":"Quận 3","MaPhuongXa":"77027139","MaQuanHuyenTP":"770"}},{"type":"Feature","id":"QHXD_NhaCaoTang_point.3632","geometry":{"type":"Point","coordinates":[106.69235226,10.77836459]},"geometry_name":"geom","properties":{"id":3632,"OBJECTID":3632,"TenCT":"Khách sạn 17 Võ Văn Tần","TenDA":"Khách sạn 17 Võ Văn Tần","ChuDauTu":"Cty TNHH MTV Havi 168","LoaiCT":10,"DTXDCT":240.8,"ChieuCaoCT":42.93,"SoNha":"17","TenDuong":"Võ Văn Tần","PhuongXa":"Phường Võ Thị Sáu","QuanHuyenTP":"Quận 3","MaPhuongXa":"77027139","MaQuanHuyenTP":"770"}},{"type":"Feature","id":"QHXD_NhaCaoTang_point.3633","geometry":{"type":"Point","coordinates":[106.68819962,10.77561126]},"geometry_name":"geom","properties":{"id":3633,"OBJECTID":3633,"TenCT":"Nhà khách và văn phòng làm việc -Tỉnh Ủy Hậu Giang","TenDA":"Văn phòng làm việc","ChuDauTu":"Tỉnh Ủy Hậu Giang","LoaiCT":13,"DTXDCT":200.53,"ChieuCaoCT":34,"SoNha":"30","TenDuong":"Nguyễn Thị Diệu","PhuongXa":"Phường Võ Thị Sáu","QuanHuyenTP":"Quận 3","MaPhuongXa":"77027139","MaQuanHuyenTP":"770"}},{"type":"Feature","id":"QHXD_NhaCaoTang_point.3634","geometry":{"type":"Point","coordinates":[106.68817254,10.77479526]},"geometry_name":"geom","properties":{"id":3634,"OBJECTID":3634,"TenCT":"Trung tâm thương mại dịch vụ","TenDA":"Trung tâm thương mại dịch vụ","ChuDauTu":"Công ty TNHH Thương mại-Dịch vụ Chợ Đài","LoaiCT":7,"DTXDCT":null,"ChieuCaoCT":78,"SoNha":"158","TenDuong":"Võ Văn Tần","PhuongXa":"Phường Võ Thị Sáu","QuanHuyenTP":"Quận 3","MaPhuongXa":"77027139","MaQuanHuyenTP":"770"}},{"type":"Feature","id":"QHXD_NhaCaoTang_point.3635","geometry":{"type":"Point","coordinates":[106.6906856,10.78185318]},"geometry_name":"geom","properties":{"id":3635,"OBJECTID":3635,"TenCT":"Xây mới khu F","TenDA":"Trường PTTH Bán công Marie- Curie","ChuDauTu":"Qũy Đầu tư Phát triển TP","LoaiCT":3,"DTXDCT":null,"ChieuCaoCT":19.5,"SoNha":"159","TenDuong":"Nam Kỳ Khởi Nghĩa","PhuongXa":"Phường Võ Thị Sáu","QuanHuyenTP":"Quận 3","MaPhuongXa":"77027139","MaQuanHuyenTP":"770"}},{"type":"Feature","id":"QHXD_NhaCaoTang_point.3636","geometry":{"type":"Point","coordinates":[106.69043522,10.78202129]},"geometry_name":"geom","properties":{"id":3636,"OBJECTID":3636,"TenCT":"Xây mới phòng TDTT","TenDA":"Trường PTTH Bán công Marie-Curie","ChuDauTu":"Qũy Đầu tư Phát triển TP","LoaiCT":3,"DTXDCT":null,"ChieuCaoCT":null,"SoNha":"159","TenDuong":"Nam Kỳ Khởi Nghĩa","PhuongXa":"Phường Võ Thị Sáu","QuanHuyenTP":"Quận 3","MaPhuongXa":"77027139","MaQuanHuyenTP":"770"}},{"type":"Feature","id":"QHXD_NhaCaoTang_point.3637","geometry":{"type":"Point","coordinates":[106.68756041,10.78069875]},"geometry_name":"geom","properties":{"id":3637,"OBJECTID":3637,"TenCT":"Trụ sở làm việc Chi cục quản lý thị trường TP","TenDA":"Trụ sở làm việc Chi cục quản lý thị trường","ChuDauTu":"Chi cục Quản lý thị trường Thành phố","LoaiCT":12,"DTXDCT":409.5,"ChieuCaoCT":25,"SoNha":"242","TenDuong":"Điện Biên Phủ","PhuongXa":"Phường Võ Thị Sáu","QuanHuyenTP":"Quận 3","MaPhuongXa":"77027139","MaQuanHuyenTP":"770"}},{"type":"Feature","id":"QHXD_NhaCaoTang_point.3638","geometry":{"type":"Point","coordinates":[106.69184168,10.77918219]},"geometry_name":"geom","properties":{"id":3638,"OBJECTID":3638,"TenCT":"Trường mầm non Thành phố_Khối 3B","TenDA":"Trường mầm non Thành phố","ChuDauTu":"BQL Đầu tư Xây dựng các công trình thuộc Sở Giáo dục và Đào tạo","LoaiCT":3,"DTXDCT":454.6,"ChieuCaoCT":10,"SoNha":"4","TenDuong":"Trần Quốc Thảo","PhuongXa":"Phường Võ Thị Sáu","QuanHuyenTP":"Quận 3","MaPhuongXa":"77027139","MaQuanHuyenTP":"770"}},{"type":"Feature","id":"QHXD_NhaCaoTang_point.3639","geometry":{"type":"Point","coordinates":[106.69145216,10.77943698]},"geometry_name":"geom","properties":{"id":3639,"OBJECTID":3639,"TenCT":"Trường mầm non Thành phố_Khối 3C","TenDA":"Trường mầm non Thành phố","ChuDauTu":"BQL Đầu tư Xây dựng các công trình thuộc Sở Giáo dục và Đào tạo","LoaiCT":3,"DTXDCT":235.7,"ChieuCaoCT":10,"SoNha":"4","TenDuong":"Trần Quốc Thảo","PhuongXa":"Phường Võ Thị Sáu","QuanHuyenTP":"Quận 3","MaPhuongXa":"77027139","MaQuanHuyenTP":"770"}},{"type":"Feature","id":"QHXD_NhaCaoTang_point.3640","geometry":{"type":"Point","coordinates":[106.69180887,10.77887353]},"geometry_name":"geom","properties":{"id":3640,"OBJECTID":3640,"TenCT":"Trường mầm non Thành phố_Khối 3A","TenDA":"Trường mầm non Thành phố","ChuDauTu":"BQL Đầu tư xây dựng các công trình thuộc Sở Giáo dục và Đào tạo","LoaiCT":3,"DTXDCT":237.8,"ChieuCaoCT":10,"SoNha":"4","TenDuong":"Trần Quốc Thảo","PhuongXa":"Phường Võ Thị Sáu","QuanHuyenTP":"Quận 3","MaPhuongXa":"77027139","MaQuanHuyenTP":"770"}},{"type":"Feature","id":"QHXD_NhaCaoTang_point.3641","geometry":{"type":"Point","coordinates":[106.69166005,10.77880133]},"geometry_name":"geom","properties":{"id":3641,"OBJECTID":3641,"TenCT":"Trường mầm non Thành phố_Khối hành chánh","TenDA":"Trường mầm non Thành phố","ChuDauTu":"BQL Đầu tư Xây dựng các công trình thuộc Sở Giáo dục và Đào tạo","LoaiCT":3,"DTXDCT":179.5,"ChieuCaoCT":9.8,"SoNha":"4","TenDuong":"Trần Quốc Thảo","PhuongXa":"Phường Võ Thị Sáu","QuanHuyenTP":"Quận 3","MaPhuongXa":"77027139","MaQuanHuyenTP":"770"}},{"type":"Feature","id":"QHXD_NhaCaoTang_point.3642","geometry":{"type":"Point","coordinates":[106.69161175,10.77934456]},"geometry_name":"geom","properties":{"id":3642,"OBJECTID":3642,"TenCT":"Trường mầm non Thành phố_Khối Phục vụ học tập","TenDA":"Trường mầm non Thành phố","ChuDauTu":"BQL Đầu tư xây dựng các công trình thuộc Sở Giáo dục và Đào tạo","LoaiCT":3,"DTXDCT":451,"ChieuCaoCT":11.1,"SoNha":"4","TenDuong":"Trần Quốc Thảo","PhuongXa":"Phường Võ Thị Sáu","QuanHuyenTP":"Quận 3","MaPhuongXa":"77027139","MaQuanHuyenTP":"770"}},{"type":"Feature","id":"QHXD_NhaCaoTang_point.3643","geometry":{"type":"Point","coordinates":[106.68974498,10.78077183]},"geometry_name":"geom","properties":{"id":3643,"OBJECTID":3643,"TenCT":"Trung tâm giới thiệu việc làm_Hội Liên hiệp phụ nữ TPHCM","TenDA":"Trung tâm giới thiệu việc làm_Hội Liên hiệp phụ nữ TPHCM","ChuDauTu":"Hội liên hiệp phụ nữ TP.HCM","LoaiCT":12,"DTXDCT":324.4,"ChieuCaoCT":12.7,"SoNha":"32","TenDuong":"Trần Quốc Thảo","PhuongXa":"Phường Võ Thị Sáu","QuanHuyenTP":"Quận 3","MaPhuongXa":"77027139","MaQuanHuyenTP":"770"}},{"type":"Feature","id":"QHXD_NhaCaoTang_point.3644","geometry":{"type":"Point","coordinates":[106.68850048,10.77614072]},"geometry_name":"geom","properties":{"id":3644,"OBJECTID":3644,"TenCT":"Trụ sở UB về người Việt Nam ở nước ngoài TPHCM_ nâng cấp khối nhà sau","TenDA":"Trụ sở UB về người Việt Nam ở nước ngoài TPHCM","ChuDauTu":"Ủy ban về người Việt Nam ở nước ngoài TP.HCM","LoaiCT":12,"DTXDCT":248,"ChieuCaoCT":18.1,"SoNha":"147","TenDuong":"Nguyễn Đình Chiểu","PhuongXa":"Phường Võ Thị Sáu","QuanHuyenTP":"Quận 3","MaPhuongXa":"77027139","MaQuanHuyenTP":"770"}},{"type":"Feature","id":"QHXD_NhaCaoTang_point.3645","geometry":{"type":"Point","coordinates":[106.68618273,10.78279917]},"geometry_name":"geom","properties":{"id":3645,"OBJECTID":3645,"TenCT":"Trụ sở UBND Q3","TenDA":"Trụ sở UBND Q3","ChuDauTu":"BQL Đầu tư Xây dựng Công trình Q.3","LoaiCT":11,"DTXDCT":2090,"ChieuCaoCT":31,"SoNha":"101","TenDuong":"Trần Quốc Thảo","PhuongXa":"Phường Võ Thị Sáu","QuanHuyenTP":"Quận 3","MaPhuongXa":"77027139","MaQuanHuyenTP":"770"}},{"type":"Feature","id":"QHXD_NhaCaoTang_point.3647","geometry":{"type":"Point","coordinates":[106.68567141,10.78041031]},"geometry_name":"geom","properties":{"id":3647,"OBJECTID":3647,"TenCT":"Nhà ở sinh hoạt Dòng nữ tử Bác ái Vinh Sơn_Nhà ở sinh hoạt","TenDA":"Nhà ở sinh hoạt","ChuDauTu":"Dòng Nữ tử Bác ái Vinh Sơn","LoaiCT":6,"DTXDCT":133.38,"ChieuCaoCT":13.75,"SoNha":"36","TenDuong":"Tú Xương","PhuongXa":"Phường Võ Thị Sáu","QuanHuyenTP":"Quận 3","MaPhuongXa":"77027139","MaQuanHuyenTP":"770"}},{"type":"Feature","id":"QHXD_NhaCaoTang_point.3648","geometry":{"type":"Point","coordinates":[106.68701154,10.78189149]},"geometry_name":"geom","properties":{"id":3648,"OBJECTID":3648,"TenCT":"Trụ sở Liện hiệp cá hội văn học nghệ thuật Thành phố_Khối 8 tầng","TenDA":"Trụ sở Liện hiệp cá hội văn học nghệ thuật Thành phố","ChuDauTu":"Liên hiệp các hội văn học- nghệ thuật TP HCM","LoaiCT":12,"DTXDCT":1196,"ChieuCaoCT":33,"SoNha":"81","TenDuong":"Trần Quốc Thảo","PhuongXa":"Phường Võ Thị Sáu","QuanHuyenTP":"Quận 3","MaPhuongXa":"77027139","MaQuanHuyenTP":"770"}},{"type":"Feature","id":"QHXD_NhaCaoTang_point.3649","geometry":{"type":"Point","coordinates":[106.68714917,10.78175934]},"geometry_name":"geom","properties":{"id":3649,"OBJECTID":3649,"TenCT":"Trụ sở Liện hiệp các hội văn học nghệ thuật Thành phố_Khối 3 tầng","TenDA":"Trụ sở Liện hiệp cá hội văn học nghệ thuật Thành phố","ChuDauTu":"Liên hiệp các hội văn học nghệ thuật TP HCM","LoaiCT":12,"DTXDCT":1196,"ChieuCaoCT":13.6,"SoNha":"81","TenDuong":"Trần Quốc Thảo","PhuongXa":"Phường Võ Thị Sáu","QuanHuyenTP":"Quận 3","MaPhuongXa":"77027139","MaQuanHuyenTP":"770"}},{"type":"Feature","id":"QHXD_NhaCaoTang_point.3651","geometry":{"type":"Point","coordinates":[106.68815874,10.77994614]},"geometry_name":"geom","properties":{"id":3651,"OBJECTID":3651,"TenCT":"Nhà làm việc Trụ sở Đảng ủy Khối Dân -Chính Đảng","TenDA":"Trụ sở Đảng ủy Khối Dân -Chính Đảng","ChuDauTu":"Văn phòng Thành ủy","LoaiCT":11,"DTXDCT":245.11,"ChieuCaoCT":10.6,"SoNha":"32","TenDuong":"Trương Định","PhuongXa":"Phường Võ Thị Sáu","QuanHuyenTP":"Quận 3","MaPhuongXa":"77027139","MaQuanHuyenTP":"770"}},{"type":"Feature","id":"QHXD_NhaCaoTang_point.3652","geometry":{"type":"Point","coordinates":[106.68637705,10.78780499]},"geometry_name":"geom","properties":{"id":3652,"OBJECTID":3652,"TenCT":"Trụ sở làm việc Viện sinh học Nhiệt Đới","TenDA":"Nhà văn phòng","ChuDauTu":"Viện sinh học nhiệt đới","LoaiCT":12,"DTXDCT":127.83,"ChieuCaoCT":22,"SoNha":"268A","TenDuong":"Nam Kỳ Khởi Nghĩa","PhuongXa":"Phường Võ Thị Sáu","QuanHuyenTP":"Quận 3","MaPhuongXa":"77027139","MaQuanHuyenTP":"770"}},{"type":"Feature","id":"QHXD_NhaCaoTang_point.3653","geometry":{"type":"Point","coordinates":[106.68483404,10.78337127]},"geometry_name":"geom","properties":{"id":3653,"OBJECTID":3653,"TenCT":"Nhà làm việc và sản xuất chương trình_Khối trường quay","TenDA":"Nhà làm việc và sản xuất chương trình","ChuDauTu":"TT Truyền hình tại TP.HCM","LoaiCT":8,"DTXDCT":291,"ChieuCaoCT":10.4,"SoNha":"232/14","TenDuong":"Võ Thị Sáu","PhuongXa":"Phường Võ Thị Sáu","QuanHuyenTP":"Quận 3","MaPhuongXa":"77027139","MaQuanHuyenTP":"770"}},{"type":"Feature","id":"QHXD_NhaCaoTang_point.3654","geometry":{"type":"Point","coordinates":[106.68499289,10.78316374]},"geometry_name":"geom","properties":{"id":3654,"OBJECTID":3654,"TenCT":"Nhà làm việc và sản xuất chương trình_Nhà làm việc và sản xuất","TenDA":"Nhà làm việc và sản xuất chương trình","ChuDauTu":"TT Truyền hình tại TP.HCM","LoaiCT":8,"DTXDCT":442.4,"ChieuCaoCT":28.05,"SoNha":"232/14","TenDuong":"Võ Thị Sáu","PhuongXa":"Phường Võ Thị Sáu","QuanHuyenTP":"Quận 3","MaPhuongXa":"77027139","MaQuanHuyenTP":"770"}},{"type":"Feature","id":"QHXD_NhaCaoTang_point.3655","geometry":{"type":"Point","coordinates":[106.69554252,10.78156372]},"geometry_name":"geom","properties":{"id":3655,"OBJECTID":3655,"TenCT":"Trụ sở Tổng công ty cấp nước Sài Gòn","TenDA":"Trụ sở tổng công ty cấp nước Sài Gòn","ChuDauTu":"Tổng Cty Cấp nước Sài Gòn TNHH MTV","LoaiCT":12,"DTXDCT":351.2,"ChieuCaoCT":22.9,"SoNha":"01","TenDuong":"Công Trường Quốc Tế","PhuongXa":"Phường Võ Thị Sáu","QuanHuyenTP":"Quận 3","MaPhuongXa":"77027139","MaQuanHuyenTP":"770"}},{"type":"Feature","id":"QHXD_NhaCaoTang_point.3656","geometry":{"type":"Point","coordinates":[106.6845814,10.78301942]},"geometry_name":"geom","properties":{"id":3656,"OBJECTID":3656,"TenCT":"Nhà ở tu sĩ tu viện Đắc Lộ Dòng Tiên","TenDA":"Tu viện Đắc Lộ Dòng Tiên","ChuDauTu":"Tu viện Đắc Lộ Dòng Tên","LoaiCT":6,"DTXDCT":95.44,"ChieuCaoCT":9,"SoNha":"171","TenDuong":"Lý Chính Thắng","PhuongXa":"Phường Võ Thị Sáu","QuanHuyenTP":"Quận 3","MaPhuongXa":"77027139","MaQuanHuyenTP":"770"}},{"type":"Feature","id":"QHXD_NhaCaoTang_point.3657","geometry":{"type":"Point","coordinates":[106.69448493,10.78427076]},"geometry_name":"geom","properties":{"id":3657,"OBJECTID":3657,"TenCT":"Khách sạn 20-22 Phạm Ngọc Thạch","TenDA":"Khách sạn 20 - 22 Phạm Ngọc Thạch","ChuDauTu":"Cty CP Đầu tư và Phát triển quốc tế Nhà Việt","LoaiCT":10,"DTXDCT":860,"ChieuCaoCT":49,"SoNha":"20-22","TenDuong":"Phạm Ngọc Thạch","PhuongXa":"Phường Võ Thị Sáu","QuanHuyenTP":"Quận 3","MaPhuongXa":"77027139","MaQuanHuyenTP":"770"}},{"type":"Feature","id":"QHXD_NhaCaoTang_point.3658","geometry":{"type":"Point","coordinates":[106.68987017,10.78153104]},"geometry_name":"geom","properties":{"id":3658,"OBJECTID":3658,"TenCT":"Trụ sở Ban Quản lí đường sắt đô thị_Khối nhà làm việc","TenDA":"Trụ sở Ban Quản lí đường sắt đô thị","ChuDauTu":"BQL Đường sắt Đô thị","LoaiCT":12,"DTXDCT":476.9,"ChieuCaoCT":10.6,"SoNha":"29","TenDuong":"Lê Quý Đôn","PhuongXa":"Phường Võ Thị Sáu","QuanHuyenTP":"Quận 3","MaPhuongXa":"77027139","MaQuanHuyenTP":"770"}},{"type":"Feature","id":"QHXD_NhaCaoTang_point.3659","geometry":{"type":"Point","coordinates":[106.68972015,10.78168297]},"geometry_name":"geom","properties":{"id":3659,"OBJECTID":3659,"TenCT":"Trụ sở Ban Quản lí đường sắt đô thị_Khối Hội Thảo","TenDA":"Trụ sở Ban Quản lí đường sắt đô thị","ChuDauTu":"BQL Đường sắt Đô thị","LoaiCT":12,"DTXDCT":204.99,"ChieuCaoCT":9.3,"SoNha":"29","TenDuong":"Lê Quý Đôn","PhuongXa":"Phường Võ Thị Sáu","QuanHuyenTP":"Quận 3","MaPhuongXa":"77027139","MaQuanHuyenTP":"770"}},{"type":"Feature","id":"QHXD_NhaCaoTang_point.3660","geometry":{"type":"Point","coordinates":[106.6846475,10.78392026]},"geometry_name":"geom","properties":{"id":3660,"OBJECTID":3660,"TenCT":"Nhà văn phòng kiểm toán và quản trị doanh nghiệp","TenDA":"Nhà văn phòng kiểm toán và quản trị doanh nghiệp","ChuDauTu":"Ông Trần Văn Rũng","LoaiCT":13,"DTXDCT":419.4,"ChieuCaoCT":25,"SoNha":"157","TenDuong":"Lý Chính Thắng","PhuongXa":"Phường Võ Thị Sáu","QuanHuyenTP":"Quận 3","MaPhuongXa":"77027139","MaQuanHuyenTP":"770"}},{"type":"Feature","id":"QHXD_NhaCaoTang_point.3661","geometry":{"type":"Point","coordinates":[106.6943143,10.78323915]},"geometry_name":"geom","properties":{"id":3661,"OBJECTID":3661,"TenCT":"Sở Du lịch TP_Khối phía trước","TenDA":"Sở Du lịch TP","ChuDauTu":"Sở Du lịch thành phố","LoaiCT":11,"DTXDCT":88.15,"ChieuCaoCT":12.35,"SoNha":"140","TenDuong":"Nguyễn Đình Chiểu","PhuongXa":"Phường Võ Thị Sáu","QuanHuyenTP":"Quận 3","MaPhuongXa":"77027139","MaQuanHuyenTP":"770"}},{"type":"Feature","id":"QHXD_NhaCaoTang_point.3662","geometry":{"type":"Point","coordinates":[106.69416079,10.7833532]},"geometry_name":"geom","properties":{"id":3662,"OBJECTID":3662,"TenCT":"Sở Du lịch TP_Khối phía sau","TenDA":"Sở Du lịch TP","ChuDauTu":"Sở Du Lịch Thành phố","LoaiCT":11,"DTXDCT":141.55,"ChieuCaoCT":12.35,"SoNha":"140","TenDuong":"Nguyễn Đình Chiểu","PhuongXa":"Phường Võ Thị Sáu","QuanHuyenTP":"Quận 3","MaPhuongXa":"77027139","MaQuanHuyenTP":"770"}},{"type":"Feature","id":"QHXD_NhaCaoTang_point.3663","geometry":{"type":"Point","coordinates":[106.68939227,10.78289903]},"geometry_name":"geom","properties":{"id":3663,"OBJECTID":3663,"TenCT":"Viện Kinh tế TP HCM_Khối nhà A","TenDA":"Viện Kinh tế TP HCM","ChuDauTu":"Viện Kinh tế TPHCM","LoaiCT":12,"DTXDCT":null,"ChieuCaoCT":12.1,"SoNha":"28","TenDuong":"Lê Quý Đôn","PhuongXa":"Phường Võ Thị Sáu","QuanHuyenTP":"Quận 3","MaPhuongXa":"77027139","MaQuanHuyenTP":"770"}},{"type":"Feature","id":"QHXD_NhaCaoTang_point.3664","geometry":{"type":"Point","coordinates":[106.68953781,10.78284899]},"geometry_name":"geom","properties":{"id":3664,"OBJECTID":3664,"TenCT":"Viện Kinh tế TP HCM_Khối nhà C","TenDA":"Viện Kinh tế TP HCM","ChuDauTu":"Viện Kinh tế TPHCM","LoaiCT":12,"DTXDCT":null,"ChieuCaoCT":12.1,"SoNha":"28","TenDuong":"Lê Quý Đôn","PhuongXa":"Phường Võ Thị Sáu","QuanHuyenTP":"Quận 3","MaPhuongXa":"77027139","MaQuanHuyenTP":"770"}},{"type":"Feature","id":"QHXD_NhaCaoTang_point.3665","geometry":{"type":"Point","coordinates":[106.68913377,10.78002889]},"geometry_name":"geom","properties":{"id":3665,"OBJECTID":3665,"TenCT":"Nhà văn phòng","TenDA":"Văn phòng làm việc Q3","ChuDauTu":"Vũ Thu Thủy","LoaiCT":13,"DTXDCT":263.25,"ChieuCaoCT":23,"SoNha":"số 16","TenDuong":"Ngô Thời Nhiệm","PhuongXa":"Phường Võ Thị Sáu","QuanHuyenTP":"Quận 3","MaPhuongXa":"77027139","MaQuanHuyenTP":"770"}},{"type":"Feature","id":"QHXD_NhaCaoTang_point.3666","geometry":{"type":"Point","coordinates":[106.69478171,10.78013835]},"geometry_name":"geom","properties":{"id":3666,"OBJECTID":3666,"TenCT":"Khách sạn Cty TNHH Mỹ Mỹ Khánh","TenDA":"Cty TNHH Mỹ Mỹ Khánh","ChuDauTu":"Cty TNHH Mỹ Mỹ Khánh","LoaiCT":10,"DTXDCT":162.59,"ChieuCaoCT":30.3,"SoNha":"Số 166-168","TenDuong":"Nam Kỳ Khởi Nghĩa","PhuongXa":"Phường Võ Thị Sáu","QuanHuyenTP":"Quận 3","MaPhuongXa":"77027139","MaQuanHuyenTP":"770"}},{"type":"Feature","id":"QHXD_NhaCaoTang_point.3667","geometry":{"type":"Point","coordinates":[106.68774187,10.791029]},"geometry_name":"geom","properties":{"id":3667,"OBJECTID":3667,"TenCT":"Văn phòng làm việc","TenDA":"Văn phòng làm việc","ChuDauTu":"Cty TNHH MTV Bất động sản Trung Trung Việt","LoaiCT":13,"DTXDCT":181.93,"ChieuCaoCT":33.8,"SoNha":"số 437-439-441","TenDuong":"Hai Bà Trưng","PhuongXa":"Phường Võ Thị Sáu","QuanHuyenTP":"Quận 3","MaPhuongXa":"77027139","MaQuanHuyenTP":"770"}},{"type":"Feature","id":"QHXD_NhaCaoTang_point.3668","geometry":{"type":"Point","coordinates":[106.69296445,10.78666827]},"geometry_name":"geom","properties":{"id":3668,"OBJECTID":3668,"TenCT":"Khách sạn 223 Hai Bà Trưng","TenDA":"Khách sạn","ChuDauTu":"Nguyễn Văn Bình, Nguyễn Thị Bích Thủy","LoaiCT":10,"DTXDCT":236.56,"ChieuCaoCT":33.8,"SoNha":"số 223","TenDuong":"Hai Bà Trưng","PhuongXa":"Phường Võ Thị Sáu","QuanHuyenTP":"Quận 3","MaPhuongXa":"77027139","MaQuanHuyenTP":"770"}},{"type":"Feature","id":"QHXD_NhaCaoTang_point.3669","geometry":{"type":"Point","coordinates":[106.69059781,10.78778183]},"geometry_name":"geom","properties":{"id":3669,"OBJECTID":3669,"TenCT":"Nhà thờ Tân Định_Nhà ở và nhà sinh hoạt","TenDA":"Nhà thờ Tân Định","ChuDauTu":"Cộng đoàn Tân Định thuộc dòng Thánh Phaolo","LoaiCT":6,"DTXDCT":541,"ChieuCaoCT":20.1,"SoNha":"số 295","TenDuong":"Hai Bà Trưng","PhuongXa":"Phường Võ Thị Sáu","QuanHuyenTP":"Quận 3","MaPhuongXa":"77027139","MaQuanHuyenTP":"770"}},{"type":"Feature","id":"QHXD_NhaCaoTang_point.3670","geometry":{"type":"Point","coordinates":[106.68894184,10.78120247]},"geometry_name":"geom","properties":{"id":3670,"OBJECTID":3670,"TenCT":"Trụ sở Tổng lãnh sự quán Nhật Bản","TenDA":"Trụ sở Tổng lãnh sự quán Nhật Bản","ChuDauTu":"Tổng lãnh sự quán Nhật Bản","LoaiCT":12,"DTXDCT":9.5865E10,"ChieuCaoCT":2.462E9,"SoNha":"số 261","TenDuong":"Điện Biên Phủ","PhuongXa":"Phường Võ Thị Sáu","QuanHuyenTP":"Quận 3","MaPhuongXa":"77027139","MaQuanHuyenTP":"770"}},{"type":"Feature","id":"QHXD_NhaCaoTang_point.3671","geometry":{"type":"Point","coordinates":[106.69051078,10.78492804]},"geometry_name":"geom","properties":{"id":3671,"OBJECTID":3671,"TenCT":"Nhà làm việc Sở Lao động Thuong binh và Xã hội","TenDA":"Nhà làm việc  - Sở Lao Động","ChuDauTu":"Sở Lđộng","LoaiCT":11,"DTXDCT":153.75,"ChieuCaoCT":10.8,"SoNha":"số 159","TenDuong":"Nguyễn Thị Minh Khai","PhuongXa":"Phường Võ Thị Sáu","QuanHuyenTP":"Quận 3","MaPhuongXa":"77027139","MaQuanHuyenTP":"770"}},{"type":"Feature","id":"QHXD_NhaCaoTang_point.3672","geometry":{"type":"Point","coordinates":[106.69058256,10.78500276]},"geometry_name":"geom","properties":{"id":3672,"OBJECTID":3672,"TenCT":"Nhà tiếp dân Sở LĐ TBXH","TenDA":"Xây dựng mới nhà tiếp dân Sở LĐ TBXH","ChuDauTu":"Sở LĐ TB XH","LoaiCT":11,"DTXDCT":87.73,"ChieuCaoCT":13.27,"SoNha":"số 159","TenDuong":"Pasteur","PhuongXa":"Phường Võ Thị Sáu","QuanHuyenTP":"Quận 3","MaPhuongXa":"77027139","MaQuanHuyenTP":"770"}},{"type":"Feature","id":"QHXD_NhaCaoTang_point.3673","geometry":{"type":"Point","coordinates":[106.69755347,10.78308115]},"geometry_name":"geom","properties":{"id":3673,"OBJECTID":3673,"TenCT":"Nhà Văn Phòng","TenDA":"Nhà Văn Phòng","ChuDauTu":"Ngân hàng công thương VN","LoaiCT":13,"DTXDCT":196.06,"ChieuCaoCT":29.4,"SoNha":"1445-1447-1449","TenDuong":"3 Tháng 2","PhuongXa":"Phường Võ Thị Sáu","QuanHuyenTP":"Quận 3","MaPhuongXa":"77027139","MaQuanHuyenTP":"770"}},{"type":"Feature","id":"QHXD_NhaCaoTang_point.3674","geometry":{"type":"Point","coordinates":[106.69305818,10.78602981]},"geometry_name":"geom","properties":{"id":3674,"OBJECTID":3674,"TenCT":"Nhà văn phòng 162B Điện Biện Phủ","TenDA":"Nhà VP","ChuDauTu":"Cty TNHH TM và DV Hiếu Sinh","LoaiCT":13,"DTXDCT":112.72,"ChieuCaoCT":31.1,"SoNha":"số 102","TenDuong":"Điện Biên Phủ","PhuongXa":"Phường Võ Thị Sáu","QuanHuyenTP":"Quận 3","MaPhuongXa":"77027139","MaQuanHuyenTP":"770"}},{"type":"Feature","id":"QHXD_NhaCaoTang_point.3675","geometry":{"type":"Point","coordinates":[106.6921008,10.78747415]},"geometry_name":"geom","properties":{"id":3675,"OBJECTID":3675,"TenCT":"Nhà Văn Phòng","TenDA":"Nhà Văn Phòng","ChuDauTu":"Tổng Cty Khánh Việt","LoaiCT":13,"DTXDCT":168.32,"ChieuCaoCT":33.8,"SoNha":"số 259A","TenDuong":"Hai Bà Trưng","PhuongXa":"Phường Võ Thị Sáu","QuanHuyenTP":"Quận 3","MaPhuongXa":"77027139","MaQuanHuyenTP":"770"}},{"type":"Feature","id":"QHXD_NhaCaoTang_point.3676","geometry":{"type":"Point","coordinates":[106.69297689,10.78178078]},"geometry_name":"geom","properties":{"id":3676,"OBJECTID":3676,"TenCT":"Nhà văn phòng","TenDA":"Nhà văn phòng","ChuDauTu":"Tổng cty XD Sài Gòn - TNHH MTV","LoaiCT":13,"DTXDCT":246.9,"ChieuCaoCT":36,"SoNha":"số 184","TenDuong":"Nam Kỳ Khởi Nghĩa","PhuongXa":"Phường Võ Thị Sáu","QuanHuyenTP":"Quận 3","MaPhuongXa":"77027139","MaQuanHuyenTP":"770"}},{"type":"Feature","id":"QHXD_NhaCaoTang_point.3677","geometry":{"type":"Point","coordinates":[106.69296642,10.78679169]},"geometry_name":"geom","properties":{"id":3677,"OBJECTID":3677,"TenCT":"Nhà văn phòng","TenDA":"Nhà văn phòng","ChuDauTu":"Ông Đỗ Quang Lộc","LoaiCT":13,"DTXDCT":74.6,"ChieuCaoCT":28.2,"SoNha":"số 255","TenDuong":"Hai Bà Trưng","PhuongXa":"Phường Võ Thị Sáu","QuanHuyenTP":"Quận 3","MaPhuongXa":"77027139","MaQuanHuyenTP":"770"}},{"type":"Feature","id":"QHXD_NhaCaoTang_point.3679","geometry":{"type":"Point","coordinates":[106.6915629,10.78181013]},"geometry_name":"geom","properties":{"id":3679,"OBJECTID":3679,"TenCT":"Khách sạn, căn hộ dịch vụ_Khối phía đường Nam Kỹ Khởi Nghĩa","TenDA":"Khách sạn , căn hộ DV","ChuDauTu":"Cty CP TM và Du lịch Bình Dương","LoaiCT":13,"DTXDCT":2051.88,"ChieuCaoCT":39.4,"SoNha":"157","TenDuong":"Nam Kỳ Khởi Nghĩa","PhuongXa":"Phường Võ Thị Sáu","QuanHuyenTP":"Quận 3","MaPhuongXa":"77027139","MaQuanHuyenTP":"770"}},{"type":"Feature","id":"QHXD_NhaCaoTang_point.3680","geometry":{"type":"Point","coordinates":[106.69167766,10.78207221]},"geometry_name":"geom","properties":{"id":3680,"OBJECTID":3680,"TenCT":"Khách sạn, căn hộ dịch vụ_Khối phía đường Ngô Thời Nhiệm","TenDA":"Khách sạn , căn hộ DV","ChuDauTu":"Cty CP TM và Du lịch Bình Dương","LoaiCT":13,"DTXDCT":2051.88,"ChieuCaoCT":50,"SoNha":"1-3-5","TenDuong":"Ngô Thời Nhiệm","PhuongXa":"Phường Võ Thị Sáu","QuanHuyenTP":"Quận 3","MaPhuongXa":"77027139","MaQuanHuyenTP":"770"}},{"type":"Feature","id":"QHXD_NhaCaoTang_point.3681","geometry":{"type":"Point","coordinates":[106.69316926,10.78335099]},"geometry_name":"geom","properties":{"id":3681,"OBJECTID":3681,"TenCT":"Khu nhà văn phòng","TenDA":"Nhà văn phòng","ChuDauTu":"Bà Lê Thu Trang","LoaiCT":13,"DTXDCT":124.05,"ChieuCaoCT":34.9,"SoNha":"212","TenDuong":"Pasteur","PhuongXa":"Phường Võ Thị Sáu","QuanHuyenTP":"Quận 3","MaPhuongXa":"77027139","MaQuanHuyenTP":"770"}},{"type":"Feature","id":"QHXD_NhaCaoTang_point.3682","geometry":{"type":"Point","coordinates":[106.6882788,10.77515222]},"geometry_name":"geom","properties":{"id":3682,"OBJECTID":3682,"TenCT":"Văn phòng kết hợp nhà ở","TenDA":"Văn phòng kết hợp nhà ở","ChuDauTu":"Tạ Mỹ Dương","LoaiCT":13,"DTXDCT":227.6,"ChieuCaoCT":30,"SoNha":"số 39","TenDuong":"Nguyễn Thị Diệu","PhuongXa":"Phường Võ Thị Sáu","QuanHuyenTP":"Quận 3","MaPhuongXa":"77027139","MaQuanHuyenTP":"770"}},{"type":"Feature","id":"QHXD_NhaCaoTang_point.3683","geometry":{"type":"Point","coordinates":[106.6856893,10.77825371]},"geometry_name":"geom","properties":{"id":3683,"OBJECTID":3683,"TenCT":"Nhà VP 287B Điện Biên Phủ","TenDA":"Nhà VP 287B Điện Biên Phủ","ChuDauTu":"Ông Vương Mạnh Sơn","LoaiCT":13,"DTXDCT":148.52,"ChieuCaoCT":28.4,"SoNha":"287B","TenDuong":"Điện Biên Phủ","PhuongXa":"Phường Võ Thị Sáu","QuanHuyenTP":"Quận 3","MaPhuongXa":"77027139","MaQuanHuyenTP":"770"}},{"type":"Feature","id":"QHXD_NhaCaoTang_point.3684","geometry":{"type":"Point","coordinates":[106.69562608,10.78379627]},"geometry_name":"geom","properties":{"id":3684,"OBJECTID":3684,"TenCT":"Nhà văn phòng 55 Nguyễn Đình Chiểu","TenDA":"Nhà văn phòng 55 Nguyễn Đình Chiểu","ChuDauTu":"Công ty Dịch vụ Cơ quan Nước ngoài (Fosco)","LoaiCT":13,"DTXDCT":278.07,"ChieuCaoCT":11.3,"SoNha":"55","TenDuong":"Nguyễn Đình Chiểu","PhuongXa":"Phường Võ Thị Sáu","QuanHuyenTP":"Quận 3","MaPhuongXa":"77027139","MaQuanHuyenTP":"770"}},{"type":"Feature","id":"QHXD_NhaCaoTang_point.3747","geometry":{"type":"Point","coordinates":[106.70465356,10.76012213]},"geometry_name":"geom","properties":{"id":3747,"OBJECTID":3747,"TenCT":"Trường tiểu học cây bàng","TenDA":"Trường tiểu học cây bàng","ChuDauTu":"UBND Q.4","LoaiCT":3,"DTXDCT":159.6,"ChieuCaoCT":11.2,"SoNha":"122/27","TenDuong":"Tôn Đản","PhuongXa":"Phường 10","QuanHuyenTP":"Quận 4","MaPhuongXa":"77327271","MaQuanHuyenTP":"773"}},{"type":"Feature","id":"QHXD_NhaCaoTang_point.3748","geometry":{"type":"Point","coordinates":[106.70173032,10.76308707]},"geometry_name":"geom","properties":{"id":3748,"OBJECTID":3748,"TenCT":"Trường tiểu học P9,Q.4","TenDA":"Trường tiểu học P9,Q.4","ChuDauTu":"BQLDA  đầu tư xây dựng  Q.4","LoaiCT":3,"DTXDCT":2055,"ChieuCaoCT":15.5,"SoNha":"364","TenDuong":"Vĩnh Khánh","PhuongXa":"Phường 9","QuanHuyenTP":"Quận 4","MaPhuongXa":"77327262","MaQuanHuyenTP":"773"}},{"type":"Feature","id":"QHXD_NhaCaoTang_point.3883","geometry":{"type":"Point","coordinates":[106.68970806,10.80377021]},"geometry_name":"geom","properties":{"id":3883,"OBJECTID":3883,"TenCT":"Văn phòng làm việc-Cty CP SX-KD-XNK Bình Thạnh","TenDA":"Văn phòng làm việc-Cty CP SX-KD-XNK Bình Thạnh","ChuDauTu":"Cty CP SXKD XNK Bình Thạnh","LoaiCT":13,"DTXDCT":null,"ChieuCaoCT":47.7,"SoNha":"24c","TenDuong":"Phan Đăng Lưu","PhuongXa":"Phường 6","QuanHuyenTP":"Quận Bình Thạnh","MaPhuongXa":"76526932","MaQuanHuyenTP":"765"}},{"type":"Feature","id":"QHXD_NhaCaoTang_point.3884","geometry":{"type":"Point","coordinates":[106.69094443,10.80533114]},"geometry_name":"geom","properties":{"id":3884,"OBJECTID":3884,"TenCT":"Cao ốc văn phòng","TenDA":"Cao ốc văn phòng","ChuDauTu":"Công ty cổ phần địa ốc Thảo ĐIền","LoaiCT":13,"DTXDCT":156.4,"ChieuCaoCT":40.6,"SoNha":"19","TenDuong":"Hoàng Hoa Thám","PhuongXa":"Phường 6","QuanHuyenTP":"Quận Bình Thạnh","MaPhuongXa":"76526932","MaQuanHuyenTP":"765"}},{"type":"Feature","id":"QHXD_NhaCaoTang_point.3885","geometry":{"type":"Point","coordinates":[106.68679311,10.80603091]},"geometry_name":"geom","properties":{"id":3885,"OBJECTID":3885,"TenCT":"Căn hộ thương mại và văn phòng","TenDA":"Căn hộ thương mại và văn phòng","ChuDauTu":"Cty cổ phần đầu tư Tân Tiến","LoaiCT":13,"DTXDCT":552,"ChieuCaoCT":65,"SoNha":"31-33","TenDuong":"Nguyễn Văn Đậu","PhuongXa":"Phường 6","QuanHuyenTP":"Quận Bình Thạnh","MaPhuongXa":"76526932","MaQuanHuyenTP":"765"}},{"type":"Feature","id":"QHXD_NhaCaoTang_point.3886","geometry":{"type":"Point","coordinates":[106.68927467,10.80381587]},"geometry_name":"geom","properties":{"id":3886,"OBJECTID":3886,"TenCT":"Nhà văn phòng","TenDA":"Văn phòng","ChuDauTu":"Cty TNHH TM DV Bảo Trân","LoaiCT":13,"DTXDCT":204.46,"ChieuCaoCT":30.4,"SoNha":"Số 26A","TenDuong":"Phan Đăng Lưu","PhuongXa":"Phường 6","QuanHuyenTP":"Quận Bình Thạnh","MaPhuongXa":"76526932","MaQuanHuyenTP":"765"}},{"type":"Feature","id":"QHXD_NhaCaoTang_point.3887","geometry":{"type":"Point","coordinates":[106.68816472,10.80393374]},"geometry_name":"geom","properties":{"id":3887,"OBJECTID":3887,"TenCT":"Nhà Văn Phòng","TenDA":"Nhà Văn Phòng","ChuDauTu":"Cty TNHH Viễn Thông An Bình","LoaiCT":13,"DTXDCT":244.68,"ChieuCaoCT":33.8,"SoNha":"số 36","TenDuong":"Phan Đăng Lưu","PhuongXa":"Phường 6","QuanHuyenTP":"Quận Bình Thạnh","MaPhuongXa":"76526932","MaQuanHuyenTP":"765"}},{"type":"Feature","id":"QHXD_NhaCaoTang_point.4361","geometry":{"type":"Point","coordinates":[106.68513028,10.75253609]},"geometry_name":"geom","properties":{"id":4361,"OBJECTID":4361,"TenCT":"Trụ sở lực lượng TNXP","TenDA":"Trụ sở lực lượng TNXP","ChuDauTu":"Lực lượng Thanh niên Xung phong","LoaiCT":null,"DTXDCT":768,"ChieuCaoCT":198,"SoNha":"8-8 bis","TenDuong":"Hàm Tử","PhuongXa":"Phường 1","QuanHuyenTP":"Quận 5","MaPhuongXa":"77427325","MaQuanHuyenTP":"774"}},{"type":"Feature","id":"QHXD_NhaCaoTang_point.4362","geometry":{"type":"Point","coordinates":[106.68449553,10.75185011]},"geometry_name":"geom","properties":{"id":4362,"OBJECTID":4362,"TenCT":"Nhà văn phòng kết hợp nhà ở","TenDA":"Nhà văn phòng kết hợp nhà ở","ChuDauTu":"Bà Hứa Kim Thạch","LoaiCT":13,"DTXDCT":91.98,"ChieuCaoCT":30.6,"SoNha":"số 18-20","TenDuong":"Hàm Tử","PhuongXa":"Phường 1","QuanHuyenTP":"Quận 5","MaPhuongXa":"77427325","MaQuanHuyenTP":"774"}},{"type":"Feature","id":"QHXD_NhaCaoTang_point.4363","geometry":{"type":"Point","coordinates":[106.69120738,10.75577802]},"geometry_name":"geom","properties":{"id":4363,"OBJECTID":4363,"TenCT":"Chung cư Vạn Đô","TenDA":"Chung cư Vạn Đô","ChuDauTu":"Công ty XNK và Kinh doanh tổng hợp mía đường","LoaiCT":1,"DTXDCT":109,"ChieuCaoCT":62.4,"SoNha":"348","TenDuong":"Bến Vân Đồn","PhuongXa":"Phường 1","QuanHuyenTP":"Quận 4","MaPhuongXa":"77327298","MaQuanHuyenTP":"773"}},{"type":"Feature","id":"QHXD_NhaCaoTang_point.4364","geometry":{"type":"Point","coordinates":[106.69246166,10.75719544]},"geometry_name":"geom","properties":{"id":4364,"OBJECTID":4364,"TenCT":"Chung cư cao tầng 331 Bến Vân Đồn","TenDA":"Chung cư cao tầng 331 Bến Vân Đồn","ChuDauTu":"Công ty Cổ phần Thủy sản số 4","LoaiCT":1,"DTXDCT":1278,"ChieuCaoCT":60.9,"SoNha":"331","TenDuong":"Bến Vân Đồn","PhuongXa":"Phường 1","QuanHuyenTP":"Quận 4","MaPhuongXa":"77327298","MaQuanHuyenTP":"773"}},{"type":"Feature","id":"QHXD_NhaCaoTang_point.4365","geometry":{"type":"Point","coordinates":[106.68997295,10.75520297]},"geometry_name":"geom","properties":{"id":4365,"OBJECTID":4365,"TenCT":"Chung cư Khánh Hội 3","TenDA":"Chung cư Khánh Hội 3","ChuDauTu":"Công ty cổ phần XNK Khánh Hội","LoaiCT":1,"DTXDCT":1456,"ChieuCaoCT":70.6,"SoNha":"360A","TenDuong":"Bến Vân Đồn","PhuongXa":"Phường 1","QuanHuyenTP":"Quận 4","MaPhuongXa":"77327298","MaQuanHuyenTP":"773"}},{"type":"Feature","id":"QHXD_NhaCaoTang_point.4366","geometry":{"type":"Point","coordinates":[106.69063265,10.75455688]},"geometry_name":"geom","properties":{"id":4366,"OBJECTID":4366,"TenCT":"Chung cư cao tầng Khánh Hội 1","TenDA":"Chung cư cao tầng Khánh Hội 1","ChuDauTu":"Công ty CP XNK Khánh Hội","LoaiCT":1,"DTXDCT":2874.93,"ChieuCaoCT":69.9,"SoNha":"360C","TenDuong":"Bến Vân Đồn","PhuongXa":"Phường 1","QuanHuyenTP":"Quận 4","MaPhuongXa":"77327298","MaQuanHuyenTP":"773"}},{"type":"Feature","id":"QHXD_NhaCaoTang_point.4367","geometry":{"type":"Point","coordinates":[106.69120738,10.75577802]},"geometry_name":"geom","properties":{"id":4367,"OBJECTID":4367,"TenCT":"Chung cư Vạn Đô","TenDA":"Chung cư Vạn Đô","ChuDauTu":"Công ty XNK và kinh doanh tổng hợp mía đường","LoaiCT":1,"DTXDCT":109,"ChieuCaoCT":62.4,"SoNha":"348","TenDuong":"Bến Vân Đồn","PhuongXa":"Phường 1","QuanHuyenTP":"Quận 4","MaPhuongXa":"77327298","MaQuanHuyenTP":"773"}},{"type":"Feature","id":"QHXD_NhaCaoTang_point.4368","geometry":{"type":"Point","coordinates":[106.69091462,10.75554534]},"geometry_name":"geom","properties":{"id":4368,"OBJECTID":4368,"TenCT":"Chung cư Khánh Hội 2","TenDA":"Chung cư Khánh Hội 2","ChuDauTu":"Công ty cổ phần xuất nhập khẩu Khánh Hội","LoaiCT":1,"DTXDCT":1456,"ChieuCaoCT":70.6,"SoNha":"360A","TenDuong":"Bến Vân Đồn","PhuongXa":"Phường 1","QuanHuyenTP":"Quận 4","MaPhuongXa":"77327298","MaQuanHuyenTP":"773"}},{"type":"Feature","id":"QHXD_NhaCaoTang_point.4369","geometry":{"type":"Point","coordinates":[106.69386178,10.75515004]},"geometry_name":"geom","properties":{"id":4369,"OBJECTID":4369,"TenCT":"Cao ốc thương mại - dịch vụ kết hợp căn hộ ở","TenDA":"Cao ốc thương mại - dịch vụ kết hợp căn hộ ở","ChuDauTu":"Công ty CP Công Nghiệp cao su Miền Nam","LoaiCT":13,"DTXDCT":2276,"ChieuCaoCT":71.8,"SoNha":"9","TenDuong":"Nguyễn Khoái","PhuongXa":"Phường 1","QuanHuyenTP":"Quận 4","MaPhuongXa":"77327298","MaQuanHuyenTP":"773"}},{"type":"Feature","id":"QHXD_NhaCaoTang_point.4370","geometry":{"type":"Point","coordinates":[106.69016964,10.75487443]},"geometry_name":"geom","properties":{"id":4370,"OBJECTID":4370,"TenCT":"Khối A","TenDA":"Trường mầm non Sao Mai 1","ChuDauTu":"CT CP XNK Khánh Hội","LoaiCT":3,"DTXDCT":1016.48,"ChieuCaoCT":14.35,"SoNha":"360D","TenDuong":"Bến Vân Đồn","PhuongXa":"Phường 1","QuanHuyenTP":"Quận 4","MaPhuongXa":"77327298","MaQuanHuyenTP":"773"}},{"type":"Feature","id":"QHXD_NhaCaoTang_point.4371","geometry":{"type":"Point","coordinates":[106.69000749,10.75460903]},"geometry_name":"geom","properties":{"id":4371,"OBJECTID":4371,"TenCT":"Khối B","TenDA":"Trường mầm non Sao Mai 1","ChuDauTu":"CT CP XNK Khánh Hội","LoaiCT":3,"DTXDCT":160.5,"ChieuCaoCT":7.5,"SoNha":"360D","TenDuong":"Bến Vân Đồn","PhuongXa":"Phường 1","QuanHuyenTP":"Quận 4","MaPhuongXa":"77327298","MaQuanHuyenTP":"773"}},{"type":"Feature","id":"QHXD_NhaCaoTang_point.4372","geometry":{"type":"Point","coordinates":[106.69190181,10.75697287]},"geometry_name":"geom","properties":{"id":4372,"OBJECTID":4372,"TenCT":"Văn phòng công ty Chim Ưng","TenDA":"Văn Phòng","ChuDauTu":"Cty CP Lai dắt và vận tải Chim Ưng","LoaiCT":13,"DTXDCT":53.77,"ChieuCaoCT":30.4,"SoNha":"số 338","TenDuong":"Bến Vân Đồn","PhuongXa":"Phường 1","QuanHuyenTP":"Quận 4","MaPhuongXa":"77327298","MaQuanHuyenTP":"773"}},{"type":"Feature","id":"QHXD_NhaCaoTang_point.4432","geometry":{"type":"Point","coordinates":[106.73864455,10.80002985]},"geometry_name":"geom","properties":{"id":4432,"OBJECTID":4432,"TenCT":"Chung cư 16 tầng khu B - 16B","TenDA":"Chung cư 16 tầng khu B - 16B","ChuDauTu":"Công ty cổ phần đầu tư - kinh doanh nhà","LoaiCT":1,"DTXDCT":null,"ChieuCaoCT":66.9,"SoNha":"Khu đô thị An Phú - An Khánh","TenDuong":"Đường nội bộ","PhuongXa":"Phường An Phú","QuanHuyenTP":"Thành phố Thủ Đức","MaPhuongXa":"76927091","MaQuanHuyenTP":"769"}},{"type":"Feature","id":"QHXD_NhaCaoTang_point.4433","geometry":{"type":"Point","coordinates":[106.73780387,10.7962436]},"geometry_name":"geom","properties":{"id":4433,"OBJECTID":4433,"TenCT":"Chung cư 20 tầng An Hòa","TenDA":"Chung cư 20 tầng An Hòa","ChuDauTu":"Công ty TNHH Một thành viên Phát triển và kinh doanh nhà, 36 Bùi Thị Xuân, Q.1, Tp.HCM","LoaiCT":1,"DTXDCT":null,"ChieuCaoCT":71.05,"SoNha":null,"TenDuong":null,"PhuongXa":"Phường An Phú","QuanHuyenTP":"Thành phố Thủ Đức","MaPhuongXa":"76927091","MaQuanHuyenTP":"769"}},{"type":"Feature","id":"QHXD_NhaCaoTang_point.4434","geometry":{"type":"Point","coordinates":[106.73780387,10.7962436]},"geometry_name":"geom","properties":{"id":4434,"OBJECTID":4434,"TenCT":"Chung cư 20 tầng An Hòa","TenDA":"Chung cư 20 tầng An Hòa","ChuDauTu":"Công ty TNHH Một thành viên Phát triển và kinh doanh nhà","LoaiCT":1,"DTXDCT":975,"ChieuCaoCT":71.05,"SoNha":"Lô C46A","TenDuong":"Đường nội bộ","PhuongXa":"Phường An Phú","QuanHuyenTP":"Thành phố Thủ Đức","MaPhuongXa":"76927091","MaQuanHuyenTP":"769"}},{"type":"Feature","id":"QHXD_NhaCaoTang_point.4480","geometry":{"type":"Point","coordinates":[106.73803844,10.80001601]},"geometry_name":"geom","properties":{"id":4480,"OBJECTID":4480,"TenCT":"Chung cư lô B -Khối B1","TenDA":"Khu nhà ở lô B27 khu đô thị An Phú","ChuDauTu":"Ban quản lý ĐT-XD khu đô thị mới Thủ Thiêm","LoaiCT":1,"DTXDCT":3725,"ChieuCaoCT":49.49,"SoNha":null,"TenDuong":"An Phú","PhuongXa":"Phường An Phú","QuanHuyenTP":"Thành phố Thủ Đức","MaPhuongXa":"76927091","MaQuanHuyenTP":"769"}},{"type":"Feature","id":"QHXD_NhaCaoTang_point.4483","geometry":{"type":"Point","coordinates":[106.73786029,10.79833276]},"geometry_name":"geom","properties":{"id":4483,"OBJECTID":4483,"TenCT":"ĐN3","TenDA":"chung cư An Phú","ChuDauTu":"BQL ĐTXD khu đô thị mới Thủ Thiêm","LoaiCT":1,"DTXDCT":773.68,"ChieuCaoCT":21,"SoNha":null,"TenDuong":null,"PhuongXa":"Phường An Phú","QuanHuyenTP":"Thành phố Thủ Đức","MaPhuongXa":"76927091","MaQuanHuyenTP":"769"}},{"type":"Feature","id":"QHXD_NhaCaoTang_point.4486","geometry":{"type":"Point","coordinates":[106.7376781,10.79831302]},"geometry_name":"geom","properties":{"id":4486,"OBJECTID":4486,"TenCT":"ĐN2","TenDA":"chung cư An Phú","ChuDauTu":"BQL ĐTXD khu đô thị mới Thủ Thiêm","LoaiCT":1,"DTXDCT":773.68,"ChieuCaoCT":21,"SoNha":null,"TenDuong":null,"PhuongXa":"Phường An Phú","QuanHuyenTP":"Thành phố Thủ Đức","MaPhuongXa":"76927091","MaQuanHuyenTP":"769"}},{"type":"Feature","id":"QHXD_NhaCaoTang_point.4487","geometry":{"type":"Point","coordinates":[106.7375073,10.79828815]},"geometry_name":"geom","properties":{"id":4487,"OBJECTID":4487,"TenCT":"ĐN1","TenDA":"chung cư An Phú","ChuDauTu":"BQL ĐTXD khu đô thị mới Thủ Thiêm","LoaiCT":1,"DTXDCT":773.68,"ChieuCaoCT":21,"SoNha":null,"TenDuong":null,"PhuongXa":"Phường An Phú","QuanHuyenTP":"Thành phố Thủ Đức","MaPhuongXa":"76927091","MaQuanHuyenTP":"769"}},{"type":"Feature","id":"QHXD_NhaCaoTang_point.4488","geometry":{"type":"Point","coordinates":[106.73807092,10.79982855]},"geometry_name":"geom","properties":{"id":4488,"OBJECTID":4488,"TenCT":"Chung cư lô B -Khối B2","TenDA":"Khu nhà ở lô B27 khu đô thị An Phú","ChuDauTu":"Ban quản lý ĐT-XD khu đô thị mới Thủ Thiêm","LoaiCT":1,"DTXDCT":3725,"ChieuCaoCT":49.49,"SoNha":null,"TenDuong":"An Phú","PhuongXa":"Phường An Phú","QuanHuyenTP":"Thành phố Thủ Đức","MaPhuongXa":"76927091","MaQuanHuyenTP":"769"}},{"type":"Feature","id":"QHXD_NhaCaoTang_point.4527","geometry":{"type":"Point","coordinates":[106.73147747,10.80749643]},"geometry_name":"geom","properties":{"id":4527,"OBJECTID":4527,"TenCT":"Đơn nguyên 1","TenDA":"Khu căn hộ","ChuDauTu":"Công ty cổ phần Kết nối đầu tư Việt và công ty cổ phần nhà Hòa Bình","LoaiCT":1,"DTXDCT":null,"ChieuCaoCT":103.7,"SoNha":null,"TenDuong":null,"PhuongXa":"Phường Thảo Điền","QuanHuyenTP":"Thành phố Thủ Đức","MaPhuongXa":"76927088","MaQuanHuyenTP":"769"}},{"type":"Feature","id":"QHXD_NhaCaoTang_point.4528","geometry":{"type":"Point","coordinates":[106.73156937,10.80692966]},"geometry_name":"geom","properties":{"id":4528,"OBJECTID":4528,"TenCT":"Đơn nguyên 2","TenDA":"Khu căn hộ","ChuDauTu":"Công ty cổ phần Kết nối đầu tư Việt và công ty cổ phần nhà Hòa Bình","LoaiCT":1,"DTXDCT":null,"ChieuCaoCT":103.7,"SoNha":null,"TenDuong":null,"PhuongXa":"Phường Thảo Điền","QuanHuyenTP":"Thành phố Thủ Đức","MaPhuongXa":"76927088","MaQuanHuyenTP":"769"}},{"type":"Feature","id":"QHXD_NhaCaoTang_point.4529","geometry":{"type":"Point","coordinates":[106.72744429,10.80522747]},"geometry_name":"geom","properties":{"id":4529,"OBJECTID":4529,"TenCT":"Lô C2","TenDA":"Lô C2","ChuDauTu":"Công ty Cổ phần xây dựng & phát triển nhà Hoàng Anh","LoaiCT":1,"DTXDCT":null,"ChieuCaoCT":92.4,"SoNha":"37","TenDuong":"Nguyễn Văn Hưởng","PhuongXa":"Phường Thảo Điền","QuanHuyenTP":"Thành phố Thủ Đức","MaPhuongXa":"76927088","MaQuanHuyenTP":"769"}},{"type":"Feature","id":"QHXD_NhaCaoTang_point.4539","geometry":{"type":"Point","coordinates":[106.73757886,10.80392419]},"geometry_name":"geom","properties":{"id":4539,"OBJECTID":4539,"TenCT":"Chung cư cao tầng kết hợp thương mại","TenDA":"Chung cư cao tầng kết hợp thương mại","ChuDauTu":"Công ty cổ phần ngoại thương và phát triển đầu tư TP. HCM (Fideco) (Ông Trần Hữu Trinh là đại diện)","LoaiCT":13,"DTXDCT":968.69,"ChieuCaoCT":61.75,"SoNha":null,"TenDuong":null,"PhuongXa":"Phường Thảo Điền","QuanHuyenTP":"Thành phố Thủ Đức","MaPhuongXa":"76927088","MaQuanHuyenTP":"769"}},{"type":"Feature","id":"QHXD_NhaCaoTang_point.4543","geometry":{"type":"Point","coordinates":[106.72719804,10.80510796]},"geometry_name":"geom","properties":{"id":4543,"OBJECTID":4543,"TenCT":"Lô C1","TenDA":"Chung cư cao tầng phường Thảo Điền - Quận 2","ChuDauTu":"Công ty Cổ phần xây dựng & phát triển nhà Hoàng Anh","LoaiCT":1,"DTXDCT":null,"ChieuCaoCT":92.4,"SoNha":"37","TenDuong":"Nguyễn Văn Hưởng","PhuongXa":"Phường Thảo Điền","QuanHuyenTP":"Thành phố Thủ Đức","MaPhuongXa":"76927088","MaQuanHuyenTP":"769"}},{"type":"Feature","id":"QHXD_NhaCaoTang_point.4544","geometry":{"type":"Point","coordinates":[106.72679979,10.80492201]},"geometry_name":"geom","properties":{"id":4544,"OBJECTID":4544,"TenCT":"Lô A2","TenDA":"Chung cư cao tầng phường Thảo Điền - Quận 2","ChuDauTu":"Công ty Cổ phần xây dựng & phát triển nhà Hoàng Anh","LoaiCT":1,"DTXDCT":null,"ChieuCaoCT":92.4,"SoNha":"37","TenDuong":"Nguyễn Văn Hưởng","PhuongXa":"Phường Thảo Điền","QuanHuyenTP":"Thành phố Thủ Đức","MaPhuongXa":"76927088","MaQuanHuyenTP":"769"}},{"type":"Feature","id":"QHXD_NhaCaoTang_point.4545","geometry":{"type":"Point","coordinates":[106.72691776,10.80467717]},"geometry_name":"geom","properties":{"id":4545,"OBJECTID":4545,"TenCT":"Lô A1","TenDA":"Chung cư cao tầng phường Thảo Điền - Quận 2","ChuDauTu":"Công ty Cổ phần xây dựng & phát triển nhà Hoàng Anh","LoaiCT":1,"DTXDCT":null,"ChieuCaoCT":92.4,"SoNha":"37","TenDuong":"Nguyễn Văn Hưởng","PhuongXa":"Phường Thảo Điền","QuanHuyenTP":"Thành phố Thủ Đức","MaPhuongXa":"76927088","MaQuanHuyenTP":"769"}},{"type":"Feature","id":"QHXD_NhaCaoTang_point.4546","geometry":{"type":"Point","coordinates":[106.72722669,10.80433547]},"geometry_name":"geom","properties":{"id":4546,"OBJECTID":4546,"TenCT":"Lô B2","TenDA":"Chung cư cao tầng phường Thảo Điền - Quận 2","ChuDauTu":"Công ty Cổ phần xây dựng & phát triển nhà Hoàng Anh","LoaiCT":1,"DTXDCT":null,"ChieuCaoCT":92.4,"SoNha":"37","TenDuong":"Nguyễn Văn Hưởng","PhuongXa":"Phường Thảo Điền","QuanHuyenTP":"Thành phố Thủ Đức","MaPhuongXa":"76927088","MaQuanHuyenTP":"769"}},{"type":"Feature","id":"QHXD_NhaCaoTang_point.4547","geometry":{"type":"Point","coordinates":[106.72747409,10.80445064]},"geometry_name":"geom","properties":{"id":4547,"OBJECTID":4547,"TenCT":"Lô B1","TenDA":"Chung cư cao tầng phường Thảo Điền - Quận 2","ChuDauTu":"Công ty Cổ phần xây dựng & phát triển nhà Hoàng Anh","LoaiCT":1,"DTXDCT":null,"ChieuCaoCT":92.4,"SoNha":"37","TenDuong":"Nguyễn Văn Hưởng","PhuongXa":"Phường Thảo Điền","QuanHuyenTP":"Thành phố Thủ Đức","MaPhuongXa":"76927088","MaQuanHuyenTP":"769"}},{"type":"Feature","id":"QHXD_NhaCaoTang_point.4548","geometry":{"type":"Point","coordinates":[106.73354876,10.80131481]},"geometry_name":"geom","properties":{"id":4548,"OBJECTID":4548,"TenCT":"Đơn nguyên 1","TenDA":"Đơn nguyên 1","ChuDauTu":"Công ty cổ phần địa ốc và xây dựng SSG2","LoaiCT":13,"DTXDCT":6736,"ChieuCaoCT":125.3,"SoNha":"12","TenDuong":"Quốc Hương","PhuongXa":"Phường Thảo Điền","QuanHuyenTP":"Thành phố Thủ Đức","MaPhuongXa":"76927088","MaQuanHuyenTP":"769"}},{"type":"Feature","id":"QHXD_NhaCaoTang_point.4549","geometry":{"type":"Point","coordinates":[106.73303026,10.80170508]},"geometry_name":"geom","properties":{"id":4549,"OBJECTID":4549,"TenCT":"Đơn nguyên 2","TenDA":"Đơn nguyên 2","ChuDauTu":"Công ty cổ phần địa ốc và xây dựng SSG2","LoaiCT":13,"DTXDCT":6736,"ChieuCaoCT":125.3,"SoNha":"12","TenDuong":"Quốc Hương","PhuongXa":"Phường Thảo Điền","QuanHuyenTP":"Thành phố Thủ Đức","MaPhuongXa":"76927088","MaQuanHuyenTP":"769"}},{"type":"Feature","id":"QHXD_NhaCaoTang_point.4551","geometry":{"type":"Point","coordinates":[106.73101418,10.80517325]},"geometry_name":"geom","properties":{"id":4551,"OBJECTID":4551,"TenCT":"Trường CĐ Văn hóa TPHCM","TenDA":null,"ChuDauTu":"Trường CĐ Văn hóa TPHCM","LoaiCT":3,"DTXDCT":null,"ChieuCaoCT":20.7,"SoNha":null,"TenDuong":null,"PhuongXa":"Phường Thảo Điền","QuanHuyenTP":"Thành phố Thủ Đức","MaPhuongXa":"76927088","MaQuanHuyenTP":"769"}},{"type":"Feature","id":"QHXD_NhaCaoTang_point.4553","geometry":{"type":"Point","coordinates":[106.72422062,10.80768008]},"geometry_name":"geom","properties":{"id":4553,"OBJECTID":4553,"TenCT":"Nhà văn phòng-khu2","TenDA":"Nhà văn phòng-khu2","ChuDauTu":"Ông Kiều Văn Tuân-Bà Nguyễn Thị Xuân Lan","LoaiCT":13,"DTXDCT":295.3,"ChieuCaoCT":35,"SoNha":null,"TenDuong":"Ung Văn Khiêm","PhuongXa":"Phường Thảo Điền","QuanHuyenTP":"Thành phố Thủ Đức","MaPhuongXa":"76927088","MaQuanHuyenTP":"769"}},{"type":"Feature","id":"QHXD_NhaCaoTang_point.4559","geometry":{"type":"Point","coordinates":[106.73622174,10.80188091]},"geometry_name":"geom","properties":{"id":4559,"OBJECTID":4559,"TenCT":"Siêu thị sách ,trung tâm bồi dưỡng kiến thức phụ nữ , văn phòng","TenDA":"Siêu thị sách ,trung tâm bồi dưỡng kiến thức phụ nữ , văn phòng","ChuDauTu":"Báo Phụ Nữ TPHCM","LoaiCT":6,"DTXDCT":640,"ChieuCaoCT":51,"SoNha":"20","TenDuong":"Nguyễn Đăng Giai","PhuongXa":"Phường Thảo Điền","QuanHuyenTP":"Thành phố Thủ Đức","MaPhuongXa":"76927088","MaQuanHuyenTP":"769"}},{"type":"Feature","id":"QHXD_NhaCaoTang_point.4561","geometry":{"type":"Point","coordinates":[106.73550744,10.80125599]},"geometry_name":"geom","properties":{"id":4561,"OBJECTID":4561,"TenCT":"Cao ốc văn phòng Nhạc Việt","TenDA":"Cao ốc văn phòng Nhạc Việt","ChuDauTu":"Cty TNHH thương mại Nhạc Việt","LoaiCT":13,"DTXDCT":478,"ChieuCaoCT":55,"SoNha":"59","TenDuong":"Xa L? Hà N?i","PhuongXa":"Phường Thảo Điền","QuanHuyenTP":"Thành phố Thủ Đức","MaPhuongXa":"76927088","MaQuanHuyenTP":"769"}},{"type":"Feature","id":"QHXD_NhaCaoTang_point.4568","geometry":{"type":"Point","coordinates":[106.73366205,10.80736131]},"geometry_name":"geom","properties":{"id":4568,"OBJECTID":4568,"TenCT":"Bệnh viện chuyên khoa phẫu thuật tạo hình thẩm mỹ","TenDA":"Bệnh viện chuyên khoa phẫu thuật tạo hình thẩm mỹ","ChuDauTu":"Cty CP Bệnh viện Thảo Điền","LoaiCT":4,"DTXDCT":250,"ChieuCaoCT":35,"SoNha":"95/3","TenDuong":"Thảo Điền","PhuongXa":"Phường Thảo Điền","QuanHuyenTP":"Thành phố Thủ Đức","MaPhuongXa":"76927088","MaQuanHuyenTP":"769"}},{"type":"Feature","id":"QHXD_NhaCaoTang_point.4575","geometry":{"type":"Point","coordinates":[106.72538502,10.80705532]},"geometry_name":"geom","properties":{"id":4575,"OBJECTID":4575,"TenCT":"Khu nhà ở biệt thự công ty Hải Vương_Biệt thự BT02 ( Lô 14-18)","TenDA":"Khu nhà ở biệt thự - Cty TNHH Nông Sản Thực phẩm Hải Vương - Q2","ChuDauTu":"Cty TNHH Nông Sản Thực phẩm Hải Vương","LoaiCT":2,"DTXDCT":792.8,"ChieuCaoCT":14.4,"SoNha":null,"TenDuong":"Nguyễn Văn Hưởng","PhuongXa":"Phường Thảo Điền","QuanHuyenTP":"Thành phố Thủ Đức","MaPhuongXa":"76927088","MaQuanHuyenTP":"769"}},{"type":"Feature","id":"QHXD_NhaCaoTang_point.4576","geometry":{"type":"Point","coordinates":[106.72583386,10.80719216]},"geometry_name":"geom","properties":{"id":4576,"OBJECTID":4576,"TenCT":"Khu nhà ở biệt thự công ty Hải Vương_Biệt thự BT01","TenDA":"Khu nhà ở biệt thự - Cty TNHH Nông Sản Thực phẩm Hải Vương - Q2","ChuDauTu":"Cty TNHH Nông Sản Thực phẩm Hải Vương","LoaiCT":2,"DTXDCT":757.75,"ChieuCaoCT":14.4,"SoNha":null,"TenDuong":"Nguyễn Văn Hưởng","PhuongXa":"Phường Thảo Điền","QuanHuyenTP":"Thành phố Thủ Đức","MaPhuongXa":"76927088","MaQuanHuyenTP":"769"}},{"type":"Feature","id":"QHXD_NhaCaoTang_point.4577","geometry":{"type":"Point","coordinates":[106.72600586,10.80672771]},"geometry_name":"geom","properties":{"id":4577,"OBJECTID":4577,"TenCT":"Khu nhà ở biệt thự công ty Hải Vương_Biệt thự BT03 ( Lô 10)","TenDA":"Khu nhà ở biệt thự - Cty TNHH Nông Sản Thực phẩm Hải Vương - Q2","ChuDauTu":"Cty TNHH Nông Sản Thực phẩm Hải Vương","LoaiCT":2,"DTXDCT":135.06,"ChieuCaoCT":14.4,"SoNha":null,"TenDuong":"Nguyễn Văn Hưởng","PhuongXa":"Phường Thảo Điền","QuanHuyenTP":"Thành phố Thủ Đức","MaPhuongXa":"76927088","MaQuanHuyenTP":"769"}},{"type":"Feature","id":"QHXD_NhaCaoTang_point.4579","geometry":{"type":"Point","coordinates":[106.73568699,10.80508447]},"geometry_name":"geom","properties":{"id":4579,"OBJECTID":4579,"TenCT":"Tòa nhà văn phòng công ty Anh Thắng","TenDA":"Tòa nhà VP","ChuDauTu":"Cty TNHH ĐT và PT Anh Thắng","LoaiCT":13,"DTXDCT":424,"ChieuCaoCT":32.6,"SoNha":"số 55A-55B","TenDuong":"Ngô Quang Huy","PhuongXa":"Phường Thảo Điền","QuanHuyenTP":"Thành phố Thủ Đức","MaPhuongXa":"76927088","MaQuanHuyenTP":"769"}},{"type":"Feature","id":"QHXD_NhaCaoTang_point.4580","geometry":{"type":"Point","coordinates":[106.7308215,10.80679326]},"geometry_name":"geom","properties":{"id":4580,"OBJECTID":4580,"TenCT":"Khách sạn 65 Quốc Hương, phường Thảo Điền, quận 2","TenDA":"Khách Sạn","ChuDauTu":"Cty CP ĐT TM BĐS An Dương Thảo Điền","LoaiCT":10,"DTXDCT":316.3,"ChieuCaoCT":32,"SoNha":"65","TenDuong":"Quốc Hương","PhuongXa":"Phường Thảo Điền","QuanHuyenTP":"Thành phố Thủ Đức","MaPhuongXa":"76927088","MaQuanHuyenTP":"769"}},{"type":"Feature","id":"QHXD_NhaCaoTang_point.4581","geometry":{"type":"Point","coordinates":[106.73333969,10.80582982]},"geometry_name":"geom","properties":{"id":4581,"OBJECTID":4581,"TenCT":"Nhà văn phòng","TenDA":"Nhà VP","ChuDauTu":"Trường tiểu học THCS, THPT Quốc Tế Á Châu","LoaiCT":13,"DTXDCT":579,"ChieuCaoCT":23,"SoNha":"số 18","TenDuong":"Tống Hữu Định","PhuongXa":"Phường Thảo Điền","QuanHuyenTP":"Thành phố Thủ Đức","MaPhuongXa":"76927088","MaQuanHuyenTP":"769"}},{"type":"Feature","id":"QHXD_NhaCaoTang_point.4582","geometry":{"type":"Point","coordinates":[106.72729873,10.78750307]},"geometry_name":"geom","properties":{"id":4582,"OBJECTID":4582,"TenCT":"Chung cư","TenDA":"Khu nhà ở chung cư cao tầng, phường Bình An, quận 2","ChuDauTu":"Công ty TNHH Thanh Yến","LoaiCT":1,"DTXDCT":2421.1,"ChieuCaoCT":90.7,"SoNha":null,"TenDuong":null,"PhuongXa":"Phường An Khánh","QuanHuyenTP":"Thành phố Thủ Đức","MaPhuongXa":"76927094","MaQuanHuyenTP":"769"}},{"type":"Feature","id":"QHXD_NhaCaoTang_point.4589","geometry":{"type":"Point","coordinates":[106.72729873,10.78750307]},"geometry_name":"geom","properties":{"id":4589,"OBJECTID":4589,"TenCT":"Khu nhà ở chung cư cao tầng phường Bình An, Q.2","TenDA":"Khu nhà ở chung cư cao tầng phường Bình An, Q.2","ChuDauTu":"Công ty TNHH Thanh Yến","LoaiCT":1,"DTXDCT":2421.1,"ChieuCaoCT":90.7,"SoNha":null,"TenDuong":null,"PhuongXa":"Phường An Khánh","QuanHuyenTP":"Thành phố Thủ Đức","MaPhuongXa":"76927094","MaQuanHuyenTP":"769"}},{"type":"Feature","id":"QHXD_NhaCaoTang_point.4590","geometry":{"type":"Point","coordinates":[106.73100038,10.78737485]},"geometry_name":"geom","properties":{"id":4590,"OBJECTID":4590,"TenCT":"Lô C2","TenDA":"Khu nhà ở cán bộ công nhân viên- chung cư cao tầng và hạ tầng kỹ thuật toàn khu","ChuDauTu":"Công ty TNHH Một thành viên đầu tư- xây dựng Trường Thịnh","LoaiCT":13,"DTXDCT":1227.15,"ChieuCaoCT":69,"SoNha":null,"TenDuong":null,"PhuongXa":"Phường An Khánh","QuanHuyenTP":"Thành phố Thủ Đức","MaPhuongXa":"76927094","MaQuanHuyenTP":"769"}},{"type":"Feature","id":"QHXD_NhaCaoTang_point.4591","geometry":{"type":"Point","coordinates":[106.73046029,10.78706741]},"geometry_name":"geom","properties":{"id":4591,"OBJECTID":4591,"TenCT":"Lô C1","TenDA":"Khu nhà ở cán bộ công nhân viên- chung cư cao tầng và hạ tầng kỹ thuật toàn khu","ChuDauTu":"Công ty TNHH Một thành viên đầu tư - xây dựng Trường Thịnh","LoaiCT":13,"DTXDCT":1153.93,"ChieuCaoCT":69,"SoNha":null,"TenDuong":null,"PhuongXa":"Phường An Khánh","QuanHuyenTP":"Thành phố Thủ Đức","MaPhuongXa":"76927094","MaQuanHuyenTP":"769"}},{"type":"Feature","id":"QHXD_NhaCaoTang_point.4592","geometry":{"type":"Point","coordinates":[106.7315204,10.787668]},"geometry_name":"geom","properties":{"id":4592,"OBJECTID":4592,"TenCT":"Lô C3","TenDA":"Khu nhà ở cán bộ công nhân viên- chung cư cao tầng và hạ tầng kỹ thuật toàn khu","ChuDauTu":"Công ty TNHH Một thành viên đầu tư - xây dựng Trường Thịnh","LoaiCT":13,"DTXDCT":1153.93,"ChieuCaoCT":69,"SoNha":null,"TenDuong":null,"PhuongXa":"Phường An Khánh","QuanHuyenTP":"Thành phố Thủ Đức","MaPhuongXa":"76927094","MaQuanHuyenTP":"769"}},{"type":"Feature","id":"QHXD_NhaCaoTang_point.4615","geometry":{"type":"Point","coordinates":[106.72650267,10.78825399]},"geometry_name":"geom","properties":{"id":4615,"OBJECTID":4615,"TenCT":"trường THCS Bình An","TenDA":"trường THCS Bình An","ChuDauTu":"BQLDA Q.2","LoaiCT":3,"DTXDCT":178122,"ChieuCaoCT":17.05,"SoNha":null,"TenDuong":null,"PhuongXa":"Phường An Khánh","QuanHuyenTP":"Thành phố Thủ Đức","MaPhuongXa":"76927094","MaQuanHuyenTP":"769"}},{"type":"Feature","id":"QHXD_NhaCaoTang_point.4616","geometry":{"type":"Point","coordinates":[106.73179668,10.78482863]},"geometry_name":"geom","properties":{"id":4616,"OBJECTID":4616,"TenCT":"Khối A","TenDA":"Chung cư Khởi Thành","ChuDauTu":"Công ty TNHH Xây dựng và kinh doanh nhà Khởi Thành","LoaiCT":1,"DTXDCT":1097.1,"ChieuCaoCT":70.6,"SoNha":null,"TenDuong":null,"PhuongXa":"Phường An Khánh","QuanHuyenTP":"Thành phố Thủ Đức","MaPhuongXa":"76927094","MaQuanHuyenTP":"769"}},{"type":"Feature","id":"QHXD_NhaCaoTang_point.4617","geometry":{"type":"Point","coordinates":[106.73691904,10.7955545]},"geometry_name":"geom","properties":{"id":4617,"OBJECTID":4617,"TenCT":"Khu 1-tháp 1 (từ trục 1H-1K)","TenDA":"Nhà ở xã hội Bộ Công an","ChuDauTu":"Công ty Cổ phần Đầu tư Phú Cường","LoaiCT":1,"DTXDCT":11654.13,"ChieuCaoCT":65.75,"SoNha":null,"TenDuong":"Đường số  3","PhuongXa":"Phường An Khánh","QuanHuyenTP":"Thành phố Thủ Đức","MaPhuongXa":"76927094","MaQuanHuyenTP":"769"}},{"type":"Feature","id":"QHXD_NhaCaoTang_point.4618","geometry":{"type":"Point","coordinates":[106.73660504,10.79512262]},"geometry_name":"geom","properties":{"id":4618,"OBJECTID":4618,"TenCT":"Khu 1-tháp 2 (từ trục 1A-1D)","TenDA":"Nhà ở xã hội Bộ Công an","ChuDauTu":"Công ty Cổ phần Đầu tư Phú Cường","LoaiCT":1,"DTXDCT":11654.13,"ChieuCaoCT":65.75,"SoNha":null,"TenDuong":"Đường số  3","PhuongXa":"Phường An Khánh","QuanHuyenTP":"Thành phố Thủ Đức","MaPhuongXa":"76927094","MaQuanHuyenTP":"769"}},{"type":"Feature","id":"QHXD_NhaCaoTang_point.4619","geometry":{"type":"Point","coordinates":[106.736009,10.79441721]},"geometry_name":"geom","properties":{"id":4619,"OBJECTID":4619,"TenCT":"Khu 2-tháp 3","TenDA":"Nhà ở xã hội Bộ Công an","ChuDauTu":"Công ty Cổ phần Đầu tư Phú Cường","LoaiCT":1,"DTXDCT":5084.44,"ChieuCaoCT":67.7,"SoNha":null,"TenDuong":"Đường số  3","PhuongXa":"Phường An Khánh","QuanHuyenTP":"Thành phố Thủ Đức","MaPhuongXa":"76927094","MaQuanHuyenTP":"769"}},{"type":"Feature","id":"QHXD_NhaCaoTang_point.4620","geometry":{"type":"Point","coordinates":[106.73122858,10.78489518]},"geometry_name":"geom","properties":{"id":4620,"OBJECTID":4620,"TenCT":"Khối B","TenDA":"Chung cư Khởi Thành","ChuDauTu":"Công ty TNHH Xây dựng và kinh doanh nhà Khởi Thành","LoaiCT":1,"DTXDCT":993.9,"ChieuCaoCT":70.6,"SoNha":null,"TenDuong":null,"PhuongXa":"Phường An Khánh","QuanHuyenTP":"Thành phố Thủ Đức","MaPhuongXa":"76927094","MaQuanHuyenTP":"769"}},{"type":"Feature","id":"QHXD_NhaCaoTang_point.4621","geometry":{"type":"Point","coordinates":[106.73899722,10.78897868]},"geometry_name":"geom","properties":{"id":4621,"OBJECTID":4621,"TenCT":"Chùa Huê Nghiêm 2_Chánh điện","TenDA":"Chùa Huê Nghiêm 2","ChuDauTu":"Ban Trị sự Thành hội Phật giáo TP.HCM","LoaiCT":6,"DTXDCT":1701,"ChieuCaoCT":54.89,"SoNha":"229B","TenDuong":"Lương Đ?nh Của","PhuongXa":"Phường An Khánh","QuanHuyenTP":"Thành phố Thủ Đức","MaPhuongXa":"76927094","MaQuanHuyenTP":"769"}},{"type":"Feature","id":"QHXD_NhaCaoTang_point.4622","geometry":{"type":"Point","coordinates":[106.73058026,10.78875402]},"geometry_name":"geom","properties":{"id":4622,"OBJECTID":4622,"TenCT":"Khối chánh điện + Tháp Thờ","TenDA":"Chùa Diệu giác quận 2","ChuDauTu":"Chùa Diệu Giác","LoaiCT":6,"DTXDCT":291.24,"ChieuCaoCT":25.4,"SoNha":"số 177","TenDuong":"Tr?n N?o","PhuongXa":"Phường An Khánh","QuanHuyenTP":"Thành phố Thủ Đức","MaPhuongXa":"76927094","MaQuanHuyenTP":"769"}},{"type":"Feature","id":"QHXD_NhaCaoTang_point.4623","geometry":{"type":"Point","coordinates":[106.73053619,10.78860864]},"geometry_name":"geom","properties":{"id":4623,"OBJECTID":4623,"TenCT":"Chùa Diệu Giác_Nhà sinh hoạt 1","TenDA":"Chùa Diệu giác quận 2","ChuDauTu":"Chùa Diệu Giác","LoaiCT":6,"DTXDCT":232,"ChieuCaoCT":11.15,"SoNha":"số 177","TenDuong":"Tr?n N?o","PhuongXa":"Phường An Khánh","QuanHuyenTP":"Thành phố Thủ Đức","MaPhuongXa":"76927094","MaQuanHuyenTP":"769"}},{"type":"Feature","id":"QHXD_NhaCaoTang_point.4624","geometry":{"type":"Point","coordinates":[106.73064891,10.78886763]},"geometry_name":"geom","properties":{"id":4624,"OBJECTID":4624,"TenCT":"Chùa Diệu Giác_Nhà sinh hoạt 2","TenDA":"Chùa Diệu giác quận 2","ChuDauTu":"Chùa Diệu Giác","LoaiCT":6,"DTXDCT":232,"ChieuCaoCT":11.15,"SoNha":"số 177","TenDuong":"Tr?n N?o","PhuongXa":"Phường An Khánh","QuanHuyenTP":"Thành phố Thủ Đức","MaPhuongXa":"76927094","MaQuanHuyenTP":"769"}},{"type":"Feature","id":"QHXD_NhaCaoTang_point.4625","geometry":{"type":"Point","coordinates":[106.72929562,10.78750049]},"geometry_name":"geom","properties":{"id":4625,"OBJECTID":4625,"TenCT":"Văn phòng làm việc công ty Thạnh Phú","TenDA":"Văn phòng làm việc","ChuDauTu":"Cty CP Thạnh Phú","LoaiCT":13,"DTXDCT":499.48,"ChieuCaoCT":33.12,"SoNha":"D4, D5, D6, D7 khu nhà ở Thạch Phú","TenDuong":"Tr?n N?o","PhuongXa":"Phường An Khánh","QuanHuyenTP":"Thành phố Thủ Đức","MaPhuongXa":"76927094","MaQuanHuyenTP":"769"}}],"totalFeatures":871,"numberMatched":871,"numberReturned":871,"timeStamp":"2026-09-17T11:59:18.559Z","crs":{"type":"name","properties":{"name":"urn:ogc:def:crs:EPSG::4326"}}}